[10:07:57 INF] Executing endpoint 'HTTP: GET /users' { EventId: { Name: "ExecutingEndpoint" }, SourceContext: "Microsoft.AspNetCore.Routing.EndpointMiddleware", RequestId: "0HNM0C2RVIP7P:00000001", RequestPath: "/users", ConnectionId: "0HNM0C2RVIP7P" }

[10:07:57 INF] Handling GetUsersQuery { SourceContext: "AppWeaver.Mediator.Behaviors.LoggingBehavior", RequestId: "0HNM0C2RVIP7P:00000001", RequestPath: "/users", ConnectionId: "0HNM0C2RVIP7P" }

[10:07:58 INF] Execution attempt. Source: '-standard//Standard-Retry', Operation Key: 'null', Result: '200', Handled: 'false', Attempt: '0', Execution Time: 97.2114ms { EventId: { Id: 3, Name: "ExecutionAttempt" }, SourceContext: "Polly", HttpMethod: "POST", Uri: "http://localhost:8080/realms/bytes-rewards/protocol/openid-connect/token", RequestId: "0HNM0C2RVIP7P:00000001", RequestPath: "/users", ConnectionId: "0HNM0C2RVIP7P", Scope: ["HTTP POST http://localhost:8080/realms/bytes-rewards/protocol/openid-connect/token"] }

[10:07:58 INF] Execution attempt. Source: '-standard//Standard-Retry', Operation Key: 'null', Result: '200', Handled: 'false', Attempt: '0', Execution Time: 78.5398ms { EventId: { Id: 3, Name: "ExecutionAttempt" }, SourceContext: "Polly", HttpMethod: "GET", Uri: "http://localhost:8080/admin/realms/bytes-rewards/users/d9a92c91-2116-474e-9fe1-43dc6b120117/role-mappings/realm", RequestId: "0HNM0C2RVIP7P:00000001", RequestPath: "/users", ConnectionId: "0HNM0C2RVIP7P", Scope: ["HTTP GET http://localhost:8080/admin/realms/bytes-rewards/users/d9a92c91-2116-474e-9fe1-43dc6b120117/role-mappings/realm"] }

[10:07:58 INF] Execution attempt. Source: '-standard//Standard-Retry', Operation Key: 'null', Result: '200', Handled: 'false', Attempt: '0', Execution Time: 13.9383ms { EventId: { Id: 3, Name: "ExecutionAttempt" }, SourceContext: "Polly", HttpMethod: "GET", Uri: "http://localhost:8080/admin/realms/bytes-rewards/users/bc70905a-ed5e-480e-a188-7e4e137e9160/role-mappings/realm", RequestId: "0HNM0C2RVIP7P:00000001", RequestPath: "/users", ConnectionId: "0HNM0C2RVIP7P", Scope: ["HTTP GET http://localhost:8080/admin/realms/bytes-rewards/users/bc70905a-ed5e-480e-a188-7e4e137e9160/role-mappings/realm"] }

[10:07:58 INF] Execution attempt. Source: '-standard//Standard-Retry', Operation Key: 'null', Result: '400', Handled: 'false', Attempt: '0', Execution Time: 53.7448ms { EventId: { Id: 3, Name: "ExecutionAttempt" }, SourceContext: "Polly", HttpMethod: "GET", Uri: "http://localhost:8080/admin/realms/bytes-rewards/users//role-mappings/realm", RequestId: "0HNM0C2RVIP7P:00000001", RequestPath: "/users", ConnectionId: "0HNM0C2RVIP7P", Scope: ["HTTP GET http://localhost:8080/admin/realms/bytes-rewards/users//role-mappings/realm"] }

[10:07:58 ERR] Error handling GetUsersQuery { SourceContext: "AppWeaver.Mediator.Behaviors.LoggingBehavior", RequestId: "0HNM0C2RVIP7P:00000001", RequestPath: "/users", ConnectionId: "0HNM0C2RVIP7P" }

System.Net.Http.HttpRequestException: Response status code does not indicate success: 400 (Bad Request).
   at System.Net.Http.HttpResponseMessage.EnsureSuccessStatusCode()
   at System.Net.Http.Json.HttpClientJsonExtensions.<FromJsonAsyncCore>g__Core|12_0[TValue,TJsonOptions](HttpClient client, Task`1 responseTask, Boolean usingResponseHeadersRead, CancellationTokenSource linkedCTS, Func`4 deserializeMethod, TJsonOptions jsonOptions, CancellationToken cancellationToken)
   at BytesRewards.Service.Infrastructure.Security.Keycloak.KeycloakAdminService.GetUserRoleAsync(String token, String userId, CancellationToken ct) in C:\Users\MariyaAF\Desktop\BytesRewards\BytesRewards\src\BytesRewards.Service\Infrastructure\Security\Keycloak\KeycloakAdminService.cs:line 142
   at BytesRewards.Service.Users.Features.GetUsers.GetUsersQueryHandler.Handle(GetUsersQuery request, CancellationToken ct) in C:\Users\MariyaAF\Desktop\BytesRewards\BytesRewards\src\BytesRewards.Service\Users\Features\GetUsers\GetUsersQueryHandler.cs:line 34
   at AppWeaver.Mediator.Behaviors.LoggingBehavior`2.Handle(TRequest request, CancellationToken ct, Next`1 next)
[10:07:58 INF] Executed endpoint 'HTTP: GET /users' { EventId: { Id: 1, Name: "ExecutedEndpoint" }, SourceContext: "Microsoft.AspNetCore.Routing.EndpointMiddleware", RequestId: "0HNM0C2RVIP7P:00000001", RequestPath: "/users", ConnectionId: "0HNM0C2RVIP7P" }

[10:07:59 INF] Exception occurred: Response status code does not indicate success: 400 (Bad Request). { SourceContext: "MiddlewareLibrary.ExceptionHandling.ExceptionLogHandler", Environment: "Development", TraceId: "0HNM0C2RVIP7P:00000001", CorrelationId: "0HNM0C2RVIP7P:00000001", TenantId: "", ExceptionType: "HttpRequestException", RequestId: "0HNM0C2RVIP7P:00000001", RequestPath: "/users", ConnectionId: "0HNM0C2RVIP7P" }

System.Net.Http.HttpRequestException: Response status code does not indicate success: 400 (Bad Request).
   at System.Net.Http.HttpResponseMessage.EnsureSuccessStatusCode()
   at System.Net.Http.Json.HttpClientJsonExtensions.<FromJsonAsyncCore>g__Core|12_0[TValue,TJsonOptions](HttpClient client, Task`1 responseTask, Boolean usingResponseHeadersRead, CancellationTokenSource linkedCTS, Func`4 deserializeMethod, TJsonOptions jsonOptions, CancellationToken cancellationToken)
   at BytesRewards.Service.Infrastructure.Security.Keycloak.KeycloakAdminService.GetUserRoleAsync(String token, String userId, CancellationToken ct) in C:\Users\MariyaAF\Desktop\BytesRewards\BytesRewards\src\BytesRewards.Service\Infrastructure\Security\Keycloak\KeycloakAdminService.cs:line 142
   at BytesRewards.Service.Users.Features.GetUsers.GetUsersQueryHandler.Handle(GetUsersQuery request, CancellationToken ct) in C:\Users\MariyaAF\Desktop\BytesRewards\BytesRewards\src\BytesRewards.Service\Users\Features\GetUsers\GetUsersQueryHandler.cs:line 34
   at AppWeaver.Mediator.Behaviors.LoggingBehavior`2.Handle(TRequest request, CancellationToken ct, Next`1 next)
   at BytesRewards.Service.Users.Features.GetUsers.GetUsersEndpoint.ExecuteAsync(GetUsersRequest req, CancellationToken ct) in C:\Users\MariyaAF\Desktop\BytesRewards\BytesRewards\src\BytesRewards.Service\Users\Features\GetUsers\GetUsersEndpoint.cs:line 36
   at AppWeaver.FastEndpoint.SecureFastEndpoint`2.HandleAsync(TRequest req, CancellationToken ct)
   at FastEndpoints.Endpoint`2.ExecAsync(CancellationToken ct)
   at FastEndpoints.Endpoint`2.ExecAsync(CancellationToken ct)
   at Microsoft.AspNetCore.Routing.EndpointMiddleware.<Invoke>g__AwaitRequestTask|7_0(Endpoint endpoint, Task requestTask, ILogger logger)
   at NSwag.AspNetCore.Middlewares.SwaggerUiIndexMiddleware.Invoke(HttpContext context)
   at NSwag.AspNetCore.Middlewares.RedirectToIndexMiddleware.Invoke(HttpContext context)
   at NSwag.AspNetCore.Middlewares.OpenApiDocumentMiddleware.Invoke(HttpContext context)
   at Microsoft.AspNetCore.Authorization.AuthorizationMiddleware.Invoke(HttpContext context)
   at Microsoft.AspNetCore.Authentication.AuthenticationMiddleware.Invoke(HttpContext context)
   at Microsoft.AspNetCore.Diagnostics.ExceptionHandlerMiddlewareImpl.<Invoke>g__Awaited|10_0(ExceptionHandlerMiddlewareImpl middleware, HttpContext context, Task task)
[10:09:33 INF] CORS policy execution successful. { EventId: { Id: 4, Name: "PolicySuccess" }, SourceContext: "Microsoft.AspNetCore.Cors.Infrastructure.CorsService", RequestId: "0HNM0C2RVIP7P:00000002", RequestPath: "/users", ConnectionId: "0HNM0C2RVIP7P" }

[10:09:33 INF] Executing endpoint 'HTTP: POST /users' { EventId: { Name: "ExecutingEndpoint" }, SourceContext: "Microsoft.AspNetCore.Routing.EndpointMiddleware", RequestId: "0HNM0C2RVIP7P:00000002", RequestPath: "/users", ConnectionId: "0HNM0C2RVIP7P" }

[10:09:33 INF] Handling CreateUserCommand { SourceContext: "AppWeaver.Mediator.Behaviors.LoggingBehavior", RequestId: "0HNM0C2RVIP7P:00000002", RequestPath: "/users", ConnectionId: "0HNM0C2RVIP7P" }

[10:09:33 INF] Execution attempt. Source: '-standard//Standard-Retry', Operation Key: 'null', Result: '200', Handled: 'false', Attempt: '0', Execution Time: 31.659ms { EventId: { Id: 3, Name: "ExecutionAttempt" }, SourceContext: "Polly", HttpMethod: "POST", Uri: "http://localhost:8080/realms/bytes-rewards/protocol/openid-connect/token", RequestId: "0HNM0C2RVIP7P:00000002", RequestPath: "/users", ConnectionId: "0HNM0C2RVIP7P", Scope: ["HTTP POST http://localhost:8080/realms/bytes-rewards/protocol/openid-connect/token"] }

[10:09:34 INF] Execution attempt. Source: '-standard//Standard-Retry', Operation Key: 'null', Result: '409', Handled: 'false', Attempt: '0', Execution Time: 133.991ms { EventId: { Id: 3, Name: "ExecutionAttempt" }, SourceContext: "Polly", HttpMethod: "POST", Uri: "http://localhost:8080/admin/realms/bytes-rewards/users", RequestId: "0HNM0C2RVIP7P:00000002", RequestPath: "/users", ConnectionId: "0HNM0C2RVIP7P", Scope: ["HTTP POST http://localhost:8080/admin/realms/bytes-rewards/users"] }

[10:09:34 ERR] Error handling CreateUserCommand { SourceContext: "AppWeaver.Mediator.Behaviors.LoggingBehavior", RequestId: "0HNM0C2RVIP7P:00000002", RequestPath: "/users", ConnectionId: "0HNM0C2RVIP7P" }

System.Exception: Keycloak Error: Conflict - {"errorMessage":"User exists with same email"}
   at BytesRewards.Service.Infrastructure.Security.Keycloak.KeycloakAdminService.CreateUserAsync(String token, String firstName, String lastName, String email, String password, CancellationToken ct) in C:\Users\MariyaAF\Desktop\BytesRewards\BytesRewards\src\BytesRewards.Service\Infrastructure\Security\Keycloak\KeycloakAdminService.cs:line 84
   at BytesRewards.Service.Features.Users.CreateUser.CreateUserCommandHandler.Handle(CreateUserCommand request, CancellationToken ct) in C:\Users\MariyaAF\Desktop\BytesRewards\BytesRewards\src\BytesRewards.Service\Users\Features\AddUser\CreateUserCommandHandler.cs:line 25
   at AppWeaver.Mediator.Behaviors.FluentValidationBehavior`2.Handle(TCommand request, CancellationToken ct, Next`1 next)
   at AppWeaver.Mediator.Behaviors.LoggingBehavior`2.Handle(TRequest request, CancellationToken ct, Next`1 next)
[10:09:34 INF] Executed endpoint 'HTTP: POST /users' { EventId: { Id: 1, Name: "ExecutedEndpoint" }, SourceContext: "Microsoft.AspNetCore.Routing.EndpointMiddleware", RequestId: "0HNM0C2RVIP7P:00000002", RequestPath: "/users", ConnectionId: "0HNM0C2RVIP7P" }

[10:09:34 INF] Exception occurred: Keycloak Error: Conflict - {"errorMessage":"User exists with same email"} { SourceContext: "MiddlewareLibrary.ExceptionHandling.ExceptionLogHandler", Environment: "Development", TraceId: "0HNM0C2RVIP7P:00000002", CorrelationId: "0HNM0C2RVIP7P:00000002", TenantId: "", ExceptionType: "Exception", RequestId: "0HNM0C2RVIP7P:00000002", RequestPath: "/users", ConnectionId: "0HNM0C2RVIP7P" }

System.Exception: Keycloak Error: Conflict - {"errorMessage":"User exists with same email"}
   at BytesRewards.Service.Infrastructure.Security.Keycloak.KeycloakAdminService.CreateUserAsync(String token, String firstName, String lastName, String email, String password, CancellationToken ct) in C:\Users\MariyaAF\Desktop\BytesRewards\BytesRewards\src\BytesRewards.Service\Infrastructure\Security\Keycloak\KeycloakAdminService.cs:line 84
   at BytesRewards.Service.Features.Users.CreateUser.CreateUserCommandHandler.Handle(CreateUserCommand request, CancellationToken ct) in C:\Users\MariyaAF\Desktop\BytesRewards\BytesRewards\src\BytesRewards.Service\Users\Features\AddUser\CreateUserCommandHandler.cs:line 25
   at AppWeaver.Mediator.Behaviors.FluentValidationBehavior`2.Handle(TCommand request, CancellationToken ct, Next`1 next)
   at AppWeaver.Mediator.Behaviors.LoggingBehavior`2.Handle(TRequest request, CancellationToken ct, Next`1 next)
   at BytesRewards.Service.Features.Users.CreateUser.CreateUserEndpoint.ExecuteAsync(CreateUserRequest req, CancellationToken ct) in C:\Users\MariyaAF\Desktop\BytesRewards\BytesRewards\src\BytesRewards.Service\Users\Features\AddUser\CreateUserEndpoint.cs:line 36
   at AppWeaver.FastEndpoint.SecureFastEndpoint`2.HandleAsync(TRequest req, CancellationToken ct)
   at FastEndpoints.Endpoint`2.ExecAsync(CancellationToken ct)
   at FastEndpoints.Endpoint`2.ExecAsync(CancellationToken ct)
   at Microsoft.AspNetCore.Routing.EndpointMiddleware.<Invoke>g__AwaitRequestTask|7_0(Endpoint endpoint, Task requestTask, ILogger logger)
   at NSwag.AspNetCore.Middlewares.SwaggerUiIndexMiddleware.Invoke(HttpContext context)
   at NSwag.AspNetCore.Middlewares.RedirectToIndexMiddleware.Invoke(HttpContext context)
   at NSwag.AspNetCore.Middlewares.OpenApiDocumentMiddleware.Invoke(HttpContext context)
   at Microsoft.AspNetCore.Authorization.AuthorizationMiddleware.Invoke(HttpContext context)
   at Microsoft.AspNetCore.Authentication.AuthenticationMiddleware.Invoke(HttpContext context)
   at Microsoft.AspNetCore.Diagnostics.ExceptionHandlerMiddlewareImpl.<Invoke>g__Awaited|10_0(ExceptionHandlerMiddlewareImpl middleware, HttpContext context, Task task)
[10:11:18 INF] Application is shutting down... { SourceContext: "Microsoft.Hosting.Lifetime" }

[10:13:27 INF] No migrations were applied. The database is already up to date. { EventId: { Id: 20405, Name: "Microsoft.EntityFrameworkCore.Migrations.MigrationsNotApplied" }, SourceContext: "Microsoft.EntityFrameworkCore.Migrations" }

[10:13:27 INF] No migrations were applied. The database is already up to date. { EventId: { Id: 20405, Name: "Microsoft.EntityFrameworkCore.Migrations.MigrationsNotApplied" }, SourceContext: "Microsoft.EntityFrameworkCore.Migrations" }

[10:13:28 INF] Registered 5 endpoints in 5,341 milliseconds. { EventId: { Id: 1, Name: "EndpointsRegistered" }, SourceContext: "FastEndpoints.StartupTimer" }

[10:13:28 INF] No validators found in the system! { EventId: { Id: 1, Name: "NoValidatorsFound" }, SourceContext: "FastEndpoints.Swagger.ValidationSchemaProcessor" }

[10:13:28 INF] User profile is available. Using 'C:\Users\MariyaAF\AppData\Local\ASP.NET\DataProtection-Keys' as key repository and Windows DPAPI to encrypt keys at rest. { EventId: { Id: 63, Name: "UsingProfileAsKeyRepositoryWithDPAPI" }, SourceContext: "Microsoft.AspNetCore.DataProtection.KeyManagement.XmlKeyManager" }

[10:13:29 WRN] The property 'AuditLog.Metadata' is a collection or enumeration type with a value converter but with no value comparer. Set a value comparer to ensure the collection/enumeration elements are compared correctly. { EventId: { Id: 10620, Name: "Microsoft.EntityFrameworkCore.Model.Validation.CollectionWithoutComparer" }, SourceContext: "Microsoft.EntityFrameworkCore.Model.Validation" }

[10:13:29 INF] No migrations were found in assembly 'BytesRewards.Service'. A migration needs to be added before the database can be updated. { EventId: { Id: 20406, Name: "Microsoft.EntityFrameworkCore.Migrations.MigrationsNotFound" }, SourceContext: "Microsoft.EntityFrameworkCore.Migrations" }

[10:13:29 INF] No migrations were applied. The database is already up to date. { EventId: { Id: 20405, Name: "Microsoft.EntityFrameworkCore.Migrations.MigrationsNotApplied" }, SourceContext: "Microsoft.EntityFrameworkCore.Migrations" }

[10:13:29 INF] Now listening on: http://localhost:50875 { EventId: { Id: 14, Name: "ListeningOnAddress" }, SourceContext: "Microsoft.Hosting.Lifetime" }

[10:13:29 INF] Application started. Press Ctrl+C to shut down. { SourceContext: "Microsoft.Hosting.Lifetime" }

[10:13:29 INF] Hosting environment: Development { SourceContext: "Microsoft.Hosting.Lifetime" }

[10:13:29 INF] Content root path: C:\Users\MariyaAF\Desktop\BytesRewards\BytesRewards\src\BytesRewards.Service { SourceContext: "Microsoft.Hosting.Lifetime" }

[10:14:20 INF] Executing endpoint 'HTTP: GET /' { EventId: { Name: "ExecutingEndpoint" }, SourceContext: "Microsoft.AspNetCore.Routing.EndpointMiddleware", RequestId: "0HNM0C6E4D3NC:00000001", RequestPath: "/", ConnectionId: "0HNM0C6E4D3NC" }

[10:14:20 INF] Executing RedirectResult, redirecting to /swagger. { EventId: { Id: 1, Name: "RedirectResultExecuting" }, SourceContext: "Microsoft.AspNetCore.Http.Result.RedirectResult", RequestId: "0HNM0C6E4D3NC:00000001", RequestPath: "/", ConnectionId: "0HNM0C6E4D3NC" }

[10:14:20 INF] Executed endpoint 'HTTP: GET /' { EventId: { Id: 1, Name: "ExecutedEndpoint" }, SourceContext: "Microsoft.AspNetCore.Routing.EndpointMiddleware", RequestId: "0HNM0C6E4D3NC:00000001", RequestPath: "/", ConnectionId: "0HNM0C6E4D3NC" }

[10:14:21 INF] No action descriptors found. This may indicate an incorrectly configured application or missing application parts. To learn more, visit https://aka.ms/aspnet/mvc/app-parts { EventId: { Id: 1, Name: "NoActionDescriptors" }, SourceContext: "Microsoft.AspNetCore.Mvc.Infrastructure.DefaultActionDescriptorCollectionProvider", RequestId: "0HNM0C6E4D3NC:00000004", RequestPath: "/swagger/v1/swagger.json", ConnectionId: "0HNM0C6E4D3NC" }

[10:16:38 INF] CORS policy execution successful. { EventId: { Id: 4, Name: "PolicySuccess" }, SourceContext: "Microsoft.AspNetCore.Cors.Infrastructure.CorsService", RequestId: "0HNM0C6E4D3NE:00000001", RequestPath: "/users", ConnectionId: "0HNM0C6E4D3NE" }

[10:16:38 INF] Executing endpoint 'HTTP: POST /users' { EventId: { Name: "ExecutingEndpoint" }, SourceContext: "Microsoft.AspNetCore.Routing.EndpointMiddleware", RequestId: "0HNM0C6E4D3NE:00000001", RequestPath: "/users", ConnectionId: "0HNM0C6E4D3NE" }

[10:16:38 INF] Handling CreateUserCommand { SourceContext: "AppWeaver.Mediator.Behaviors.LoggingBehavior", RequestId: "0HNM0C6E4D3NE:00000001", RequestPath: "/users", ConnectionId: "0HNM0C6E4D3NE" }

[10:16:39 INF] Execution attempt. Source: '-standard//Standard-Retry', Operation Key: 'null', Result: '200', Handled: 'false', Attempt: '0', Execution Time: 103.2152ms { EventId: { Id: 3, Name: "ExecutionAttempt" }, SourceContext: "Polly", HttpMethod: "POST", Uri: "http://localhost:8080/realms/bytes-rewards/protocol/openid-connect/token", RequestId: "0HNM0C6E4D3NE:00000001", RequestPath: "/users", ConnectionId: "0HNM0C6E4D3NE", Scope: ["HTTP POST http://localhost:8080/realms/bytes-rewards/protocol/openid-connect/token"] }

[10:16:39 INF] Execution attempt. Source: '-standard//Standard-Retry', Operation Key: 'null', Result: '201', Handled: 'false', Attempt: '0', Execution Time: 187.7627ms { EventId: { Id: 3, Name: "ExecutionAttempt" }, SourceContext: "Polly", HttpMethod: "POST", Uri: "http://localhost:8080/admin/realms/bytes-rewards/users", RequestId: "0HNM0C6E4D3NE:00000001", RequestPath: "/users", ConnectionId: "0HNM0C6E4D3NE", Scope: ["HTTP POST http://localhost:8080/admin/realms/bytes-rewards/users"] }

[10:16:39 INF] Execution attempt. Source: '-standard//Standard-Retry', Operation Key: 'null', Result: '200', Handled: 'false', Attempt: '0', Execution Time: 9.1782ms { EventId: { Id: 3, Name: "ExecutionAttempt" }, SourceContext: "Polly", HttpMethod: "GET", Uri: "http://localhost:8080/admin/realms/bytes-rewards/roles/employee", RequestId: "0HNM0C6E4D3NE:00000001", RequestPath: "/users", ConnectionId: "0HNM0C6E4D3NE", Scope: ["HTTP GET http://localhost:8080/admin/realms/bytes-rewards/roles/employee"] }

[10:16:39 INF] Execution attempt. Source: '-standard//Standard-Retry', Operation Key: 'null', Result: '204', Handled: 'false', Attempt: '0', Execution Time: 17.2892ms { EventId: { Id: 3, Name: "ExecutionAttempt" }, SourceContext: "Polly", HttpMethod: "POST", Uri: "http://localhost:8080/admin/realms/bytes-rewards/users/cb15927c-3014-4575-a7c5-5fba1d3189fa/role-mappings/realm", RequestId: "0HNM0C6E4D3NE:00000001", RequestPath: "/users", ConnectionId: "0HNM0C6E4D3NE", Scope: ["HTTP POST http://localhost:8080/admin/realms/bytes-rewards/users/cb15927c-3014-4575-a7c5-5fba1d3189fa/role-mappings/realm"] }

[10:16:40 WRN] The property 'AuditLog.Metadata' is a collection or enumeration type with a value converter but with no value comparer. Set a value comparer to ensure the collection/enumeration elements are compared correctly. { EventId: { Id: 10620, Name: "Microsoft.EntityFrameworkCore.Model.Validation.CollectionWithoutComparer" }, SourceContext: "Microsoft.EntityFrameworkCore.Model.Validation", RequestId: "0HNM0C6E4D3NE:00000001", RequestPath: "/users", ConnectionId: "0HNM0C6E4D3NE" }

[10:16:40 INF] Handled CreateUserCommand { SourceContext: "AppWeaver.Mediator.Behaviors.LoggingBehavior", RequestId: "0HNM0C6E4D3NE:00000001", RequestPath: "/users", ConnectionId: "0HNM0C6E4D3NE" }

[10:16:40 INF] Setting HTTP status code 200. { EventId: { Id: 1, Name: "WritingResultAsStatusCode" }, SourceContext: "Microsoft.AspNetCore.Http.Result.OkObjectResult", RequestId: "0HNM0C6E4D3NE:00000001", RequestPath: "/users", ConnectionId: "0HNM0C6E4D3NE" }

[10:16:40 INF] Writing value of type 'Guid' as Json. { EventId: { Id: 3, Name: "WritingResultAsJson" }, SourceContext: "Microsoft.AspNetCore.Http.Result.OkObjectResult", RequestId: "0HNM0C6E4D3NE:00000001", RequestPath: "/users", ConnectionId: "0HNM0C6E4D3NE" }

[10:16:40 INF] Executed endpoint 'HTTP: POST /users' { EventId: { Id: 1, Name: "ExecutedEndpoint" }, SourceContext: "Microsoft.AspNetCore.Routing.EndpointMiddleware", RequestId: "0HNM0C6E4D3NE:00000001", RequestPath: "/users", ConnectionId: "0HNM0C6E4D3NE" }

[10:17:00 INF] Executing endpoint 'HTTP: GET /users' { EventId: { Name: "ExecutingEndpoint" }, SourceContext: "Microsoft.AspNetCore.Routing.EndpointMiddleware", RequestId: "0HNM0C6E4D3NE:00000002", RequestPath: "/users", ConnectionId: "0HNM0C6E4D3NE" }

[10:17:00 INF] Handling GetUsersQuery { SourceContext: "AppWeaver.Mediator.Behaviors.LoggingBehavior", RequestId: "0HNM0C6E4D3NE:00000002", RequestPath: "/users", ConnectionId: "0HNM0C6E4D3NE" }

[10:17:00 INF] Execution attempt. Source: '-standard//Standard-Retry', Operation Key: 'null', Result: '200', Handled: 'false', Attempt: '0', Execution Time: 20.3394ms { EventId: { Id: 3, Name: "ExecutionAttempt" }, SourceContext: "Polly", HttpMethod: "POST", Uri: "http://localhost:8080/realms/bytes-rewards/protocol/openid-connect/token", RequestId: "0HNM0C6E4D3NE:00000002", RequestPath: "/users", ConnectionId: "0HNM0C6E4D3NE", Scope: ["HTTP POST http://localhost:8080/realms/bytes-rewards/protocol/openid-connect/token"] }

[10:17:00 INF] Execution attempt. Source: '-standard//Standard-Retry', Operation Key: 'null', Result: '200', Handled: 'false', Attempt: '0', Execution Time: 11.4382ms { EventId: { Id: 3, Name: "ExecutionAttempt" }, SourceContext: "Polly", HttpMethod: "GET", Uri: "http://localhost:8080/admin/realms/bytes-rewards/users/d9a92c91-2116-474e-9fe1-43dc6b120117/role-mappings/realm", RequestId: "0HNM0C6E4D3NE:00000002", RequestPath: "/users", ConnectionId: "0HNM0C6E4D3NE", Scope: ["HTTP GET http://localhost:8080/admin/realms/bytes-rewards/users/d9a92c91-2116-474e-9fe1-43dc6b120117/role-mappings/realm"] }

[10:17:00 INF] Execution attempt. Source: '-standard//Standard-Retry', Operation Key: 'null', Result: '200', Handled: 'false', Attempt: '0', Execution Time: 12.5345ms { EventId: { Id: 3, Name: "ExecutionAttempt" }, SourceContext: "Polly", HttpMethod: "GET", Uri: "http://localhost:8080/admin/realms/bytes-rewards/users/bc70905a-ed5e-480e-a188-7e4e137e9160/role-mappings/realm", RequestId: "0HNM0C6E4D3NE:00000002", RequestPath: "/users", ConnectionId: "0HNM0C6E4D3NE", Scope: ["HTTP GET http://localhost:8080/admin/realms/bytes-rewards/users/bc70905a-ed5e-480e-a188-7e4e137e9160/role-mappings/realm"] }

[10:17:00 INF] Execution attempt. Source: '-standard//Standard-Retry', Operation Key: 'null', Result: '400', Handled: 'false', Attempt: '0', Execution Time: 4.8575ms { EventId: { Id: 3, Name: "ExecutionAttempt" }, SourceContext: "Polly", HttpMethod: "GET", Uri: "http://localhost:8080/admin/realms/bytes-rewards/users//role-mappings/realm", RequestId: "0HNM0C6E4D3NE:00000002", RequestPath: "/users", ConnectionId: "0HNM0C6E4D3NE", Scope: ["HTTP GET http://localhost:8080/admin/realms/bytes-rewards/users//role-mappings/realm"] }

[10:17:00 ERR] Error handling GetUsersQuery { SourceContext: "AppWeaver.Mediator.Behaviors.LoggingBehavior", RequestId: "0HNM0C6E4D3NE:00000002", RequestPath: "/users", ConnectionId: "0HNM0C6E4D3NE" }

System.Net.Http.HttpRequestException: Response status code does not indicate success: 400 (Bad Request).
   at System.Net.Http.HttpResponseMessage.EnsureSuccessStatusCode()
   at System.Net.Http.Json.HttpClientJsonExtensions.<FromJsonAsyncCore>g__Core|12_0[TValue,TJsonOptions](HttpClient client, Task`1 responseTask, Boolean usingResponseHeadersRead, CancellationTokenSource linkedCTS, Func`4 deserializeMethod, TJsonOptions jsonOptions, CancellationToken cancellationToken)
   at BytesRewards.Service.Infrastructure.Security.Keycloak.KeycloakAdminService.GetUserRoleAsync(String token, String userId, CancellationToken ct) in C:\Users\MariyaAF\Desktop\BytesRewards\BytesRewards\src\BytesRewards.Service\Infrastructure\Security\Keycloak\KeycloakAdminService.cs:line 142
   at BytesRewards.Service.Users.Features.GetUsers.GetUsersQueryHandler.Handle(GetUsersQuery request, CancellationToken ct) in C:\Users\MariyaAF\Desktop\BytesRewards\BytesRewards\src\BytesRewards.Service\Users\Features\GetUsers\GetUsersQueryHandler.cs:line 34
   at AppWeaver.Mediator.Behaviors.LoggingBehavior`2.Handle(TRequest request, CancellationToken ct, Next`1 next)
[10:17:00 INF] Executed endpoint 'HTTP: GET /users' { EventId: { Id: 1, Name: "ExecutedEndpoint" }, SourceContext: "Microsoft.AspNetCore.Routing.EndpointMiddleware", RequestId: "0HNM0C6E4D3NE:00000002", RequestPath: "/users", ConnectionId: "0HNM0C6E4D3NE" }

[10:17:00 INF] Exception occurred: Response status code does not indicate success: 400 (Bad Request). { SourceContext: "MiddlewareLibrary.ExceptionHandling.ExceptionLogHandler", Environment: "Development", TraceId: "0HNM0C6E4D3NE:00000002", CorrelationId: "0HNM0C6E4D3NE:00000002", TenantId: "", ExceptionType: "HttpRequestException", RequestId: "0HNM0C6E4D3NE:00000002", RequestPath: "/users", ConnectionId: "0HNM0C6E4D3NE" }

System.Net.Http.HttpRequestException: Response status code does not indicate success: 400 (Bad Request).
   at System.Net.Http.HttpResponseMessage.EnsureSuccessStatusCode()
   at System.Net.Http.Json.HttpClientJsonExtensions.<FromJsonAsyncCore>g__Core|12_0[TValue,TJsonOptions](HttpClient client, Task`1 responseTask, Boolean usingResponseHeadersRead, CancellationTokenSource linkedCTS, Func`4 deserializeMethod, TJsonOptions jsonOptions, CancellationToken cancellationToken)
   at BytesRewards.Service.Infrastructure.Security.Keycloak.KeycloakAdminService.GetUserRoleAsync(String token, String userId, CancellationToken ct) in C:\Users\MariyaAF\Desktop\BytesRewards\BytesRewards\src\BytesRewards.Service\Infrastructure\Security\Keycloak\KeycloakAdminService.cs:line 142
   at BytesRewards.Service.Users.Features.GetUsers.GetUsersQueryHandler.Handle(GetUsersQuery request, CancellationToken ct) in C:\Users\MariyaAF\Desktop\BytesRewards\BytesRewards\src\BytesRewards.Service\Users\Features\GetUsers\GetUsersQueryHandler.cs:line 34
   at AppWeaver.Mediator.Behaviors.LoggingBehavior`2.Handle(TRequest request, CancellationToken ct, Next`1 next)
   at BytesRewards.Service.Users.Features.GetUsers.GetUsersEndpoint.ExecuteAsync(GetUsersRequest req, CancellationToken ct) in C:\Users\MariyaAF\Desktop\BytesRewards\BytesRewards\src\BytesRewards.Service\Users\Features\GetUsers\GetUsersEndpoint.cs:line 36
   at AppWeaver.FastEndpoint.SecureFastEndpoint`2.HandleAsync(TRequest req, CancellationToken ct)
   at FastEndpoints.Endpoint`2.ExecAsync(CancellationToken ct)
   at FastEndpoints.Endpoint`2.ExecAsync(CancellationToken ct)
   at Microsoft.AspNetCore.Routing.EndpointMiddleware.<Invoke>g__AwaitRequestTask|7_0(Endpoint endpoint, Task requestTask, ILogger logger)
   at NSwag.AspNetCore.Middlewares.SwaggerUiIndexMiddleware.Invoke(HttpContext context)
   at NSwag.AspNetCore.Middlewares.RedirectToIndexMiddleware.Invoke(HttpContext context)
   at NSwag.AspNetCore.Middlewares.OpenApiDocumentMiddleware.Invoke(HttpContext context)
   at Microsoft.AspNetCore.Authorization.AuthorizationMiddleware.Invoke(HttpContext context)
   at Microsoft.AspNetCore.Authentication.AuthenticationMiddleware.Invoke(HttpContext context)
   at Microsoft.AspNetCore.Diagnostics.ExceptionHandlerMiddlewareImpl.<Invoke>g__Awaited|10_0(ExceptionHandlerMiddlewareImpl middleware, HttpContext context, Task task)
[10:29:14 INF] Application is shutting down... { SourceContext: "Microsoft.Hosting.Lifetime" }

[10:29:57 INF] No migrations were applied. The database is already up to date. { EventId: { Id: 20405, Name: "Microsoft.EntityFrameworkCore.Migrations.MigrationsNotApplied" }, SourceContext: "Microsoft.EntityFrameworkCore.Migrations" }

[10:29:57 INF] No migrations were applied. The database is already up to date. { EventId: { Id: 20405, Name: "Microsoft.EntityFrameworkCore.Migrations.MigrationsNotApplied" }, SourceContext: "Microsoft.EntityFrameworkCore.Migrations" }

[10:29:57 INF] Registered 5 endpoints in 3,655 milliseconds. { EventId: { Id: 1, Name: "EndpointsRegistered" }, SourceContext: "FastEndpoints.StartupTimer" }

[10:29:57 INF] No validators found in the system! { EventId: { Id: 1, Name: "NoValidatorsFound" }, SourceContext: "FastEndpoints.Swagger.ValidationSchemaProcessor" }

[10:29:57 INF] User profile is available. Using 'C:\Users\MariyaAF\AppData\Local\ASP.NET\DataProtection-Keys' as key repository and Windows DPAPI to encrypt keys at rest. { EventId: { Id: 63, Name: "UsingProfileAsKeyRepositoryWithDPAPI" }, SourceContext: "Microsoft.AspNetCore.DataProtection.KeyManagement.XmlKeyManager" }

[10:29:58 WRN] The property 'AuditLog.Metadata' is a collection or enumeration type with a value converter but with no value comparer. Set a value comparer to ensure the collection/enumeration elements are compared correctly. { EventId: { Id: 10620, Name: "Microsoft.EntityFrameworkCore.Model.Validation.CollectionWithoutComparer" }, SourceContext: "Microsoft.EntityFrameworkCore.Model.Validation" }

[10:29:58 INF] No migrations were found in assembly 'BytesRewards.Service'. A migration needs to be added before the database can be updated. { EventId: { Id: 20406, Name: "Microsoft.EntityFrameworkCore.Migrations.MigrationsNotFound" }, SourceContext: "Microsoft.EntityFrameworkCore.Migrations" }

[10:29:58 INF] No migrations were applied. The database is already up to date. { EventId: { Id: 20405, Name: "Microsoft.EntityFrameworkCore.Migrations.MigrationsNotApplied" }, SourceContext: "Microsoft.EntityFrameworkCore.Migrations" }

[10:29:58 INF] Now listening on: http://localhost:50967 { EventId: { Id: 14, Name: "ListeningOnAddress" }, SourceContext: "Microsoft.Hosting.Lifetime" }

[10:29:58 INF] Application started. Press Ctrl+C to shut down. { SourceContext: "Microsoft.Hosting.Lifetime" }

[10:29:58 INF] Hosting environment: Development { SourceContext: "Microsoft.Hosting.Lifetime" }

[10:29:58 INF] Content root path: C:\Users\MariyaAF\Desktop\BytesRewards\BytesRewards\src\BytesRewards.Service { SourceContext: "Microsoft.Hosting.Lifetime" }

[10:31:32 INF] Executing endpoint 'HTTP: GET /' { EventId: { Name: "ExecutingEndpoint" }, SourceContext: "Microsoft.AspNetCore.Routing.EndpointMiddleware", RequestId: "0HNM0CG1PF8DL:00000001", RequestPath: "/", ConnectionId: "0HNM0CG1PF8DL" }

[10:31:32 INF] Executing RedirectResult, redirecting to /swagger. { EventId: { Id: 1, Name: "RedirectResultExecuting" }, SourceContext: "Microsoft.AspNetCore.Http.Result.RedirectResult", RequestId: "0HNM0CG1PF8DL:00000001", RequestPath: "/", ConnectionId: "0HNM0CG1PF8DL" }

[10:31:32 INF] Executed endpoint 'HTTP: GET /' { EventId: { Id: 1, Name: "ExecutedEndpoint" }, SourceContext: "Microsoft.AspNetCore.Routing.EndpointMiddleware", RequestId: "0HNM0CG1PF8DL:00000001", RequestPath: "/", ConnectionId: "0HNM0CG1PF8DL" }

[10:31:32 INF] No action descriptors found. This may indicate an incorrectly configured application or missing application parts. To learn more, visit https://aka.ms/aspnet/mvc/app-parts { EventId: { Id: 1, Name: "NoActionDescriptors" }, SourceContext: "Microsoft.AspNetCore.Mvc.Infrastructure.DefaultActionDescriptorCollectionProvider", RequestId: "0HNM0CG1PF8DL:00000004", RequestPath: "/swagger/v1/swagger.json", ConnectionId: "0HNM0CG1PF8DL" }

[10:33:07 INF] Executing endpoint 'HTTP: GET /users' { EventId: { Name: "ExecutingEndpoint" }, SourceContext: "Microsoft.AspNetCore.Routing.EndpointMiddleware", RequestId: "0HNM0CG1PF8DL:00000005", RequestPath: "/users", ConnectionId: "0HNM0CG1PF8DL" }

[10:33:07 INF] Handling GetUsersQuery { SourceContext: "AppWeaver.Mediator.Behaviors.LoggingBehavior", RequestId: "0HNM0CG1PF8DL:00000005", RequestPath: "/users", ConnectionId: "0HNM0CG1PF8DL" }

[10:33:08 INF] Execution attempt. Source: '-standard//Standard-Retry', Operation Key: 'null', Result: '200', Handled: 'false', Attempt: '0', Execution Time: 102.289ms { EventId: { Id: 3, Name: "ExecutionAttempt" }, SourceContext: "Polly", HttpMethod: "POST", Uri: "http://localhost:8080/realms/bytes-rewards/protocol/openid-connect/token", RequestId: "0HNM0CG1PF8DL:00000005", RequestPath: "/users", ConnectionId: "0HNM0CG1PF8DL", Scope: ["HTTP POST http://localhost:8080/realms/bytes-rewards/protocol/openid-connect/token"] }

[10:33:08 INF] Execution attempt. Source: '-standard//Standard-Retry', Operation Key: 'null', Result: '200', Handled: 'false', Attempt: '0', Execution Time: 15.0842ms { EventId: { Id: 3, Name: "ExecutionAttempt" }, SourceContext: "Polly", HttpMethod: "GET", Uri: "http://localhost:8080/admin/realms/bytes-rewards/users/d9a92c91-2116-474e-9fe1-43dc6b120117/role-mappings/realm", RequestId: "0HNM0CG1PF8DL:00000005", RequestPath: "/users", ConnectionId: "0HNM0CG1PF8DL", Scope: ["HTTP GET http://localhost:8080/admin/realms/bytes-rewards/users/d9a92c91-2116-474e-9fe1-43dc6b120117/role-mappings/realm"] }

[10:33:08 INF] Execution attempt. Source: '-standard//Standard-Retry', Operation Key: 'null', Result: '200', Handled: 'false', Attempt: '0', Execution Time: 11.5675ms { EventId: { Id: 3, Name: "ExecutionAttempt" }, SourceContext: "Polly", HttpMethod: "GET", Uri: "http://localhost:8080/admin/realms/bytes-rewards/users/bc70905a-ed5e-480e-a188-7e4e137e9160/role-mappings/realm", RequestId: "0HNM0CG1PF8DL:00000005", RequestPath: "/users", ConnectionId: "0HNM0CG1PF8DL", Scope: ["HTTP GET http://localhost:8080/admin/realms/bytes-rewards/users/bc70905a-ed5e-480e-a188-7e4e137e9160/role-mappings/realm"] }

[10:33:08 INF] Execution attempt. Source: '-standard//Standard-Retry', Operation Key: 'null', Result: '200', Handled: 'false', Attempt: '0', Execution Time: 10.5865ms { EventId: { Id: 3, Name: "ExecutionAttempt" }, SourceContext: "Polly", HttpMethod: "GET", Uri: "http://localhost:8080/admin/realms/bytes-rewards/users/31bf8abd-2078-4faf-ac37-0ce53fb69eca/role-mappings/realm", RequestId: "0HNM0CG1PF8DL:00000005", RequestPath: "/users", ConnectionId: "0HNM0CG1PF8DL", Scope: ["HTTP GET http://localhost:8080/admin/realms/bytes-rewards/users/31bf8abd-2078-4faf-ac37-0ce53fb69eca/role-mappings/realm"] }

[10:33:08 INF] Execution attempt. Source: '-standard//Standard-Retry', Operation Key: 'null', Result: '200', Handled: 'false', Attempt: '0', Execution Time: 13.8784ms { EventId: { Id: 3, Name: "ExecutionAttempt" }, SourceContext: "Polly", HttpMethod: "GET", Uri: "http://localhost:8080/admin/realms/bytes-rewards/users/cb15927c-3014-4575-a7c5-5fba1d3189fa/role-mappings/realm", RequestId: "0HNM0CG1PF8DL:00000005", RequestPath: "/users", ConnectionId: "0HNM0CG1PF8DL", Scope: ["HTTP GET http://localhost:8080/admin/realms/bytes-rewards/users/cb15927c-3014-4575-a7c5-5fba1d3189fa/role-mappings/realm"] }

[10:33:08 INF] Handled GetUsersQuery { SourceContext: "AppWeaver.Mediator.Behaviors.LoggingBehavior", RequestId: "0HNM0CG1PF8DL:00000005", RequestPath: "/users", ConnectionId: "0HNM0CG1PF8DL" }

[10:33:08 INF] Setting HTTP status code 200. { EventId: { Id: 1, Name: "WritingResultAsStatusCode" }, SourceContext: "Microsoft.AspNetCore.Http.Result.OkObjectResult", RequestId: "0HNM0CG1PF8DL:00000005", RequestPath: "/users", ConnectionId: "0HNM0CG1PF8DL" }

[10:33:08 INF] Writing value of type 'List`1' as Json. { EventId: { Id: 3, Name: "WritingResultAsJson" }, SourceContext: "Microsoft.AspNetCore.Http.Result.OkObjectResult", RequestId: "0HNM0CG1PF8DL:00000005", RequestPath: "/users", ConnectionId: "0HNM0CG1PF8DL" }

[10:33:08 INF] Executed endpoint 'HTTP: GET /users' { EventId: { Id: 1, Name: "ExecutedEndpoint" }, SourceContext: "Microsoft.AspNetCore.Routing.EndpointMiddleware", RequestId: "0HNM0CG1PF8DL:00000005", RequestPath: "/users", ConnectionId: "0HNM0CG1PF8DL" }

[12:06:41 INF] Application is shutting down... { SourceContext: "Microsoft.Hosting.Lifetime" }

[12:07:41 INF] No migrations were applied. The database is already up to date. { EventId: { Id: 20405, Name: "Microsoft.EntityFrameworkCore.Migrations.MigrationsNotApplied" }, SourceContext: "Microsoft.EntityFrameworkCore.Migrations" }

[12:07:41 INF] No migrations were applied. The database is already up to date. { EventId: { Id: 20405, Name: "Microsoft.EntityFrameworkCore.Migrations.MigrationsNotApplied" }, SourceContext: "Microsoft.EntityFrameworkCore.Migrations" }

[12:07:41 INF] Registered 5 endpoints in 8,144 milliseconds. { EventId: { Id: 1, Name: "EndpointsRegistered" }, SourceContext: "FastEndpoints.StartupTimer" }

[12:07:42 INF] No validators found in the system! { EventId: { Id: 1, Name: "NoValidatorsFound" }, SourceContext: "FastEndpoints.Swagger.ValidationSchemaProcessor" }

[12:07:43 INF] User profile is available. Using 'C:\Users\MariyaAF\AppData\Local\ASP.NET\DataProtection-Keys' as key repository and Windows DPAPI to encrypt keys at rest. { EventId: { Id: 63, Name: "UsingProfileAsKeyRepositoryWithDPAPI" }, SourceContext: "Microsoft.AspNetCore.DataProtection.KeyManagement.XmlKeyManager" }

[12:07:43 WRN] The property 'AuditLog.Metadata' is a collection or enumeration type with a value converter but with no value comparer. Set a value comparer to ensure the collection/enumeration elements are compared correctly. { EventId: { Id: 10620, Name: "Microsoft.EntityFrameworkCore.Model.Validation.CollectionWithoutComparer" }, SourceContext: "Microsoft.EntityFrameworkCore.Model.Validation" }

[12:07:43 INF] No migrations were found in assembly 'BytesRewards.Service'. A migration needs to be added before the database can be updated. { EventId: { Id: 20406, Name: "Microsoft.EntityFrameworkCore.Migrations.MigrationsNotFound" }, SourceContext: "Microsoft.EntityFrameworkCore.Migrations" }

[12:07:43 INF] No migrations were applied. The database is already up to date. { EventId: { Id: 20405, Name: "Microsoft.EntityFrameworkCore.Migrations.MigrationsNotApplied" }, SourceContext: "Microsoft.EntityFrameworkCore.Migrations" }

[12:07:44 INF] Now listening on: http://localhost:58203 { EventId: { Id: 14, Name: "ListeningOnAddress" }, SourceContext: "Microsoft.Hosting.Lifetime" }

[12:07:44 INF] Application started. Press Ctrl+C to shut down. { SourceContext: "Microsoft.Hosting.Lifetime" }

[12:07:44 INF] Hosting environment: Development { SourceContext: "Microsoft.Hosting.Lifetime" }

[12:07:44 INF] Content root path: C:\Users\MariyaAF\Desktop\BytesRewards\BytesRewards\src\BytesRewards.Service { SourceContext: "Microsoft.Hosting.Lifetime" }

[12:08:14 INF] No action descriptors found. This may indicate an incorrectly configured application or missing application parts. To learn more, visit https://aka.ms/aspnet/mvc/app-parts { EventId: { Id: 1, Name: "NoActionDescriptors" }, SourceContext: "Microsoft.AspNetCore.Mvc.Infrastructure.DefaultActionDescriptorCollectionProvider", RequestId: "0HNM0E62RODVH:00000002", RequestPath: "/swagger/v1/swagger.json", ConnectionId: "0HNM0E62RODVH" }

[12:14:56 INF] CORS policy execution successful. { EventId: { Id: 4, Name: "PolicySuccess" }, SourceContext: "Microsoft.AspNetCore.Cors.Infrastructure.CorsService", RequestId: "0HNM0E62RODVI:00000001", RequestPath: "/users/dce0291e-a122-45d2-8d3c-5e9d1b1cdf15", ConnectionId: "0HNM0E62RODVI" }

[12:14:56 INF] Executing endpoint 'HTTP: PUT /users/{id}' { EventId: { Name: "ExecutingEndpoint" }, SourceContext: "Microsoft.AspNetCore.Routing.EndpointMiddleware", RequestId: "0HNM0E62RODVI:00000001", RequestPath: "/users/dce0291e-a122-45d2-8d3c-5e9d1b1cdf15", ConnectionId: "0HNM0E62RODVI" }

[12:14:56 INF] Executed endpoint 'HTTP: PUT /users/{id}' { EventId: { Id: 1, Name: "ExecutedEndpoint" }, SourceContext: "Microsoft.AspNetCore.Routing.EndpointMiddleware", RequestId: "0HNM0E62RODVI:00000001", RequestPath: "/users/dce0291e-a122-45d2-8d3c-5e9d1b1cdf15", ConnectionId: "0HNM0E62RODVI" }

[12:15:45 INF] CORS policy execution successful. { EventId: { Id: 4, Name: "PolicySuccess" }, SourceContext: "Microsoft.AspNetCore.Cors.Infrastructure.CorsService", RequestId: "0HNM0E62RODVI:00000002", RequestPath: "/users/dce0291e-a122-45d2-8d3c-5e9d1b1cdf15", ConnectionId: "0HNM0E62RODVI" }

[12:15:45 INF] Executing endpoint 'HTTP: PUT /users/{id}' { EventId: { Name: "ExecutingEndpoint" }, SourceContext: "Microsoft.AspNetCore.Routing.EndpointMiddleware", RequestId: "0HNM0E62RODVI:00000002", RequestPath: "/users/dce0291e-a122-45d2-8d3c-5e9d1b1cdf15", ConnectionId: "0HNM0E62RODVI" }

[12:15:45 INF] Handling UpdateUserCommand { SourceContext: "AppWeaver.Mediator.Behaviors.LoggingBehavior", RequestId: "0HNM0E62RODVI:00000002", RequestPath: "/users/dce0291e-a122-45d2-8d3c-5e9d1b1cdf15", ConnectionId: "0HNM0E62RODVI" }

[12:15:45 INF] Execution attempt. Source: '-standard//Standard-Retry', Operation Key: 'null', Result: '200', Handled: 'false', Attempt: '0', Execution Time: 94.4829ms { EventId: { Id: 3, Name: "ExecutionAttempt" }, SourceContext: "Polly", HttpMethod: "POST", Uri: "http://localhost:8080/realms/bytes-rewards/protocol/openid-connect/token", RequestId: "0HNM0E62RODVI:00000002", RequestPath: "/users/dce0291e-a122-45d2-8d3c-5e9d1b1cdf15", ConnectionId: "0HNM0E62RODVI", Scope: ["HTTP POST http://localhost:8080/realms/bytes-rewards/protocol/openid-connect/token"] }

[12:15:46 INF] Execution attempt. Source: '-standard//Standard-Retry', Operation Key: 'null', Result: '400', Handled: 'false', Attempt: '0', Execution Time: 86.9075ms { EventId: { Id: 3, Name: "ExecutionAttempt" }, SourceContext: "Polly", HttpMethod: "PUT", Uri: "http://localhost:8080/admin/realms/bytes-rewards/users/bc70905a-ed5e-480e-a188-7e4e137e9160", RequestId: "0HNM0E62RODVI:00000002", RequestPath: "/users/dce0291e-a122-45d2-8d3c-5e9d1b1cdf15", ConnectionId: "0HNM0E62RODVI", Scope: ["HTTP PUT http://localhost:8080/admin/realms/bytes-rewards/users/bc70905a-ed5e-480e-a188-7e4e137e9160"] }

[12:15:46 ERR] Error handling UpdateUserCommand { SourceContext: "AppWeaver.Mediator.Behaviors.LoggingBehavior", RequestId: "0HNM0E62RODVI:00000002", RequestPath: "/users/dce0291e-a122-45d2-8d3c-5e9d1b1cdf15", ConnectionId: "0HNM0E62RODVI" }

System.Net.Http.HttpRequestException: Response status code does not indicate success: 400 (Bad Request).
   at System.Net.Http.HttpResponseMessage.EnsureSuccessStatusCode()
   at BytesRewards.Service.Infrastructure.Security.Keycloak.KeycloakAdminService.UpdateUserAsync(String token, String userId, String firstName, String lastName, String email, CancellationToken ct) in C:\Users\MariyaAF\Desktop\BytesRewards\BytesRewards\src\BytesRewards.Service\Infrastructure\Security\Keycloak\KeycloakAdminService.cs:line 184
   at BytesRewards.Service.Users.Features.UpdateUser.UpdateUserCommandHandler.Handle(UpdateUserCommand request, CancellationToken ct) in C:\Users\MariyaAF\Desktop\BytesRewards\BytesRewards\src\BytesRewards.Service\Users\Features\UpdateUser\UpdateUserCommandHandler.cs:line 45
   at AppWeaver.Mediator.Behaviors.FluentValidationBehavior`2.Handle(TCommand request, CancellationToken ct, Next`1 next)
   at AppWeaver.Mediator.Behaviors.LoggingBehavior`2.Handle(TRequest request, CancellationToken ct, Next`1 next)
[12:15:46 INF] Executed endpoint 'HTTP: PUT /users/{id}' { EventId: { Id: 1, Name: "ExecutedEndpoint" }, SourceContext: "Microsoft.AspNetCore.Routing.EndpointMiddleware", RequestId: "0HNM0E62RODVI:00000002", RequestPath: "/users/dce0291e-a122-45d2-8d3c-5e9d1b1cdf15", ConnectionId: "0HNM0E62RODVI" }

[12:15:46 INF] Exception occurred: Response status code does not indicate success: 400 (Bad Request). { SourceContext: "MiddlewareLibrary.ExceptionHandling.ExceptionLogHandler", Environment: "Development", TraceId: "0HNM0E62RODVI:00000002", CorrelationId: "0HNM0E62RODVI:00000002", TenantId: "", ExceptionType: "HttpRequestException", RequestId: "0HNM0E62RODVI:00000002", RequestPath: "/users/dce0291e-a122-45d2-8d3c-5e9d1b1cdf15", ConnectionId: "0HNM0E62RODVI" }

System.Net.Http.HttpRequestException: Response status code does not indicate success: 400 (Bad Request).
   at System.Net.Http.HttpResponseMessage.EnsureSuccessStatusCode()
   at BytesRewards.Service.Infrastructure.Security.Keycloak.KeycloakAdminService.UpdateUserAsync(String token, String userId, String firstName, String lastName, String email, CancellationToken ct) in C:\Users\MariyaAF\Desktop\BytesRewards\BytesRewards\src\BytesRewards.Service\Infrastructure\Security\Keycloak\KeycloakAdminService.cs:line 184
   at BytesRewards.Service.Users.Features.UpdateUser.UpdateUserCommandHandler.Handle(UpdateUserCommand request, CancellationToken ct) in C:\Users\MariyaAF\Desktop\BytesRewards\BytesRewards\src\BytesRewards.Service\Users\Features\UpdateUser\UpdateUserCommandHandler.cs:line 45
   at AppWeaver.Mediator.Behaviors.FluentValidationBehavior`2.Handle(TCommand request, CancellationToken ct, Next`1 next)
   at AppWeaver.Mediator.Behaviors.LoggingBehavior`2.Handle(TRequest request, CancellationToken ct, Next`1 next)
   at BytesRewards.Service.Users.Features.UpdateUser.UpdateUserEndpoint.ExecuteAsync(UpdateUserRequest req, CancellationToken ct) in C:\Users\MariyaAF\Desktop\BytesRewards\BytesRewards\src\BytesRewards.Service\Users\Features\UpdateUser\UpdateUserEndpoint.cs:line 60
   at AppWeaver.FastEndpoint.SecureFastEndpoint`2.HandleAsync(TRequest req, CancellationToken ct)
   at FastEndpoints.Endpoint`2.ExecAsync(CancellationToken ct)
   at FastEndpoints.Endpoint`2.ExecAsync(CancellationToken ct)
   at Microsoft.AspNetCore.Routing.EndpointMiddleware.<Invoke>g__AwaitRequestTask|7_0(Endpoint endpoint, Task requestTask, ILogger logger)
   at NSwag.AspNetCore.Middlewares.SwaggerUiIndexMiddleware.Invoke(HttpContext context)
   at NSwag.AspNetCore.Middlewares.RedirectToIndexMiddleware.Invoke(HttpContext context)
   at NSwag.AspNetCore.Middlewares.OpenApiDocumentMiddleware.Invoke(HttpContext context)
   at Microsoft.AspNetCore.Authorization.AuthorizationMiddleware.Invoke(HttpContext context)
   at Microsoft.AspNetCore.Authentication.AuthenticationMiddleware.Invoke(HttpContext context)
   at Microsoft.AspNetCore.Diagnostics.ExceptionHandlerMiddlewareImpl.<Invoke>g__Awaited|10_0(ExceptionHandlerMiddlewareImpl middleware, HttpContext context, Task task)
[12:20:30 INF] Application is shutting down... { SourceContext: "Microsoft.Hosting.Lifetime" }

[12:20:49 INF] No migrations were applied. The database is already up to date. { EventId: { Id: 20405, Name: "Microsoft.EntityFrameworkCore.Migrations.MigrationsNotApplied" }, SourceContext: "Microsoft.EntityFrameworkCore.Migrations" }

[12:20:49 INF] No migrations were applied. The database is already up to date. { EventId: { Id: 20405, Name: "Microsoft.EntityFrameworkCore.Migrations.MigrationsNotApplied" }, SourceContext: "Microsoft.EntityFrameworkCore.Migrations" }

[12:20:49 INF] Registered 5 endpoints in 1,795 milliseconds. { EventId: { Id: 1, Name: "EndpointsRegistered" }, SourceContext: "FastEndpoints.StartupTimer" }

[12:20:50 INF] No validators found in the system! { EventId: { Id: 1, Name: "NoValidatorsFound" }, SourceContext: "FastEndpoints.Swagger.ValidationSchemaProcessor" }

[12:20:50 INF] User profile is available. Using 'C:\Users\MariyaAF\AppData\Local\ASP.NET\DataProtection-Keys' as key repository and Windows DPAPI to encrypt keys at rest. { EventId: { Id: 63, Name: "UsingProfileAsKeyRepositoryWithDPAPI" }, SourceContext: "Microsoft.AspNetCore.DataProtection.KeyManagement.XmlKeyManager" }

[12:20:50 WRN] The property 'AuditLog.Metadata' is a collection or enumeration type with a value converter but with no value comparer. Set a value comparer to ensure the collection/enumeration elements are compared correctly. { EventId: { Id: 10620, Name: "Microsoft.EntityFrameworkCore.Model.Validation.CollectionWithoutComparer" }, SourceContext: "Microsoft.EntityFrameworkCore.Model.Validation" }

[12:20:50 INF] No migrations were found in assembly 'BytesRewards.Service'. A migration needs to be added before the database can be updated. { EventId: { Id: 20406, Name: "Microsoft.EntityFrameworkCore.Migrations.MigrationsNotFound" }, SourceContext: "Microsoft.EntityFrameworkCore.Migrations" }

[12:20:50 INF] No migrations were applied. The database is already up to date. { EventId: { Id: 20405, Name: "Microsoft.EntityFrameworkCore.Migrations.MigrationsNotApplied" }, SourceContext: "Microsoft.EntityFrameworkCore.Migrations" }

[12:20:50 INF] Now listening on: http://localhost:59677 { EventId: { Id: 14, Name: "ListeningOnAddress" }, SourceContext: "Microsoft.Hosting.Lifetime" }

[12:20:50 INF] Application started. Press Ctrl+C to shut down. { SourceContext: "Microsoft.Hosting.Lifetime" }

[12:20:50 INF] Hosting environment: Development { SourceContext: "Microsoft.Hosting.Lifetime" }

[12:20:50 INF] Content root path: C:\Users\MariyaAF\Desktop\BytesRewards\BytesRewards\src\BytesRewards.Service { SourceContext: "Microsoft.Hosting.Lifetime" }

[12:21:06 INF] No action descriptors found. This may indicate an incorrectly configured application or missing application parts. To learn more, visit https://aka.ms/aspnet/mvc/app-parts { EventId: { Id: 1, Name: "NoActionDescriptors" }, SourceContext: "Microsoft.AspNetCore.Mvc.Infrastructure.DefaultActionDescriptorCollectionProvider", RequestId: "0HNM0ED90NTKO:00000002", RequestPath: "/swagger/v1/swagger.json", ConnectionId: "0HNM0ED90NTKO" }

[12:21:43 INF] CORS policy execution successful. { EventId: { Id: 4, Name: "PolicySuccess" }, SourceContext: "Microsoft.AspNetCore.Cors.Infrastructure.CorsService", RequestId: "0HNM0ED90NTKO:00000003", RequestPath: "/users/dce0291e-a122-45d2-8d3c-5e9d1b1cdf15", ConnectionId: "0HNM0ED90NTKO" }

[12:21:43 INF] Failed to validate the token. { EventId: { Id: 1, Name: "TokenValidationFailed" }, SourceContext: "Microsoft.AspNetCore.Authentication.JwtBearer.JwtBearerHandler", RequestId: "0HNM0ED90NTKO:00000003", RequestPath: "/users/dce0291e-a122-45d2-8d3c-5e9d1b1cdf15", ConnectionId: "0HNM0ED90NTKO" }

Microsoft.IdentityModel.Tokens.SecurityTokenExpiredException: IDX10223: Lifetime validation failed. The token is expired. ValidTo (UTC): '02-06-2026 6.41.13 AM', Current time (UTC): '02-06-2026 6.51.43 AM'.
   at Microsoft.IdentityModel.Tokens.ValidatorUtilities.ValidateLifetime(Nullable`1 notBefore, Nullable`1 expires, SecurityToken securityToken, TokenValidationParameters validationParameters)
   at Microsoft.IdentityModel.Tokens.Validators.ValidateLifetime(Nullable`1 notBefore, Nullable`1 expires, SecurityToken securityToken, TokenValidationParameters validationParameters)
   at Microsoft.IdentityModel.JsonWebTokens.JsonWebTokenHandler.ValidateTokenPayloadAsync(JsonWebToken jsonWebToken, TokenValidationParameters validationParameters, BaseConfiguration configuration)
   at Microsoft.IdentityModel.JsonWebTokens.JsonWebTokenHandler.ValidateJWSAsync(JsonWebToken jsonWebToken, TokenValidationParameters validationParameters, BaseConfiguration configuration)
[12:21:43 INF] Bearer was not authenticated. Failure message: IDX10223: Lifetime validation failed. The token is expired. ValidTo (UTC): '02-06-2026 6.41.13 AM', Current time (UTC): '02-06-2026 6.51.43 AM'. { EventId: { Id: 7, Name: "AuthenticationSchemeNotAuthenticatedWithFailure" }, SourceContext: "Microsoft.AspNetCore.Authentication.JwtBearer.JwtBearerHandler", RequestId: "0HNM0ED90NTKO:00000003", RequestPath: "/users/dce0291e-a122-45d2-8d3c-5e9d1b1cdf15", ConnectionId: "0HNM0ED90NTKO" }

[12:21:43 INF] Authorization failed. These requirements were not met:
DenyAnonymousAuthorizationRequirement: Requires an authenticated user.
RolesAuthorizationRequirement:User.IsInRole must be true for one of the following roles: (admin) { EventId: { Id: 2, Name: "UserAuthorizationFailed" }, SourceContext: "Microsoft.AspNetCore.Authorization.DefaultAuthorizationService", RequestId: "0HNM0ED90NTKO:00000003", RequestPath: "/users/dce0291e-a122-45d2-8d3c-5e9d1b1cdf15", ConnectionId: "0HNM0ED90NTKO" }

[12:21:43 INF] AuthenticationScheme: Bearer was challenged. { EventId: { Id: 12, Name: "AuthenticationSchemeChallenged" }, SourceContext: "Microsoft.AspNetCore.Authentication.JwtBearer.JwtBearerHandler", RequestId: "0HNM0ED90NTKO:00000003", RequestPath: "/users/dce0291e-a122-45d2-8d3c-5e9d1b1cdf15", ConnectionId: "0HNM0ED90NTKO" }

[12:22:29 INF] CORS policy execution successful. { EventId: { Id: 4, Name: "PolicySuccess" }, SourceContext: "Microsoft.AspNetCore.Cors.Infrastructure.CorsService", RequestId: "0HNM0ED90NTKO:00000004", RequestPath: "/users/dce0291e-a122-45d2-8d3c-5e9d1b1cdf15", ConnectionId: "0HNM0ED90NTKO" }

[12:22:29 INF] Executing endpoint 'HTTP: PUT /users/{id}' { EventId: { Name: "ExecutingEndpoint" }, SourceContext: "Microsoft.AspNetCore.Routing.EndpointMiddleware", RequestId: "0HNM0ED90NTKO:00000004", RequestPath: "/users/dce0291e-a122-45d2-8d3c-5e9d1b1cdf15", ConnectionId: "0HNM0ED90NTKO" }

[12:22:29 INF] Handling UpdateUserCommand { SourceContext: "AppWeaver.Mediator.Behaviors.LoggingBehavior", RequestId: "0HNM0ED90NTKO:00000004", RequestPath: "/users/dce0291e-a122-45d2-8d3c-5e9d1b1cdf15", ConnectionId: "0HNM0ED90NTKO" }

[12:22:30 INF] Execution attempt. Source: '-standard//Standard-Retry', Operation Key: 'null', Result: '200', Handled: 'false', Attempt: '0', Execution Time: 97.902ms { EventId: { Id: 3, Name: "ExecutionAttempt" }, SourceContext: "Polly", HttpMethod: "POST", Uri: "http://localhost:8080/realms/bytes-rewards/protocol/openid-connect/token", RequestId: "0HNM0ED90NTKO:00000004", RequestPath: "/users/dce0291e-a122-45d2-8d3c-5e9d1b1cdf15", ConnectionId: "0HNM0ED90NTKO", Scope: ["HTTP POST http://localhost:8080/realms/bytes-rewards/protocol/openid-connect/token"] }

[12:22:30 INF] Execution attempt. Source: '-standard//Standard-Retry', Operation Key: 'null', Result: '400', Handled: 'false', Attempt: '0', Execution Time: 24.4851ms { EventId: { Id: 3, Name: "ExecutionAttempt" }, SourceContext: "Polly", HttpMethod: "PUT", Uri: "http://localhost:8080/admin/realms/bytes-rewards/users/bc70905a-ed5e-480e-a188-7e4e137e9160", RequestId: "0HNM0ED90NTKO:00000004", RequestPath: "/users/dce0291e-a122-45d2-8d3c-5e9d1b1cdf15", ConnectionId: "0HNM0ED90NTKO", Scope: ["HTTP PUT http://localhost:8080/admin/realms/bytes-rewards/users/bc70905a-ed5e-480e-a188-7e4e137e9160"] }

[12:22:30 ERR] Error handling UpdateUserCommand { SourceContext: "AppWeaver.Mediator.Behaviors.LoggingBehavior", RequestId: "0HNM0ED90NTKO:00000004", RequestPath: "/users/dce0291e-a122-45d2-8d3c-5e9d1b1cdf15", ConnectionId: "0HNM0ED90NTKO" }

System.Exception: Keycloak Error: BadRequest - {"errors":[{"field":"username","errorMessage":"error-user-attribute-read-only","params":["username"]},{"field":"email","errorMessage":"error-invalid-email","params":["email","senior manager"]},{"field":"username","errorMessage":"error-username-invalid-character","params":["username"]}]}
   at BytesRewards.Service.Infrastructure.Security.Keycloak.KeycloakAdminService.UpdateUserAsync(String token, String userId, String firstName, String lastName, String email, CancellationToken ct) in C:\Users\MariyaAF\Desktop\BytesRewards\BytesRewards\src\BytesRewards.Service\Infrastructure\Security\Keycloak\KeycloakAdminService.cs:line 190
   at BytesRewards.Service.Users.Features.UpdateUser.UpdateUserCommandHandler.Handle(UpdateUserCommand request, CancellationToken ct) in C:\Users\MariyaAF\Desktop\BytesRewards\BytesRewards\src\BytesRewards.Service\Users\Features\UpdateUser\UpdateUserCommandHandler.cs:line 45
   at AppWeaver.Mediator.Behaviors.FluentValidationBehavior`2.Handle(TCommand request, CancellationToken ct, Next`1 next)
   at AppWeaver.Mediator.Behaviors.LoggingBehavior`2.Handle(TRequest request, CancellationToken ct, Next`1 next)
[12:22:30 INF] Executed endpoint 'HTTP: PUT /users/{id}' { EventId: { Id: 1, Name: "ExecutedEndpoint" }, SourceContext: "Microsoft.AspNetCore.Routing.EndpointMiddleware", RequestId: "0HNM0ED90NTKO:00000004", RequestPath: "/users/dce0291e-a122-45d2-8d3c-5e9d1b1cdf15", ConnectionId: "0HNM0ED90NTKO" }

[12:22:30 INF] Exception occurred: Keycloak Error: BadRequest - {"errors":[{"field":"username","errorMessage":"error-user-attribute-read-only","params":["username"]},{"field":"email","errorMessage":"error-invalid-email","params":["email","senior manager"]},{"field":"username","errorMessage":"error-username-invalid-character","params":["username"]}]} { SourceContext: "MiddlewareLibrary.ExceptionHandling.ExceptionLogHandler", Environment: "Development", TraceId: "0HNM0ED90NTKO:00000004", CorrelationId: "0HNM0ED90NTKO:00000004", TenantId: "", ExceptionType: "Exception", RequestId: "0HNM0ED90NTKO:00000004", RequestPath: "/users/dce0291e-a122-45d2-8d3c-5e9d1b1cdf15", ConnectionId: "0HNM0ED90NTKO" }

System.Exception: Keycloak Error: BadRequest - {"errors":[{"field":"username","errorMessage":"error-user-attribute-read-only","params":["username"]},{"field":"email","errorMessage":"error-invalid-email","params":["email","senior manager"]},{"field":"username","errorMessage":"error-username-invalid-character","params":["username"]}]}
   at BytesRewards.Service.Infrastructure.Security.Keycloak.KeycloakAdminService.UpdateUserAsync(String token, String userId, String firstName, String lastName, String email, CancellationToken ct) in C:\Users\MariyaAF\Desktop\BytesRewards\BytesRewards\src\BytesRewards.Service\Infrastructure\Security\Keycloak\KeycloakAdminService.cs:line 190
   at BytesRewards.Service.Users.Features.UpdateUser.UpdateUserCommandHandler.Handle(UpdateUserCommand request, CancellationToken ct) in C:\Users\MariyaAF\Desktop\BytesRewards\BytesRewards\src\BytesRewards.Service\Users\Features\UpdateUser\UpdateUserCommandHandler.cs:line 45
   at AppWeaver.Mediator.Behaviors.FluentValidationBehavior`2.Handle(TCommand request, CancellationToken ct, Next`1 next)
   at AppWeaver.Mediator.Behaviors.LoggingBehavior`2.Handle(TRequest request, CancellationToken ct, Next`1 next)
   at BytesRewards.Service.Users.Features.UpdateUser.UpdateUserEndpoint.ExecuteAsync(UpdateUserRequest req, CancellationToken ct) in C:\Users\MariyaAF\Desktop\BytesRewards\BytesRewards\src\BytesRewards.Service\Users\Features\UpdateUser\UpdateUserEndpoint.cs:line 60
   at AppWeaver.FastEndpoint.SecureFastEndpoint`2.HandleAsync(TRequest req, CancellationToken ct)
   at FastEndpoints.Endpoint`2.ExecAsync(CancellationToken ct)
   at FastEndpoints.Endpoint`2.ExecAsync(CancellationToken ct)
   at Microsoft.AspNetCore.Routing.EndpointMiddleware.<Invoke>g__AwaitRequestTask|7_0(Endpoint endpoint, Task requestTask, ILogger logger)
   at NSwag.AspNetCore.Middlewares.SwaggerUiIndexMiddleware.Invoke(HttpContext context)
   at NSwag.AspNetCore.Middlewares.RedirectToIndexMiddleware.Invoke(HttpContext context)
   at NSwag.AspNetCore.Middlewares.OpenApiDocumentMiddleware.Invoke(HttpContext context)
   at Microsoft.AspNetCore.Authorization.AuthorizationMiddleware.Invoke(HttpContext context)
   at Microsoft.AspNetCore.Authentication.AuthenticationMiddleware.Invoke(HttpContext context)
   at Microsoft.AspNetCore.Diagnostics.ExceptionHandlerMiddlewareImpl.<Invoke>g__Awaited|10_0(ExceptionHandlerMiddlewareImpl middleware, HttpContext context, Task task)
[12:28:24 INF] Application is shutting down... { SourceContext: "Microsoft.Hosting.Lifetime" }

[12:28:56 INF] No migrations were applied. The database is already up to date. { EventId: { Id: 20405, Name: "Microsoft.EntityFrameworkCore.Migrations.MigrationsNotApplied" }, SourceContext: "Microsoft.EntityFrameworkCore.Migrations" }

[12:28:56 INF] No migrations were applied. The database is already up to date. { EventId: { Id: 20405, Name: "Microsoft.EntityFrameworkCore.Migrations.MigrationsNotApplied" }, SourceContext: "Microsoft.EntityFrameworkCore.Migrations" }

[12:28:57 INF] Registered 5 endpoints in 8,412 milliseconds. { EventId: { Id: 1, Name: "EndpointsRegistered" }, SourceContext: "FastEndpoints.StartupTimer" }

[12:28:58 INF] No validators found in the system! { EventId: { Id: 1, Name: "NoValidatorsFound" }, SourceContext: "FastEndpoints.Swagger.ValidationSchemaProcessor" }

[12:28:58 INF] User profile is available. Using 'C:\Users\MariyaAF\AppData\Local\ASP.NET\DataProtection-Keys' as key repository and Windows DPAPI to encrypt keys at rest. { EventId: { Id: 63, Name: "UsingProfileAsKeyRepositoryWithDPAPI" }, SourceContext: "Microsoft.AspNetCore.DataProtection.KeyManagement.XmlKeyManager" }

[12:28:58 WRN] The property 'AuditLog.Metadata' is a collection or enumeration type with a value converter but with no value comparer. Set a value comparer to ensure the collection/enumeration elements are compared correctly. { EventId: { Id: 10620, Name: "Microsoft.EntityFrameworkCore.Model.Validation.CollectionWithoutComparer" }, SourceContext: "Microsoft.EntityFrameworkCore.Model.Validation" }

[12:28:59 INF] No migrations were found in assembly 'BytesRewards.Service'. A migration needs to be added before the database can be updated. { EventId: { Id: 20406, Name: "Microsoft.EntityFrameworkCore.Migrations.MigrationsNotFound" }, SourceContext: "Microsoft.EntityFrameworkCore.Migrations" }

[12:28:59 INF] No migrations were applied. The database is already up to date. { EventId: { Id: 20405, Name: "Microsoft.EntityFrameworkCore.Migrations.MigrationsNotApplied" }, SourceContext: "Microsoft.EntityFrameworkCore.Migrations" }

[12:28:59 INF] Now listening on: http://localhost:62991 { EventId: { Id: 14, Name: "ListeningOnAddress" }, SourceContext: "Microsoft.Hosting.Lifetime" }

[12:28:59 INF] Application started. Press Ctrl+C to shut down. { SourceContext: "Microsoft.Hosting.Lifetime" }

[12:28:59 INF] Hosting environment: Development { SourceContext: "Microsoft.Hosting.Lifetime" }

[12:28:59 INF] Content root path: C:\Users\MariyaAF\Desktop\BytesRewards\BytesRewards\src\BytesRewards.Service { SourceContext: "Microsoft.Hosting.Lifetime" }

[12:29:44 INF] CORS policy execution successful. { EventId: { Id: 4, Name: "PolicySuccess" }, SourceContext: "Microsoft.AspNetCore.Cors.Infrastructure.CorsService", RequestId: "0HNM0EI3EMO91:00000001", RequestPath: "/users/dce0291e-a122-45d2-8d3c-5e9d1b1cdf15", ConnectionId: "0HNM0EI3EMO91" }

[12:29:45 INF] Executing endpoint 'HTTP: PUT /users/{id}' { EventId: { Name: "ExecutingEndpoint" }, SourceContext: "Microsoft.AspNetCore.Routing.EndpointMiddleware", RequestId: "0HNM0EI3EMO91:00000001", RequestPath: "/users/dce0291e-a122-45d2-8d3c-5e9d1b1cdf15", ConnectionId: "0HNM0EI3EMO91" }

[12:29:45 INF] Handling UpdateUserCommand { SourceContext: "AppWeaver.Mediator.Behaviors.LoggingBehavior", RequestId: "0HNM0EI3EMO91:00000001", RequestPath: "/users/dce0291e-a122-45d2-8d3c-5e9d1b1cdf15", ConnectionId: "0HNM0EI3EMO91" }

[12:29:45 INF] Execution attempt. Source: '-standard//Standard-Retry', Operation Key: 'null', Result: '200', Handled: 'false', Attempt: '0', Execution Time: 88.5876ms { EventId: { Id: 3, Name: "ExecutionAttempt" }, SourceContext: "Polly", HttpMethod: "POST", Uri: "http://localhost:8080/realms/bytes-rewards/protocol/openid-connect/token", RequestId: "0HNM0EI3EMO91:00000001", RequestPath: "/users/dce0291e-a122-45d2-8d3c-5e9d1b1cdf15", ConnectionId: "0HNM0EI3EMO91", Scope: ["HTTP POST http://localhost:8080/realms/bytes-rewards/protocol/openid-connect/token"] }

[12:29:45 INF] Execution attempt. Source: '-standard//Standard-Retry', Operation Key: 'null', Result: '400', Handled: 'false', Attempt: '0', Execution Time: 39.661ms { EventId: { Id: 3, Name: "ExecutionAttempt" }, SourceContext: "Polly", HttpMethod: "PUT", Uri: "http://localhost:8080/admin/realms/bytes-rewards/users/bc70905a-ed5e-480e-a188-7e4e137e9160", RequestId: "0HNM0EI3EMO91:00000001", RequestPath: "/users/dce0291e-a122-45d2-8d3c-5e9d1b1cdf15", ConnectionId: "0HNM0EI3EMO91", Scope: ["HTTP PUT http://localhost:8080/admin/realms/bytes-rewards/users/bc70905a-ed5e-480e-a188-7e4e137e9160"] }

[12:29:45 ERR] Error handling UpdateUserCommand { SourceContext: "AppWeaver.Mediator.Behaviors.LoggingBehavior", RequestId: "0HNM0EI3EMO91:00000001", RequestPath: "/users/dce0291e-a122-45d2-8d3c-5e9d1b1cdf15", ConnectionId: "0HNM0EI3EMO91" }

System.Exception: Keycloak Error: BadRequest - {"field":"email","errorMessage":"error-invalid-email","params":["email","senior manager"]}
   at BytesRewards.Service.Infrastructure.Security.Keycloak.KeycloakAdminService.UpdateUserAsync(String token, String userId, String firstName, String lastName, String email, CancellationToken ct) in C:\Users\MariyaAF\Desktop\BytesRewards\BytesRewards\src\BytesRewards.Service\Infrastructure\Security\Keycloak\KeycloakAdminService.cs:line 189
   at BytesRewards.Service.Users.Features.UpdateUser.UpdateUserCommandHandler.Handle(UpdateUserCommand request, CancellationToken ct) in C:\Users\MariyaAF\Desktop\BytesRewards\BytesRewards\src\BytesRewards.Service\Users\Features\UpdateUser\UpdateUserCommandHandler.cs:line 45
   at AppWeaver.Mediator.Behaviors.FluentValidationBehavior`2.Handle(TCommand request, CancellationToken ct, Next`1 next)
   at AppWeaver.Mediator.Behaviors.LoggingBehavior`2.Handle(TRequest request, CancellationToken ct, Next`1 next)
[12:29:45 INF] Executed endpoint 'HTTP: PUT /users/{id}' { EventId: { Id: 1, Name: "ExecutedEndpoint" }, SourceContext: "Microsoft.AspNetCore.Routing.EndpointMiddleware", RequestId: "0HNM0EI3EMO91:00000001", RequestPath: "/users/dce0291e-a122-45d2-8d3c-5e9d1b1cdf15", ConnectionId: "0HNM0EI3EMO91" }

[12:29:46 INF] Exception occurred: Keycloak Error: BadRequest - {"field":"email","errorMessage":"error-invalid-email","params":["email","senior manager"]} { SourceContext: "MiddlewareLibrary.ExceptionHandling.ExceptionLogHandler", Environment: "Development", TraceId: "0HNM0EI3EMO91:00000001", CorrelationId: "0HNM0EI3EMO91:00000001", TenantId: "", ExceptionType: "Exception", RequestId: "0HNM0EI3EMO91:00000001", RequestPath: "/users/dce0291e-a122-45d2-8d3c-5e9d1b1cdf15", ConnectionId: "0HNM0EI3EMO91" }

System.Exception: Keycloak Error: BadRequest - {"field":"email","errorMessage":"error-invalid-email","params":["email","senior manager"]}
   at BytesRewards.Service.Infrastructure.Security.Keycloak.KeycloakAdminService.UpdateUserAsync(String token, String userId, String firstName, String lastName, String email, CancellationToken ct) in C:\Users\MariyaAF\Desktop\BytesRewards\BytesRewards\src\BytesRewards.Service\Infrastructure\Security\Keycloak\KeycloakAdminService.cs:line 189
   at BytesRewards.Service.Users.Features.UpdateUser.UpdateUserCommandHandler.Handle(UpdateUserCommand request, CancellationToken ct) in C:\Users\MariyaAF\Desktop\BytesRewards\BytesRewards\src\BytesRewards.Service\Users\Features\UpdateUser\UpdateUserCommandHandler.cs:line 45
   at AppWeaver.Mediator.Behaviors.FluentValidationBehavior`2.Handle(TCommand request, CancellationToken ct, Next`1 next)
   at AppWeaver.Mediator.Behaviors.LoggingBehavior`2.Handle(TRequest request, CancellationToken ct, Next`1 next)
   at BytesRewards.Service.Users.Features.UpdateUser.UpdateUserEndpoint.ExecuteAsync(UpdateUserRequest req, CancellationToken ct) in C:\Users\MariyaAF\Desktop\BytesRewards\BytesRewards\src\BytesRewards.Service\Users\Features\UpdateUser\UpdateUserEndpoint.cs:line 60
   at AppWeaver.FastEndpoint.SecureFastEndpoint`2.HandleAsync(TRequest req, CancellationToken ct)
   at FastEndpoints.Endpoint`2.ExecAsync(CancellationToken ct)
   at FastEndpoints.Endpoint`2.ExecAsync(CancellationToken ct)
   at Microsoft.AspNetCore.Routing.EndpointMiddleware.<Invoke>g__AwaitRequestTask|7_0(Endpoint endpoint, Task requestTask, ILogger logger)
   at NSwag.AspNetCore.Middlewares.SwaggerUiIndexMiddleware.Invoke(HttpContext context)
   at NSwag.AspNetCore.Middlewares.RedirectToIndexMiddleware.Invoke(HttpContext context)
   at NSwag.AspNetCore.Middlewares.OpenApiDocumentMiddleware.Invoke(HttpContext context)
   at Microsoft.AspNetCore.Authorization.AuthorizationMiddleware.Invoke(HttpContext context)
   at Microsoft.AspNetCore.Authentication.AuthenticationMiddleware.Invoke(HttpContext context)
   at Microsoft.AspNetCore.Diagnostics.ExceptionHandlerMiddlewareImpl.<Invoke>g__Awaited|10_0(ExceptionHandlerMiddlewareImpl middleware, HttpContext context, Task task)
[12:30:03 INF] CORS policy execution successful. { EventId: { Id: 4, Name: "PolicySuccess" }, SourceContext: "Microsoft.AspNetCore.Cors.Infrastructure.CorsService", RequestId: "0HNM0EI3EMO91:00000002", RequestPath: "/users/dce0291e-a122-45d2-8d3c-5e9d1b1cdf15", ConnectionId: "0HNM0EI3EMO91" }

[12:30:03 INF] Executing endpoint 'HTTP: PUT /users/{id}' { EventId: { Name: "ExecutingEndpoint" }, SourceContext: "Microsoft.AspNetCore.Routing.EndpointMiddleware", RequestId: "0HNM0EI3EMO91:00000002", RequestPath: "/users/dce0291e-a122-45d2-8d3c-5e9d1b1cdf15", ConnectionId: "0HNM0EI3EMO91" }

[12:30:03 INF] Handling UpdateUserCommand { SourceContext: "AppWeaver.Mediator.Behaviors.LoggingBehavior", RequestId: "0HNM0EI3EMO91:00000002", RequestPath: "/users/dce0291e-a122-45d2-8d3c-5e9d1b1cdf15", ConnectionId: "0HNM0EI3EMO91" }

[12:30:03 INF] Execution attempt. Source: '-standard//Standard-Retry', Operation Key: 'null', Result: '200', Handled: 'false', Attempt: '0', Execution Time: 15.9058ms { EventId: { Id: 3, Name: "ExecutionAttempt" }, SourceContext: "Polly", HttpMethod: "POST", Uri: "http://localhost:8080/realms/bytes-rewards/protocol/openid-connect/token", RequestId: "0HNM0EI3EMO91:00000002", RequestPath: "/users/dce0291e-a122-45d2-8d3c-5e9d1b1cdf15", ConnectionId: "0HNM0EI3EMO91", Scope: ["HTTP POST http://localhost:8080/realms/bytes-rewards/protocol/openid-connect/token"] }

[12:30:03 INF] Execution attempt. Source: '-standard//Standard-Retry', Operation Key: 'null', Result: '400', Handled: 'false', Attempt: '0', Execution Time: 12.8245ms { EventId: { Id: 3, Name: "ExecutionAttempt" }, SourceContext: "Polly", HttpMethod: "PUT", Uri: "http://localhost:8080/admin/realms/bytes-rewards/users/bc70905a-ed5e-480e-a188-7e4e137e9160", RequestId: "0HNM0EI3EMO91:00000002", RequestPath: "/users/dce0291e-a122-45d2-8d3c-5e9d1b1cdf15", ConnectionId: "0HNM0EI3EMO91", Scope: ["HTTP PUT http://localhost:8080/admin/realms/bytes-rewards/users/bc70905a-ed5e-480e-a188-7e4e137e9160"] }

[12:30:03 ERR] Error handling UpdateUserCommand { SourceContext: "AppWeaver.Mediator.Behaviors.LoggingBehavior", RequestId: "0HNM0EI3EMO91:00000002", RequestPath: "/users/dce0291e-a122-45d2-8d3c-5e9d1b1cdf15", ConnectionId: "0HNM0EI3EMO91" }

System.Exception: Keycloak Error: BadRequest - {"field":"email","errorMessage":"error-invalid-email","params":["email","senior manager"]}
   at BytesRewards.Service.Infrastructure.Security.Keycloak.KeycloakAdminService.UpdateUserAsync(String token, String userId, String firstName, String lastName, String email, CancellationToken ct) in C:\Users\MariyaAF\Desktop\BytesRewards\BytesRewards\src\BytesRewards.Service\Infrastructure\Security\Keycloak\KeycloakAdminService.cs:line 189
   at BytesRewards.Service.Users.Features.UpdateUser.UpdateUserCommandHandler.Handle(UpdateUserCommand request, CancellationToken ct) in C:\Users\MariyaAF\Desktop\BytesRewards\BytesRewards\src\BytesRewards.Service\Users\Features\UpdateUser\UpdateUserCommandHandler.cs:line 45
   at AppWeaver.Mediator.Behaviors.FluentValidationBehavior`2.Handle(TCommand request, CancellationToken ct, Next`1 next)
   at AppWeaver.Mediator.Behaviors.LoggingBehavior`2.Handle(TRequest request, CancellationToken ct, Next`1 next)
[12:30:03 INF] Executed endpoint 'HTTP: PUT /users/{id}' { EventId: { Id: 1, Name: "ExecutedEndpoint" }, SourceContext: "Microsoft.AspNetCore.Routing.EndpointMiddleware", RequestId: "0HNM0EI3EMO91:00000002", RequestPath: "/users/dce0291e-a122-45d2-8d3c-5e9d1b1cdf15", ConnectionId: "0HNM0EI3EMO91" }

[12:30:03 INF] Exception occurred: Keycloak Error: BadRequest - {"field":"email","errorMessage":"error-invalid-email","params":["email","senior manager"]} { SourceContext: "MiddlewareLibrary.ExceptionHandling.ExceptionLogHandler", Environment: "Development", TraceId: "0HNM0EI3EMO91:00000002", CorrelationId: "0HNM0EI3EMO91:00000002", TenantId: "", ExceptionType: "Exception", RequestId: "0HNM0EI3EMO91:00000002", RequestPath: "/users/dce0291e-a122-45d2-8d3c-5e9d1b1cdf15", ConnectionId: "0HNM0EI3EMO91" }

System.Exception: Keycloak Error: BadRequest - {"field":"email","errorMessage":"error-invalid-email","params":["email","senior manager"]}
   at BytesRewards.Service.Infrastructure.Security.Keycloak.KeycloakAdminService.UpdateUserAsync(String token, String userId, String firstName, String lastName, String email, CancellationToken ct) in C:\Users\MariyaAF\Desktop\BytesRewards\BytesRewards\src\BytesRewards.Service\Infrastructure\Security\Keycloak\KeycloakAdminService.cs:line 189
   at BytesRewards.Service.Users.Features.UpdateUser.UpdateUserCommandHandler.Handle(UpdateUserCommand request, CancellationToken ct) in C:\Users\MariyaAF\Desktop\BytesRewards\BytesRewards\src\BytesRewards.Service\Users\Features\UpdateUser\UpdateUserCommandHandler.cs:line 45
   at AppWeaver.Mediator.Behaviors.FluentValidationBehavior`2.Handle(TCommand request, CancellationToken ct, Next`1 next)
   at AppWeaver.Mediator.Behaviors.LoggingBehavior`2.Handle(TRequest request, CancellationToken ct, Next`1 next)
   at BytesRewards.Service.Users.Features.UpdateUser.UpdateUserEndpoint.ExecuteAsync(UpdateUserRequest req, CancellationToken ct) in C:\Users\MariyaAF\Desktop\BytesRewards\BytesRewards\src\BytesRewards.Service\Users\Features\UpdateUser\UpdateUserEndpoint.cs:line 60
   at AppWeaver.FastEndpoint.SecureFastEndpoint`2.HandleAsync(TRequest req, CancellationToken ct)
   at FastEndpoints.Endpoint`2.ExecAsync(CancellationToken ct)
   at FastEndpoints.Endpoint`2.ExecAsync(CancellationToken ct)
   at Microsoft.AspNetCore.Routing.EndpointMiddleware.<Invoke>g__AwaitRequestTask|7_0(Endpoint endpoint, Task requestTask, ILogger logger)
   at NSwag.AspNetCore.Middlewares.SwaggerUiIndexMiddleware.Invoke(HttpContext context)
   at NSwag.AspNetCore.Middlewares.RedirectToIndexMiddleware.Invoke(HttpContext context)
   at NSwag.AspNetCore.Middlewares.OpenApiDocumentMiddleware.Invoke(HttpContext context)
   at Microsoft.AspNetCore.Authorization.AuthorizationMiddleware.Invoke(HttpContext context)
   at Microsoft.AspNetCore.Authentication.AuthenticationMiddleware.Invoke(HttpContext context)
   at Microsoft.AspNetCore.Diagnostics.ExceptionHandlerMiddlewareImpl.<Invoke>g__Awaited|10_0(ExceptionHandlerMiddlewareImpl middleware, HttpContext context, Task task)
[12:30:12 INF] CORS policy execution successful. { EventId: { Id: 4, Name: "PolicySuccess" }, SourceContext: "Microsoft.AspNetCore.Cors.Infrastructure.CorsService", RequestId: "0HNM0EI3EMO91:00000003", RequestPath: "/users/dce0291e-a122-45d2-8d3c-5e9d1b1cdf15", ConnectionId: "0HNM0EI3EMO91" }

[12:30:12 INF] Executing endpoint 'HTTP: PUT /users/{id}' { EventId: { Name: "ExecutingEndpoint" }, SourceContext: "Microsoft.AspNetCore.Routing.EndpointMiddleware", RequestId: "0HNM0EI3EMO91:00000003", RequestPath: "/users/dce0291e-a122-45d2-8d3c-5e9d1b1cdf15", ConnectionId: "0HNM0EI3EMO91" }

[12:30:12 INF] Handling UpdateUserCommand { SourceContext: "AppWeaver.Mediator.Behaviors.LoggingBehavior", RequestId: "0HNM0EI3EMO91:00000003", RequestPath: "/users/dce0291e-a122-45d2-8d3c-5e9d1b1cdf15", ConnectionId: "0HNM0EI3EMO91" }

[12:30:12 INF] Execution attempt. Source: '-standard//Standard-Retry', Operation Key: 'null', Result: '200', Handled: 'false', Attempt: '0', Execution Time: 10.6222ms { EventId: { Id: 3, Name: "ExecutionAttempt" }, SourceContext: "Polly", HttpMethod: "POST", Uri: "http://localhost:8080/realms/bytes-rewards/protocol/openid-connect/token", RequestId: "0HNM0EI3EMO91:00000003", RequestPath: "/users/dce0291e-a122-45d2-8d3c-5e9d1b1cdf15", ConnectionId: "0HNM0EI3EMO91", Scope: ["HTTP POST http://localhost:8080/realms/bytes-rewards/protocol/openid-connect/token"] }

[12:30:12 INF] Execution attempt. Source: '-standard//Standard-Retry', Operation Key: 'null', Result: '400', Handled: 'false', Attempt: '0', Execution Time: 10.3743ms { EventId: { Id: 3, Name: "ExecutionAttempt" }, SourceContext: "Polly", HttpMethod: "PUT", Uri: "http://localhost:8080/admin/realms/bytes-rewards/users/bc70905a-ed5e-480e-a188-7e4e137e9160", RequestId: "0HNM0EI3EMO91:00000003", RequestPath: "/users/dce0291e-a122-45d2-8d3c-5e9d1b1cdf15", ConnectionId: "0HNM0EI3EMO91", Scope: ["HTTP PUT http://localhost:8080/admin/realms/bytes-rewards/users/bc70905a-ed5e-480e-a188-7e4e137e9160"] }

[12:30:12 ERR] Error handling UpdateUserCommand { SourceContext: "AppWeaver.Mediator.Behaviors.LoggingBehavior", RequestId: "0HNM0EI3EMO91:00000003", RequestPath: "/users/dce0291e-a122-45d2-8d3c-5e9d1b1cdf15", ConnectionId: "0HNM0EI3EMO91" }

System.Exception: Keycloak Error: BadRequest - {"field":"email","errorMessage":"error-invalid-email","params":["email","senior manager"]}
   at BytesRewards.Service.Infrastructure.Security.Keycloak.KeycloakAdminService.UpdateUserAsync(String token, String userId, String firstName, String lastName, String email, CancellationToken ct) in C:\Users\MariyaAF\Desktop\BytesRewards\BytesRewards\src\BytesRewards.Service\Infrastructure\Security\Keycloak\KeycloakAdminService.cs:line 189
   at BytesRewards.Service.Users.Features.UpdateUser.UpdateUserCommandHandler.Handle(UpdateUserCommand request, CancellationToken ct) in C:\Users\MariyaAF\Desktop\BytesRewards\BytesRewards\src\BytesRewards.Service\Users\Features\UpdateUser\UpdateUserCommandHandler.cs:line 45
   at AppWeaver.Mediator.Behaviors.FluentValidationBehavior`2.Handle(TCommand request, CancellationToken ct, Next`1 next)
   at AppWeaver.Mediator.Behaviors.LoggingBehavior`2.Handle(TRequest request, CancellationToken ct, Next`1 next)
[12:30:12 INF] Executed endpoint 'HTTP: PUT /users/{id}' { EventId: { Id: 1, Name: "ExecutedEndpoint" }, SourceContext: "Microsoft.AspNetCore.Routing.EndpointMiddleware", RequestId: "0HNM0EI3EMO91:00000003", RequestPath: "/users/dce0291e-a122-45d2-8d3c-5e9d1b1cdf15", ConnectionId: "0HNM0EI3EMO91" }

[12:30:12 INF] Exception occurred: Keycloak Error: BadRequest - {"field":"email","errorMessage":"error-invalid-email","params":["email","senior manager"]} { SourceContext: "MiddlewareLibrary.ExceptionHandling.ExceptionLogHandler", Environment: "Development", TraceId: "0HNM0EI3EMO91:00000003", CorrelationId: "0HNM0EI3EMO91:00000003", TenantId: "", ExceptionType: "Exception", RequestId: "0HNM0EI3EMO91:00000003", RequestPath: "/users/dce0291e-a122-45d2-8d3c-5e9d1b1cdf15", ConnectionId: "0HNM0EI3EMO91" }

System.Exception: Keycloak Error: BadRequest - {"field":"email","errorMessage":"error-invalid-email","params":["email","senior manager"]}
   at BytesRewards.Service.Infrastructure.Security.Keycloak.KeycloakAdminService.UpdateUserAsync(String token, String userId, String firstName, String lastName, String email, CancellationToken ct) in C:\Users\MariyaAF\Desktop\BytesRewards\BytesRewards\src\BytesRewards.Service\Infrastructure\Security\Keycloak\KeycloakAdminService.cs:line 189
   at BytesRewards.Service.Users.Features.UpdateUser.UpdateUserCommandHandler.Handle(UpdateUserCommand request, CancellationToken ct) in C:\Users\MariyaAF\Desktop\BytesRewards\BytesRewards\src\BytesRewards.Service\Users\Features\UpdateUser\UpdateUserCommandHandler.cs:line 45
   at AppWeaver.Mediator.Behaviors.FluentValidationBehavior`2.Handle(TCommand request, CancellationToken ct, Next`1 next)
   at AppWeaver.Mediator.Behaviors.LoggingBehavior`2.Handle(TRequest request, CancellationToken ct, Next`1 next)
   at BytesRewards.Service.Users.Features.UpdateUser.UpdateUserEndpoint.ExecuteAsync(UpdateUserRequest req, CancellationToken ct) in C:\Users\MariyaAF\Desktop\BytesRewards\BytesRewards\src\BytesRewards.Service\Users\Features\UpdateUser\UpdateUserEndpoint.cs:line 60
   at AppWeaver.FastEndpoint.SecureFastEndpoint`2.HandleAsync(TRequest req, CancellationToken ct)
   at FastEndpoints.Endpoint`2.ExecAsync(CancellationToken ct)
   at FastEndpoints.Endpoint`2.ExecAsync(CancellationToken ct)
   at Microsoft.AspNetCore.Routing.EndpointMiddleware.<Invoke>g__AwaitRequestTask|7_0(Endpoint endpoint, Task requestTask, ILogger logger)
   at NSwag.AspNetCore.Middlewares.SwaggerUiIndexMiddleware.Invoke(HttpContext context)
   at NSwag.AspNetCore.Middlewares.RedirectToIndexMiddleware.Invoke(HttpContext context)
   at NSwag.AspNetCore.Middlewares.OpenApiDocumentMiddleware.Invoke(HttpContext context)
   at Microsoft.AspNetCore.Authorization.AuthorizationMiddleware.Invoke(HttpContext context)
   at Microsoft.AspNetCore.Authentication.AuthenticationMiddleware.Invoke(HttpContext context)
   at Microsoft.AspNetCore.Diagnostics.ExceptionHandlerMiddlewareImpl.<Invoke>g__Awaited|10_0(ExceptionHandlerMiddlewareImpl middleware, HttpContext context, Task task)
[12:39:05 INF] Application is shutting down... { SourceContext: "Microsoft.Hosting.Lifetime" }

[12:39:54 INF] No migrations were applied. The database is already up to date. { EventId: { Id: 20405, Name: "Microsoft.EntityFrameworkCore.Migrations.MigrationsNotApplied" }, SourceContext: "Microsoft.EntityFrameworkCore.Migrations" }

[12:39:54 INF] No migrations were applied. The database is already up to date. { EventId: { Id: 20405, Name: "Microsoft.EntityFrameworkCore.Migrations.MigrationsNotApplied" }, SourceContext: "Microsoft.EntityFrameworkCore.Migrations" }

[12:39:54 INF] Registered 5 endpoints in 4,622 milliseconds. { EventId: { Id: 1, Name: "EndpointsRegistered" }, SourceContext: "FastEndpoints.StartupTimer" }

[12:39:54 INF] No validators found in the system! { EventId: { Id: 1, Name: "NoValidatorsFound" }, SourceContext: "FastEndpoints.Swagger.ValidationSchemaProcessor" }

[12:39:54 INF] User profile is available. Using 'C:\Users\MariyaAF\AppData\Local\ASP.NET\DataProtection-Keys' as key repository and Windows DPAPI to encrypt keys at rest. { EventId: { Id: 63, Name: "UsingProfileAsKeyRepositoryWithDPAPI" }, SourceContext: "Microsoft.AspNetCore.DataProtection.KeyManagement.XmlKeyManager" }

[12:39:55 WRN] The property 'AuditLog.Metadata' is a collection or enumeration type with a value converter but with no value comparer. Set a value comparer to ensure the collection/enumeration elements are compared correctly. { EventId: { Id: 10620, Name: "Microsoft.EntityFrameworkCore.Model.Validation.CollectionWithoutComparer" }, SourceContext: "Microsoft.EntityFrameworkCore.Model.Validation" }

[12:39:55 INF] No migrations were found in assembly 'BytesRewards.Service'. A migration needs to be added before the database can be updated. { EventId: { Id: 20406, Name: "Microsoft.EntityFrameworkCore.Migrations.MigrationsNotFound" }, SourceContext: "Microsoft.EntityFrameworkCore.Migrations" }

[12:39:55 INF] No migrations were applied. The database is already up to date. { EventId: { Id: 20405, Name: "Microsoft.EntityFrameworkCore.Migrations.MigrationsNotApplied" }, SourceContext: "Microsoft.EntityFrameworkCore.Migrations" }

[12:39:55 INF] Now listening on: http://localhost:52127 { EventId: { Id: 14, Name: "ListeningOnAddress" }, SourceContext: "Microsoft.Hosting.Lifetime" }

[12:39:55 INF] Application started. Press Ctrl+C to shut down. { SourceContext: "Microsoft.Hosting.Lifetime" }

[12:39:55 INF] Hosting environment: Development { SourceContext: "Microsoft.Hosting.Lifetime" }

[12:39:55 INF] Content root path: C:\Users\MariyaAF\Desktop\BytesRewards\BytesRewards\src\BytesRewards.Service { SourceContext: "Microsoft.Hosting.Lifetime" }

[12:40:51 INF] CORS policy execution successful. { EventId: { Id: 4, Name: "PolicySuccess" }, SourceContext: "Microsoft.AspNetCore.Cors.Infrastructure.CorsService", RequestId: "0HNM0EOA1SO5E:00000001", RequestPath: "/users/dce0291e-a122-45d2-8d3c-5e9d1b1cdf15", ConnectionId: "0HNM0EOA1SO5E" }

[12:40:51 INF] Executing endpoint 'HTTP: PUT /users/{id}' { EventId: { Name: "ExecutingEndpoint" }, SourceContext: "Microsoft.AspNetCore.Routing.EndpointMiddleware", RequestId: "0HNM0EOA1SO5E:00000001", RequestPath: "/users/dce0291e-a122-45d2-8d3c-5e9d1b1cdf15", ConnectionId: "0HNM0EOA1SO5E" }

[12:40:51 INF] Handling UpdateUserCommand { SourceContext: "AppWeaver.Mediator.Behaviors.LoggingBehavior", RequestId: "0HNM0EOA1SO5E:00000001", RequestPath: "/users/dce0291e-a122-45d2-8d3c-5e9d1b1cdf15", ConnectionId: "0HNM0EOA1SO5E" }

[12:40:52 INF] Execution attempt. Source: '-standard//Standard-Retry', Operation Key: 'null', Result: '200', Handled: 'false', Attempt: '0', Execution Time: 81.4746ms { EventId: { Id: 3, Name: "ExecutionAttempt" }, SourceContext: "Polly", HttpMethod: "POST", Uri: "http://localhost:8080/realms/bytes-rewards/protocol/openid-connect/token", RequestId: "0HNM0EOA1SO5E:00000001", RequestPath: "/users/dce0291e-a122-45d2-8d3c-5e9d1b1cdf15", ConnectionId: "0HNM0EOA1SO5E", Scope: ["HTTP POST http://localhost:8080/realms/bytes-rewards/protocol/openid-connect/token"] }

[12:40:52 INF] Execution attempt. Source: '-standard//Standard-Retry', Operation Key: 'null', Result: '204', Handled: 'false', Attempt: '0', Execution Time: 63.9307ms { EventId: { Id: 3, Name: "ExecutionAttempt" }, SourceContext: "Polly", HttpMethod: "PUT", Uri: "http://localhost:8080/admin/realms/bytes-rewards/users/bc70905a-ed5e-480e-a188-7e4e137e9160", RequestId: "0HNM0EOA1SO5E:00000001", RequestPath: "/users/dce0291e-a122-45d2-8d3c-5e9d1b1cdf15", ConnectionId: "0HNM0EOA1SO5E", Scope: ["HTTP PUT http://localhost:8080/admin/realms/bytes-rewards/users/bc70905a-ed5e-480e-a188-7e4e137e9160"] }

[12:40:52 WRN] The property 'AuditLog.Metadata' is a collection or enumeration type with a value converter but with no value comparer. Set a value comparer to ensure the collection/enumeration elements are compared correctly. { EventId: { Id: 10620, Name: "Microsoft.EntityFrameworkCore.Model.Validation.CollectionWithoutComparer" }, SourceContext: "Microsoft.EntityFrameworkCore.Model.Validation", RequestId: "0HNM0EOA1SO5E:00000001", RequestPath: "/users/dce0291e-a122-45d2-8d3c-5e9d1b1cdf15", ConnectionId: "0HNM0EOA1SO5E" }

[12:40:52 INF] Handled UpdateUserCommand { SourceContext: "AppWeaver.Mediator.Behaviors.LoggingBehavior", RequestId: "0HNM0EOA1SO5E:00000001", RequestPath: "/users/dce0291e-a122-45d2-8d3c-5e9d1b1cdf15", ConnectionId: "0HNM0EOA1SO5E" }

[12:40:52 INF] Setting HTTP status code 200. { EventId: { Id: 1, Name: "WritingResultAsStatusCode" }, SourceContext: "Microsoft.AspNetCore.Http.Result.OkObjectResult", RequestId: "0HNM0EOA1SO5E:00000001", RequestPath: "/users/dce0291e-a122-45d2-8d3c-5e9d1b1cdf15", ConnectionId: "0HNM0EOA1SO5E" }

[12:40:52 INF] Writing value of type 'Boolean' as Json. { EventId: { Id: 3, Name: "WritingResultAsJson" }, SourceContext: "Microsoft.AspNetCore.Http.Result.OkObjectResult", RequestId: "0HNM0EOA1SO5E:00000001", RequestPath: "/users/dce0291e-a122-45d2-8d3c-5e9d1b1cdf15", ConnectionId: "0HNM0EOA1SO5E" }

[12:40:52 INF] Executed endpoint 'HTTP: PUT /users/{id}' { EventId: { Id: 1, Name: "ExecutedEndpoint" }, SourceContext: "Microsoft.AspNetCore.Routing.EndpointMiddleware", RequestId: "0HNM0EOA1SO5E:00000001", RequestPath: "/users/dce0291e-a122-45d2-8d3c-5e9d1b1cdf15", ConnectionId: "0HNM0EOA1SO5E" }

[14:10:15 INF] Application is shutting down... { SourceContext: "Microsoft.Hosting.Lifetime" }

[14:11:12 INF] No migrations were applied. The database is already up to date. { EventId: { Id: 20405, Name: "Microsoft.EntityFrameworkCore.Migrations.MigrationsNotApplied" }, SourceContext: "Microsoft.EntityFrameworkCore.Migrations" }

[14:11:12 INF] No migrations were applied. The database is already up to date. { EventId: { Id: 20405, Name: "Microsoft.EntityFrameworkCore.Migrations.MigrationsNotApplied" }, SourceContext: "Microsoft.EntityFrameworkCore.Migrations" }

[14:11:12 INF] Registered 5 endpoints in 5,796 milliseconds. { EventId: { Id: 1, Name: "EndpointsRegistered" }, SourceContext: "FastEndpoints.StartupTimer" }

[14:11:13 INF] No validators found in the system! { EventId: { Id: 1, Name: "NoValidatorsFound" }, SourceContext: "FastEndpoints.Swagger.ValidationSchemaProcessor" }

[14:11:13 INF] User profile is available. Using 'C:\Users\MariyaAF\AppData\Local\ASP.NET\DataProtection-Keys' as key repository and Windows DPAPI to encrypt keys at rest. { EventId: { Id: 63, Name: "UsingProfileAsKeyRepositoryWithDPAPI" }, SourceContext: "Microsoft.AspNetCore.DataProtection.KeyManagement.XmlKeyManager" }

[14:11:13 WRN] The property 'AuditLog.Metadata' is a collection or enumeration type with a value converter but with no value comparer. Set a value comparer to ensure the collection/enumeration elements are compared correctly. { EventId: { Id: 10620, Name: "Microsoft.EntityFrameworkCore.Model.Validation.CollectionWithoutComparer" }, SourceContext: "Microsoft.EntityFrameworkCore.Model.Validation" }

[14:11:13 INF] No migrations were found in assembly 'BytesRewards.Service'. A migration needs to be added before the database can be updated. { EventId: { Id: 20406, Name: "Microsoft.EntityFrameworkCore.Migrations.MigrationsNotFound" }, SourceContext: "Microsoft.EntityFrameworkCore.Migrations" }

[14:11:13 INF] No migrations were applied. The database is already up to date. { EventId: { Id: 20405, Name: "Microsoft.EntityFrameworkCore.Migrations.MigrationsNotApplied" }, SourceContext: "Microsoft.EntityFrameworkCore.Migrations" }

[14:11:13 INF] Now listening on: http://localhost:61243 { EventId: { Id: 14, Name: "ListeningOnAddress" }, SourceContext: "Microsoft.Hosting.Lifetime" }

[14:11:13 INF] Application started. Press Ctrl+C to shut down. { SourceContext: "Microsoft.Hosting.Lifetime" }

[14:11:13 INF] Hosting environment: Development { SourceContext: "Microsoft.Hosting.Lifetime" }

[14:11:13 INF] Content root path: C:\Users\MariyaAF\Desktop\BytesRewards\BytesRewards\src\BytesRewards.Service { SourceContext: "Microsoft.Hosting.Lifetime" }

[14:11:37 INF] No action descriptors found. This may indicate an incorrectly configured application or missing application parts. To learn more, visit https://aka.ms/aspnet/mvc/app-parts { EventId: { Id: 1, Name: "NoActionDescriptors" }, SourceContext: "Microsoft.AspNetCore.Mvc.Infrastructure.DefaultActionDescriptorCollectionProvider", RequestId: "0HNM0GB15G04L:00000002", RequestPath: "/swagger/v1/swagger.json", ConnectionId: "0HNM0GB15G04L" }

[14:17:24 INF] CORS policy execution successful. { EventId: { Id: 4, Name: "PolicySuccess" }, SourceContext: "Microsoft.AspNetCore.Cors.Infrastructure.CorsService", RequestId: "0HNM0GB15G04M:00000001", RequestPath: "/users/4b806182-3d1d-433f-a17e-418ebf486fb7", ConnectionId: "0HNM0GB15G04M" }

[14:17:24 INF] Executing endpoint 'HTTP: PUT /users/{id}' { EventId: { Name: "ExecutingEndpoint" }, SourceContext: "Microsoft.AspNetCore.Routing.EndpointMiddleware", RequestId: "0HNM0GB15G04M:00000001", RequestPath: "/users/4b806182-3d1d-433f-a17e-418ebf486fb7", ConnectionId: "0HNM0GB15G04M" }

[14:17:25 INF] Handling UpdateUserCommand { SourceContext: "AppWeaver.Mediator.Behaviors.LoggingBehavior", RequestId: "0HNM0GB15G04M:00000001", RequestPath: "/users/4b806182-3d1d-433f-a17e-418ebf486fb7", ConnectionId: "0HNM0GB15G04M" }

[14:17:25 INF] Execution attempt. Source: '-standard//Standard-Retry', Operation Key: 'null', Result: '200', Handled: 'false', Attempt: '0', Execution Time: 88.4383ms { EventId: { Id: 3, Name: "ExecutionAttempt" }, SourceContext: "Polly", HttpMethod: "POST", Uri: "http://localhost:8080/realms/bytes-rewards/protocol/openid-connect/token", RequestId: "0HNM0GB15G04M:00000001", RequestPath: "/users/4b806182-3d1d-433f-a17e-418ebf486fb7", ConnectionId: "0HNM0GB15G04M", Scope: ["HTTP POST http://localhost:8080/realms/bytes-rewards/protocol/openid-connect/token"] }

[14:17:25 INF] Execution attempt. Source: '-standard//Standard-Retry', Operation Key: 'null', Result: '204', Handled: 'false', Attempt: '0', Execution Time: 65.704ms { EventId: { Id: 3, Name: "ExecutionAttempt" }, SourceContext: "Polly", HttpMethod: "PUT", Uri: "http://localhost:8080/admin/realms/bytes-rewards/users/d9a92c91-2116-474e-9fe1-43dc6b120117", RequestId: "0HNM0GB15G04M:00000001", RequestPath: "/users/4b806182-3d1d-433f-a17e-418ebf486fb7", ConnectionId: "0HNM0GB15G04M", Scope: ["HTTP PUT http://localhost:8080/admin/realms/bytes-rewards/users/d9a92c91-2116-474e-9fe1-43dc6b120117"] }

[14:17:25 INF] Execution attempt. Source: '-standard//Standard-Retry', Operation Key: 'null', Result: '200', Handled: 'false', Attempt: '0', Execution Time: 20.5712ms { EventId: { Id: 3, Name: "ExecutionAttempt" }, SourceContext: "Polly", HttpMethod: "GET", Uri: "http://localhost:8080/admin/realms/bytes-rewards/users/d9a92c91-2116-474e-9fe1-43dc6b120117/role-mappings/realm", RequestId: "0HNM0GB15G04M:00000001", RequestPath: "/users/4b806182-3d1d-433f-a17e-418ebf486fb7", ConnectionId: "0HNM0GB15G04M", Scope: ["HTTP GET http://localhost:8080/admin/realms/bytes-rewards/users/d9a92c91-2116-474e-9fe1-43dc6b120117/role-mappings/realm"] }

[14:17:25 INF] Execution attempt. Source: '-standard//Standard-Retry', Operation Key: 'null', Result: '200', Handled: 'false', Attempt: '0', Execution Time: 7.8555ms { EventId: { Id: 3, Name: "ExecutionAttempt" }, SourceContext: "Polly", HttpMethod: "GET", Uri: "http://localhost:8080/admin/realms/bytes-rewards/roles/employee", RequestId: "0HNM0GB15G04M:00000001", RequestPath: "/users/4b806182-3d1d-433f-a17e-418ebf486fb7", ConnectionId: "0HNM0GB15G04M", Scope: ["HTTP GET http://localhost:8080/admin/realms/bytes-rewards/roles/employee"] }

[14:17:26 INF] Execution attempt. Source: '-standard//Standard-Retry', Operation Key: 'null', Result: '204', Handled: 'false', Attempt: '0', Execution Time: 107.365ms { EventId: { Id: 3, Name: "ExecutionAttempt" }, SourceContext: "Polly", HttpMethod: "DELETE", Uri: "http://localhost:8080/admin/realms/bytes-rewards/users/d9a92c91-2116-474e-9fe1-43dc6b120117/role-mappings/realm", RequestId: "0HNM0GB15G04M:00000001", RequestPath: "/users/4b806182-3d1d-433f-a17e-418ebf486fb7", ConnectionId: "0HNM0GB15G04M", Scope: ["HTTP DELETE http://localhost:8080/admin/realms/bytes-rewards/users/d9a92c91-2116-474e-9fe1-43dc6b120117/role-mappings/realm"] }

[14:17:26 INF] Execution attempt. Source: '-standard//Standard-Retry', Operation Key: 'null', Result: '200', Handled: 'false', Attempt: '0', Execution Time: 6.3117ms { EventId: { Id: 3, Name: "ExecutionAttempt" }, SourceContext: "Polly", HttpMethod: "GET", Uri: "http://localhost:8080/admin/realms/bytes-rewards/roles/manager", RequestId: "0HNM0GB15G04M:00000001", RequestPath: "/users/4b806182-3d1d-433f-a17e-418ebf486fb7", ConnectionId: "0HNM0GB15G04M", Scope: ["HTTP GET http://localhost:8080/admin/realms/bytes-rewards/roles/manager"] }

[14:17:26 INF] Execution attempt. Source: '-standard//Standard-Retry', Operation Key: 'null', Result: '204', Handled: 'false', Attempt: '0', Execution Time: 13.6611ms { EventId: { Id: 3, Name: "ExecutionAttempt" }, SourceContext: "Polly", HttpMethod: "POST", Uri: "http://localhost:8080/admin/realms/bytes-rewards/users/d9a92c91-2116-474e-9fe1-43dc6b120117/role-mappings/realm", RequestId: "0HNM0GB15G04M:00000001", RequestPath: "/users/4b806182-3d1d-433f-a17e-418ebf486fb7", ConnectionId: "0HNM0GB15G04M", Scope: ["HTTP POST http://localhost:8080/admin/realms/bytes-rewards/users/d9a92c91-2116-474e-9fe1-43dc6b120117/role-mappings/realm"] }

[14:17:26 WRN] The property 'AuditLog.Metadata' is a collection or enumeration type with a value converter but with no value comparer. Set a value comparer to ensure the collection/enumeration elements are compared correctly. { EventId: { Id: 10620, Name: "Microsoft.EntityFrameworkCore.Model.Validation.CollectionWithoutComparer" }, SourceContext: "Microsoft.EntityFrameworkCore.Model.Validation", RequestId: "0HNM0GB15G04M:00000001", RequestPath: "/users/4b806182-3d1d-433f-a17e-418ebf486fb7", ConnectionId: "0HNM0GB15G04M" }

[14:17:26 INF] Handled UpdateUserCommand { SourceContext: "AppWeaver.Mediator.Behaviors.LoggingBehavior", RequestId: "0HNM0GB15G04M:00000001", RequestPath: "/users/4b806182-3d1d-433f-a17e-418ebf486fb7", ConnectionId: "0HNM0GB15G04M" }

[14:17:26 INF] Setting HTTP status code 200. { EventId: { Id: 1, Name: "WritingResultAsStatusCode" }, SourceContext: "Microsoft.AspNetCore.Http.Result.OkObjectResult", RequestId: "0HNM0GB15G04M:00000001", RequestPath: "/users/4b806182-3d1d-433f-a17e-418ebf486fb7", ConnectionId: "0HNM0GB15G04M" }

[14:17:26 INF] Writing value of type 'Boolean' as Json. { EventId: { Id: 3, Name: "WritingResultAsJson" }, SourceContext: "Microsoft.AspNetCore.Http.Result.OkObjectResult", RequestId: "0HNM0GB15G04M:00000001", RequestPath: "/users/4b806182-3d1d-433f-a17e-418ebf486fb7", ConnectionId: "0HNM0GB15G04M" }

[14:17:26 INF] Executed endpoint 'HTTP: PUT /users/{id}' { EventId: { Id: 1, Name: "ExecutedEndpoint" }, SourceContext: "Microsoft.AspNetCore.Routing.EndpointMiddleware", RequestId: "0HNM0GB15G04M:00000001", RequestPath: "/users/4b806182-3d1d-433f-a17e-418ebf486fb7", ConnectionId: "0HNM0GB15G04M" }

[14:34:14 INF] CORS policy execution successful. { EventId: { Id: 4, Name: "PolicySuccess" }, SourceContext: "Microsoft.AspNetCore.Cors.Infrastructure.CorsService", RequestId: "0HNM0GB15G04N:00000001", RequestPath: "/users/4b806182-3d1d-433f-a17e-418ebf486fb7", ConnectionId: "0HNM0GB15G04N" }

[14:34:14 INF] Failed to validate the token. { EventId: { Id: 1, Name: "TokenValidationFailed" }, SourceContext: "Microsoft.AspNetCore.Authentication.JwtBearer.JwtBearerHandler", RequestId: "0HNM0GB15G04N:00000001", RequestPath: "/users/4b806182-3d1d-433f-a17e-418ebf486fb7", ConnectionId: "0HNM0GB15G04N" }

Microsoft.IdentityModel.Tokens.SecurityTokenExpiredException: IDX10223: Lifetime validation failed. The token is expired. ValidTo (UTC): '02-06-2026 8.51.38 AM', Current time (UTC): '02-06-2026 9.04.14 AM'.
   at Microsoft.IdentityModel.Tokens.ValidatorUtilities.ValidateLifetime(Nullable`1 notBefore, Nullable`1 expires, SecurityToken securityToken, TokenValidationParameters validationParameters)
   at Microsoft.IdentityModel.Tokens.Validators.ValidateLifetime(Nullable`1 notBefore, Nullable`1 expires, SecurityToken securityToken, TokenValidationParameters validationParameters)
   at Microsoft.IdentityModel.JsonWebTokens.JsonWebTokenHandler.ValidateTokenPayloadAsync(JsonWebToken jsonWebToken, TokenValidationParameters validationParameters, BaseConfiguration configuration)
   at Microsoft.IdentityModel.JsonWebTokens.JsonWebTokenHandler.ValidateJWSAsync(JsonWebToken jsonWebToken, TokenValidationParameters validationParameters, BaseConfiguration configuration)
[14:34:14 INF] Bearer was not authenticated. Failure message: IDX10223: Lifetime validation failed. The token is expired. ValidTo (UTC): '02-06-2026 8.51.38 AM', Current time (UTC): '02-06-2026 9.04.14 AM'. { EventId: { Id: 7, Name: "AuthenticationSchemeNotAuthenticatedWithFailure" }, SourceContext: "Microsoft.AspNetCore.Authentication.JwtBearer.JwtBearerHandler", RequestId: "0HNM0GB15G04N:00000001", RequestPath: "/users/4b806182-3d1d-433f-a17e-418ebf486fb7", ConnectionId: "0HNM0GB15G04N" }

[14:34:14 INF] Authorization failed. These requirements were not met:
DenyAnonymousAuthorizationRequirement: Requires an authenticated user.
RolesAuthorizationRequirement:User.IsInRole must be true for one of the following roles: (admin) { EventId: { Id: 2, Name: "UserAuthorizationFailed" }, SourceContext: "Microsoft.AspNetCore.Authorization.DefaultAuthorizationService", RequestId: "0HNM0GB15G04N:00000001", RequestPath: "/users/4b806182-3d1d-433f-a17e-418ebf486fb7", ConnectionId: "0HNM0GB15G04N" }

[14:34:14 INF] AuthenticationScheme: Bearer was challenged. { EventId: { Id: 12, Name: "AuthenticationSchemeChallenged" }, SourceContext: "Microsoft.AspNetCore.Authentication.JwtBearer.JwtBearerHandler", RequestId: "0HNM0GB15G04N:00000001", RequestPath: "/users/4b806182-3d1d-433f-a17e-418ebf486fb7", ConnectionId: "0HNM0GB15G04N" }

[14:35:16 INF] CORS policy execution successful. { EventId: { Id: 4, Name: "PolicySuccess" }, SourceContext: "Microsoft.AspNetCore.Cors.Infrastructure.CorsService", RequestId: "0HNM0GB15G04N:00000002", RequestPath: "/users/4b806182-3d1d-433f-a17e-418ebf486fb7", ConnectionId: "0HNM0GB15G04N" }

[14:35:16 INF] Executing endpoint 'HTTP: DELETE /users/{id}' { EventId: { Name: "ExecutingEndpoint" }, SourceContext: "Microsoft.AspNetCore.Routing.EndpointMiddleware", RequestId: "0HNM0GB15G04N:00000002", RequestPath: "/users/4b806182-3d1d-433f-a17e-418ebf486fb7", ConnectionId: "0HNM0GB15G04N" }

[14:35:16 INF] Handling DeleteUserCommand { SourceContext: "AppWeaver.Mediator.Behaviors.LoggingBehavior", RequestId: "0HNM0GB15G04N:00000002", RequestPath: "/users/4b806182-3d1d-433f-a17e-418ebf486fb7", ConnectionId: "0HNM0GB15G04N" }

[14:35:16 INF] Handled DeleteUserCommand { SourceContext: "AppWeaver.Mediator.Behaviors.LoggingBehavior", RequestId: "0HNM0GB15G04N:00000002", RequestPath: "/users/4b806182-3d1d-433f-a17e-418ebf486fb7", ConnectionId: "0HNM0GB15G04N" }

[14:35:16 INF] Setting HTTP status code 200. { EventId: { Id: 1, Name: "WritingResultAsStatusCode" }, SourceContext: "Microsoft.AspNetCore.Http.Result.OkObjectResult", RequestId: "0HNM0GB15G04N:00000002", RequestPath: "/users/4b806182-3d1d-433f-a17e-418ebf486fb7", ConnectionId: "0HNM0GB15G04N" }

[14:35:16 INF] Writing value of type 'Boolean' as Json. { EventId: { Id: 3, Name: "WritingResultAsJson" }, SourceContext: "Microsoft.AspNetCore.Http.Result.OkObjectResult", RequestId: "0HNM0GB15G04N:00000002", RequestPath: "/users/4b806182-3d1d-433f-a17e-418ebf486fb7", ConnectionId: "0HNM0GB15G04N" }

[14:35:16 INF] Executed endpoint 'HTTP: DELETE /users/{id}' { EventId: { Id: 1, Name: "ExecutedEndpoint" }, SourceContext: "Microsoft.AspNetCore.Routing.EndpointMiddleware", RequestId: "0HNM0GB15G04N:00000002", RequestPath: "/users/4b806182-3d1d-433f-a17e-418ebf486fb7", ConnectionId: "0HNM0GB15G04N" }

[14:39:34 INF] Application is shutting down... { SourceContext: "Microsoft.Hosting.Lifetime" }

[14:40:21 INF] No migrations were applied. The database is already up to date. { EventId: { Id: 20405, Name: "Microsoft.EntityFrameworkCore.Migrations.MigrationsNotApplied" }, SourceContext: "Microsoft.EntityFrameworkCore.Migrations" }

[14:40:21 INF] No migrations were applied. The database is already up to date. { EventId: { Id: 20405, Name: "Microsoft.EntityFrameworkCore.Migrations.MigrationsNotApplied" }, SourceContext: "Microsoft.EntityFrameworkCore.Migrations" }

[14:40:21 INF] Registered 5 endpoints in 5,706 milliseconds. { EventId: { Id: 1, Name: "EndpointsRegistered" }, SourceContext: "FastEndpoints.StartupTimer" }

[14:40:22 INF] No validators found in the system! { EventId: { Id: 1, Name: "NoValidatorsFound" }, SourceContext: "FastEndpoints.Swagger.ValidationSchemaProcessor" }

[14:40:22 INF] User profile is available. Using 'C:\Users\MariyaAF\AppData\Local\ASP.NET\DataProtection-Keys' as key repository and Windows DPAPI to encrypt keys at rest. { EventId: { Id: 63, Name: "UsingProfileAsKeyRepositoryWithDPAPI" }, SourceContext: "Microsoft.AspNetCore.DataProtection.KeyManagement.XmlKeyManager" }

[14:40:22 WRN] The property 'AuditLog.Metadata' is a collection or enumeration type with a value converter but with no value comparer. Set a value comparer to ensure the collection/enumeration elements are compared correctly. { EventId: { Id: 10620, Name: "Microsoft.EntityFrameworkCore.Model.Validation.CollectionWithoutComparer" }, SourceContext: "Microsoft.EntityFrameworkCore.Model.Validation" }

[14:40:22 INF] No migrations were found in assembly 'BytesRewards.Service'. A migration needs to be added before the database can be updated. { EventId: { Id: 20406, Name: "Microsoft.EntityFrameworkCore.Migrations.MigrationsNotFound" }, SourceContext: "Microsoft.EntityFrameworkCore.Migrations" }

[14:40:22 INF] No migrations were applied. The database is already up to date. { EventId: { Id: 20405, Name: "Microsoft.EntityFrameworkCore.Migrations.MigrationsNotApplied" }, SourceContext: "Microsoft.EntityFrameworkCore.Migrations" }

[14:40:22 INF] Now listening on: http://localhost:51103 { EventId: { Id: 14, Name: "ListeningOnAddress" }, SourceContext: "Microsoft.Hosting.Lifetime" }

[14:40:22 INF] Application started. Press Ctrl+C to shut down. { SourceContext: "Microsoft.Hosting.Lifetime" }

[14:40:22 INF] Hosting environment: Development { SourceContext: "Microsoft.Hosting.Lifetime" }

[14:40:22 INF] Content root path: C:\Users\MariyaAF\Desktop\BytesRewards\BytesRewards\src\BytesRewards.Service { SourceContext: "Microsoft.Hosting.Lifetime" }

[14:44:44 INF] CORS policy execution successful. { EventId: { Id: 4, Name: "PolicySuccess" }, SourceContext: "Microsoft.AspNetCore.Cors.Infrastructure.CorsService", RequestId: "0HNM0GTHGTQ8I:00000001", RequestPath: "/users/0a63b986-4549-42a6-a938-4bb0ddddcb77", ConnectionId: "0HNM0GTHGTQ8I" }

[14:44:45 INF] Executing endpoint 'HTTP: DELETE /users/{id}' { EventId: { Name: "ExecutingEndpoint" }, SourceContext: "Microsoft.AspNetCore.Routing.EndpointMiddleware", RequestId: "0HNM0GTHGTQ8I:00000001", RequestPath: "/users/0a63b986-4549-42a6-a938-4bb0ddddcb77", ConnectionId: "0HNM0GTHGTQ8I" }

[14:44:45 INF] Handling DeleteUserCommand { SourceContext: "AppWeaver.Mediator.Behaviors.LoggingBehavior", RequestId: "0HNM0GTHGTQ8I:00000001", RequestPath: "/users/0a63b986-4549-42a6-a938-4bb0ddddcb77", ConnectionId: "0HNM0GTHGTQ8I" }

[14:44:45 INF] Execution attempt. Source: '-standard//Standard-Retry', Operation Key: 'null', Result: '200', Handled: 'false', Attempt: '0', Execution Time: 42.6359ms { EventId: { Id: 3, Name: "ExecutionAttempt" }, SourceContext: "Polly", HttpMethod: "POST", Uri: "http://localhost:8080/realms/bytes-rewards/protocol/openid-connect/token", RequestId: "0HNM0GTHGTQ8I:00000001", RequestPath: "/users/0a63b986-4549-42a6-a938-4bb0ddddcb77", ConnectionId: "0HNM0GTHGTQ8I", Scope: ["HTTP POST http://localhost:8080/realms/bytes-rewards/protocol/openid-connect/token"] }

[14:44:54 INF] Execution attempt. Source: '-standard//Standard-Retry', Operation Key: 'null', Result: '204', Handled: 'false', Attempt: '0', Execution Time: 25.5895ms { EventId: { Id: 3, Name: "ExecutionAttempt" }, SourceContext: "Polly", HttpMethod: "PUT", Uri: "http://localhost:8080/admin/realms/bytes-rewards/users/31bf8abd-2078-4faf-ac37-0ce53fb69eca", RequestId: "0HNM0GTHGTQ8I:00000001", RequestPath: "/users/0a63b986-4549-42a6-a938-4bb0ddddcb77", ConnectionId: "0HNM0GTHGTQ8I", Scope: ["HTTP PUT http://localhost:8080/admin/realms/bytes-rewards/users/31bf8abd-2078-4faf-ac37-0ce53fb69eca"] }

[14:45:45 WRN] The property 'AuditLog.Metadata' is a collection or enumeration type with a value converter but with no value comparer. Set a value comparer to ensure the collection/enumeration elements are compared correctly. { EventId: { Id: 10620, Name: "Microsoft.EntityFrameworkCore.Model.Validation.CollectionWithoutComparer" }, SourceContext: "Microsoft.EntityFrameworkCore.Model.Validation", RequestId: "0HNM0GTHGTQ8I:00000001", RequestPath: "/users/0a63b986-4549-42a6-a938-4bb0ddddcb77", ConnectionId: "0HNM0GTHGTQ8I" }

[14:45:59 INF] Handled DeleteUserCommand { SourceContext: "AppWeaver.Mediator.Behaviors.LoggingBehavior", RequestId: "0HNM0GTHGTQ8I:00000001", RequestPath: "/users/0a63b986-4549-42a6-a938-4bb0ddddcb77", ConnectionId: "0HNM0GTHGTQ8I" }

[14:46:06 INF] Setting HTTP status code 200. { EventId: { Id: 1, Name: "WritingResultAsStatusCode" }, SourceContext: "Microsoft.AspNetCore.Http.Result.OkObjectResult", RequestId: "0HNM0GTHGTQ8I:00000001", RequestPath: "/users/0a63b986-4549-42a6-a938-4bb0ddddcb77", ConnectionId: "0HNM0GTHGTQ8I" }

[14:46:06 INF] Writing value of type 'Boolean' as Json. { EventId: { Id: 3, Name: "WritingResultAsJson" }, SourceContext: "Microsoft.AspNetCore.Http.Result.OkObjectResult", RequestId: "0HNM0GTHGTQ8I:00000001", RequestPath: "/users/0a63b986-4549-42a6-a938-4bb0ddddcb77", ConnectionId: "0HNM0GTHGTQ8I" }

[14:46:06 INF] Executed endpoint 'HTTP: DELETE /users/{id}' { EventId: { Id: 1, Name: "ExecutedEndpoint" }, SourceContext: "Microsoft.AspNetCore.Routing.EndpointMiddleware", RequestId: "0HNM0GTHGTQ8I:00000001", RequestPath: "/users/0a63b986-4549-42a6-a938-4bb0ddddcb77", ConnectionId: "0HNM0GTHGTQ8I" }

[15:24:45 INF] Application is shutting down... { SourceContext: "Microsoft.Hosting.Lifetime" }

[15:35:02 INF] Applying migration '20260602100333_DepartmentChange'. { EventId: { Id: 20402, Name: "Microsoft.EntityFrameworkCore.Migrations.MigrationApplying" }, SourceContext: "Microsoft.EntityFrameworkCore.Migrations" }

[15:35:02 INF] No migrations were applied. The database is already up to date. { EventId: { Id: 20405, Name: "Microsoft.EntityFrameworkCore.Migrations.MigrationsNotApplied" }, SourceContext: "Microsoft.EntityFrameworkCore.Migrations" }

[15:35:02 INF] Registered 6 endpoints in 8,332 milliseconds. { EventId: { Id: 1, Name: "EndpointsRegistered" }, SourceContext: "FastEndpoints.StartupTimer" }

[15:35:03 INF] No validators found in the system! { EventId: { Id: 1, Name: "NoValidatorsFound" }, SourceContext: "FastEndpoints.Swagger.ValidationSchemaProcessor" }

[15:35:03 INF] User profile is available. Using 'C:\Users\MariyaAF\AppData\Local\ASP.NET\DataProtection-Keys' as key repository and Windows DPAPI to encrypt keys at rest. { EventId: { Id: 63, Name: "UsingProfileAsKeyRepositoryWithDPAPI" }, SourceContext: "Microsoft.AspNetCore.DataProtection.KeyManagement.XmlKeyManager" }

[15:35:04 WRN] The property 'AuditLog.Metadata' is a collection or enumeration type with a value converter but with no value comparer. Set a value comparer to ensure the collection/enumeration elements are compared correctly. { EventId: { Id: 10620, Name: "Microsoft.EntityFrameworkCore.Model.Validation.CollectionWithoutComparer" }, SourceContext: "Microsoft.EntityFrameworkCore.Model.Validation" }

[15:35:04 INF] No migrations were found in assembly 'BytesRewards.Service'. A migration needs to be added before the database can be updated. { EventId: { Id: 20406, Name: "Microsoft.EntityFrameworkCore.Migrations.MigrationsNotFound" }, SourceContext: "Microsoft.EntityFrameworkCore.Migrations" }

[15:35:04 INF] No migrations were applied. The database is already up to date. { EventId: { Id: 20405, Name: "Microsoft.EntityFrameworkCore.Migrations.MigrationsNotApplied" }, SourceContext: "Microsoft.EntityFrameworkCore.Migrations" }

[15:35:05 INF] Now listening on: http://localhost:62472 { EventId: { Id: 14, Name: "ListeningOnAddress" }, SourceContext: "Microsoft.Hosting.Lifetime" }

[15:35:05 INF] Application started. Press Ctrl+C to shut down. { SourceContext: "Microsoft.Hosting.Lifetime" }

[15:35:05 INF] Hosting environment: Development { SourceContext: "Microsoft.Hosting.Lifetime" }

[15:35:05 INF] Content root path: C:\Users\MariyaAF\Desktop\BytesRewards\BytesRewards\src\BytesRewards.Service { SourceContext: "Microsoft.Hosting.Lifetime" }

[15:36:24 INF] No action descriptors found. This may indicate an incorrectly configured application or missing application parts. To learn more, visit https://aka.ms/aspnet/mvc/app-parts { EventId: { Id: 1, Name: "NoActionDescriptors" }, SourceContext: "Microsoft.AspNetCore.Mvc.Infrastructure.DefaultActionDescriptorCollectionProvider", RequestId: "0HNM0HQD32BRH:00000002", RequestPath: "/swagger/v1/swagger.json", ConnectionId: "0HNM0HQD32BRH" }

[15:40:25 INF] Application is shutting down... { SourceContext: "Microsoft.Hosting.Lifetime" }

[15:40:54 INF] No migrations were applied. The database is already up to date. { EventId: { Id: 20405, Name: "Microsoft.EntityFrameworkCore.Migrations.MigrationsNotApplied" }, SourceContext: "Microsoft.EntityFrameworkCore.Migrations" }

[15:40:54 INF] No migrations were applied. The database is already up to date. { EventId: { Id: 20405, Name: "Microsoft.EntityFrameworkCore.Migrations.MigrationsNotApplied" }, SourceContext: "Microsoft.EntityFrameworkCore.Migrations" }

[15:40:54 INF] Registered 6 endpoints in 5,708 milliseconds. { EventId: { Id: 1, Name: "EndpointsRegistered" }, SourceContext: "FastEndpoints.StartupTimer" }

[15:40:55 INF] No validators found in the system! { EventId: { Id: 1, Name: "NoValidatorsFound" }, SourceContext: "FastEndpoints.Swagger.ValidationSchemaProcessor" }

[15:40:55 INF] User profile is available. Using 'C:\Users\MariyaAF\AppData\Local\ASP.NET\DataProtection-Keys' as key repository and Windows DPAPI to encrypt keys at rest. { EventId: { Id: 63, Name: "UsingProfileAsKeyRepositoryWithDPAPI" }, SourceContext: "Microsoft.AspNetCore.DataProtection.KeyManagement.XmlKeyManager" }

[15:40:55 WRN] The property 'AuditLog.Metadata' is a collection or enumeration type with a value converter but with no value comparer. Set a value comparer to ensure the collection/enumeration elements are compared correctly. { EventId: { Id: 10620, Name: "Microsoft.EntityFrameworkCore.Model.Validation.CollectionWithoutComparer" }, SourceContext: "Microsoft.EntityFrameworkCore.Model.Validation" }

[15:40:56 INF] No migrations were found in assembly 'BytesRewards.Service'. A migration needs to be added before the database can be updated. { EventId: { Id: 20406, Name: "Microsoft.EntityFrameworkCore.Migrations.MigrationsNotFound" }, SourceContext: "Microsoft.EntityFrameworkCore.Migrations" }

[15:40:56 INF] No migrations were applied. The database is already up to date. { EventId: { Id: 20405, Name: "Microsoft.EntityFrameworkCore.Migrations.MigrationsNotApplied" }, SourceContext: "Microsoft.EntityFrameworkCore.Migrations" }

[15:40:56 INF] Now listening on: http://localhost:57995 { EventId: { Id: 14, Name: "ListeningOnAddress" }, SourceContext: "Microsoft.Hosting.Lifetime" }

[15:40:56 INF] Application started. Press Ctrl+C to shut down. { SourceContext: "Microsoft.Hosting.Lifetime" }

[15:40:56 INF] Hosting environment: Development { SourceContext: "Microsoft.Hosting.Lifetime" }

[15:40:56 INF] Content root path: C:\Users\MariyaAF\Desktop\BytesRewards\BytesRewards\src\BytesRewards.Service { SourceContext: "Microsoft.Hosting.Lifetime" }

[15:41:49 INF] No action descriptors found. This may indicate an incorrectly configured application or missing application parts. To learn more, visit https://aka.ms/aspnet/mvc/app-parts { EventId: { Id: 1, Name: "NoActionDescriptors" }, SourceContext: "Microsoft.AspNetCore.Mvc.Infrastructure.DefaultActionDescriptorCollectionProvider", RequestId: "0HNM0HTE4QM9S:00000002", RequestPath: "/swagger/v1/swagger.json", ConnectionId: "0HNM0HTE4QM9S" }

[22:06:44 INF] Application is shutting down... { SourceContext: "Microsoft.Hosting.Lifetime" }

