[11:26:48 INF] CORS policy execution successful. { EventId: { Id: 4, Name: "PolicySuccess" }, SourceContext: "Microsoft.AspNetCore.Cors.Infrastructure.CorsService", RequestId: "0HNLSO7TCQ2IM:00000001", RequestPath: "/roles", ConnectionId: "0HNLSO7TCQ2IM" }

[11:26:48 INF] CORS policy execution successful. { EventId: { Id: 4, Name: "PolicySuccess" }, SourceContext: "Microsoft.AspNetCore.Cors.Infrastructure.CorsService", RequestId: "0HNLSO7TCQ2IK:00000001", RequestPath: "/departments", ConnectionId: "0HNLSO7TCQ2IK" }

[11:26:48 INF] CORS policy execution successful. { EventId: { Id: 4, Name: "PolicySuccess" }, SourceContext: "Microsoft.AspNetCore.Cors.Infrastructure.CorsService", RequestId: "0HNLSO7TCQ2IL:00000001", RequestPath: "/users", ConnectionId: "0HNLSO7TCQ2IL" }

[11:26:48 INF] CORS policy execution successful. { EventId: { Id: 4, Name: "PolicySuccess" }, SourceContext: "Microsoft.AspNetCore.Cors.Infrastructure.CorsService", RequestId: "0HNLSO7TCQ2IL:00000002", RequestPath: "/users", ConnectionId: "0HNLSO7TCQ2IL" }

[11:26:48 INF] CORS policy execution successful. { EventId: { Id: 4, Name: "PolicySuccess" }, SourceContext: "Microsoft.AspNetCore.Cors.Infrastructure.CorsService", RequestId: "0HNLSO7TCQ2IK:00000002", RequestPath: "/roles", ConnectionId: "0HNLSO7TCQ2IK" }

[11:26:48 INF] CORS policy execution successful. { EventId: { Id: 4, Name: "PolicySuccess" }, SourceContext: "Microsoft.AspNetCore.Cors.Infrastructure.CorsService", RequestId: "0HNLSO7TCQ2IM:00000002", RequestPath: "/departments", ConnectionId: "0HNLSO7TCQ2IM" }

[11:26:48 INF] Executing endpoint 'HTTP: GET /departments' { EventId: { Name: "ExecutingEndpoint" }, SourceContext: "Microsoft.AspNetCore.Routing.EndpointMiddleware", RequestId: "0HNLSO7TCQ2IM:00000002", RequestPath: "/departments", ConnectionId: "0HNLSO7TCQ2IM" }

[11:26:48 INF] Executing endpoint 'HTTP: GET /roles' { EventId: { Name: "ExecutingEndpoint" }, SourceContext: "Microsoft.AspNetCore.Routing.EndpointMiddleware", RequestId: "0HNLSO7TCQ2IK:00000002", RequestPath: "/roles", ConnectionId: "0HNLSO7TCQ2IK" }

[11:26:48 INF] Handling GetDepartmentsQuery { SourceContext: "AppWeaver.Mediator.Behaviors.LoggingBehavior", RequestId: "0HNLSO7TCQ2IM:00000002", RequestPath: "/departments", ConnectionId: "0HNLSO7TCQ2IM" }

[11:26:48 INF] Handling GetRolesQuery { SourceContext: "AppWeaver.Mediator.Behaviors.LoggingBehavior", RequestId: "0HNLSO7TCQ2IK:00000002", RequestPath: "/roles", ConnectionId: "0HNLSO7TCQ2IK" }

[11:26:48 INF] Executing endpoint 'HTTP: GET /users' { EventId: { Name: "ExecutingEndpoint" }, SourceContext: "Microsoft.AspNetCore.Routing.EndpointMiddleware", RequestId: "0HNLSO7TCQ2IL:00000002", RequestPath: "/users", ConnectionId: "0HNLSO7TCQ2IL" }

[11:26:48 INF] Handling GetUsersQuery { SourceContext: "AppWeaver.Mediator.Behaviors.LoggingBehavior", RequestId: "0HNLSO7TCQ2IL:00000002", RequestPath: "/users", ConnectionId: "0HNLSO7TCQ2IL" }

[11:26:48 INF] Handled GetRolesQuery { SourceContext: "AppWeaver.Mediator.Behaviors.LoggingBehavior", RequestId: "0HNLSO7TCQ2IK:00000002", RequestPath: "/roles", ConnectionId: "0HNLSO7TCQ2IK" }

[11:26:48 INF] Handled GetDepartmentsQuery { SourceContext: "AppWeaver.Mediator.Behaviors.LoggingBehavior", RequestId: "0HNLSO7TCQ2IM:00000002", RequestPath: "/departments", ConnectionId: "0HNLSO7TCQ2IM" }

[11:26:48 INF] Executed endpoint 'HTTP: GET /roles' { EventId: { Id: 1, Name: "ExecutedEndpoint" }, SourceContext: "Microsoft.AspNetCore.Routing.EndpointMiddleware", RequestId: "0HNLSO7TCQ2IK:00000002", RequestPath: "/roles", ConnectionId: "0HNLSO7TCQ2IK" }

[11:26:48 INF] Executed endpoint 'HTTP: GET /departments' { EventId: { Id: 1, Name: "ExecutedEndpoint" }, SourceContext: "Microsoft.AspNetCore.Routing.EndpointMiddleware", RequestId: "0HNLSO7TCQ2IM:00000002", RequestPath: "/departments", ConnectionId: "0HNLSO7TCQ2IM" }

[11:26:48 INF] Handled GetUsersQuery { SourceContext: "AppWeaver.Mediator.Behaviors.LoggingBehavior", RequestId: "0HNLSO7TCQ2IL:00000002", RequestPath: "/users", ConnectionId: "0HNLSO7TCQ2IL" }

[11:26:48 INF] Setting HTTP status code 200. { EventId: { Id: 1, Name: "WritingResultAsStatusCode" }, SourceContext: "Microsoft.AspNetCore.Http.Result.OkObjectResult", RequestId: "0HNLSO7TCQ2IL:00000002", RequestPath: "/users", ConnectionId: "0HNLSO7TCQ2IL" }

[11:26:48 INF] Writing value of type 'List`1' as Json. { EventId: { Id: 3, Name: "WritingResultAsJson" }, SourceContext: "Microsoft.AspNetCore.Http.Result.OkObjectResult", RequestId: "0HNLSO7TCQ2IL:00000002", RequestPath: "/users", ConnectionId: "0HNLSO7TCQ2IL" }

[11:26:48 INF] Executed endpoint 'HTTP: GET /users' { EventId: { Id: 1, Name: "ExecutedEndpoint" }, SourceContext: "Microsoft.AspNetCore.Routing.EndpointMiddleware", RequestId: "0HNLSO7TCQ2IL:00000002", RequestPath: "/users", ConnectionId: "0HNLSO7TCQ2IL" }

[11:28:27 INF] CORS policy execution successful. { EventId: { Id: 4, Name: "PolicySuccess" }, SourceContext: "Microsoft.AspNetCore.Cors.Infrastructure.CorsService", RequestId: "0HNLSO7TCQ2IL:00000003", RequestPath: "/users", ConnectionId: "0HNLSO7TCQ2IL" }

[11:28:27 INF] CORS policy execution successful. { EventId: { Id: 4, Name: "PolicySuccess" }, SourceContext: "Microsoft.AspNetCore.Cors.Infrastructure.CorsService", RequestId: "0HNLSO7TCQ2IK:00000003", RequestPath: "/departments", ConnectionId: "0HNLSO7TCQ2IK" }

[11:28:27 INF] CORS policy execution successful. { EventId: { Id: 4, Name: "PolicySuccess" }, SourceContext: "Microsoft.AspNetCore.Cors.Infrastructure.CorsService", RequestId: "0HNLSO7TCQ2IM:00000003", RequestPath: "/roles", ConnectionId: "0HNLSO7TCQ2IM" }

[11:28:27 INF] CORS policy execution successful. { EventId: { Id: 4, Name: "PolicySuccess" }, SourceContext: "Microsoft.AspNetCore.Cors.Infrastructure.CorsService", RequestId: "0HNLSO7TCQ2IK:00000004", RequestPath: "/users", ConnectionId: "0HNLSO7TCQ2IK" }

[11:28:27 INF] CORS policy execution successful. { EventId: { Id: 4, Name: "PolicySuccess" }, SourceContext: "Microsoft.AspNetCore.Cors.Infrastructure.CorsService", RequestId: "0HNLSO7TCQ2IL:00000004", RequestPath: "/departments", ConnectionId: "0HNLSO7TCQ2IL" }

[11:28:27 INF] CORS policy execution successful. { EventId: { Id: 4, Name: "PolicySuccess" }, SourceContext: "Microsoft.AspNetCore.Cors.Infrastructure.CorsService", RequestId: "0HNLSO7TCQ2IM:00000004", RequestPath: "/roles", ConnectionId: "0HNLSO7TCQ2IM" }

[11:28:27 INF] Executing endpoint 'HTTP: GET /departments' { EventId: { Name: "ExecutingEndpoint" }, SourceContext: "Microsoft.AspNetCore.Routing.EndpointMiddleware", RequestId: "0HNLSO7TCQ2IL:00000004", RequestPath: "/departments", ConnectionId: "0HNLSO7TCQ2IL" }

[11:28:27 INF] Executing endpoint 'HTTP: GET /users' { EventId: { Name: "ExecutingEndpoint" }, SourceContext: "Microsoft.AspNetCore.Routing.EndpointMiddleware", RequestId: "0HNLSO7TCQ2IK:00000004", RequestPath: "/users", ConnectionId: "0HNLSO7TCQ2IK" }

[11:28:27 INF] Handling GetDepartmentsQuery { SourceContext: "AppWeaver.Mediator.Behaviors.LoggingBehavior", RequestId: "0HNLSO7TCQ2IL:00000004", RequestPath: "/departments", ConnectionId: "0HNLSO7TCQ2IL" }

[11:28:27 INF] Handling GetUsersQuery { SourceContext: "AppWeaver.Mediator.Behaviors.LoggingBehavior", RequestId: "0HNLSO7TCQ2IK:00000004", RequestPath: "/users", ConnectionId: "0HNLSO7TCQ2IK" }

[11:28:27 INF] Executing endpoint 'HTTP: GET /roles' { EventId: { Name: "ExecutingEndpoint" }, SourceContext: "Microsoft.AspNetCore.Routing.EndpointMiddleware", RequestId: "0HNLSO7TCQ2IM:00000004", RequestPath: "/roles", ConnectionId: "0HNLSO7TCQ2IM" }

[11:28:27 INF] Handling GetRolesQuery { SourceContext: "AppWeaver.Mediator.Behaviors.LoggingBehavior", RequestId: "0HNLSO7TCQ2IM:00000004", RequestPath: "/roles", ConnectionId: "0HNLSO7TCQ2IM" }

[11:28:27 INF] Handled GetRolesQuery { SourceContext: "AppWeaver.Mediator.Behaviors.LoggingBehavior", RequestId: "0HNLSO7TCQ2IM:00000004", RequestPath: "/roles", ConnectionId: "0HNLSO7TCQ2IM" }

[11:28:27 INF] Handled GetUsersQuery { SourceContext: "AppWeaver.Mediator.Behaviors.LoggingBehavior", RequestId: "0HNLSO7TCQ2IK:00000004", RequestPath: "/users", ConnectionId: "0HNLSO7TCQ2IK" }

[11:28:27 INF] Handled GetDepartmentsQuery { SourceContext: "AppWeaver.Mediator.Behaviors.LoggingBehavior", RequestId: "0HNLSO7TCQ2IL:00000004", RequestPath: "/departments", ConnectionId: "0HNLSO7TCQ2IL" }

[11:28:27 INF] Setting HTTP status code 200. { EventId: { Id: 1, Name: "WritingResultAsStatusCode" }, SourceContext: "Microsoft.AspNetCore.Http.Result.OkObjectResult", RequestId: "0HNLSO7TCQ2IK:00000004", RequestPath: "/users", ConnectionId: "0HNLSO7TCQ2IK" }

[11:28:27 INF] Writing value of type 'List`1' as Json. { EventId: { Id: 3, Name: "WritingResultAsJson" }, SourceContext: "Microsoft.AspNetCore.Http.Result.OkObjectResult", RequestId: "0HNLSO7TCQ2IK:00000004", RequestPath: "/users", ConnectionId: "0HNLSO7TCQ2IK" }

[11:28:27 INF] Executed endpoint 'HTTP: GET /roles' { EventId: { Id: 1, Name: "ExecutedEndpoint" }, SourceContext: "Microsoft.AspNetCore.Routing.EndpointMiddleware", RequestId: "0HNLSO7TCQ2IM:00000004", RequestPath: "/roles", ConnectionId: "0HNLSO7TCQ2IM" }

[11:28:27 INF] Executed endpoint 'HTTP: GET /departments' { EventId: { Id: 1, Name: "ExecutedEndpoint" }, SourceContext: "Microsoft.AspNetCore.Routing.EndpointMiddleware", RequestId: "0HNLSO7TCQ2IL:00000004", RequestPath: "/departments", ConnectionId: "0HNLSO7TCQ2IL" }

[11:28:27 INF] Executed endpoint 'HTTP: GET /users' { EventId: { Id: 1, Name: "ExecutedEndpoint" }, SourceContext: "Microsoft.AspNetCore.Routing.EndpointMiddleware", RequestId: "0HNLSO7TCQ2IK:00000004", RequestPath: "/users", ConnectionId: "0HNLSO7TCQ2IK" }

[11:38:03 INF] Application is shutting down... { SourceContext: "Microsoft.Hosting.Lifetime" }

[11:38:53 INF] No migrations were applied. The database is already up to date. { EventId: { Id: 20405, Name: "Microsoft.EntityFrameworkCore.Migrations.MigrationsNotApplied" }, SourceContext: "Microsoft.EntityFrameworkCore.Migrations" }

[11:38:53 INF] No migrations were applied. The database is already up to date. { EventId: { Id: 20405, Name: "Microsoft.EntityFrameworkCore.Migrations.MigrationsNotApplied" }, SourceContext: "Microsoft.EntityFrameworkCore.Migrations" }

[11:38:54 INF] Registered 6 endpoints in 6,713 milliseconds. { EventId: { Id: 1, Name: "EndpointsRegistered" }, SourceContext: "FastEndpoints.StartupTimer" }

[11:38:54 INF] No validators found in the system! { EventId: { Id: 1, Name: "NoValidatorsFound" }, SourceContext: "FastEndpoints.Swagger.ValidationSchemaProcessor" }

[11:38:54 INF] User profile is available. Using 'C:\Users\MariyaAF\AppData\Local\ASP.NET\DataProtection-Keys' as key repository and Windows DPAPI to encrypt keys at rest. { EventId: { Id: 63, Name: "UsingProfileAsKeyRepositoryWithDPAPI" }, SourceContext: "Microsoft.AspNetCore.DataProtection.KeyManagement.XmlKeyManager" }

[11:38:55 WRN] The property 'AuditLog.Metadata' is a collection or enumeration type with a value converter but with no value comparer. Set a value comparer to ensure the collection/enumeration elements are compared correctly. { EventId: { Id: 10620, Name: "Microsoft.EntityFrameworkCore.Model.Validation.CollectionWithoutComparer" }, SourceContext: "Microsoft.EntityFrameworkCore.Model.Validation" }

[11:38:55 INF] No migrations were found in assembly 'BytesRewards.Service'. A migration needs to be added before the database can be updated. { EventId: { Id: 20406, Name: "Microsoft.EntityFrameworkCore.Migrations.MigrationsNotFound" }, SourceContext: "Microsoft.EntityFrameworkCore.Migrations" }

[11:38:55 INF] No migrations were applied. The database is already up to date. { EventId: { Id: 20405, Name: "Microsoft.EntityFrameworkCore.Migrations.MigrationsNotApplied" }, SourceContext: "Microsoft.EntityFrameworkCore.Migrations" }

[11:38:55 INF] Now listening on: http://localhost:62295 { EventId: { Id: 14, Name: "ListeningOnAddress" }, SourceContext: "Microsoft.Hosting.Lifetime" }

[11:38:55 INF] Application started. Press Ctrl+C to shut down. { SourceContext: "Microsoft.Hosting.Lifetime" }

[11:38:55 INF] Hosting environment: Development { SourceContext: "Microsoft.Hosting.Lifetime" }

[11:38:55 INF] Content root path: C:\Users\MariyaAF\Desktop\BytesRewards\BytesRewards\src\BytesRewards.Service { SourceContext: "Microsoft.Hosting.Lifetime" }

[11:39:36 INF] Executing endpoint 'HTTP: GET /' { EventId: { Name: "ExecutingEndpoint" }, SourceContext: "Microsoft.AspNetCore.Routing.EndpointMiddleware", RequestId: "0HNLT93DV8L7S:00000001", RequestPath: "/", ConnectionId: "0HNLT93DV8L7S" }

[11:39:36 INF] Executing RedirectResult, redirecting to /swagger. { EventId: { Id: 1, Name: "RedirectResultExecuting" }, SourceContext: "Microsoft.AspNetCore.Http.Result.RedirectResult", RequestId: "0HNLT93DV8L7S:00000001", RequestPath: "/", ConnectionId: "0HNLT93DV8L7S" }

[11:39:36 INF] Executed endpoint 'HTTP: GET /' { EventId: { Id: 1, Name: "ExecutedEndpoint" }, SourceContext: "Microsoft.AspNetCore.Routing.EndpointMiddleware", RequestId: "0HNLT93DV8L7S:00000001", RequestPath: "/", ConnectionId: "0HNLT93DV8L7S" }

[11:39:36 INF] No action descriptors found. This may indicate an incorrectly configured application or missing application parts. To learn more, visit https://aka.ms/aspnet/mvc/app-parts { EventId: { Id: 1, Name: "NoActionDescriptors" }, SourceContext: "Microsoft.AspNetCore.Mvc.Infrastructure.DefaultActionDescriptorCollectionProvider", RequestId: "0HNLT93DV8L7S:00000004", RequestPath: "/swagger/v1/swagger.json", ConnectionId: "0HNLT93DV8L7S" }

[11:43:00 INF] CORS policy execution successful. { EventId: { Id: 4, Name: "PolicySuccess" }, SourceContext: "Microsoft.AspNetCore.Cors.Infrastructure.CorsService", RequestId: "0HNLT93DV8L7U:00000001", RequestPath: "/users/26d450ef-cd95-4b12-81a4-d22cc16bc506", ConnectionId: "0HNLT93DV8L7U" }

[11:43:00 INF] Executing endpoint 'HTTP: DELETE /users/{id}' { EventId: { Name: "ExecutingEndpoint" }, SourceContext: "Microsoft.AspNetCore.Routing.EndpointMiddleware", RequestId: "0HNLT93DV8L7U:00000001", RequestPath: "/users/26d450ef-cd95-4b12-81a4-d22cc16bc506", ConnectionId: "0HNLT93DV8L7U" }

[11:43:00 INF] Handling DeleteUserCommand { SourceContext: "AppWeaver.Mediator.Behaviors.LoggingBehavior", RequestId: "0HNLT93DV8L7U:00000001", RequestPath: "/users/26d450ef-cd95-4b12-81a4-d22cc16bc506", ConnectionId: "0HNLT93DV8L7U" }

[11:43:01 WRN] The property 'AuditLog.Metadata' is a collection or enumeration type with a value converter but with no value comparer. Set a value comparer to ensure the collection/enumeration elements are compared correctly. { EventId: { Id: 10620, Name: "Microsoft.EntityFrameworkCore.Model.Validation.CollectionWithoutComparer" }, SourceContext: "Microsoft.EntityFrameworkCore.Model.Validation", RequestId: "0HNLT93DV8L7U:00000001", RequestPath: "/users/26d450ef-cd95-4b12-81a4-d22cc16bc506", ConnectionId: "0HNLT93DV8L7U" }

[11:43:01 INF] Handled DeleteUserCommand { SourceContext: "AppWeaver.Mediator.Behaviors.LoggingBehavior", RequestId: "0HNLT93DV8L7U:00000001", RequestPath: "/users/26d450ef-cd95-4b12-81a4-d22cc16bc506", ConnectionId: "0HNLT93DV8L7U" }

[11:43:01 INF] Setting HTTP status code 200. { EventId: { Id: 1, Name: "WritingResultAsStatusCode" }, SourceContext: "Microsoft.AspNetCore.Http.Result.OkObjectResult", RequestId: "0HNLT93DV8L7U:00000001", RequestPath: "/users/26d450ef-cd95-4b12-81a4-d22cc16bc506", ConnectionId: "0HNLT93DV8L7U" }

[11:43:01 INF] Writing value of type 'Boolean' as Json. { EventId: { Id: 3, Name: "WritingResultAsJson" }, SourceContext: "Microsoft.AspNetCore.Http.Result.OkObjectResult", RequestId: "0HNLT93DV8L7U:00000001", RequestPath: "/users/26d450ef-cd95-4b12-81a4-d22cc16bc506", ConnectionId: "0HNLT93DV8L7U" }

[11:43:01 INF] Executed endpoint 'HTTP: DELETE /users/{id}' { EventId: { Id: 1, Name: "ExecutedEndpoint" }, SourceContext: "Microsoft.AspNetCore.Routing.EndpointMiddleware", RequestId: "0HNLT93DV8L7U:00000001", RequestPath: "/users/26d450ef-cd95-4b12-81a4-d22cc16bc506", ConnectionId: "0HNLT93DV8L7U" }

[11:49:37 INF] CORS policy execution successful. { EventId: { Id: 4, Name: "PolicySuccess" }, SourceContext: "Microsoft.AspNetCore.Cors.Infrastructure.CorsService", RequestId: "0HNLT93DV8L81:00000001", RequestPath: "/departments", ConnectionId: "0HNLT93DV8L81" }

[11:49:37 INF] CORS policy execution successful. { EventId: { Id: 4, Name: "PolicySuccess" }, SourceContext: "Microsoft.AspNetCore.Cors.Infrastructure.CorsService", RequestId: "0HNLT93DV8L80:00000001", RequestPath: "/users", ConnectionId: "0HNLT93DV8L80" }

[11:49:37 INF] CORS policy execution successful. { EventId: { Id: 4, Name: "PolicySuccess" }, SourceContext: "Microsoft.AspNetCore.Cors.Infrastructure.CorsService", RequestId: "0HNLT93DV8L7V:00000001", RequestPath: "/roles", ConnectionId: "0HNLT93DV8L7V" }

[11:49:37 INF] CORS policy execution successful. { EventId: { Id: 4, Name: "PolicySuccess" }, SourceContext: "Microsoft.AspNetCore.Cors.Infrastructure.CorsService", RequestId: "0HNLT93DV8L7V:00000002", RequestPath: "/users", ConnectionId: "0HNLT93DV8L7V" }

[11:49:37 INF] CORS policy execution successful. { EventId: { Id: 4, Name: "PolicySuccess" }, SourceContext: "Microsoft.AspNetCore.Cors.Infrastructure.CorsService", RequestId: "0HNLT93DV8L81:00000002", RequestPath: "/departments", ConnectionId: "0HNLT93DV8L81" }

[11:49:37 INF] CORS policy execution successful. { EventId: { Id: 4, Name: "PolicySuccess" }, SourceContext: "Microsoft.AspNetCore.Cors.Infrastructure.CorsService", RequestId: "0HNLT93DV8L80:00000002", RequestPath: "/roles", ConnectionId: "0HNLT93DV8L80" }

[11:49:37 INF] Executing endpoint 'HTTP: GET /departments' { EventId: { Name: "ExecutingEndpoint" }, SourceContext: "Microsoft.AspNetCore.Routing.EndpointMiddleware", RequestId: "0HNLT93DV8L81:00000002", RequestPath: "/departments", ConnectionId: "0HNLT93DV8L81" }

[11:49:37 INF] Executing endpoint 'HTTP: GET /roles' { EventId: { Name: "ExecutingEndpoint" }, SourceContext: "Microsoft.AspNetCore.Routing.EndpointMiddleware", RequestId: "0HNLT93DV8L80:00000002", RequestPath: "/roles", ConnectionId: "0HNLT93DV8L80" }

[11:49:37 INF] Executing endpoint 'HTTP: GET /users' { EventId: { Name: "ExecutingEndpoint" }, SourceContext: "Microsoft.AspNetCore.Routing.EndpointMiddleware", RequestId: "0HNLT93DV8L7V:00000002", RequestPath: "/users", ConnectionId: "0HNLT93DV8L7V" }

[11:49:37 INF] Handling GetRolesQuery { SourceContext: "AppWeaver.Mediator.Behaviors.LoggingBehavior", RequestId: "0HNLT93DV8L80:00000002", RequestPath: "/roles", ConnectionId: "0HNLT93DV8L80" }

[11:49:37 INF] Handling GetDepartmentsQuery { SourceContext: "AppWeaver.Mediator.Behaviors.LoggingBehavior", RequestId: "0HNLT93DV8L81:00000002", RequestPath: "/departments", ConnectionId: "0HNLT93DV8L81" }

[11:49:37 INF] Handling GetUsersQuery { SourceContext: "AppWeaver.Mediator.Behaviors.LoggingBehavior", RequestId: "0HNLT93DV8L7V:00000002", RequestPath: "/users", ConnectionId: "0HNLT93DV8L7V" }

[11:49:37 INF] Handled GetRolesQuery { SourceContext: "AppWeaver.Mediator.Behaviors.LoggingBehavior", RequestId: "0HNLT93DV8L80:00000002", RequestPath: "/roles", ConnectionId: "0HNLT93DV8L80" }

[11:49:37 INF] Handled GetDepartmentsQuery { SourceContext: "AppWeaver.Mediator.Behaviors.LoggingBehavior", RequestId: "0HNLT93DV8L81:00000002", RequestPath: "/departments", ConnectionId: "0HNLT93DV8L81" }

[11:49:37 INF] Handled GetUsersQuery { SourceContext: "AppWeaver.Mediator.Behaviors.LoggingBehavior", RequestId: "0HNLT93DV8L7V:00000002", RequestPath: "/users", ConnectionId: "0HNLT93DV8L7V" }

[11:49:37 INF] Setting HTTP status code 200. { EventId: { Id: 1, Name: "WritingResultAsStatusCode" }, SourceContext: "Microsoft.AspNetCore.Http.Result.OkObjectResult", RequestId: "0HNLT93DV8L7V:00000002", RequestPath: "/users", ConnectionId: "0HNLT93DV8L7V" }

[11:49:37 INF] Writing value of type 'List`1' as Json. { EventId: { Id: 3, Name: "WritingResultAsJson" }, SourceContext: "Microsoft.AspNetCore.Http.Result.OkObjectResult", RequestId: "0HNLT93DV8L7V:00000002", RequestPath: "/users", ConnectionId: "0HNLT93DV8L7V" }

[11:49:37 INF] Executed endpoint 'HTTP: GET /departments' { EventId: { Id: 1, Name: "ExecutedEndpoint" }, SourceContext: "Microsoft.AspNetCore.Routing.EndpointMiddleware", RequestId: "0HNLT93DV8L81:00000002", RequestPath: "/departments", ConnectionId: "0HNLT93DV8L81" }

[11:49:37 INF] Executed endpoint 'HTTP: GET /roles' { EventId: { Id: 1, Name: "ExecutedEndpoint" }, SourceContext: "Microsoft.AspNetCore.Routing.EndpointMiddleware", RequestId: "0HNLT93DV8L80:00000002", RequestPath: "/roles", ConnectionId: "0HNLT93DV8L80" }

[11:49:37 INF] Executed endpoint 'HTTP: GET /users' { EventId: { Id: 1, Name: "ExecutedEndpoint" }, SourceContext: "Microsoft.AspNetCore.Routing.EndpointMiddleware", RequestId: "0HNLT93DV8L7V:00000002", RequestPath: "/users", ConnectionId: "0HNLT93DV8L7V" }

[11:52:20 INF] CORS policy execution successful. { EventId: { Id: 4, Name: "PolicySuccess" }, SourceContext: "Microsoft.AspNetCore.Cors.Infrastructure.CorsService", RequestId: "0HNLT93DV8L83:00000001", RequestPath: "/departments", ConnectionId: "0HNLT93DV8L83" }

[11:52:20 INF] CORS policy execution successful. { EventId: { Id: 4, Name: "PolicySuccess" }, SourceContext: "Microsoft.AspNetCore.Cors.Infrastructure.CorsService", RequestId: "0HNLT93DV8L82:00000001", RequestPath: "/roles", ConnectionId: "0HNLT93DV8L82" }

[11:52:20 INF] CORS policy execution successful. { EventId: { Id: 4, Name: "PolicySuccess" }, SourceContext: "Microsoft.AspNetCore.Cors.Infrastructure.CorsService", RequestId: "0HNLT93DV8L84:00000001", RequestPath: "/users", ConnectionId: "0HNLT93DV8L84" }

[11:52:20 INF] CORS policy execution successful. { EventId: { Id: 4, Name: "PolicySuccess" }, SourceContext: "Microsoft.AspNetCore.Cors.Infrastructure.CorsService", RequestId: "0HNLT93DV8L83:00000002", RequestPath: "/users", ConnectionId: "0HNLT93DV8L83" }

[11:52:20 INF] CORS policy execution successful. { EventId: { Id: 4, Name: "PolicySuccess" }, SourceContext: "Microsoft.AspNetCore.Cors.Infrastructure.CorsService", RequestId: "0HNLT93DV8L82:00000002", RequestPath: "/roles", ConnectionId: "0HNLT93DV8L82" }

[11:52:20 INF] CORS policy execution successful. { EventId: { Id: 4, Name: "PolicySuccess" }, SourceContext: "Microsoft.AspNetCore.Cors.Infrastructure.CorsService", RequestId: "0HNLT93DV8L84:00000002", RequestPath: "/departments", ConnectionId: "0HNLT93DV8L84" }

[11:52:20 INF] Executing endpoint 'HTTP: GET /roles' { EventId: { Name: "ExecutingEndpoint" }, SourceContext: "Microsoft.AspNetCore.Routing.EndpointMiddleware", RequestId: "0HNLT93DV8L82:00000002", RequestPath: "/roles", ConnectionId: "0HNLT93DV8L82" }

[11:52:20 INF] Executing endpoint 'HTTP: GET /departments' { EventId: { Name: "ExecutingEndpoint" }, SourceContext: "Microsoft.AspNetCore.Routing.EndpointMiddleware", RequestId: "0HNLT93DV8L84:00000002", RequestPath: "/departments", ConnectionId: "0HNLT93DV8L84" }

[11:52:20 INF] Handling GetDepartmentsQuery { SourceContext: "AppWeaver.Mediator.Behaviors.LoggingBehavior", RequestId: "0HNLT93DV8L84:00000002", RequestPath: "/departments", ConnectionId: "0HNLT93DV8L84" }

[11:52:20 INF] Handling GetRolesQuery { SourceContext: "AppWeaver.Mediator.Behaviors.LoggingBehavior", RequestId: "0HNLT93DV8L82:00000002", RequestPath: "/roles", ConnectionId: "0HNLT93DV8L82" }

[11:52:20 INF] Executing endpoint 'HTTP: GET /users' { EventId: { Name: "ExecutingEndpoint" }, SourceContext: "Microsoft.AspNetCore.Routing.EndpointMiddleware", RequestId: "0HNLT93DV8L83:00000002", RequestPath: "/users", ConnectionId: "0HNLT93DV8L83" }

[11:52:20 INF] Handling GetUsersQuery { SourceContext: "AppWeaver.Mediator.Behaviors.LoggingBehavior", RequestId: "0HNLT93DV8L83:00000002", RequestPath: "/users", ConnectionId: "0HNLT93DV8L83" }

[11:52:20 INF] Handled GetRolesQuery { SourceContext: "AppWeaver.Mediator.Behaviors.LoggingBehavior", RequestId: "0HNLT93DV8L82:00000002", RequestPath: "/roles", ConnectionId: "0HNLT93DV8L82" }

[11:52:20 INF] Handled GetDepartmentsQuery { SourceContext: "AppWeaver.Mediator.Behaviors.LoggingBehavior", RequestId: "0HNLT93DV8L84:00000002", RequestPath: "/departments", ConnectionId: "0HNLT93DV8L84" }

[11:52:20 INF] Executed endpoint 'HTTP: GET /roles' { EventId: { Id: 1, Name: "ExecutedEndpoint" }, SourceContext: "Microsoft.AspNetCore.Routing.EndpointMiddleware", RequestId: "0HNLT93DV8L82:00000002", RequestPath: "/roles", ConnectionId: "0HNLT93DV8L82" }

[11:52:20 INF] Executed endpoint 'HTTP: GET /departments' { EventId: { Id: 1, Name: "ExecutedEndpoint" }, SourceContext: "Microsoft.AspNetCore.Routing.EndpointMiddleware", RequestId: "0HNLT93DV8L84:00000002", RequestPath: "/departments", ConnectionId: "0HNLT93DV8L84" }

[11:52:20 INF] Handled GetUsersQuery { SourceContext: "AppWeaver.Mediator.Behaviors.LoggingBehavior", RequestId: "0HNLT93DV8L83:00000002", RequestPath: "/users", ConnectionId: "0HNLT93DV8L83" }

[11:52:20 INF] Setting HTTP status code 200. { EventId: { Id: 1, Name: "WritingResultAsStatusCode" }, SourceContext: "Microsoft.AspNetCore.Http.Result.OkObjectResult", RequestId: "0HNLT93DV8L83:00000002", RequestPath: "/users", ConnectionId: "0HNLT93DV8L83" }

[11:52:20 INF] Writing value of type 'List`1' as Json. { EventId: { Id: 3, Name: "WritingResultAsJson" }, SourceContext: "Microsoft.AspNetCore.Http.Result.OkObjectResult", RequestId: "0HNLT93DV8L83:00000002", RequestPath: "/users", ConnectionId: "0HNLT93DV8L83" }

[11:52:20 INF] Executed endpoint 'HTTP: GET /users' { EventId: { Id: 1, Name: "ExecutedEndpoint" }, SourceContext: "Microsoft.AspNetCore.Routing.EndpointMiddleware", RequestId: "0HNLT93DV8L83:00000002", RequestPath: "/users", ConnectionId: "0HNLT93DV8L83" }

[11:53:36 INF] CORS policy execution successful. { EventId: { Id: 4, Name: "PolicySuccess" }, SourceContext: "Microsoft.AspNetCore.Cors.Infrastructure.CorsService", RequestId: "0HNLT93DV8L83:00000003", RequestPath: "/users", ConnectionId: "0HNLT93DV8L83" }

[11:53:36 INF] CORS policy execution successful. { EventId: { Id: 4, Name: "PolicySuccess" }, SourceContext: "Microsoft.AspNetCore.Cors.Infrastructure.CorsService", RequestId: "0HNLT93DV8L84:00000003", RequestPath: "/departments", ConnectionId: "0HNLT93DV8L84" }

[11:53:36 INF] CORS policy execution successful. { EventId: { Id: 4, Name: "PolicySuccess" }, SourceContext: "Microsoft.AspNetCore.Cors.Infrastructure.CorsService", RequestId: "0HNLT93DV8L82:00000003", RequestPath: "/roles", ConnectionId: "0HNLT93DV8L82" }

[11:53:36 INF] CORS policy execution successful. { EventId: { Id: 4, Name: "PolicySuccess" }, SourceContext: "Microsoft.AspNetCore.Cors.Infrastructure.CorsService", RequestId: "0HNLT93DV8L84:00000004", RequestPath: "/users", ConnectionId: "0HNLT93DV8L84" }

[11:53:36 INF] CORS policy execution successful. { EventId: { Id: 4, Name: "PolicySuccess" }, SourceContext: "Microsoft.AspNetCore.Cors.Infrastructure.CorsService", RequestId: "0HNLT93DV8L83:00000004", RequestPath: "/departments", ConnectionId: "0HNLT93DV8L83" }

[11:53:36 INF] CORS policy execution successful. { EventId: { Id: 4, Name: "PolicySuccess" }, SourceContext: "Microsoft.AspNetCore.Cors.Infrastructure.CorsService", RequestId: "0HNLT93DV8L82:00000004", RequestPath: "/roles", ConnectionId: "0HNLT93DV8L82" }

[11:53:36 INF] Executing endpoint 'HTTP: GET /departments' { EventId: { Name: "ExecutingEndpoint" }, SourceContext: "Microsoft.AspNetCore.Routing.EndpointMiddleware", RequestId: "0HNLT93DV8L83:00000004", RequestPath: "/departments", ConnectionId: "0HNLT93DV8L83" }

[11:53:36 INF] Executing endpoint 'HTTP: GET /users' { EventId: { Name: "ExecutingEndpoint" }, SourceContext: "Microsoft.AspNetCore.Routing.EndpointMiddleware", RequestId: "0HNLT93DV8L84:00000004", RequestPath: "/users", ConnectionId: "0HNLT93DV8L84" }

[11:53:36 INF] Executing endpoint 'HTTP: GET /roles' { EventId: { Name: "ExecutingEndpoint" }, SourceContext: "Microsoft.AspNetCore.Routing.EndpointMiddleware", RequestId: "0HNLT93DV8L82:00000004", RequestPath: "/roles", ConnectionId: "0HNLT93DV8L82" }

[11:53:36 INF] Handling GetUsersQuery { SourceContext: "AppWeaver.Mediator.Behaviors.LoggingBehavior", RequestId: "0HNLT93DV8L84:00000004", RequestPath: "/users", ConnectionId: "0HNLT93DV8L84" }

[11:53:36 INF] Handling GetDepartmentsQuery { SourceContext: "AppWeaver.Mediator.Behaviors.LoggingBehavior", RequestId: "0HNLT93DV8L83:00000004", RequestPath: "/departments", ConnectionId: "0HNLT93DV8L83" }

[11:53:36 INF] Handling GetRolesQuery { SourceContext: "AppWeaver.Mediator.Behaviors.LoggingBehavior", RequestId: "0HNLT93DV8L82:00000004", RequestPath: "/roles", ConnectionId: "0HNLT93DV8L82" }

[11:53:36 INF] Handled GetRolesQuery { SourceContext: "AppWeaver.Mediator.Behaviors.LoggingBehavior", RequestId: "0HNLT93DV8L82:00000004", RequestPath: "/roles", ConnectionId: "0HNLT93DV8L82" }

[11:53:36 INF] Handled GetDepartmentsQuery { SourceContext: "AppWeaver.Mediator.Behaviors.LoggingBehavior", RequestId: "0HNLT93DV8L83:00000004", RequestPath: "/departments", ConnectionId: "0HNLT93DV8L83" }

[11:53:36 INF] Executed endpoint 'HTTP: GET /departments' { EventId: { Id: 1, Name: "ExecutedEndpoint" }, SourceContext: "Microsoft.AspNetCore.Routing.EndpointMiddleware", RequestId: "0HNLT93DV8L83:00000004", RequestPath: "/departments", ConnectionId: "0HNLT93DV8L83" }

[11:53:36 INF] Executed endpoint 'HTTP: GET /roles' { EventId: { Id: 1, Name: "ExecutedEndpoint" }, SourceContext: "Microsoft.AspNetCore.Routing.EndpointMiddleware", RequestId: "0HNLT93DV8L82:00000004", RequestPath: "/roles", ConnectionId: "0HNLT93DV8L82" }

[11:53:36 INF] Handled GetUsersQuery { SourceContext: "AppWeaver.Mediator.Behaviors.LoggingBehavior", RequestId: "0HNLT93DV8L84:00000004", RequestPath: "/users", ConnectionId: "0HNLT93DV8L84" }

[11:53:36 INF] Setting HTTP status code 200. { EventId: { Id: 1, Name: "WritingResultAsStatusCode" }, SourceContext: "Microsoft.AspNetCore.Http.Result.OkObjectResult", RequestId: "0HNLT93DV8L84:00000004", RequestPath: "/users", ConnectionId: "0HNLT93DV8L84" }

[11:53:36 INF] Writing value of type 'List`1' as Json. { EventId: { Id: 3, Name: "WritingResultAsJson" }, SourceContext: "Microsoft.AspNetCore.Http.Result.OkObjectResult", RequestId: "0HNLT93DV8L84:00000004", RequestPath: "/users", ConnectionId: "0HNLT93DV8L84" }

[11:53:36 INF] Executed endpoint 'HTTP: GET /users' { EventId: { Id: 1, Name: "ExecutedEndpoint" }, SourceContext: "Microsoft.AspNetCore.Routing.EndpointMiddleware", RequestId: "0HNLT93DV8L84:00000004", RequestPath: "/users", ConnectionId: "0HNLT93DV8L84" }

[11:55:19 INF] CORS policy execution successful. { EventId: { Id: 4, Name: "PolicySuccess" }, SourceContext: "Microsoft.AspNetCore.Cors.Infrastructure.CorsService", RequestId: "0HNLT93DV8L84:00000005", RequestPath: "/users", ConnectionId: "0HNLT93DV8L84" }

[11:55:19 INF] CORS policy execution successful. { EventId: { Id: 4, Name: "PolicySuccess" }, SourceContext: "Microsoft.AspNetCore.Cors.Infrastructure.CorsService", RequestId: "0HNLT93DV8L82:00000005", RequestPath: "/roles", ConnectionId: "0HNLT93DV8L82" }

[11:55:19 INF] CORS policy execution successful. { EventId: { Id: 4, Name: "PolicySuccess" }, SourceContext: "Microsoft.AspNetCore.Cors.Infrastructure.CorsService", RequestId: "0HNLT93DV8L84:00000006", RequestPath: "/users", ConnectionId: "0HNLT93DV8L84" }

[11:55:19 INF] Executing endpoint 'HTTP: GET /users' { EventId: { Name: "ExecutingEndpoint" }, SourceContext: "Microsoft.AspNetCore.Routing.EndpointMiddleware", RequestId: "0HNLT93DV8L84:00000006", RequestPath: "/users", ConnectionId: "0HNLT93DV8L84" }

[11:55:19 INF] Handling GetUsersQuery { SourceContext: "AppWeaver.Mediator.Behaviors.LoggingBehavior", RequestId: "0HNLT93DV8L84:00000006", RequestPath: "/users", ConnectionId: "0HNLT93DV8L84" }

[11:55:19 INF] CORS policy execution successful. { EventId: { Id: 4, Name: "PolicySuccess" }, SourceContext: "Microsoft.AspNetCore.Cors.Infrastructure.CorsService", RequestId: "0HNLT93DV8L82:00000006", RequestPath: "/roles", ConnectionId: "0HNLT93DV8L82" }

[11:55:19 INF] Executing endpoint 'HTTP: GET /roles' { EventId: { Name: "ExecutingEndpoint" }, SourceContext: "Microsoft.AspNetCore.Routing.EndpointMiddleware", RequestId: "0HNLT93DV8L82:00000006", RequestPath: "/roles", ConnectionId: "0HNLT93DV8L82" }

[11:55:19 INF] Handling GetRolesQuery { SourceContext: "AppWeaver.Mediator.Behaviors.LoggingBehavior", RequestId: "0HNLT93DV8L82:00000006", RequestPath: "/roles", ConnectionId: "0HNLT93DV8L82" }

[11:55:19 INF] CORS policy execution successful. { EventId: { Id: 4, Name: "PolicySuccess" }, SourceContext: "Microsoft.AspNetCore.Cors.Infrastructure.CorsService", RequestId: "0HNLT93DV8L83:00000005", RequestPath: "/departments", ConnectionId: "0HNLT93DV8L83" }

[11:55:19 INF] CORS policy execution successful. { EventId: { Id: 4, Name: "PolicySuccess" }, SourceContext: "Microsoft.AspNetCore.Cors.Infrastructure.CorsService", RequestId: "0HNLT93DV8L83:00000006", RequestPath: "/departments", ConnectionId: "0HNLT93DV8L83" }

[11:55:19 INF] Executing endpoint 'HTTP: GET /departments' { EventId: { Name: "ExecutingEndpoint" }, SourceContext: "Microsoft.AspNetCore.Routing.EndpointMiddleware", RequestId: "0HNLT93DV8L83:00000006", RequestPath: "/departments", ConnectionId: "0HNLT93DV8L83" }

[11:55:19 INF] Handling GetDepartmentsQuery { SourceContext: "AppWeaver.Mediator.Behaviors.LoggingBehavior", RequestId: "0HNLT93DV8L83:00000006", RequestPath: "/departments", ConnectionId: "0HNLT93DV8L83" }

[11:55:19 INF] Handled GetRolesQuery { SourceContext: "AppWeaver.Mediator.Behaviors.LoggingBehavior", RequestId: "0HNLT93DV8L82:00000006", RequestPath: "/roles", ConnectionId: "0HNLT93DV8L82" }

[11:55:19 INF] Handled GetDepartmentsQuery { SourceContext: "AppWeaver.Mediator.Behaviors.LoggingBehavior", RequestId: "0HNLT93DV8L83:00000006", RequestPath: "/departments", ConnectionId: "0HNLT93DV8L83" }

[11:55:19 INF] Executed endpoint 'HTTP: GET /roles' { EventId: { Id: 1, Name: "ExecutedEndpoint" }, SourceContext: "Microsoft.AspNetCore.Routing.EndpointMiddleware", RequestId: "0HNLT93DV8L82:00000006", RequestPath: "/roles", ConnectionId: "0HNLT93DV8L82" }

[11:55:19 INF] Executed endpoint 'HTTP: GET /departments' { EventId: { Id: 1, Name: "ExecutedEndpoint" }, SourceContext: "Microsoft.AspNetCore.Routing.EndpointMiddleware", RequestId: "0HNLT93DV8L83:00000006", RequestPath: "/departments", ConnectionId: "0HNLT93DV8L83" }

[11:55:19 INF] Handled GetUsersQuery { SourceContext: "AppWeaver.Mediator.Behaviors.LoggingBehavior", RequestId: "0HNLT93DV8L84:00000006", RequestPath: "/users", ConnectionId: "0HNLT93DV8L84" }

[11:55:19 INF] Setting HTTP status code 200. { EventId: { Id: 1, Name: "WritingResultAsStatusCode" }, SourceContext: "Microsoft.AspNetCore.Http.Result.OkObjectResult", RequestId: "0HNLT93DV8L84:00000006", RequestPath: "/users", ConnectionId: "0HNLT93DV8L84" }

[11:55:19 INF] Writing value of type 'List`1' as Json. { EventId: { Id: 3, Name: "WritingResultAsJson" }, SourceContext: "Microsoft.AspNetCore.Http.Result.OkObjectResult", RequestId: "0HNLT93DV8L84:00000006", RequestPath: "/users", ConnectionId: "0HNLT93DV8L84" }

[11:55:19 INF] Executed endpoint 'HTTP: GET /users' { EventId: { Id: 1, Name: "ExecutedEndpoint" }, SourceContext: "Microsoft.AspNetCore.Routing.EndpointMiddleware", RequestId: "0HNLT93DV8L84:00000006", RequestPath: "/users", ConnectionId: "0HNLT93DV8L84" }

[11:56:11 INF] Application is shutting down... { SourceContext: "Microsoft.Hosting.Lifetime" }

[11:56:42 INF] No migrations were applied. The database is already up to date. { EventId: { Id: 20405, Name: "Microsoft.EntityFrameworkCore.Migrations.MigrationsNotApplied" }, SourceContext: "Microsoft.EntityFrameworkCore.Migrations" }

[11:56:42 INF] No migrations were applied. The database is already up to date. { EventId: { Id: 20405, Name: "Microsoft.EntityFrameworkCore.Migrations.MigrationsNotApplied" }, SourceContext: "Microsoft.EntityFrameworkCore.Migrations" }

[11:56:42 INF] Registered 6 endpoints in 6,022 milliseconds. { EventId: { Id: 1, Name: "EndpointsRegistered" }, SourceContext: "FastEndpoints.StartupTimer" }

[11:56:43 INF] No validators found in the system! { EventId: { Id: 1, Name: "NoValidatorsFound" }, SourceContext: "FastEndpoints.Swagger.ValidationSchemaProcessor" }

[11:56:43 INF] User profile is available. Using 'C:\Users\MariyaAF\AppData\Local\ASP.NET\DataProtection-Keys' as key repository and Windows DPAPI to encrypt keys at rest. { EventId: { Id: 63, Name: "UsingProfileAsKeyRepositoryWithDPAPI" }, SourceContext: "Microsoft.AspNetCore.DataProtection.KeyManagement.XmlKeyManager" }

[11:56:43 WRN] The property 'AuditLog.Metadata' is a collection or enumeration type with a value converter but with no value comparer. Set a value comparer to ensure the collection/enumeration elements are compared correctly. { EventId: { Id: 10620, Name: "Microsoft.EntityFrameworkCore.Model.Validation.CollectionWithoutComparer" }, SourceContext: "Microsoft.EntityFrameworkCore.Model.Validation" }

[11:56:43 INF] No migrations were found in assembly 'BytesRewards.Service'. A migration needs to be added before the database can be updated. { EventId: { Id: 20406, Name: "Microsoft.EntityFrameworkCore.Migrations.MigrationsNotFound" }, SourceContext: "Microsoft.EntityFrameworkCore.Migrations" }

[11:56:43 INF] No migrations were applied. The database is already up to date. { EventId: { Id: 20405, Name: "Microsoft.EntityFrameworkCore.Migrations.MigrationsNotApplied" }, SourceContext: "Microsoft.EntityFrameworkCore.Migrations" }

[11:56:43 INF] Now listening on: http://localhost:53764 { EventId: { Id: 14, Name: "ListeningOnAddress" }, SourceContext: "Microsoft.Hosting.Lifetime" }

[11:56:43 INF] Application started. Press Ctrl+C to shut down. { SourceContext: "Microsoft.Hosting.Lifetime" }

[11:56:43 INF] Hosting environment: Development { SourceContext: "Microsoft.Hosting.Lifetime" }

[11:56:43 INF] Content root path: C:\Users\MariyaAF\Desktop\BytesRewards\BytesRewards\src\BytesRewards.Service { SourceContext: "Microsoft.Hosting.Lifetime" }

[12:04:30 INF] CORS policy execution successful. { EventId: { Id: 4, Name: "PolicySuccess" }, SourceContext: "Microsoft.AspNetCore.Cors.Infrastructure.CorsService", RequestId: "0HNLT9HBBNJKB:00000001", RequestPath: "/users", ConnectionId: "0HNLT9HBBNJKB" }

[12:04:30 INF] CORS policy execution successful. { EventId: { Id: 4, Name: "PolicySuccess" }, SourceContext: "Microsoft.AspNetCore.Cors.Infrastructure.CorsService", RequestId: "0HNLT9HBBNJKC:00000001", RequestPath: "/roles", ConnectionId: "0HNLT9HBBNJKC" }

[12:04:30 INF] CORS policy execution successful. { EventId: { Id: 4, Name: "PolicySuccess" }, SourceContext: "Microsoft.AspNetCore.Cors.Infrastructure.CorsService", RequestId: "0HNLT9HBBNJKD:00000001", RequestPath: "/departments", ConnectionId: "0HNLT9HBBNJKD" }

[12:04:30 INF] CORS policy execution successful. { EventId: { Id: 4, Name: "PolicySuccess" }, SourceContext: "Microsoft.AspNetCore.Cors.Infrastructure.CorsService", RequestId: "0HNLT9HBBNJKD:00000002", RequestPath: "/roles", ConnectionId: "0HNLT9HBBNJKD" }

[12:04:30 INF] CORS policy execution successful. { EventId: { Id: 4, Name: "PolicySuccess" }, SourceContext: "Microsoft.AspNetCore.Cors.Infrastructure.CorsService", RequestId: "0HNLT9HBBNJKB:00000002", RequestPath: "/users", ConnectionId: "0HNLT9HBBNJKB" }

[12:04:30 INF] CORS policy execution successful. { EventId: { Id: 4, Name: "PolicySuccess" }, SourceContext: "Microsoft.AspNetCore.Cors.Infrastructure.CorsService", RequestId: "0HNLT9HBBNJKC:00000002", RequestPath: "/departments", ConnectionId: "0HNLT9HBBNJKC" }

[12:04:30 INF] Executing endpoint 'HTTP: GET /users' { EventId: { Name: "ExecutingEndpoint" }, SourceContext: "Microsoft.AspNetCore.Routing.EndpointMiddleware", RequestId: "0HNLT9HBBNJKB:00000002", RequestPath: "/users", ConnectionId: "0HNLT9HBBNJKB" }

[12:04:30 INF] Executing endpoint 'HTTP: GET /departments' { EventId: { Name: "ExecutingEndpoint" }, SourceContext: "Microsoft.AspNetCore.Routing.EndpointMiddleware", RequestId: "0HNLT9HBBNJKC:00000002", RequestPath: "/departments", ConnectionId: "0HNLT9HBBNJKC" }

[12:04:30 INF] Executing endpoint 'HTTP: GET /roles' { EventId: { Name: "ExecutingEndpoint" }, SourceContext: "Microsoft.AspNetCore.Routing.EndpointMiddleware", RequestId: "0HNLT9HBBNJKD:00000002", RequestPath: "/roles", ConnectionId: "0HNLT9HBBNJKD" }

[12:04:30 INF] Handling GetRolesQuery { SourceContext: "AppWeaver.Mediator.Behaviors.LoggingBehavior", RequestId: "0HNLT9HBBNJKD:00000002", RequestPath: "/roles", ConnectionId: "0HNLT9HBBNJKD" }

[12:04:30 INF] Handling GetDepartmentsQuery { SourceContext: "AppWeaver.Mediator.Behaviors.LoggingBehavior", RequestId: "0HNLT9HBBNJKC:00000002", RequestPath: "/departments", ConnectionId: "0HNLT9HBBNJKC" }

[12:04:30 INF] Handling GetUsersQuery { SourceContext: "AppWeaver.Mediator.Behaviors.LoggingBehavior", RequestId: "0HNLT9HBBNJKB:00000002", RequestPath: "/users", ConnectionId: "0HNLT9HBBNJKB" }

[12:04:30 INF] Handled GetDepartmentsQuery { SourceContext: "AppWeaver.Mediator.Behaviors.LoggingBehavior", RequestId: "0HNLT9HBBNJKC:00000002", RequestPath: "/departments", ConnectionId: "0HNLT9HBBNJKC" }

[12:04:30 INF] Handled GetRolesQuery { SourceContext: "AppWeaver.Mediator.Behaviors.LoggingBehavior", RequestId: "0HNLT9HBBNJKD:00000002", RequestPath: "/roles", ConnectionId: "0HNLT9HBBNJKD" }

[12:04:30 INF] Executed endpoint 'HTTP: GET /roles' { EventId: { Id: 1, Name: "ExecutedEndpoint" }, SourceContext: "Microsoft.AspNetCore.Routing.EndpointMiddleware", RequestId: "0HNLT9HBBNJKD:00000002", RequestPath: "/roles", ConnectionId: "0HNLT9HBBNJKD" }

[12:04:30 INF] Executed endpoint 'HTTP: GET /departments' { EventId: { Id: 1, Name: "ExecutedEndpoint" }, SourceContext: "Microsoft.AspNetCore.Routing.EndpointMiddleware", RequestId: "0HNLT9HBBNJKC:00000002", RequestPath: "/departments", ConnectionId: "0HNLT9HBBNJKC" }

[12:04:30 INF] Handled GetUsersQuery { SourceContext: "AppWeaver.Mediator.Behaviors.LoggingBehavior", RequestId: "0HNLT9HBBNJKB:00000002", RequestPath: "/users", ConnectionId: "0HNLT9HBBNJKB" }

[12:04:30 INF] Setting HTTP status code 200. { EventId: { Id: 1, Name: "WritingResultAsStatusCode" }, SourceContext: "Microsoft.AspNetCore.Http.Result.OkObjectResult", RequestId: "0HNLT9HBBNJKB:00000002", RequestPath: "/users", ConnectionId: "0HNLT9HBBNJKB" }

[12:04:30 INF] Writing value of type 'List`1' as Json. { EventId: { Id: 3, Name: "WritingResultAsJson" }, SourceContext: "Microsoft.AspNetCore.Http.Result.OkObjectResult", RequestId: "0HNLT9HBBNJKB:00000002", RequestPath: "/users", ConnectionId: "0HNLT9HBBNJKB" }

[12:04:30 INF] Executed endpoint 'HTTP: GET /users' { EventId: { Id: 1, Name: "ExecutedEndpoint" }, SourceContext: "Microsoft.AspNetCore.Routing.EndpointMiddleware", RequestId: "0HNLT9HBBNJKB:00000002", RequestPath: "/users", ConnectionId: "0HNLT9HBBNJKB" }

[12:04:33 INF] CORS policy execution successful. { EventId: { Id: 4, Name: "PolicySuccess" }, SourceContext: "Microsoft.AspNetCore.Cors.Infrastructure.CorsService", RequestId: "0HNLT9HBBNJKB:00000003", RequestPath: "/users/undefined", ConnectionId: "0HNLT9HBBNJKB" }

[12:04:33 INF] CORS policy execution successful. { EventId: { Id: 4, Name: "PolicySuccess" }, SourceContext: "Microsoft.AspNetCore.Cors.Infrastructure.CorsService", RequestId: "0HNLT9HBBNJKB:00000004", RequestPath: "/users/undefined", ConnectionId: "0HNLT9HBBNJKB" }

[12:04:33 INF] Executing endpoint 'HTTP: DELETE /users/{id}' { EventId: { Name: "ExecutingEndpoint" }, SourceContext: "Microsoft.AspNetCore.Routing.EndpointMiddleware", RequestId: "0HNLT9HBBNJKB:00000004", RequestPath: "/users/undefined", ConnectionId: "0HNLT9HBBNJKB" }

[12:04:33 INF] Executed endpoint 'HTTP: DELETE /users/{id}' { EventId: { Id: 1, Name: "ExecutedEndpoint" }, SourceContext: "Microsoft.AspNetCore.Routing.EndpointMiddleware", RequestId: "0HNLT9HBBNJKB:00000004", RequestPath: "/users/undefined", ConnectionId: "0HNLT9HBBNJKB" }

[12:04:39 INF] CORS policy execution successful. { EventId: { Id: 4, Name: "PolicySuccess" }, SourceContext: "Microsoft.AspNetCore.Cors.Infrastructure.CorsService", RequestId: "0HNLT9HBBNJKB:00000005", RequestPath: "/users/undefined", ConnectionId: "0HNLT9HBBNJKB" }

[12:04:39 INF] CORS policy execution successful. { EventId: { Id: 4, Name: "PolicySuccess" }, SourceContext: "Microsoft.AspNetCore.Cors.Infrastructure.CorsService", RequestId: "0HNLT9HBBNJKB:00000006", RequestPath: "/users/undefined", ConnectionId: "0HNLT9HBBNJKB" }

[12:04:39 INF] Executing endpoint 'HTTP: DELETE /users/{id}' { EventId: { Name: "ExecutingEndpoint" }, SourceContext: "Microsoft.AspNetCore.Routing.EndpointMiddleware", RequestId: "0HNLT9HBBNJKB:00000006", RequestPath: "/users/undefined", ConnectionId: "0HNLT9HBBNJKB" }

[12:04:39 INF] Executed endpoint 'HTTP: DELETE /users/{id}' { EventId: { Id: 1, Name: "ExecutedEndpoint" }, SourceContext: "Microsoft.AspNetCore.Routing.EndpointMiddleware", RequestId: "0HNLT9HBBNJKB:00000006", RequestPath: "/users/undefined", ConnectionId: "0HNLT9HBBNJKB" }

[12:04:44 INF] CORS policy execution successful. { EventId: { Id: 4, Name: "PolicySuccess" }, SourceContext: "Microsoft.AspNetCore.Cors.Infrastructure.CorsService", RequestId: "0HNLT9HBBNJKB:00000007", RequestPath: "/users/undefined", ConnectionId: "0HNLT9HBBNJKB" }

[12:04:44 INF] CORS policy execution successful. { EventId: { Id: 4, Name: "PolicySuccess" }, SourceContext: "Microsoft.AspNetCore.Cors.Infrastructure.CorsService", RequestId: "0HNLT9HBBNJKB:00000008", RequestPath: "/users/undefined", ConnectionId: "0HNLT9HBBNJKB" }

[12:04:44 INF] Executing endpoint 'HTTP: DELETE /users/{id}' { EventId: { Name: "ExecutingEndpoint" }, SourceContext: "Microsoft.AspNetCore.Routing.EndpointMiddleware", RequestId: "0HNLT9HBBNJKB:00000008", RequestPath: "/users/undefined", ConnectionId: "0HNLT9HBBNJKB" }

[12:04:44 INF] Executed endpoint 'HTTP: DELETE /users/{id}' { EventId: { Id: 1, Name: "ExecutedEndpoint" }, SourceContext: "Microsoft.AspNetCore.Routing.EndpointMiddleware", RequestId: "0HNLT9HBBNJKB:00000008", RequestPath: "/users/undefined", ConnectionId: "0HNLT9HBBNJKB" }

[12:09:59 INF] Application is shutting down... { SourceContext: "Microsoft.Hosting.Lifetime" }

[12:10:46 INF] No migrations were applied. The database is already up to date. { EventId: { Id: 20405, Name: "Microsoft.EntityFrameworkCore.Migrations.MigrationsNotApplied" }, SourceContext: "Microsoft.EntityFrameworkCore.Migrations" }

[12:10:47 INF] No migrations were applied. The database is already up to date. { EventId: { Id: 20405, Name: "Microsoft.EntityFrameworkCore.Migrations.MigrationsNotApplied" }, SourceContext: "Microsoft.EntityFrameworkCore.Migrations" }

[12:10:47 INF] Registered 6 endpoints in 5,809 milliseconds. { EventId: { Id: 1, Name: "EndpointsRegistered" }, SourceContext: "FastEndpoints.StartupTimer" }

[12:10:48 INF] No validators found in the system! { EventId: { Id: 1, Name: "NoValidatorsFound" }, SourceContext: "FastEndpoints.Swagger.ValidationSchemaProcessor" }

[12:10:48 INF] User profile is available. Using 'C:\Users\MariyaAF\AppData\Local\ASP.NET\DataProtection-Keys' as key repository and Windows DPAPI to encrypt keys at rest. { EventId: { Id: 63, Name: "UsingProfileAsKeyRepositoryWithDPAPI" }, SourceContext: "Microsoft.AspNetCore.DataProtection.KeyManagement.XmlKeyManager" }

[12:10:48 WRN] The property 'AuditLog.Metadata' is a collection or enumeration type with a value converter but with no value comparer. Set a value comparer to ensure the collection/enumeration elements are compared correctly. { EventId: { Id: 10620, Name: "Microsoft.EntityFrameworkCore.Model.Validation.CollectionWithoutComparer" }, SourceContext: "Microsoft.EntityFrameworkCore.Model.Validation" }

[12:10:48 INF] No migrations were found in assembly 'BytesRewards.Service'. A migration needs to be added before the database can be updated. { EventId: { Id: 20406, Name: "Microsoft.EntityFrameworkCore.Migrations.MigrationsNotFound" }, SourceContext: "Microsoft.EntityFrameworkCore.Migrations" }

[12:10:48 INF] No migrations were applied. The database is already up to date. { EventId: { Id: 20405, Name: "Microsoft.EntityFrameworkCore.Migrations.MigrationsNotApplied" }, SourceContext: "Microsoft.EntityFrameworkCore.Migrations" }

[12:10:48 INF] Now listening on: http://localhost:63455 { EventId: { Id: 14, Name: "ListeningOnAddress" }, SourceContext: "Microsoft.Hosting.Lifetime" }

[12:10:48 INF] Application started. Press Ctrl+C to shut down. { SourceContext: "Microsoft.Hosting.Lifetime" }

[12:10:48 INF] Hosting environment: Development { SourceContext: "Microsoft.Hosting.Lifetime" }

[12:10:48 INF] Content root path: C:\Users\MariyaAF\Desktop\BytesRewards\BytesRewards\src\BytesRewards.Service { SourceContext: "Microsoft.Hosting.Lifetime" }

[12:11:33 INF] CORS policy execution successful. { EventId: { Id: 4, Name: "PolicySuccess" }, SourceContext: "Microsoft.AspNetCore.Cors.Infrastructure.CorsService", RequestId: "0HNLT9L9J02QB:00000001", RequestPath: "/roles", ConnectionId: "0HNLT9L9J02QB" }

[12:11:33 INF] CORS policy execution successful. { EventId: { Id: 4, Name: "PolicySuccess" }, SourceContext: "Microsoft.AspNetCore.Cors.Infrastructure.CorsService", RequestId: "0HNLT9L9J02QA:00000001", RequestPath: "/users", ConnectionId: "0HNLT9L9J02QA" }

[12:11:33 INF] CORS policy execution successful. { EventId: { Id: 4, Name: "PolicySuccess" }, SourceContext: "Microsoft.AspNetCore.Cors.Infrastructure.CorsService", RequestId: "0HNLT9L9J02Q9:00000001", RequestPath: "/departments", ConnectionId: "0HNLT9L9J02Q9" }

[12:11:33 INF] CORS policy execution successful. { EventId: { Id: 4, Name: "PolicySuccess" }, SourceContext: "Microsoft.AspNetCore.Cors.Infrastructure.CorsService", RequestId: "0HNLT9L9J02Q9:00000002", RequestPath: "/roles", ConnectionId: "0HNLT9L9J02Q9" }

[12:11:33 INF] CORS policy execution successful. { EventId: { Id: 4, Name: "PolicySuccess" }, SourceContext: "Microsoft.AspNetCore.Cors.Infrastructure.CorsService", RequestId: "0HNLT9L9J02QB:00000002", RequestPath: "/users", ConnectionId: "0HNLT9L9J02QB" }

[12:11:33 INF] CORS policy execution successful. { EventId: { Id: 4, Name: "PolicySuccess" }, SourceContext: "Microsoft.AspNetCore.Cors.Infrastructure.CorsService", RequestId: "0HNLT9L9J02QA:00000002", RequestPath: "/departments", ConnectionId: "0HNLT9L9J02QA" }

[12:11:34 INF] Executing endpoint 'HTTP: GET /departments' { EventId: { Name: "ExecutingEndpoint" }, SourceContext: "Microsoft.AspNetCore.Routing.EndpointMiddleware", RequestId: "0HNLT9L9J02QA:00000002", RequestPath: "/departments", ConnectionId: "0HNLT9L9J02QA" }

[12:11:34 INF] Executing endpoint 'HTTP: GET /roles' { EventId: { Name: "ExecutingEndpoint" }, SourceContext: "Microsoft.AspNetCore.Routing.EndpointMiddleware", RequestId: "0HNLT9L9J02Q9:00000002", RequestPath: "/roles", ConnectionId: "0HNLT9L9J02Q9" }

[12:11:34 INF] Executing endpoint 'HTTP: GET /users' { EventId: { Name: "ExecutingEndpoint" }, SourceContext: "Microsoft.AspNetCore.Routing.EndpointMiddleware", RequestId: "0HNLT9L9J02QB:00000002", RequestPath: "/users", ConnectionId: "0HNLT9L9J02QB" }

[12:11:34 INF] Handling GetDepartmentsQuery { SourceContext: "AppWeaver.Mediator.Behaviors.LoggingBehavior", RequestId: "0HNLT9L9J02QA:00000002", RequestPath: "/departments", ConnectionId: "0HNLT9L9J02QA" }

[12:11:34 INF] Handling GetRolesQuery { SourceContext: "AppWeaver.Mediator.Behaviors.LoggingBehavior", RequestId: "0HNLT9L9J02Q9:00000002", RequestPath: "/roles", ConnectionId: "0HNLT9L9J02Q9" }

[12:11:34 INF] Handling GetUsersQuery { SourceContext: "AppWeaver.Mediator.Behaviors.LoggingBehavior", RequestId: "0HNLT9L9J02QB:00000002", RequestPath: "/users", ConnectionId: "0HNLT9L9J02QB" }

[12:11:34 INF] Handled GetRolesQuery { SourceContext: "AppWeaver.Mediator.Behaviors.LoggingBehavior", RequestId: "0HNLT9L9J02Q9:00000002", RequestPath: "/roles", ConnectionId: "0HNLT9L9J02Q9" }

[12:11:34 INF] Handled GetDepartmentsQuery { SourceContext: "AppWeaver.Mediator.Behaviors.LoggingBehavior", RequestId: "0HNLT9L9J02QA:00000002", RequestPath: "/departments", ConnectionId: "0HNLT9L9J02QA" }

[12:11:34 INF] Executed endpoint 'HTTP: GET /roles' { EventId: { Id: 1, Name: "ExecutedEndpoint" }, SourceContext: "Microsoft.AspNetCore.Routing.EndpointMiddleware", RequestId: "0HNLT9L9J02Q9:00000002", RequestPath: "/roles", ConnectionId: "0HNLT9L9J02Q9" }

[12:11:34 INF] Executed endpoint 'HTTP: GET /departments' { EventId: { Id: 1, Name: "ExecutedEndpoint" }, SourceContext: "Microsoft.AspNetCore.Routing.EndpointMiddleware", RequestId: "0HNLT9L9J02QA:00000002", RequestPath: "/departments", ConnectionId: "0HNLT9L9J02QA" }

[12:11:34 INF] Handled GetUsersQuery { SourceContext: "AppWeaver.Mediator.Behaviors.LoggingBehavior", RequestId: "0HNLT9L9J02QB:00000002", RequestPath: "/users", ConnectionId: "0HNLT9L9J02QB" }

[12:11:34 INF] Setting HTTP status code 200. { EventId: { Id: 1, Name: "WritingResultAsStatusCode" }, SourceContext: "Microsoft.AspNetCore.Http.Result.OkObjectResult", RequestId: "0HNLT9L9J02QB:00000002", RequestPath: "/users", ConnectionId: "0HNLT9L9J02QB" }

[12:11:34 INF] Writing value of type 'List`1' as Json. { EventId: { Id: 3, Name: "WritingResultAsJson" }, SourceContext: "Microsoft.AspNetCore.Http.Result.OkObjectResult", RequestId: "0HNLT9L9J02QB:00000002", RequestPath: "/users", ConnectionId: "0HNLT9L9J02QB" }

[12:11:34 INF] Executed endpoint 'HTTP: GET /users' { EventId: { Id: 1, Name: "ExecutedEndpoint" }, SourceContext: "Microsoft.AspNetCore.Routing.EndpointMiddleware", RequestId: "0HNLT9L9J02QB:00000002", RequestPath: "/users", ConnectionId: "0HNLT9L9J02QB" }

[12:11:40 INF] CORS policy execution successful. { EventId: { Id: 4, Name: "PolicySuccess" }, SourceContext: "Microsoft.AspNetCore.Cors.Infrastructure.CorsService", RequestId: "0HNLT9L9J02QB:00000003", RequestPath: "/users/925f1361-f68c-4536-86e0-2edad7ef1cc5", ConnectionId: "0HNLT9L9J02QB" }

[12:11:40 INF] CORS policy execution successful. { EventId: { Id: 4, Name: "PolicySuccess" }, SourceContext: "Microsoft.AspNetCore.Cors.Infrastructure.CorsService", RequestId: "0HNLT9L9J02QB:00000004", RequestPath: "/users/925f1361-f68c-4536-86e0-2edad7ef1cc5", ConnectionId: "0HNLT9L9J02QB" }

[12:11:40 INF] Executing endpoint 'HTTP: DELETE /users/{id}' { EventId: { Name: "ExecutingEndpoint" }, SourceContext: "Microsoft.AspNetCore.Routing.EndpointMiddleware", RequestId: "0HNLT9L9J02QB:00000004", RequestPath: "/users/925f1361-f68c-4536-86e0-2edad7ef1cc5", ConnectionId: "0HNLT9L9J02QB" }

[12:11:40 INF] Handling DeleteUserCommand { SourceContext: "AppWeaver.Mediator.Behaviors.LoggingBehavior", RequestId: "0HNLT9L9J02QB:00000004", RequestPath: "/users/925f1361-f68c-4536-86e0-2edad7ef1cc5", ConnectionId: "0HNLT9L9J02QB" }

[12:11:41 WRN] The property 'AuditLog.Metadata' is a collection or enumeration type with a value converter but with no value comparer. Set a value comparer to ensure the collection/enumeration elements are compared correctly. { EventId: { Id: 10620, Name: "Microsoft.EntityFrameworkCore.Model.Validation.CollectionWithoutComparer" }, SourceContext: "Microsoft.EntityFrameworkCore.Model.Validation", RequestId: "0HNLT9L9J02QB:00000004", RequestPath: "/users/925f1361-f68c-4536-86e0-2edad7ef1cc5", ConnectionId: "0HNLT9L9J02QB" }

[12:11:41 INF] Handled DeleteUserCommand { SourceContext: "AppWeaver.Mediator.Behaviors.LoggingBehavior", RequestId: "0HNLT9L9J02QB:00000004", RequestPath: "/users/925f1361-f68c-4536-86e0-2edad7ef1cc5", ConnectionId: "0HNLT9L9J02QB" }

[12:11:41 INF] Setting HTTP status code 200. { EventId: { Id: 1, Name: "WritingResultAsStatusCode" }, SourceContext: "Microsoft.AspNetCore.Http.Result.OkObjectResult", RequestId: "0HNLT9L9J02QB:00000004", RequestPath: "/users/925f1361-f68c-4536-86e0-2edad7ef1cc5", ConnectionId: "0HNLT9L9J02QB" }

[12:11:41 INF] Writing value of type 'Boolean' as Json. { EventId: { Id: 3, Name: "WritingResultAsJson" }, SourceContext: "Microsoft.AspNetCore.Http.Result.OkObjectResult", RequestId: "0HNLT9L9J02QB:00000004", RequestPath: "/users/925f1361-f68c-4536-86e0-2edad7ef1cc5", ConnectionId: "0HNLT9L9J02QB" }

[12:11:41 INF] Executed endpoint 'HTTP: DELETE /users/{id}' { EventId: { Id: 1, Name: "ExecutedEndpoint" }, SourceContext: "Microsoft.AspNetCore.Routing.EndpointMiddleware", RequestId: "0HNLT9L9J02QB:00000004", RequestPath: "/users/925f1361-f68c-4536-86e0-2edad7ef1cc5", ConnectionId: "0HNLT9L9J02QB" }

[12:11:41 INF] CORS policy execution successful. { EventId: { Id: 4, Name: "PolicySuccess" }, SourceContext: "Microsoft.AspNetCore.Cors.Infrastructure.CorsService", RequestId: "0HNLT9L9J02QB:00000005", RequestPath: "/users", ConnectionId: "0HNLT9L9J02QB" }

[12:11:41 INF] CORS policy execution successful. { EventId: { Id: 4, Name: "PolicySuccess" }, SourceContext: "Microsoft.AspNetCore.Cors.Infrastructure.CorsService", RequestId: "0HNLT9L9J02QB:00000006", RequestPath: "/users", ConnectionId: "0HNLT9L9J02QB" }

[12:11:41 INF] Executing endpoint 'HTTP: GET /users' { EventId: { Name: "ExecutingEndpoint" }, SourceContext: "Microsoft.AspNetCore.Routing.EndpointMiddleware", RequestId: "0HNLT9L9J02QB:00000006", RequestPath: "/users", ConnectionId: "0HNLT9L9J02QB" }

[12:11:41 INF] Handling GetUsersQuery { SourceContext: "AppWeaver.Mediator.Behaviors.LoggingBehavior", RequestId: "0HNLT9L9J02QB:00000006", RequestPath: "/users", ConnectionId: "0HNLT9L9J02QB" }

[12:11:41 INF] Handled GetUsersQuery { SourceContext: "AppWeaver.Mediator.Behaviors.LoggingBehavior", RequestId: "0HNLT9L9J02QB:00000006", RequestPath: "/users", ConnectionId: "0HNLT9L9J02QB" }

[12:11:41 INF] Setting HTTP status code 200. { EventId: { Id: 1, Name: "WritingResultAsStatusCode" }, SourceContext: "Microsoft.AspNetCore.Http.Result.OkObjectResult", RequestId: "0HNLT9L9J02QB:00000006", RequestPath: "/users", ConnectionId: "0HNLT9L9J02QB" }

[12:11:41 INF] Writing value of type 'List`1' as Json. { EventId: { Id: 3, Name: "WritingResultAsJson" }, SourceContext: "Microsoft.AspNetCore.Http.Result.OkObjectResult", RequestId: "0HNLT9L9J02QB:00000006", RequestPath: "/users", ConnectionId: "0HNLT9L9J02QB" }

[12:11:41 INF] Executed endpoint 'HTTP: GET /users' { EventId: { Id: 1, Name: "ExecutedEndpoint" }, SourceContext: "Microsoft.AspNetCore.Routing.EndpointMiddleware", RequestId: "0HNLT9L9J02QB:00000006", RequestPath: "/users", ConnectionId: "0HNLT9L9J02QB" }

[12:11:49 INF] CORS policy execution successful. { EventId: { Id: 4, Name: "PolicySuccess" }, SourceContext: "Microsoft.AspNetCore.Cors.Infrastructure.CorsService", RequestId: "0HNLT9L9J02QB:00000007", RequestPath: "/users/f9b3fb5b-61b6-4ea3-8681-c5388ae67c36", ConnectionId: "0HNLT9L9J02QB" }

[12:11:49 INF] CORS policy execution successful. { EventId: { Id: 4, Name: "PolicySuccess" }, SourceContext: "Microsoft.AspNetCore.Cors.Infrastructure.CorsService", RequestId: "0HNLT9L9J02QB:00000008", RequestPath: "/users/f9b3fb5b-61b6-4ea3-8681-c5388ae67c36", ConnectionId: "0HNLT9L9J02QB" }

[12:11:49 INF] Executing endpoint 'HTTP: DELETE /users/{id}' { EventId: { Name: "ExecutingEndpoint" }, SourceContext: "Microsoft.AspNetCore.Routing.EndpointMiddleware", RequestId: "0HNLT9L9J02QB:00000008", RequestPath: "/users/f9b3fb5b-61b6-4ea3-8681-c5388ae67c36", ConnectionId: "0HNLT9L9J02QB" }

[12:11:49 INF] Handling DeleteUserCommand { SourceContext: "AppWeaver.Mediator.Behaviors.LoggingBehavior", RequestId: "0HNLT9L9J02QB:00000008", RequestPath: "/users/f9b3fb5b-61b6-4ea3-8681-c5388ae67c36", ConnectionId: "0HNLT9L9J02QB" }

[12:11:49 INF] Handled DeleteUserCommand { SourceContext: "AppWeaver.Mediator.Behaviors.LoggingBehavior", RequestId: "0HNLT9L9J02QB:00000008", RequestPath: "/users/f9b3fb5b-61b6-4ea3-8681-c5388ae67c36", ConnectionId: "0HNLT9L9J02QB" }

[12:11:49 INF] Setting HTTP status code 200. { EventId: { Id: 1, Name: "WritingResultAsStatusCode" }, SourceContext: "Microsoft.AspNetCore.Http.Result.OkObjectResult", RequestId: "0HNLT9L9J02QB:00000008", RequestPath: "/users/f9b3fb5b-61b6-4ea3-8681-c5388ae67c36", ConnectionId: "0HNLT9L9J02QB" }

[12:11:49 INF] Writing value of type 'Boolean' as Json. { EventId: { Id: 3, Name: "WritingResultAsJson" }, SourceContext: "Microsoft.AspNetCore.Http.Result.OkObjectResult", RequestId: "0HNLT9L9J02QB:00000008", RequestPath: "/users/f9b3fb5b-61b6-4ea3-8681-c5388ae67c36", ConnectionId: "0HNLT9L9J02QB" }

[12:11:49 INF] Executed endpoint 'HTTP: DELETE /users/{id}' { EventId: { Id: 1, Name: "ExecutedEndpoint" }, SourceContext: "Microsoft.AspNetCore.Routing.EndpointMiddleware", RequestId: "0HNLT9L9J02QB:00000008", RequestPath: "/users/f9b3fb5b-61b6-4ea3-8681-c5388ae67c36", ConnectionId: "0HNLT9L9J02QB" }

[12:11:49 INF] CORS policy execution successful. { EventId: { Id: 4, Name: "PolicySuccess" }, SourceContext: "Microsoft.AspNetCore.Cors.Infrastructure.CorsService", RequestId: "0HNLT9L9J02QB:00000009", RequestPath: "/users", ConnectionId: "0HNLT9L9J02QB" }

[12:11:49 INF] CORS policy execution successful. { EventId: { Id: 4, Name: "PolicySuccess" }, SourceContext: "Microsoft.AspNetCore.Cors.Infrastructure.CorsService", RequestId: "0HNLT9L9J02QB:0000000A", RequestPath: "/users", ConnectionId: "0HNLT9L9J02QB" }

[12:11:49 INF] Executing endpoint 'HTTP: GET /users' { EventId: { Name: "ExecutingEndpoint" }, SourceContext: "Microsoft.AspNetCore.Routing.EndpointMiddleware", RequestId: "0HNLT9L9J02QB:0000000A", RequestPath: "/users", ConnectionId: "0HNLT9L9J02QB" }

[12:11:49 INF] Handling GetUsersQuery { SourceContext: "AppWeaver.Mediator.Behaviors.LoggingBehavior", RequestId: "0HNLT9L9J02QB:0000000A", RequestPath: "/users", ConnectionId: "0HNLT9L9J02QB" }

[12:11:49 INF] Handled GetUsersQuery { SourceContext: "AppWeaver.Mediator.Behaviors.LoggingBehavior", RequestId: "0HNLT9L9J02QB:0000000A", RequestPath: "/users", ConnectionId: "0HNLT9L9J02QB" }

[12:11:49 INF] Setting HTTP status code 200. { EventId: { Id: 1, Name: "WritingResultAsStatusCode" }, SourceContext: "Microsoft.AspNetCore.Http.Result.OkObjectResult", RequestId: "0HNLT9L9J02QB:0000000A", RequestPath: "/users", ConnectionId: "0HNLT9L9J02QB" }

[12:11:49 INF] Writing value of type 'List`1' as Json. { EventId: { Id: 3, Name: "WritingResultAsJson" }, SourceContext: "Microsoft.AspNetCore.Http.Result.OkObjectResult", RequestId: "0HNLT9L9J02QB:0000000A", RequestPath: "/users", ConnectionId: "0HNLT9L9J02QB" }

[12:11:49 INF] Executed endpoint 'HTTP: GET /users' { EventId: { Id: 1, Name: "ExecutedEndpoint" }, SourceContext: "Microsoft.AspNetCore.Routing.EndpointMiddleware", RequestId: "0HNLT9L9J02QB:0000000A", RequestPath: "/users", ConnectionId: "0HNLT9L9J02QB" }

[12:11:50 INF] CORS policy execution successful. { EventId: { Id: 4, Name: "PolicySuccess" }, SourceContext: "Microsoft.AspNetCore.Cors.Infrastructure.CorsService", RequestId: "0HNLT9L9J02QB:0000000B", RequestPath: "/users/8beb5095-455b-4f62-8dfc-c47bf46e8aa2", ConnectionId: "0HNLT9L9J02QB" }

[12:11:50 INF] CORS policy execution successful. { EventId: { Id: 4, Name: "PolicySuccess" }, SourceContext: "Microsoft.AspNetCore.Cors.Infrastructure.CorsService", RequestId: "0HNLT9L9J02QB:0000000C", RequestPath: "/users/8beb5095-455b-4f62-8dfc-c47bf46e8aa2", ConnectionId: "0HNLT9L9J02QB" }

[12:11:50 INF] Executing endpoint 'HTTP: DELETE /users/{id}' { EventId: { Name: "ExecutingEndpoint" }, SourceContext: "Microsoft.AspNetCore.Routing.EndpointMiddleware", RequestId: "0HNLT9L9J02QB:0000000C", RequestPath: "/users/8beb5095-455b-4f62-8dfc-c47bf46e8aa2", ConnectionId: "0HNLT9L9J02QB" }

[12:11:50 INF] Handling DeleteUserCommand { SourceContext: "AppWeaver.Mediator.Behaviors.LoggingBehavior", RequestId: "0HNLT9L9J02QB:0000000C", RequestPath: "/users/8beb5095-455b-4f62-8dfc-c47bf46e8aa2", ConnectionId: "0HNLT9L9J02QB" }

[12:11:50 INF] Handled DeleteUserCommand { SourceContext: "AppWeaver.Mediator.Behaviors.LoggingBehavior", RequestId: "0HNLT9L9J02QB:0000000C", RequestPath: "/users/8beb5095-455b-4f62-8dfc-c47bf46e8aa2", ConnectionId: "0HNLT9L9J02QB" }

[12:11:50 INF] Setting HTTP status code 200. { EventId: { Id: 1, Name: "WritingResultAsStatusCode" }, SourceContext: "Microsoft.AspNetCore.Http.Result.OkObjectResult", RequestId: "0HNLT9L9J02QB:0000000C", RequestPath: "/users/8beb5095-455b-4f62-8dfc-c47bf46e8aa2", ConnectionId: "0HNLT9L9J02QB" }

[12:11:50 INF] Writing value of type 'Boolean' as Json. { EventId: { Id: 3, Name: "WritingResultAsJson" }, SourceContext: "Microsoft.AspNetCore.Http.Result.OkObjectResult", RequestId: "0HNLT9L9J02QB:0000000C", RequestPath: "/users/8beb5095-455b-4f62-8dfc-c47bf46e8aa2", ConnectionId: "0HNLT9L9J02QB" }

[12:11:50 INF] Executed endpoint 'HTTP: DELETE /users/{id}' { EventId: { Id: 1, Name: "ExecutedEndpoint" }, SourceContext: "Microsoft.AspNetCore.Routing.EndpointMiddleware", RequestId: "0HNLT9L9J02QB:0000000C", RequestPath: "/users/8beb5095-455b-4f62-8dfc-c47bf46e8aa2", ConnectionId: "0HNLT9L9J02QB" }

[12:11:50 INF] CORS policy execution successful. { EventId: { Id: 4, Name: "PolicySuccess" }, SourceContext: "Microsoft.AspNetCore.Cors.Infrastructure.CorsService", RequestId: "0HNLT9L9J02QB:0000000D", RequestPath: "/users", ConnectionId: "0HNLT9L9J02QB" }

[12:11:50 INF] Executing endpoint 'HTTP: GET /users' { EventId: { Name: "ExecutingEndpoint" }, SourceContext: "Microsoft.AspNetCore.Routing.EndpointMiddleware", RequestId: "0HNLT9L9J02QB:0000000D", RequestPath: "/users", ConnectionId: "0HNLT9L9J02QB" }

[12:11:50 INF] Handling GetUsersQuery { SourceContext: "AppWeaver.Mediator.Behaviors.LoggingBehavior", RequestId: "0HNLT9L9J02QB:0000000D", RequestPath: "/users", ConnectionId: "0HNLT9L9J02QB" }

[12:11:50 INF] Handled GetUsersQuery { SourceContext: "AppWeaver.Mediator.Behaviors.LoggingBehavior", RequestId: "0HNLT9L9J02QB:0000000D", RequestPath: "/users", ConnectionId: "0HNLT9L9J02QB" }

[12:11:50 INF] Setting HTTP status code 200. { EventId: { Id: 1, Name: "WritingResultAsStatusCode" }, SourceContext: "Microsoft.AspNetCore.Http.Result.OkObjectResult", RequestId: "0HNLT9L9J02QB:0000000D", RequestPath: "/users", ConnectionId: "0HNLT9L9J02QB" }

[12:11:50 INF] Writing value of type 'List`1' as Json. { EventId: { Id: 3, Name: "WritingResultAsJson" }, SourceContext: "Microsoft.AspNetCore.Http.Result.OkObjectResult", RequestId: "0HNLT9L9J02QB:0000000D", RequestPath: "/users", ConnectionId: "0HNLT9L9J02QB" }

[12:11:50 INF] Executed endpoint 'HTTP: GET /users' { EventId: { Id: 1, Name: "ExecutedEndpoint" }, SourceContext: "Microsoft.AspNetCore.Routing.EndpointMiddleware", RequestId: "0HNLT9L9J02QB:0000000D", RequestPath: "/users", ConnectionId: "0HNLT9L9J02QB" }

[12:11:59 INF] CORS policy execution successful. { EventId: { Id: 4, Name: "PolicySuccess" }, SourceContext: "Microsoft.AspNetCore.Cors.Infrastructure.CorsService", RequestId: "0HNLT9L9J02QB:0000000E", RequestPath: "/users/26d450ef-cd95-4b12-81a4-d22cc16bc506", ConnectionId: "0HNLT9L9J02QB" }

[12:11:59 INF] CORS policy execution successful. { EventId: { Id: 4, Name: "PolicySuccess" }, SourceContext: "Microsoft.AspNetCore.Cors.Infrastructure.CorsService", RequestId: "0HNLT9L9J02QB:0000000F", RequestPath: "/users/26d450ef-cd95-4b12-81a4-d22cc16bc506", ConnectionId: "0HNLT9L9J02QB" }

[12:11:59 INF] Executing endpoint 'HTTP: DELETE /users/{id}' { EventId: { Name: "ExecutingEndpoint" }, SourceContext: "Microsoft.AspNetCore.Routing.EndpointMiddleware", RequestId: "0HNLT9L9J02QB:0000000F", RequestPath: "/users/26d450ef-cd95-4b12-81a4-d22cc16bc506", ConnectionId: "0HNLT9L9J02QB" }

[12:11:59 INF] Handling DeleteUserCommand { SourceContext: "AppWeaver.Mediator.Behaviors.LoggingBehavior", RequestId: "0HNLT9L9J02QB:0000000F", RequestPath: "/users/26d450ef-cd95-4b12-81a4-d22cc16bc506", ConnectionId: "0HNLT9L9J02QB" }

[12:11:59 INF] Handled DeleteUserCommand { SourceContext: "AppWeaver.Mediator.Behaviors.LoggingBehavior", RequestId: "0HNLT9L9J02QB:0000000F", RequestPath: "/users/26d450ef-cd95-4b12-81a4-d22cc16bc506", ConnectionId: "0HNLT9L9J02QB" }

[12:11:59 INF] Setting HTTP status code 200. { EventId: { Id: 1, Name: "WritingResultAsStatusCode" }, SourceContext: "Microsoft.AspNetCore.Http.Result.OkObjectResult", RequestId: "0HNLT9L9J02QB:0000000F", RequestPath: "/users/26d450ef-cd95-4b12-81a4-d22cc16bc506", ConnectionId: "0HNLT9L9J02QB" }

[12:11:59 INF] Writing value of type 'Boolean' as Json. { EventId: { Id: 3, Name: "WritingResultAsJson" }, SourceContext: "Microsoft.AspNetCore.Http.Result.OkObjectResult", RequestId: "0HNLT9L9J02QB:0000000F", RequestPath: "/users/26d450ef-cd95-4b12-81a4-d22cc16bc506", ConnectionId: "0HNLT9L9J02QB" }

[12:11:59 INF] Executed endpoint 'HTTP: DELETE /users/{id}' { EventId: { Id: 1, Name: "ExecutedEndpoint" }, SourceContext: "Microsoft.AspNetCore.Routing.EndpointMiddleware", RequestId: "0HNLT9L9J02QB:0000000F", RequestPath: "/users/26d450ef-cd95-4b12-81a4-d22cc16bc506", ConnectionId: "0HNLT9L9J02QB" }

[12:11:59 INF] CORS policy execution successful. { EventId: { Id: 4, Name: "PolicySuccess" }, SourceContext: "Microsoft.AspNetCore.Cors.Infrastructure.CorsService", RequestId: "0HNLT9L9J02QB:00000010", RequestPath: "/users", ConnectionId: "0HNLT9L9J02QB" }

[12:11:59 INF] CORS policy execution successful. { EventId: { Id: 4, Name: "PolicySuccess" }, SourceContext: "Microsoft.AspNetCore.Cors.Infrastructure.CorsService", RequestId: "0HNLT9L9J02QB:00000011", RequestPath: "/users", ConnectionId: "0HNLT9L9J02QB" }

[12:11:59 INF] Executing endpoint 'HTTP: GET /users' { EventId: { Name: "ExecutingEndpoint" }, SourceContext: "Microsoft.AspNetCore.Routing.EndpointMiddleware", RequestId: "0HNLT9L9J02QB:00000011", RequestPath: "/users", ConnectionId: "0HNLT9L9J02QB" }

[12:11:59 INF] Handling GetUsersQuery { SourceContext: "AppWeaver.Mediator.Behaviors.LoggingBehavior", RequestId: "0HNLT9L9J02QB:00000011", RequestPath: "/users", ConnectionId: "0HNLT9L9J02QB" }

[12:11:59 INF] Handled GetUsersQuery { SourceContext: "AppWeaver.Mediator.Behaviors.LoggingBehavior", RequestId: "0HNLT9L9J02QB:00000011", RequestPath: "/users", ConnectionId: "0HNLT9L9J02QB" }

[12:11:59 INF] Setting HTTP status code 200. { EventId: { Id: 1, Name: "WritingResultAsStatusCode" }, SourceContext: "Microsoft.AspNetCore.Http.Result.OkObjectResult", RequestId: "0HNLT9L9J02QB:00000011", RequestPath: "/users", ConnectionId: "0HNLT9L9J02QB" }

[12:11:59 INF] Writing value of type 'List`1' as Json. { EventId: { Id: 3, Name: "WritingResultAsJson" }, SourceContext: "Microsoft.AspNetCore.Http.Result.OkObjectResult", RequestId: "0HNLT9L9J02QB:00000011", RequestPath: "/users", ConnectionId: "0HNLT9L9J02QB" }

[12:11:59 INF] Executed endpoint 'HTTP: GET /users' { EventId: { Id: 1, Name: "ExecutedEndpoint" }, SourceContext: "Microsoft.AspNetCore.Routing.EndpointMiddleware", RequestId: "0HNLT9L9J02QB:00000011", RequestPath: "/users", ConnectionId: "0HNLT9L9J02QB" }

[12:17:11 INF] CORS policy execution successful. { EventId: { Id: 4, Name: "PolicySuccess" }, SourceContext: "Microsoft.AspNetCore.Cors.Infrastructure.CorsService", RequestId: "0HNLT9L9J02QC:00000001", RequestPath: "/users", ConnectionId: "0HNLT9L9J02QC" }

[12:17:11 INF] CORS policy execution successful. { EventId: { Id: 4, Name: "PolicySuccess" }, SourceContext: "Microsoft.AspNetCore.Cors.Infrastructure.CorsService", RequestId: "0HNLT9L9J02QD:00000001", RequestPath: "/departments", ConnectionId: "0HNLT9L9J02QD" }

[12:17:11 INF] CORS policy execution successful. { EventId: { Id: 4, Name: "PolicySuccess" }, SourceContext: "Microsoft.AspNetCore.Cors.Infrastructure.CorsService", RequestId: "0HNLT9L9J02QE:00000001", RequestPath: "/roles", ConnectionId: "0HNLT9L9J02QE" }

[12:17:11 INF] CORS policy execution successful. { EventId: { Id: 4, Name: "PolicySuccess" }, SourceContext: "Microsoft.AspNetCore.Cors.Infrastructure.CorsService", RequestId: "0HNLT9L9J02QD:00000002", RequestPath: "/users", ConnectionId: "0HNLT9L9J02QD" }

[12:17:11 INF] CORS policy execution successful. { EventId: { Id: 4, Name: "PolicySuccess" }, SourceContext: "Microsoft.AspNetCore.Cors.Infrastructure.CorsService", RequestId: "0HNLT9L9J02QC:00000002", RequestPath: "/departments", ConnectionId: "0HNLT9L9J02QC" }

[12:17:11 INF] CORS policy execution successful. { EventId: { Id: 4, Name: "PolicySuccess" }, SourceContext: "Microsoft.AspNetCore.Cors.Infrastructure.CorsService", RequestId: "0HNLT9L9J02QE:00000002", RequestPath: "/roles", ConnectionId: "0HNLT9L9J02QE" }

[12:17:11 INF] Executing endpoint 'HTTP: GET /users' { EventId: { Name: "ExecutingEndpoint" }, SourceContext: "Microsoft.AspNetCore.Routing.EndpointMiddleware", RequestId: "0HNLT9L9J02QD:00000002", RequestPath: "/users", ConnectionId: "0HNLT9L9J02QD" }

[12:17:11 INF] Executing endpoint 'HTTP: GET /roles' { EventId: { Name: "ExecutingEndpoint" }, SourceContext: "Microsoft.AspNetCore.Routing.EndpointMiddleware", RequestId: "0HNLT9L9J02QE:00000002", RequestPath: "/roles", ConnectionId: "0HNLT9L9J02QE" }

[12:17:11 INF] Executing endpoint 'HTTP: GET /departments' { EventId: { Name: "ExecutingEndpoint" }, SourceContext: "Microsoft.AspNetCore.Routing.EndpointMiddleware", RequestId: "0HNLT9L9J02QC:00000002", RequestPath: "/departments", ConnectionId: "0HNLT9L9J02QC" }

[12:17:11 INF] Handling GetUsersQuery { SourceContext: "AppWeaver.Mediator.Behaviors.LoggingBehavior", RequestId: "0HNLT9L9J02QD:00000002", RequestPath: "/users", ConnectionId: "0HNLT9L9J02QD" }

[12:17:11 INF] Handling GetDepartmentsQuery { SourceContext: "AppWeaver.Mediator.Behaviors.LoggingBehavior", RequestId: "0HNLT9L9J02QC:00000002", RequestPath: "/departments", ConnectionId: "0HNLT9L9J02QC" }

[12:17:11 INF] Handling GetRolesQuery { SourceContext: "AppWeaver.Mediator.Behaviors.LoggingBehavior", RequestId: "0HNLT9L9J02QE:00000002", RequestPath: "/roles", ConnectionId: "0HNLT9L9J02QE" }

[12:17:11 INF] Handled GetDepartmentsQuery { SourceContext: "AppWeaver.Mediator.Behaviors.LoggingBehavior", RequestId: "0HNLT9L9J02QC:00000002", RequestPath: "/departments", ConnectionId: "0HNLT9L9J02QC" }

[12:17:11 INF] Handled GetRolesQuery { SourceContext: "AppWeaver.Mediator.Behaviors.LoggingBehavior", RequestId: "0HNLT9L9J02QE:00000002", RequestPath: "/roles", ConnectionId: "0HNLT9L9J02QE" }

[12:17:11 INF] Handled GetUsersQuery { SourceContext: "AppWeaver.Mediator.Behaviors.LoggingBehavior", RequestId: "0HNLT9L9J02QD:00000002", RequestPath: "/users", ConnectionId: "0HNLT9L9J02QD" }

[12:17:11 INF] Setting HTTP status code 200. { EventId: { Id: 1, Name: "WritingResultAsStatusCode" }, SourceContext: "Microsoft.AspNetCore.Http.Result.OkObjectResult", RequestId: "0HNLT9L9J02QD:00000002", RequestPath: "/users", ConnectionId: "0HNLT9L9J02QD" }

[12:17:11 INF] Executed endpoint 'HTTP: GET /roles' { EventId: { Id: 1, Name: "ExecutedEndpoint" }, SourceContext: "Microsoft.AspNetCore.Routing.EndpointMiddleware", RequestId: "0HNLT9L9J02QE:00000002", RequestPath: "/roles", ConnectionId: "0HNLT9L9J02QE" }

[12:17:11 INF] Executed endpoint 'HTTP: GET /departments' { EventId: { Id: 1, Name: "ExecutedEndpoint" }, SourceContext: "Microsoft.AspNetCore.Routing.EndpointMiddleware", RequestId: "0HNLT9L9J02QC:00000002", RequestPath: "/departments", ConnectionId: "0HNLT9L9J02QC" }

[12:17:11 INF] Writing value of type 'List`1' as Json. { EventId: { Id: 3, Name: "WritingResultAsJson" }, SourceContext: "Microsoft.AspNetCore.Http.Result.OkObjectResult", RequestId: "0HNLT9L9J02QD:00000002", RequestPath: "/users", ConnectionId: "0HNLT9L9J02QD" }

[12:17:11 INF] Executed endpoint 'HTTP: GET /users' { EventId: { Id: 1, Name: "ExecutedEndpoint" }, SourceContext: "Microsoft.AspNetCore.Routing.EndpointMiddleware", RequestId: "0HNLT9L9J02QD:00000002", RequestPath: "/users", ConnectionId: "0HNLT9L9J02QD" }

[12:22:06 INF] CORS policy execution successful. { EventId: { Id: 4, Name: "PolicySuccess" }, SourceContext: "Microsoft.AspNetCore.Cors.Infrastructure.CorsService", RequestId: "0HNLT9L9J02QH:00000001", RequestPath: "/users", ConnectionId: "0HNLT9L9J02QH" }

[12:22:06 INF] CORS policy execution successful. { EventId: { Id: 4, Name: "PolicySuccess" }, SourceContext: "Microsoft.AspNetCore.Cors.Infrastructure.CorsService", RequestId: "0HNLT9L9J02QG:00000001", RequestPath: "/roles", ConnectionId: "0HNLT9L9J02QG" }

[12:22:06 INF] CORS policy execution successful. { EventId: { Id: 4, Name: "PolicySuccess" }, SourceContext: "Microsoft.AspNetCore.Cors.Infrastructure.CorsService", RequestId: "0HNLT9L9J02QF:00000001", RequestPath: "/departments", ConnectionId: "0HNLT9L9J02QF" }

[12:22:06 INF] CORS policy execution successful. { EventId: { Id: 4, Name: "PolicySuccess" }, SourceContext: "Microsoft.AspNetCore.Cors.Infrastructure.CorsService", RequestId: "0HNLT9L9J02QH:00000002", RequestPath: "/users", ConnectionId: "0HNLT9L9J02QH" }

[12:22:06 INF] CORS policy execution successful. { EventId: { Id: 4, Name: "PolicySuccess" }, SourceContext: "Microsoft.AspNetCore.Cors.Infrastructure.CorsService", RequestId: "0HNLT9L9J02QG:00000002", RequestPath: "/departments", ConnectionId: "0HNLT9L9J02QG" }

[12:22:06 INF] CORS policy execution successful. { EventId: { Id: 4, Name: "PolicySuccess" }, SourceContext: "Microsoft.AspNetCore.Cors.Infrastructure.CorsService", RequestId: "0HNLT9L9J02QF:00000002", RequestPath: "/roles", ConnectionId: "0HNLT9L9J02QF" }

[12:22:06 INF] Executing endpoint 'HTTP: GET /departments' { EventId: { Name: "ExecutingEndpoint" }, SourceContext: "Microsoft.AspNetCore.Routing.EndpointMiddleware", RequestId: "0HNLT9L9J02QG:00000002", RequestPath: "/departments", ConnectionId: "0HNLT9L9J02QG" }

[12:22:06 INF] Executing endpoint 'HTTP: GET /users' { EventId: { Name: "ExecutingEndpoint" }, SourceContext: "Microsoft.AspNetCore.Routing.EndpointMiddleware", RequestId: "0HNLT9L9J02QH:00000002", RequestPath: "/users", ConnectionId: "0HNLT9L9J02QH" }

[12:22:06 INF] Executing endpoint 'HTTP: GET /roles' { EventId: { Name: "ExecutingEndpoint" }, SourceContext: "Microsoft.AspNetCore.Routing.EndpointMiddleware", RequestId: "0HNLT9L9J02QF:00000002", RequestPath: "/roles", ConnectionId: "0HNLT9L9J02QF" }

[12:22:06 INF] Handling GetUsersQuery { SourceContext: "AppWeaver.Mediator.Behaviors.LoggingBehavior", RequestId: "0HNLT9L9J02QH:00000002", RequestPath: "/users", ConnectionId: "0HNLT9L9J02QH" }

[12:22:06 INF] Handling GetDepartmentsQuery { SourceContext: "AppWeaver.Mediator.Behaviors.LoggingBehavior", RequestId: "0HNLT9L9J02QG:00000002", RequestPath: "/departments", ConnectionId: "0HNLT9L9J02QG" }

[12:22:06 INF] Handling GetRolesQuery { SourceContext: "AppWeaver.Mediator.Behaviors.LoggingBehavior", RequestId: "0HNLT9L9J02QF:00000002", RequestPath: "/roles", ConnectionId: "0HNLT9L9J02QF" }

[12:22:06 INF] Handled GetRolesQuery { SourceContext: "AppWeaver.Mediator.Behaviors.LoggingBehavior", RequestId: "0HNLT9L9J02QF:00000002", RequestPath: "/roles", ConnectionId: "0HNLT9L9J02QF" }

[12:22:06 INF] Handled GetDepartmentsQuery { SourceContext: "AppWeaver.Mediator.Behaviors.LoggingBehavior", RequestId: "0HNLT9L9J02QG:00000002", RequestPath: "/departments", ConnectionId: "0HNLT9L9J02QG" }

[12:22:06 INF] Executed endpoint 'HTTP: GET /departments' { EventId: { Id: 1, Name: "ExecutedEndpoint" }, SourceContext: "Microsoft.AspNetCore.Routing.EndpointMiddleware", RequestId: "0HNLT9L9J02QG:00000002", RequestPath: "/departments", ConnectionId: "0HNLT9L9J02QG" }

[12:22:06 INF] Executed endpoint 'HTTP: GET /roles' { EventId: { Id: 1, Name: "ExecutedEndpoint" }, SourceContext: "Microsoft.AspNetCore.Routing.EndpointMiddleware", RequestId: "0HNLT9L9J02QF:00000002", RequestPath: "/roles", ConnectionId: "0HNLT9L9J02QF" }

[12:22:06 INF] Handled GetUsersQuery { SourceContext: "AppWeaver.Mediator.Behaviors.LoggingBehavior", RequestId: "0HNLT9L9J02QH:00000002", RequestPath: "/users", ConnectionId: "0HNLT9L9J02QH" }

[12:22:06 INF] Setting HTTP status code 200. { EventId: { Id: 1, Name: "WritingResultAsStatusCode" }, SourceContext: "Microsoft.AspNetCore.Http.Result.OkObjectResult", RequestId: "0HNLT9L9J02QH:00000002", RequestPath: "/users", ConnectionId: "0HNLT9L9J02QH" }

[12:22:06 INF] Writing value of type 'List`1' as Json. { EventId: { Id: 3, Name: "WritingResultAsJson" }, SourceContext: "Microsoft.AspNetCore.Http.Result.OkObjectResult", RequestId: "0HNLT9L9J02QH:00000002", RequestPath: "/users", ConnectionId: "0HNLT9L9J02QH" }

[12:22:06 INF] Executed endpoint 'HTTP: GET /users' { EventId: { Id: 1, Name: "ExecutedEndpoint" }, SourceContext: "Microsoft.AspNetCore.Routing.EndpointMiddleware", RequestId: "0HNLT9L9J02QH:00000002", RequestPath: "/users", ConnectionId: "0HNLT9L9J02QH" }

[12:22:33 INF] CORS policy execution successful. { EventId: { Id: 4, Name: "PolicySuccess" }, SourceContext: "Microsoft.AspNetCore.Cors.Infrastructure.CorsService", RequestId: "0HNLT9L9J02QH:00000003", RequestPath: "/users", ConnectionId: "0HNLT9L9J02QH" }

[12:22:33 INF] CORS policy execution successful. { EventId: { Id: 4, Name: "PolicySuccess" }, SourceContext: "Microsoft.AspNetCore.Cors.Infrastructure.CorsService", RequestId: "0HNLT9L9J02QF:00000003", RequestPath: "/roles", ConnectionId: "0HNLT9L9J02QF" }

[12:22:33 INF] CORS policy execution successful. { EventId: { Id: 4, Name: "PolicySuccess" }, SourceContext: "Microsoft.AspNetCore.Cors.Infrastructure.CorsService", RequestId: "0HNLT9L9J02QG:00000003", RequestPath: "/departments", ConnectionId: "0HNLT9L9J02QG" }

[12:22:33 INF] CORS policy execution successful. { EventId: { Id: 4, Name: "PolicySuccess" }, SourceContext: "Microsoft.AspNetCore.Cors.Infrastructure.CorsService", RequestId: "0HNLT9L9J02QG:00000004", RequestPath: "/users", ConnectionId: "0HNLT9L9J02QG" }

[12:22:33 INF] Executing endpoint 'HTTP: GET /users' { EventId: { Name: "ExecutingEndpoint" }, SourceContext: "Microsoft.AspNetCore.Routing.EndpointMiddleware", RequestId: "0HNLT9L9J02QG:00000004", RequestPath: "/users", ConnectionId: "0HNLT9L9J02QG" }

[12:22:33 INF] Handling GetUsersQuery { SourceContext: "AppWeaver.Mediator.Behaviors.LoggingBehavior", RequestId: "0HNLT9L9J02QG:00000004", RequestPath: "/users", ConnectionId: "0HNLT9L9J02QG" }

[12:22:33 INF] CORS policy execution successful. { EventId: { Id: 4, Name: "PolicySuccess" }, SourceContext: "Microsoft.AspNetCore.Cors.Infrastructure.CorsService", RequestId: "0HNLT9L9J02QF:00000004", RequestPath: "/roles", ConnectionId: "0HNLT9L9J02QF" }

[12:22:33 INF] CORS policy execution successful. { EventId: { Id: 4, Name: "PolicySuccess" }, SourceContext: "Microsoft.AspNetCore.Cors.Infrastructure.CorsService", RequestId: "0HNLT9L9J02QH:00000004", RequestPath: "/departments", ConnectionId: "0HNLT9L9J02QH" }

[12:22:33 INF] Executing endpoint 'HTTP: GET /roles' { EventId: { Name: "ExecutingEndpoint" }, SourceContext: "Microsoft.AspNetCore.Routing.EndpointMiddleware", RequestId: "0HNLT9L9J02QF:00000004", RequestPath: "/roles", ConnectionId: "0HNLT9L9J02QF" }

[12:22:33 INF] Handling GetRolesQuery { SourceContext: "AppWeaver.Mediator.Behaviors.LoggingBehavior", RequestId: "0HNLT9L9J02QF:00000004", RequestPath: "/roles", ConnectionId: "0HNLT9L9J02QF" }

[12:22:33 INF] Executing endpoint 'HTTP: GET /departments' { EventId: { Name: "ExecutingEndpoint" }, SourceContext: "Microsoft.AspNetCore.Routing.EndpointMiddleware", RequestId: "0HNLT9L9J02QH:00000004", RequestPath: "/departments", ConnectionId: "0HNLT9L9J02QH" }

[12:22:33 INF] Handling GetDepartmentsQuery { SourceContext: "AppWeaver.Mediator.Behaviors.LoggingBehavior", RequestId: "0HNLT9L9J02QH:00000004", RequestPath: "/departments", ConnectionId: "0HNLT9L9J02QH" }

[12:22:33 INF] Handled GetDepartmentsQuery { SourceContext: "AppWeaver.Mediator.Behaviors.LoggingBehavior", RequestId: "0HNLT9L9J02QH:00000004", RequestPath: "/departments", ConnectionId: "0HNLT9L9J02QH" }

[12:22:33 INF] Handled GetRolesQuery { SourceContext: "AppWeaver.Mediator.Behaviors.LoggingBehavior", RequestId: "0HNLT9L9J02QF:00000004", RequestPath: "/roles", ConnectionId: "0HNLT9L9J02QF" }

[12:22:33 INF] Handled GetUsersQuery { SourceContext: "AppWeaver.Mediator.Behaviors.LoggingBehavior", RequestId: "0HNLT9L9J02QG:00000004", RequestPath: "/users", ConnectionId: "0HNLT9L9J02QG" }

[12:22:33 INF] Setting HTTP status code 200. { EventId: { Id: 1, Name: "WritingResultAsStatusCode" }, SourceContext: "Microsoft.AspNetCore.Http.Result.OkObjectResult", RequestId: "0HNLT9L9J02QG:00000004", RequestPath: "/users", ConnectionId: "0HNLT9L9J02QG" }

[12:22:33 INF] Executed endpoint 'HTTP: GET /departments' { EventId: { Id: 1, Name: "ExecutedEndpoint" }, SourceContext: "Microsoft.AspNetCore.Routing.EndpointMiddleware", RequestId: "0HNLT9L9J02QH:00000004", RequestPath: "/departments", ConnectionId: "0HNLT9L9J02QH" }

[12:22:33 INF] Writing value of type 'List`1' as Json. { EventId: { Id: 3, Name: "WritingResultAsJson" }, SourceContext: "Microsoft.AspNetCore.Http.Result.OkObjectResult", RequestId: "0HNLT9L9J02QG:00000004", RequestPath: "/users", ConnectionId: "0HNLT9L9J02QG" }

[12:22:33 INF] Executed endpoint 'HTTP: GET /users' { EventId: { Id: 1, Name: "ExecutedEndpoint" }, SourceContext: "Microsoft.AspNetCore.Routing.EndpointMiddleware", RequestId: "0HNLT9L9J02QG:00000004", RequestPath: "/users", ConnectionId: "0HNLT9L9J02QG" }

[12:22:33 INF] Executed endpoint 'HTTP: GET /roles' { EventId: { Id: 1, Name: "ExecutedEndpoint" }, SourceContext: "Microsoft.AspNetCore.Routing.EndpointMiddleware", RequestId: "0HNLT9L9J02QF:00000004", RequestPath: "/roles", ConnectionId: "0HNLT9L9J02QF" }

[12:23:37 INF] CORS policy execution successful. { EventId: { Id: 4, Name: "PolicySuccess" }, SourceContext: "Microsoft.AspNetCore.Cors.Infrastructure.CorsService", RequestId: "0HNLT9L9J02QF:00000005", RequestPath: "/users", ConnectionId: "0HNLT9L9J02QF" }

[12:23:37 INF] CORS policy execution successful. { EventId: { Id: 4, Name: "PolicySuccess" }, SourceContext: "Microsoft.AspNetCore.Cors.Infrastructure.CorsService", RequestId: "0HNLT9L9J02QG:00000005", RequestPath: "/departments", ConnectionId: "0HNLT9L9J02QG" }

[12:23:37 INF] CORS policy execution successful. { EventId: { Id: 4, Name: "PolicySuccess" }, SourceContext: "Microsoft.AspNetCore.Cors.Infrastructure.CorsService", RequestId: "0HNLT9L9J02QH:00000005", RequestPath: "/roles", ConnectionId: "0HNLT9L9J02QH" }

[12:23:37 INF] CORS policy execution successful. { EventId: { Id: 4, Name: "PolicySuccess" }, SourceContext: "Microsoft.AspNetCore.Cors.Infrastructure.CorsService", RequestId: "0HNLT9L9J02QH:00000006", RequestPath: "/users", ConnectionId: "0HNLT9L9J02QH" }

[12:23:37 INF] CORS policy execution successful. { EventId: { Id: 4, Name: "PolicySuccess" }, SourceContext: "Microsoft.AspNetCore.Cors.Infrastructure.CorsService", RequestId: "0HNLT9L9J02QF:00000006", RequestPath: "/departments", ConnectionId: "0HNLT9L9J02QF" }

[12:23:37 INF] CORS policy execution successful. { EventId: { Id: 4, Name: "PolicySuccess" }, SourceContext: "Microsoft.AspNetCore.Cors.Infrastructure.CorsService", RequestId: "0HNLT9L9J02QG:00000006", RequestPath: "/roles", ConnectionId: "0HNLT9L9J02QG" }

[12:23:37 INF] Executing endpoint 'HTTP: GET /departments' { EventId: { Name: "ExecutingEndpoint" }, SourceContext: "Microsoft.AspNetCore.Routing.EndpointMiddleware", RequestId: "0HNLT9L9J02QF:00000006", RequestPath: "/departments", ConnectionId: "0HNLT9L9J02QF" }

[12:23:37 INF] Executing endpoint 'HTTP: GET /users' { EventId: { Name: "ExecutingEndpoint" }, SourceContext: "Microsoft.AspNetCore.Routing.EndpointMiddleware", RequestId: "0HNLT9L9J02QH:00000006", RequestPath: "/users", ConnectionId: "0HNLT9L9J02QH" }

[12:23:37 INF] Executing endpoint 'HTTP: GET /roles' { EventId: { Name: "ExecutingEndpoint" }, SourceContext: "Microsoft.AspNetCore.Routing.EndpointMiddleware", RequestId: "0HNLT9L9J02QG:00000006", RequestPath: "/roles", ConnectionId: "0HNLT9L9J02QG" }

[12:23:37 INF] Handling GetDepartmentsQuery { SourceContext: "AppWeaver.Mediator.Behaviors.LoggingBehavior", RequestId: "0HNLT9L9J02QF:00000006", RequestPath: "/departments", ConnectionId: "0HNLT9L9J02QF" }

[12:23:37 INF] Handling GetRolesQuery { SourceContext: "AppWeaver.Mediator.Behaviors.LoggingBehavior", RequestId: "0HNLT9L9J02QG:00000006", RequestPath: "/roles", ConnectionId: "0HNLT9L9J02QG" }

[12:23:37 INF] Handling GetUsersQuery { SourceContext: "AppWeaver.Mediator.Behaviors.LoggingBehavior", RequestId: "0HNLT9L9J02QH:00000006", RequestPath: "/users", ConnectionId: "0HNLT9L9J02QH" }

[12:23:37 INF] Handled GetDepartmentsQuery { SourceContext: "AppWeaver.Mediator.Behaviors.LoggingBehavior", RequestId: "0HNLT9L9J02QF:00000006", RequestPath: "/departments", ConnectionId: "0HNLT9L9J02QF" }

[12:23:37 INF] Handled GetRolesQuery { SourceContext: "AppWeaver.Mediator.Behaviors.LoggingBehavior", RequestId: "0HNLT9L9J02QG:00000006", RequestPath: "/roles", ConnectionId: "0HNLT9L9J02QG" }

[12:23:37 INF] Executed endpoint 'HTTP: GET /departments' { EventId: { Id: 1, Name: "ExecutedEndpoint" }, SourceContext: "Microsoft.AspNetCore.Routing.EndpointMiddleware", RequestId: "0HNLT9L9J02QF:00000006", RequestPath: "/departments", ConnectionId: "0HNLT9L9J02QF" }

[12:23:37 INF] Executed endpoint 'HTTP: GET /roles' { EventId: { Id: 1, Name: "ExecutedEndpoint" }, SourceContext: "Microsoft.AspNetCore.Routing.EndpointMiddleware", RequestId: "0HNLT9L9J02QG:00000006", RequestPath: "/roles", ConnectionId: "0HNLT9L9J02QG" }

[12:23:37 INF] Handled GetUsersQuery { SourceContext: "AppWeaver.Mediator.Behaviors.LoggingBehavior", RequestId: "0HNLT9L9J02QH:00000006", RequestPath: "/users", ConnectionId: "0HNLT9L9J02QH" }

[12:23:37 INF] Setting HTTP status code 200. { EventId: { Id: 1, Name: "WritingResultAsStatusCode" }, SourceContext: "Microsoft.AspNetCore.Http.Result.OkObjectResult", RequestId: "0HNLT9L9J02QH:00000006", RequestPath: "/users", ConnectionId: "0HNLT9L9J02QH" }

[12:23:37 INF] Writing value of type 'List`1' as Json. { EventId: { Id: 3, Name: "WritingResultAsJson" }, SourceContext: "Microsoft.AspNetCore.Http.Result.OkObjectResult", RequestId: "0HNLT9L9J02QH:00000006", RequestPath: "/users", ConnectionId: "0HNLT9L9J02QH" }

[12:23:37 INF] Executed endpoint 'HTTP: GET /users' { EventId: { Id: 1, Name: "ExecutedEndpoint" }, SourceContext: "Microsoft.AspNetCore.Routing.EndpointMiddleware", RequestId: "0HNLT9L9J02QH:00000006", RequestPath: "/users", ConnectionId: "0HNLT9L9J02QH" }

[12:23:51 INF] CORS policy execution successful. { EventId: { Id: 4, Name: "PolicySuccess" }, SourceContext: "Microsoft.AspNetCore.Cors.Infrastructure.CorsService", RequestId: "0HNLT9L9J02QH:00000007", RequestPath: "/users", ConnectionId: "0HNLT9L9J02QH" }

[12:23:51 INF] CORS policy execution successful. { EventId: { Id: 4, Name: "PolicySuccess" }, SourceContext: "Microsoft.AspNetCore.Cors.Infrastructure.CorsService", RequestId: "0HNLT9L9J02QF:00000007", RequestPath: "/roles", ConnectionId: "0HNLT9L9J02QF" }

[12:23:51 INF] CORS policy execution successful. { EventId: { Id: 4, Name: "PolicySuccess" }, SourceContext: "Microsoft.AspNetCore.Cors.Infrastructure.CorsService", RequestId: "0HNLT9L9J02QH:00000008", RequestPath: "/departments", ConnectionId: "0HNLT9L9J02QH" }

[12:23:51 INF] CORS policy execution successful. { EventId: { Id: 4, Name: "PolicySuccess" }, SourceContext: "Microsoft.AspNetCore.Cors.Infrastructure.CorsService", RequestId: "0HNLT9L9J02QG:00000007", RequestPath: "/users", ConnectionId: "0HNLT9L9J02QG" }

[12:23:51 INF] Executing endpoint 'HTTP: GET /users' { EventId: { Name: "ExecutingEndpoint" }, SourceContext: "Microsoft.AspNetCore.Routing.EndpointMiddleware", RequestId: "0HNLT9L9J02QG:00000007", RequestPath: "/users", ConnectionId: "0HNLT9L9J02QG" }

[12:23:51 INF] Handling GetUsersQuery { SourceContext: "AppWeaver.Mediator.Behaviors.LoggingBehavior", RequestId: "0HNLT9L9J02QG:00000007", RequestPath: "/users", ConnectionId: "0HNLT9L9J02QG" }

[12:23:51 INF] CORS policy execution successful. { EventId: { Id: 4, Name: "PolicySuccess" }, SourceContext: "Microsoft.AspNetCore.Cors.Infrastructure.CorsService", RequestId: "0HNLT9L9J02QH:00000009", RequestPath: "/roles", ConnectionId: "0HNLT9L9J02QH" }

[12:23:51 INF] Executing endpoint 'HTTP: GET /roles' { EventId: { Name: "ExecutingEndpoint" }, SourceContext: "Microsoft.AspNetCore.Routing.EndpointMiddleware", RequestId: "0HNLT9L9J02QH:00000009", RequestPath: "/roles", ConnectionId: "0HNLT9L9J02QH" }

[12:23:51 INF] Handling GetRolesQuery { SourceContext: "AppWeaver.Mediator.Behaviors.LoggingBehavior", RequestId: "0HNLT9L9J02QH:00000009", RequestPath: "/roles", ConnectionId: "0HNLT9L9J02QH" }

[12:23:51 INF] CORS policy execution successful. { EventId: { Id: 4, Name: "PolicySuccess" }, SourceContext: "Microsoft.AspNetCore.Cors.Infrastructure.CorsService", RequestId: "0HNLT9L9J02QF:00000008", RequestPath: "/departments", ConnectionId: "0HNLT9L9J02QF" }

[12:23:51 INF] Executing endpoint 'HTTP: GET /departments' { EventId: { Name: "ExecutingEndpoint" }, SourceContext: "Microsoft.AspNetCore.Routing.EndpointMiddleware", RequestId: "0HNLT9L9J02QF:00000008", RequestPath: "/departments", ConnectionId: "0HNLT9L9J02QF" }

[12:23:51 INF] Handling GetDepartmentsQuery { SourceContext: "AppWeaver.Mediator.Behaviors.LoggingBehavior", RequestId: "0HNLT9L9J02QF:00000008", RequestPath: "/departments", ConnectionId: "0HNLT9L9J02QF" }

[12:23:51 INF] Handled GetUsersQuery { SourceContext: "AppWeaver.Mediator.Behaviors.LoggingBehavior", RequestId: "0HNLT9L9J02QG:00000007", RequestPath: "/users", ConnectionId: "0HNLT9L9J02QG" }

[12:23:51 INF] Setting HTTP status code 200. { EventId: { Id: 1, Name: "WritingResultAsStatusCode" }, SourceContext: "Microsoft.AspNetCore.Http.Result.OkObjectResult", RequestId: "0HNLT9L9J02QG:00000007", RequestPath: "/users", ConnectionId: "0HNLT9L9J02QG" }

[12:23:51 INF] Writing value of type 'List`1' as Json. { EventId: { Id: 3, Name: "WritingResultAsJson" }, SourceContext: "Microsoft.AspNetCore.Http.Result.OkObjectResult", RequestId: "0HNLT9L9J02QG:00000007", RequestPath: "/users", ConnectionId: "0HNLT9L9J02QG" }

[12:23:51 INF] Executed endpoint 'HTTP: GET /users' { EventId: { Id: 1, Name: "ExecutedEndpoint" }, SourceContext: "Microsoft.AspNetCore.Routing.EndpointMiddleware", RequestId: "0HNLT9L9J02QG:00000007", RequestPath: "/users", ConnectionId: "0HNLT9L9J02QG" }

[12:23:51 INF] Handled GetDepartmentsQuery { SourceContext: "AppWeaver.Mediator.Behaviors.LoggingBehavior", RequestId: "0HNLT9L9J02QF:00000008", RequestPath: "/departments", ConnectionId: "0HNLT9L9J02QF" }

[12:23:51 INF] Handled GetRolesQuery { SourceContext: "AppWeaver.Mediator.Behaviors.LoggingBehavior", RequestId: "0HNLT9L9J02QH:00000009", RequestPath: "/roles", ConnectionId: "0HNLT9L9J02QH" }

[12:23:51 INF] Executed endpoint 'HTTP: GET /departments' { EventId: { Id: 1, Name: "ExecutedEndpoint" }, SourceContext: "Microsoft.AspNetCore.Routing.EndpointMiddleware", RequestId: "0HNLT9L9J02QF:00000008", RequestPath: "/departments", ConnectionId: "0HNLT9L9J02QF" }

[12:23:51 INF] Executed endpoint 'HTTP: GET /roles' { EventId: { Id: 1, Name: "ExecutedEndpoint" }, SourceContext: "Microsoft.AspNetCore.Routing.EndpointMiddleware", RequestId: "0HNLT9L9J02QH:00000009", RequestPath: "/roles", ConnectionId: "0HNLT9L9J02QH" }

[12:25:09 INF] CORS policy execution successful. { EventId: { Id: 4, Name: "PolicySuccess" }, SourceContext: "Microsoft.AspNetCore.Cors.Infrastructure.CorsService", RequestId: "0HNLT9L9J02QF:00000009", RequestPath: "/users", ConnectionId: "0HNLT9L9J02QF" }

[12:25:09 INF] CORS policy execution successful. { EventId: { Id: 4, Name: "PolicySuccess" }, SourceContext: "Microsoft.AspNetCore.Cors.Infrastructure.CorsService", RequestId: "0HNLT9L9J02QH:0000000A", RequestPath: "/roles", ConnectionId: "0HNLT9L9J02QH" }

[12:25:09 INF] CORS policy execution successful. { EventId: { Id: 4, Name: "PolicySuccess" }, SourceContext: "Microsoft.AspNetCore.Cors.Infrastructure.CorsService", RequestId: "0HNLT9L9J02QG:00000008", RequestPath: "/departments", ConnectionId: "0HNLT9L9J02QG" }

[12:25:09 INF] CORS policy execution successful. { EventId: { Id: 4, Name: "PolicySuccess" }, SourceContext: "Microsoft.AspNetCore.Cors.Infrastructure.CorsService", RequestId: "0HNLT9L9J02QH:0000000B", RequestPath: "/users", ConnectionId: "0HNLT9L9J02QH" }

[12:25:09 INF] CORS policy execution successful. { EventId: { Id: 4, Name: "PolicySuccess" }, SourceContext: "Microsoft.AspNetCore.Cors.Infrastructure.CorsService", RequestId: "0HNLT9L9J02QF:0000000A", RequestPath: "/departments", ConnectionId: "0HNLT9L9J02QF" }

[12:25:09 INF] CORS policy execution successful. { EventId: { Id: 4, Name: "PolicySuccess" }, SourceContext: "Microsoft.AspNetCore.Cors.Infrastructure.CorsService", RequestId: "0HNLT9L9J02QG:00000009", RequestPath: "/roles", ConnectionId: "0HNLT9L9J02QG" }

[12:25:09 INF] Executing endpoint 'HTTP: GET /departments' { EventId: { Name: "ExecutingEndpoint" }, SourceContext: "Microsoft.AspNetCore.Routing.EndpointMiddleware", RequestId: "0HNLT9L9J02QF:0000000A", RequestPath: "/departments", ConnectionId: "0HNLT9L9J02QF" }

[12:25:09 INF] Executing endpoint 'HTTP: GET /users' { EventId: { Name: "ExecutingEndpoint" }, SourceContext: "Microsoft.AspNetCore.Routing.EndpointMiddleware", RequestId: "0HNLT9L9J02QH:0000000B", RequestPath: "/users", ConnectionId: "0HNLT9L9J02QH" }

[12:25:09 INF] Executing endpoint 'HTTP: GET /roles' { EventId: { Name: "ExecutingEndpoint" }, SourceContext: "Microsoft.AspNetCore.Routing.EndpointMiddleware", RequestId: "0HNLT9L9J02QG:00000009", RequestPath: "/roles", ConnectionId: "0HNLT9L9J02QG" }

[12:25:09 INF] Handling GetDepartmentsQuery { SourceContext: "AppWeaver.Mediator.Behaviors.LoggingBehavior", RequestId: "0HNLT9L9J02QF:0000000A", RequestPath: "/departments", ConnectionId: "0HNLT9L9J02QF" }

[12:25:09 INF] Handling GetRolesQuery { SourceContext: "AppWeaver.Mediator.Behaviors.LoggingBehavior", RequestId: "0HNLT9L9J02QG:00000009", RequestPath: "/roles", ConnectionId: "0HNLT9L9J02QG" }

[12:25:09 INF] Handling GetUsersQuery { SourceContext: "AppWeaver.Mediator.Behaviors.LoggingBehavior", RequestId: "0HNLT9L9J02QH:0000000B", RequestPath: "/users", ConnectionId: "0HNLT9L9J02QH" }

[12:25:09 INF] Handled GetRolesQuery { SourceContext: "AppWeaver.Mediator.Behaviors.LoggingBehavior", RequestId: "0HNLT9L9J02QG:00000009", RequestPath: "/roles", ConnectionId: "0HNLT9L9J02QG" }

[12:25:09 INF] Handled GetUsersQuery { SourceContext: "AppWeaver.Mediator.Behaviors.LoggingBehavior", RequestId: "0HNLT9L9J02QH:0000000B", RequestPath: "/users", ConnectionId: "0HNLT9L9J02QH" }

[12:25:09 INF] Handled GetDepartmentsQuery { SourceContext: "AppWeaver.Mediator.Behaviors.LoggingBehavior", RequestId: "0HNLT9L9J02QF:0000000A", RequestPath: "/departments", ConnectionId: "0HNLT9L9J02QF" }

[12:25:09 INF] Setting HTTP status code 200. { EventId: { Id: 1, Name: "WritingResultAsStatusCode" }, SourceContext: "Microsoft.AspNetCore.Http.Result.OkObjectResult", RequestId: "0HNLT9L9J02QH:0000000B", RequestPath: "/users", ConnectionId: "0HNLT9L9J02QH" }

[12:25:09 INF] Writing value of type 'List`1' as Json. { EventId: { Id: 3, Name: "WritingResultAsJson" }, SourceContext: "Microsoft.AspNetCore.Http.Result.OkObjectResult", RequestId: "0HNLT9L9J02QH:0000000B", RequestPath: "/users", ConnectionId: "0HNLT9L9J02QH" }

[12:25:09 INF] Executed endpoint 'HTTP: GET /roles' { EventId: { Id: 1, Name: "ExecutedEndpoint" }, SourceContext: "Microsoft.AspNetCore.Routing.EndpointMiddleware", RequestId: "0HNLT9L9J02QG:00000009", RequestPath: "/roles", ConnectionId: "0HNLT9L9J02QG" }

[12:25:09 INF] Executed endpoint 'HTTP: GET /departments' { EventId: { Id: 1, Name: "ExecutedEndpoint" }, SourceContext: "Microsoft.AspNetCore.Routing.EndpointMiddleware", RequestId: "0HNLT9L9J02QF:0000000A", RequestPath: "/departments", ConnectionId: "0HNLT9L9J02QF" }

[12:25:09 INF] Executed endpoint 'HTTP: GET /users' { EventId: { Id: 1, Name: "ExecutedEndpoint" }, SourceContext: "Microsoft.AspNetCore.Routing.EndpointMiddleware", RequestId: "0HNLT9L9J02QH:0000000B", RequestPath: "/users", ConnectionId: "0HNLT9L9J02QH" }

[12:26:16 INF] CORS policy execution successful. { EventId: { Id: 4, Name: "PolicySuccess" }, SourceContext: "Microsoft.AspNetCore.Cors.Infrastructure.CorsService", RequestId: "0HNLT9L9J02QF:0000000B", RequestPath: "/users", ConnectionId: "0HNLT9L9J02QF" }

[12:26:16 INF] CORS policy execution successful. { EventId: { Id: 4, Name: "PolicySuccess" }, SourceContext: "Microsoft.AspNetCore.Cors.Infrastructure.CorsService", RequestId: "0HNLT9L9J02QG:0000000A", RequestPath: "/roles", ConnectionId: "0HNLT9L9J02QG" }

[12:26:16 INF] CORS policy execution successful. { EventId: { Id: 4, Name: "PolicySuccess" }, SourceContext: "Microsoft.AspNetCore.Cors.Infrastructure.CorsService", RequestId: "0HNLT9L9J02QF:0000000C", RequestPath: "/users", ConnectionId: "0HNLT9L9J02QF" }

[12:26:16 INF] Executing endpoint 'HTTP: GET /users' { EventId: { Name: "ExecutingEndpoint" }, SourceContext: "Microsoft.AspNetCore.Routing.EndpointMiddleware", RequestId: "0HNLT9L9J02QF:0000000C", RequestPath: "/users", ConnectionId: "0HNLT9L9J02QF" }

[12:26:16 INF] CORS policy execution successful. { EventId: { Id: 4, Name: "PolicySuccess" }, SourceContext: "Microsoft.AspNetCore.Cors.Infrastructure.CorsService", RequestId: "0HNLT9L9J02QH:0000000C", RequestPath: "/departments", ConnectionId: "0HNLT9L9J02QH" }

[12:26:16 INF] CORS policy execution successful. { EventId: { Id: 4, Name: "PolicySuccess" }, SourceContext: "Microsoft.AspNetCore.Cors.Infrastructure.CorsService", RequestId: "0HNLT9L9J02QG:0000000B", RequestPath: "/roles", ConnectionId: "0HNLT9L9J02QG" }

[12:26:16 INF] Handling GetUsersQuery { SourceContext: "AppWeaver.Mediator.Behaviors.LoggingBehavior", RequestId: "0HNLT9L9J02QF:0000000C", RequestPath: "/users", ConnectionId: "0HNLT9L9J02QF" }

[12:26:16 INF] Executing endpoint 'HTTP: GET /roles' { EventId: { Name: "ExecutingEndpoint" }, SourceContext: "Microsoft.AspNetCore.Routing.EndpointMiddleware", RequestId: "0HNLT9L9J02QG:0000000B", RequestPath: "/roles", ConnectionId: "0HNLT9L9J02QG" }

[12:26:16 INF] Handling GetRolesQuery { SourceContext: "AppWeaver.Mediator.Behaviors.LoggingBehavior", RequestId: "0HNLT9L9J02QG:0000000B", RequestPath: "/roles", ConnectionId: "0HNLT9L9J02QG" }

[12:26:16 INF] CORS policy execution successful. { EventId: { Id: 4, Name: "PolicySuccess" }, SourceContext: "Microsoft.AspNetCore.Cors.Infrastructure.CorsService", RequestId: "0HNLT9L9J02QH:0000000D", RequestPath: "/departments", ConnectionId: "0HNLT9L9J02QH" }

[12:26:16 INF] Executing endpoint 'HTTP: GET /departments' { EventId: { Name: "ExecutingEndpoint" }, SourceContext: "Microsoft.AspNetCore.Routing.EndpointMiddleware", RequestId: "0HNLT9L9J02QH:0000000D", RequestPath: "/departments", ConnectionId: "0HNLT9L9J02QH" }

[12:26:16 INF] Handling GetDepartmentsQuery { SourceContext: "AppWeaver.Mediator.Behaviors.LoggingBehavior", RequestId: "0HNLT9L9J02QH:0000000D", RequestPath: "/departments", ConnectionId: "0HNLT9L9J02QH" }

[12:26:16 INF] Handled GetRolesQuery { SourceContext: "AppWeaver.Mediator.Behaviors.LoggingBehavior", RequestId: "0HNLT9L9J02QG:0000000B", RequestPath: "/roles", ConnectionId: "0HNLT9L9J02QG" }

[12:26:16 INF] Handled GetUsersQuery { SourceContext: "AppWeaver.Mediator.Behaviors.LoggingBehavior", RequestId: "0HNLT9L9J02QF:0000000C", RequestPath: "/users", ConnectionId: "0HNLT9L9J02QF" }

[12:26:16 INF] Executed endpoint 'HTTP: GET /roles' { EventId: { Id: 1, Name: "ExecutedEndpoint" }, SourceContext: "Microsoft.AspNetCore.Routing.EndpointMiddleware", RequestId: "0HNLT9L9J02QG:0000000B", RequestPath: "/roles", ConnectionId: "0HNLT9L9J02QG" }

[12:26:16 INF] Setting HTTP status code 200. { EventId: { Id: 1, Name: "WritingResultAsStatusCode" }, SourceContext: "Microsoft.AspNetCore.Http.Result.OkObjectResult", RequestId: "0HNLT9L9J02QF:0000000C", RequestPath: "/users", ConnectionId: "0HNLT9L9J02QF" }

[12:26:16 INF] Writing value of type 'List`1' as Json. { EventId: { Id: 3, Name: "WritingResultAsJson" }, SourceContext: "Microsoft.AspNetCore.Http.Result.OkObjectResult", RequestId: "0HNLT9L9J02QF:0000000C", RequestPath: "/users", ConnectionId: "0HNLT9L9J02QF" }

[12:26:16 INF] Executed endpoint 'HTTP: GET /users' { EventId: { Id: 1, Name: "ExecutedEndpoint" }, SourceContext: "Microsoft.AspNetCore.Routing.EndpointMiddleware", RequestId: "0HNLT9L9J02QF:0000000C", RequestPath: "/users", ConnectionId: "0HNLT9L9J02QF" }

[12:26:16 INF] Handled GetDepartmentsQuery { SourceContext: "AppWeaver.Mediator.Behaviors.LoggingBehavior", RequestId: "0HNLT9L9J02QH:0000000D", RequestPath: "/departments", ConnectionId: "0HNLT9L9J02QH" }

[12:26:16 INF] Executed endpoint 'HTTP: GET /departments' { EventId: { Id: 1, Name: "ExecutedEndpoint" }, SourceContext: "Microsoft.AspNetCore.Routing.EndpointMiddleware", RequestId: "0HNLT9L9J02QH:0000000D", RequestPath: "/departments", ConnectionId: "0HNLT9L9J02QH" }

[12:26:56 INF] CORS policy execution successful. { EventId: { Id: 4, Name: "PolicySuccess" }, SourceContext: "Microsoft.AspNetCore.Cors.Infrastructure.CorsService", RequestId: "0HNLT9L9J02QH:0000000E", RequestPath: "/users", ConnectionId: "0HNLT9L9J02QH" }

[12:26:56 INF] CORS policy execution successful. { EventId: { Id: 4, Name: "PolicySuccess" }, SourceContext: "Microsoft.AspNetCore.Cors.Infrastructure.CorsService", RequestId: "0HNLT9L9J02QG:0000000C", RequestPath: "/roles", ConnectionId: "0HNLT9L9J02QG" }

[12:26:56 INF] CORS policy execution successful. { EventId: { Id: 4, Name: "PolicySuccess" }, SourceContext: "Microsoft.AspNetCore.Cors.Infrastructure.CorsService", RequestId: "0HNLT9L9J02QF:0000000D", RequestPath: "/departments", ConnectionId: "0HNLT9L9J02QF" }

[12:26:56 INF] CORS policy execution successful. { EventId: { Id: 4, Name: "PolicySuccess" }, SourceContext: "Microsoft.AspNetCore.Cors.Infrastructure.CorsService", RequestId: "0HNLT9L9J02QF:0000000E", RequestPath: "/users", ConnectionId: "0HNLT9L9J02QF" }

[12:26:56 INF] CORS policy execution successful. { EventId: { Id: 4, Name: "PolicySuccess" }, SourceContext: "Microsoft.AspNetCore.Cors.Infrastructure.CorsService", RequestId: "0HNLT9L9J02QG:0000000D", RequestPath: "/roles", ConnectionId: "0HNLT9L9J02QG" }

[12:26:56 INF] CORS policy execution successful. { EventId: { Id: 4, Name: "PolicySuccess" }, SourceContext: "Microsoft.AspNetCore.Cors.Infrastructure.CorsService", RequestId: "0HNLT9L9J02QH:0000000F", RequestPath: "/departments", ConnectionId: "0HNLT9L9J02QH" }

[12:26:56 INF] Executing endpoint 'HTTP: GET /roles' { EventId: { Name: "ExecutingEndpoint" }, SourceContext: "Microsoft.AspNetCore.Routing.EndpointMiddleware", RequestId: "0HNLT9L9J02QG:0000000D", RequestPath: "/roles", ConnectionId: "0HNLT9L9J02QG" }

[12:26:56 INF] Executing endpoint 'HTTP: GET /users' { EventId: { Name: "ExecutingEndpoint" }, SourceContext: "Microsoft.AspNetCore.Routing.EndpointMiddleware", RequestId: "0HNLT9L9J02QF:0000000E", RequestPath: "/users", ConnectionId: "0HNLT9L9J02QF" }

[12:26:56 INF] Handling GetRolesQuery { SourceContext: "AppWeaver.Mediator.Behaviors.LoggingBehavior", RequestId: "0HNLT9L9J02QG:0000000D", RequestPath: "/roles", ConnectionId: "0HNLT9L9J02QG" }

[12:26:56 INF] Executing endpoint 'HTTP: GET /departments' { EventId: { Name: "ExecutingEndpoint" }, SourceContext: "Microsoft.AspNetCore.Routing.EndpointMiddleware", RequestId: "0HNLT9L9J02QH:0000000F", RequestPath: "/departments", ConnectionId: "0HNLT9L9J02QH" }

[12:26:56 INF] Handling GetUsersQuery { SourceContext: "AppWeaver.Mediator.Behaviors.LoggingBehavior", RequestId: "0HNLT9L9J02QF:0000000E", RequestPath: "/users", ConnectionId: "0HNLT9L9J02QF" }

[12:26:56 INF] Handling GetDepartmentsQuery { SourceContext: "AppWeaver.Mediator.Behaviors.LoggingBehavior", RequestId: "0HNLT9L9J02QH:0000000F", RequestPath: "/departments", ConnectionId: "0HNLT9L9J02QH" }

[12:26:56 INF] Handled GetDepartmentsQuery { SourceContext: "AppWeaver.Mediator.Behaviors.LoggingBehavior", RequestId: "0HNLT9L9J02QH:0000000F", RequestPath: "/departments", ConnectionId: "0HNLT9L9J02QH" }

[12:26:56 INF] Handled GetRolesQuery { SourceContext: "AppWeaver.Mediator.Behaviors.LoggingBehavior", RequestId: "0HNLT9L9J02QG:0000000D", RequestPath: "/roles", ConnectionId: "0HNLT9L9J02QG" }

[12:26:56 INF] Handled GetUsersQuery { SourceContext: "AppWeaver.Mediator.Behaviors.LoggingBehavior", RequestId: "0HNLT9L9J02QF:0000000E", RequestPath: "/users", ConnectionId: "0HNLT9L9J02QF" }

[12:26:56 INF] Setting HTTP status code 200. { EventId: { Id: 1, Name: "WritingResultAsStatusCode" }, SourceContext: "Microsoft.AspNetCore.Http.Result.OkObjectResult", RequestId: "0HNLT9L9J02QF:0000000E", RequestPath: "/users", ConnectionId: "0HNLT9L9J02QF" }

[12:26:56 INF] Executed endpoint 'HTTP: GET /roles' { EventId: { Id: 1, Name: "ExecutedEndpoint" }, SourceContext: "Microsoft.AspNetCore.Routing.EndpointMiddleware", RequestId: "0HNLT9L9J02QG:0000000D", RequestPath: "/roles", ConnectionId: "0HNLT9L9J02QG" }

[12:26:56 INF] Executed endpoint 'HTTP: GET /departments' { EventId: { Id: 1, Name: "ExecutedEndpoint" }, SourceContext: "Microsoft.AspNetCore.Routing.EndpointMiddleware", RequestId: "0HNLT9L9J02QH:0000000F", RequestPath: "/departments", ConnectionId: "0HNLT9L9J02QH" }

[12:26:56 INF] Writing value of type 'List`1' as Json. { EventId: { Id: 3, Name: "WritingResultAsJson" }, SourceContext: "Microsoft.AspNetCore.Http.Result.OkObjectResult", RequestId: "0HNLT9L9J02QF:0000000E", RequestPath: "/users", ConnectionId: "0HNLT9L9J02QF" }

[12:26:56 INF] Executed endpoint 'HTTP: GET /users' { EventId: { Id: 1, Name: "ExecutedEndpoint" }, SourceContext: "Microsoft.AspNetCore.Routing.EndpointMiddleware", RequestId: "0HNLT9L9J02QF:0000000E", RequestPath: "/users", ConnectionId: "0HNLT9L9J02QF" }

[12:28:31 INF] CORS policy execution successful. { EventId: { Id: 4, Name: "PolicySuccess" }, SourceContext: "Microsoft.AspNetCore.Cors.Infrastructure.CorsService", RequestId: "0HNLT9L9J02QH:00000010", RequestPath: "/roles", ConnectionId: "0HNLT9L9J02QH" }

[12:28:31 INF] CORS policy execution successful. { EventId: { Id: 4, Name: "PolicySuccess" }, SourceContext: "Microsoft.AspNetCore.Cors.Infrastructure.CorsService", RequestId: "0HNLT9L9J02QG:0000000E", RequestPath: "/users", ConnectionId: "0HNLT9L9J02QG" }

[12:28:31 INF] CORS policy execution successful. { EventId: { Id: 4, Name: "PolicySuccess" }, SourceContext: "Microsoft.AspNetCore.Cors.Infrastructure.CorsService", RequestId: "0HNLT9L9J02QF:0000000F", RequestPath: "/departments", ConnectionId: "0HNLT9L9J02QF" }

[12:28:31 INF] CORS policy execution successful. { EventId: { Id: 4, Name: "PolicySuccess" }, SourceContext: "Microsoft.AspNetCore.Cors.Infrastructure.CorsService", RequestId: "0HNLT9L9J02QF:00000010", RequestPath: "/users", ConnectionId: "0HNLT9L9J02QF" }

[12:28:31 INF] CORS policy execution successful. { EventId: { Id: 4, Name: "PolicySuccess" }, SourceContext: "Microsoft.AspNetCore.Cors.Infrastructure.CorsService", RequestId: "0HNLT9L9J02QH:00000011", RequestPath: "/roles", ConnectionId: "0HNLT9L9J02QH" }

[12:28:31 INF] CORS policy execution successful. { EventId: { Id: 4, Name: "PolicySuccess" }, SourceContext: "Microsoft.AspNetCore.Cors.Infrastructure.CorsService", RequestId: "0HNLT9L9J02QG:0000000F", RequestPath: "/departments", ConnectionId: "0HNLT9L9J02QG" }

[12:28:31 INF] Executing endpoint 'HTTP: GET /departments' { EventId: { Name: "ExecutingEndpoint" }, SourceContext: "Microsoft.AspNetCore.Routing.EndpointMiddleware", RequestId: "0HNLT9L9J02QG:0000000F", RequestPath: "/departments", ConnectionId: "0HNLT9L9J02QG" }

[12:28:31 INF] Executing endpoint 'HTTP: GET /roles' { EventId: { Name: "ExecutingEndpoint" }, SourceContext: "Microsoft.AspNetCore.Routing.EndpointMiddleware", RequestId: "0HNLT9L9J02QH:00000011", RequestPath: "/roles", ConnectionId: "0HNLT9L9J02QH" }

[12:28:31 INF] Executing endpoint 'HTTP: GET /users' { EventId: { Name: "ExecutingEndpoint" }, SourceContext: "Microsoft.AspNetCore.Routing.EndpointMiddleware", RequestId: "0HNLT9L9J02QF:00000010", RequestPath: "/users", ConnectionId: "0HNLT9L9J02QF" }

[12:28:31 INF] Handling GetRolesQuery { SourceContext: "AppWeaver.Mediator.Behaviors.LoggingBehavior", RequestId: "0HNLT9L9J02QH:00000011", RequestPath: "/roles", ConnectionId: "0HNLT9L9J02QH" }

[12:28:31 INF] Handling GetDepartmentsQuery { SourceContext: "AppWeaver.Mediator.Behaviors.LoggingBehavior", RequestId: "0HNLT9L9J02QG:0000000F", RequestPath: "/departments", ConnectionId: "0HNLT9L9J02QG" }

[12:28:31 INF] Handling GetUsersQuery { SourceContext: "AppWeaver.Mediator.Behaviors.LoggingBehavior", RequestId: "0HNLT9L9J02QF:00000010", RequestPath: "/users", ConnectionId: "0HNLT9L9J02QF" }

[12:28:31 INF] Handled GetRolesQuery { SourceContext: "AppWeaver.Mediator.Behaviors.LoggingBehavior", RequestId: "0HNLT9L9J02QH:00000011", RequestPath: "/roles", ConnectionId: "0HNLT9L9J02QH" }

[12:28:31 INF] Handled GetDepartmentsQuery { SourceContext: "AppWeaver.Mediator.Behaviors.LoggingBehavior", RequestId: "0HNLT9L9J02QG:0000000F", RequestPath: "/departments", ConnectionId: "0HNLT9L9J02QG" }

[12:28:31 INF] Handled GetUsersQuery { SourceContext: "AppWeaver.Mediator.Behaviors.LoggingBehavior", RequestId: "0HNLT9L9J02QF:00000010", RequestPath: "/users", ConnectionId: "0HNLT9L9J02QF" }

[12:28:31 INF] Executed endpoint 'HTTP: GET /roles' { EventId: { Id: 1, Name: "ExecutedEndpoint" }, SourceContext: "Microsoft.AspNetCore.Routing.EndpointMiddleware", RequestId: "0HNLT9L9J02QH:00000011", RequestPath: "/roles", ConnectionId: "0HNLT9L9J02QH" }

[12:28:31 INF] Setting HTTP status code 200. { EventId: { Id: 1, Name: "WritingResultAsStatusCode" }, SourceContext: "Microsoft.AspNetCore.Http.Result.OkObjectResult", RequestId: "0HNLT9L9J02QF:00000010", RequestPath: "/users", ConnectionId: "0HNLT9L9J02QF" }

[12:28:31 INF] Executed endpoint 'HTTP: GET /departments' { EventId: { Id: 1, Name: "ExecutedEndpoint" }, SourceContext: "Microsoft.AspNetCore.Routing.EndpointMiddleware", RequestId: "0HNLT9L9J02QG:0000000F", RequestPath: "/departments", ConnectionId: "0HNLT9L9J02QG" }

[12:28:31 INF] Writing value of type 'List`1' as Json. { EventId: { Id: 3, Name: "WritingResultAsJson" }, SourceContext: "Microsoft.AspNetCore.Http.Result.OkObjectResult", RequestId: "0HNLT9L9J02QF:00000010", RequestPath: "/users", ConnectionId: "0HNLT9L9J02QF" }

[12:28:31 INF] Executed endpoint 'HTTP: GET /users' { EventId: { Id: 1, Name: "ExecutedEndpoint" }, SourceContext: "Microsoft.AspNetCore.Routing.EndpointMiddleware", RequestId: "0HNLT9L9J02QF:00000010", RequestPath: "/users", ConnectionId: "0HNLT9L9J02QF" }

[12:29:46 INF] CORS policy execution successful. { EventId: { Id: 4, Name: "PolicySuccess" }, SourceContext: "Microsoft.AspNetCore.Cors.Infrastructure.CorsService", RequestId: "0HNLT9L9J02QH:00000012", RequestPath: "/users", ConnectionId: "0HNLT9L9J02QH" }

[12:29:46 INF] CORS policy execution successful. { EventId: { Id: 4, Name: "PolicySuccess" }, SourceContext: "Microsoft.AspNetCore.Cors.Infrastructure.CorsService", RequestId: "0HNLT9L9J02QG:00000010", RequestPath: "/roles", ConnectionId: "0HNLT9L9J02QG" }

[12:29:46 INF] CORS policy execution successful. { EventId: { Id: 4, Name: "PolicySuccess" }, SourceContext: "Microsoft.AspNetCore.Cors.Infrastructure.CorsService", RequestId: "0HNLT9L9J02QF:00000011", RequestPath: "/departments", ConnectionId: "0HNLT9L9J02QF" }

[12:29:46 INF] CORS policy execution successful. { EventId: { Id: 4, Name: "PolicySuccess" }, SourceContext: "Microsoft.AspNetCore.Cors.Infrastructure.CorsService", RequestId: "0HNLT9L9J02QF:00000012", RequestPath: "/users", ConnectionId: "0HNLT9L9J02QF" }

[12:29:46 INF] CORS policy execution successful. { EventId: { Id: 4, Name: "PolicySuccess" }, SourceContext: "Microsoft.AspNetCore.Cors.Infrastructure.CorsService", RequestId: "0HNLT9L9J02QG:00000011", RequestPath: "/roles", ConnectionId: "0HNLT9L9J02QG" }

[12:29:46 INF] CORS policy execution successful. { EventId: { Id: 4, Name: "PolicySuccess" }, SourceContext: "Microsoft.AspNetCore.Cors.Infrastructure.CorsService", RequestId: "0HNLT9L9J02QH:00000013", RequestPath: "/departments", ConnectionId: "0HNLT9L9J02QH" }

[12:29:46 INF] Executing endpoint 'HTTP: GET /users' { EventId: { Name: "ExecutingEndpoint" }, SourceContext: "Microsoft.AspNetCore.Routing.EndpointMiddleware", RequestId: "0HNLT9L9J02QF:00000012", RequestPath: "/users", ConnectionId: "0HNLT9L9J02QF" }

[12:29:46 INF] Executing endpoint 'HTTP: GET /departments' { EventId: { Name: "ExecutingEndpoint" }, SourceContext: "Microsoft.AspNetCore.Routing.EndpointMiddleware", RequestId: "0HNLT9L9J02QH:00000013", RequestPath: "/departments", ConnectionId: "0HNLT9L9J02QH" }

[12:29:46 INF] Executing endpoint 'HTTP: GET /roles' { EventId: { Name: "ExecutingEndpoint" }, SourceContext: "Microsoft.AspNetCore.Routing.EndpointMiddleware", RequestId: "0HNLT9L9J02QG:00000011", RequestPath: "/roles", ConnectionId: "0HNLT9L9J02QG" }

[12:29:46 INF] Handling GetUsersQuery { SourceContext: "AppWeaver.Mediator.Behaviors.LoggingBehavior", RequestId: "0HNLT9L9J02QF:00000012", RequestPath: "/users", ConnectionId: "0HNLT9L9J02QF" }

[12:29:46 INF] Handling GetDepartmentsQuery { SourceContext: "AppWeaver.Mediator.Behaviors.LoggingBehavior", RequestId: "0HNLT9L9J02QH:00000013", RequestPath: "/departments", ConnectionId: "0HNLT9L9J02QH" }

[12:29:46 INF] Handling GetRolesQuery { SourceContext: "AppWeaver.Mediator.Behaviors.LoggingBehavior", RequestId: "0HNLT9L9J02QG:00000011", RequestPath: "/roles", ConnectionId: "0HNLT9L9J02QG" }

[12:29:46 INF] Handled GetDepartmentsQuery { SourceContext: "AppWeaver.Mediator.Behaviors.LoggingBehavior", RequestId: "0HNLT9L9J02QH:00000013", RequestPath: "/departments", ConnectionId: "0HNLT9L9J02QH" }

[12:29:46 INF] Handled GetUsersQuery { SourceContext: "AppWeaver.Mediator.Behaviors.LoggingBehavior", RequestId: "0HNLT9L9J02QF:00000012", RequestPath: "/users", ConnectionId: "0HNLT9L9J02QF" }

[12:29:46 INF] Handled GetRolesQuery { SourceContext: "AppWeaver.Mediator.Behaviors.LoggingBehavior", RequestId: "0HNLT9L9J02QG:00000011", RequestPath: "/roles", ConnectionId: "0HNLT9L9J02QG" }

[12:29:46 INF] Executed endpoint 'HTTP: GET /departments' { EventId: { Id: 1, Name: "ExecutedEndpoint" }, SourceContext: "Microsoft.AspNetCore.Routing.EndpointMiddleware", RequestId: "0HNLT9L9J02QH:00000013", RequestPath: "/departments", ConnectionId: "0HNLT9L9J02QH" }

[12:29:46 INF] Setting HTTP status code 200. { EventId: { Id: 1, Name: "WritingResultAsStatusCode" }, SourceContext: "Microsoft.AspNetCore.Http.Result.OkObjectResult", RequestId: "0HNLT9L9J02QF:00000012", RequestPath: "/users", ConnectionId: "0HNLT9L9J02QF" }

[12:29:46 INF] Executed endpoint 'HTTP: GET /roles' { EventId: { Id: 1, Name: "ExecutedEndpoint" }, SourceContext: "Microsoft.AspNetCore.Routing.EndpointMiddleware", RequestId: "0HNLT9L9J02QG:00000011", RequestPath: "/roles", ConnectionId: "0HNLT9L9J02QG" }

[12:29:46 INF] Writing value of type 'List`1' as Json. { EventId: { Id: 3, Name: "WritingResultAsJson" }, SourceContext: "Microsoft.AspNetCore.Http.Result.OkObjectResult", RequestId: "0HNLT9L9J02QF:00000012", RequestPath: "/users", ConnectionId: "0HNLT9L9J02QF" }

[12:29:46 INF] Executed endpoint 'HTTP: GET /users' { EventId: { Id: 1, Name: "ExecutedEndpoint" }, SourceContext: "Microsoft.AspNetCore.Routing.EndpointMiddleware", RequestId: "0HNLT9L9J02QF:00000012", RequestPath: "/users", ConnectionId: "0HNLT9L9J02QF" }

[12:30:53 INF] CORS policy execution successful. { EventId: { Id: 4, Name: "PolicySuccess" }, SourceContext: "Microsoft.AspNetCore.Cors.Infrastructure.CorsService", RequestId: "0HNLT9L9J02QG:00000012", RequestPath: "/users", ConnectionId: "0HNLT9L9J02QG" }

[12:30:53 INF] CORS policy execution successful. { EventId: { Id: 4, Name: "PolicySuccess" }, SourceContext: "Microsoft.AspNetCore.Cors.Infrastructure.CorsService", RequestId: "0HNLT9L9J02QH:00000014", RequestPath: "/roles", ConnectionId: "0HNLT9L9J02QH" }

[12:30:53 INF] CORS policy execution successful. { EventId: { Id: 4, Name: "PolicySuccess" }, SourceContext: "Microsoft.AspNetCore.Cors.Infrastructure.CorsService", RequestId: "0HNLT9L9J02QF:00000013", RequestPath: "/departments", ConnectionId: "0HNLT9L9J02QF" }

[12:30:53 INF] CORS policy execution successful. { EventId: { Id: 4, Name: "PolicySuccess" }, SourceContext: "Microsoft.AspNetCore.Cors.Infrastructure.CorsService", RequestId: "0HNLT9L9J02QH:00000015", RequestPath: "/departments", ConnectionId: "0HNLT9L9J02QH" }

[12:30:53 INF] CORS policy execution successful. { EventId: { Id: 4, Name: "PolicySuccess" }, SourceContext: "Microsoft.AspNetCore.Cors.Infrastructure.CorsService", RequestId: "0HNLT9L9J02QF:00000014", RequestPath: "/roles", ConnectionId: "0HNLT9L9J02QF" }

[12:30:53 INF] CORS policy execution successful. { EventId: { Id: 4, Name: "PolicySuccess" }, SourceContext: "Microsoft.AspNetCore.Cors.Infrastructure.CorsService", RequestId: "0HNLT9L9J02QG:00000013", RequestPath: "/users", ConnectionId: "0HNLT9L9J02QG" }

[12:30:53 INF] Executing endpoint 'HTTP: GET /roles' { EventId: { Name: "ExecutingEndpoint" }, SourceContext: "Microsoft.AspNetCore.Routing.EndpointMiddleware", RequestId: "0HNLT9L9J02QF:00000014", RequestPath: "/roles", ConnectionId: "0HNLT9L9J02QF" }

[12:30:53 INF] Executing endpoint 'HTTP: GET /departments' { EventId: { Name: "ExecutingEndpoint" }, SourceContext: "Microsoft.AspNetCore.Routing.EndpointMiddleware", RequestId: "0HNLT9L9J02QH:00000015", RequestPath: "/departments", ConnectionId: "0HNLT9L9J02QH" }

[12:30:53 INF] Handling GetRolesQuery { SourceContext: "AppWeaver.Mediator.Behaviors.LoggingBehavior", RequestId: "0HNLT9L9J02QF:00000014", RequestPath: "/roles", ConnectionId: "0HNLT9L9J02QF" }

[12:30:53 INF] Handling GetDepartmentsQuery { SourceContext: "AppWeaver.Mediator.Behaviors.LoggingBehavior", RequestId: "0HNLT9L9J02QH:00000015", RequestPath: "/departments", ConnectionId: "0HNLT9L9J02QH" }

[12:30:53 INF] Executing endpoint 'HTTP: GET /users' { EventId: { Name: "ExecutingEndpoint" }, SourceContext: "Microsoft.AspNetCore.Routing.EndpointMiddleware", RequestId: "0HNLT9L9J02QG:00000013", RequestPath: "/users", ConnectionId: "0HNLT9L9J02QG" }

[12:30:53 INF] Handling GetUsersQuery { SourceContext: "AppWeaver.Mediator.Behaviors.LoggingBehavior", RequestId: "0HNLT9L9J02QG:00000013", RequestPath: "/users", ConnectionId: "0HNLT9L9J02QG" }

[12:30:53 INF] Handled GetRolesQuery { SourceContext: "AppWeaver.Mediator.Behaviors.LoggingBehavior", RequestId: "0HNLT9L9J02QF:00000014", RequestPath: "/roles", ConnectionId: "0HNLT9L9J02QF" }

[12:30:53 INF] Handled GetDepartmentsQuery { SourceContext: "AppWeaver.Mediator.Behaviors.LoggingBehavior", RequestId: "0HNLT9L9J02QH:00000015", RequestPath: "/departments", ConnectionId: "0HNLT9L9J02QH" }

[12:30:53 INF] Executed endpoint 'HTTP: GET /roles' { EventId: { Id: 1, Name: "ExecutedEndpoint" }, SourceContext: "Microsoft.AspNetCore.Routing.EndpointMiddleware", RequestId: "0HNLT9L9J02QF:00000014", RequestPath: "/roles", ConnectionId: "0HNLT9L9J02QF" }

[12:30:53 INF] Executed endpoint 'HTTP: GET /departments' { EventId: { Id: 1, Name: "ExecutedEndpoint" }, SourceContext: "Microsoft.AspNetCore.Routing.EndpointMiddleware", RequestId: "0HNLT9L9J02QH:00000015", RequestPath: "/departments", ConnectionId: "0HNLT9L9J02QH" }

[12:30:53 INF] Handled GetUsersQuery { SourceContext: "AppWeaver.Mediator.Behaviors.LoggingBehavior", RequestId: "0HNLT9L9J02QG:00000013", RequestPath: "/users", ConnectionId: "0HNLT9L9J02QG" }

[12:30:53 INF] Setting HTTP status code 200. { EventId: { Id: 1, Name: "WritingResultAsStatusCode" }, SourceContext: "Microsoft.AspNetCore.Http.Result.OkObjectResult", RequestId: "0HNLT9L9J02QG:00000013", RequestPath: "/users", ConnectionId: "0HNLT9L9J02QG" }

[12:30:53 INF] Writing value of type 'List`1' as Json. { EventId: { Id: 3, Name: "WritingResultAsJson" }, SourceContext: "Microsoft.AspNetCore.Http.Result.OkObjectResult", RequestId: "0HNLT9L9J02QG:00000013", RequestPath: "/users", ConnectionId: "0HNLT9L9J02QG" }

[12:30:53 INF] Executed endpoint 'HTTP: GET /users' { EventId: { Id: 1, Name: "ExecutedEndpoint" }, SourceContext: "Microsoft.AspNetCore.Routing.EndpointMiddleware", RequestId: "0HNLT9L9J02QG:00000013", RequestPath: "/users", ConnectionId: "0HNLT9L9J02QG" }

[12:31:26 INF] CORS policy execution successful. { EventId: { Id: 4, Name: "PolicySuccess" }, SourceContext: "Microsoft.AspNetCore.Cors.Infrastructure.CorsService", RequestId: "0HNLT9L9J02QH:00000016", RequestPath: "/users", ConnectionId: "0HNLT9L9J02QH" }

[12:31:26 INF] CORS policy execution successful. { EventId: { Id: 4, Name: "PolicySuccess" }, SourceContext: "Microsoft.AspNetCore.Cors.Infrastructure.CorsService", RequestId: "0HNLT9L9J02QF:00000015", RequestPath: "/roles", ConnectionId: "0HNLT9L9J02QF" }

[12:31:26 INF] CORS policy execution successful. { EventId: { Id: 4, Name: "PolicySuccess" }, SourceContext: "Microsoft.AspNetCore.Cors.Infrastructure.CorsService", RequestId: "0HNLT9L9J02QF:00000016", RequestPath: "/users", ConnectionId: "0HNLT9L9J02QF" }

[12:31:26 INF] CORS policy execution successful. { EventId: { Id: 4, Name: "PolicySuccess" }, SourceContext: "Microsoft.AspNetCore.Cors.Infrastructure.CorsService", RequestId: "0HNLT9L9J02QH:00000017", RequestPath: "/departments", ConnectionId: "0HNLT9L9J02QH" }

[12:31:26 INF] CORS policy execution successful. { EventId: { Id: 4, Name: "PolicySuccess" }, SourceContext: "Microsoft.AspNetCore.Cors.Infrastructure.CorsService", RequestId: "0HNLT9L9J02QG:00000014", RequestPath: "/roles", ConnectionId: "0HNLT9L9J02QG" }

[12:31:26 INF] Executing endpoint 'HTTP: GET /users' { EventId: { Name: "ExecutingEndpoint" }, SourceContext: "Microsoft.AspNetCore.Routing.EndpointMiddleware", RequestId: "0HNLT9L9J02QF:00000016", RequestPath: "/users", ConnectionId: "0HNLT9L9J02QF" }

[12:31:26 INF] Executing endpoint 'HTTP: GET /roles' { EventId: { Name: "ExecutingEndpoint" }, SourceContext: "Microsoft.AspNetCore.Routing.EndpointMiddleware", RequestId: "0HNLT9L9J02QG:00000014", RequestPath: "/roles", ConnectionId: "0HNLT9L9J02QG" }

[12:31:26 INF] Handling GetRolesQuery { SourceContext: "AppWeaver.Mediator.Behaviors.LoggingBehavior", RequestId: "0HNLT9L9J02QG:00000014", RequestPath: "/roles", ConnectionId: "0HNLT9L9J02QG" }

[12:31:26 INF] Handling GetUsersQuery { SourceContext: "AppWeaver.Mediator.Behaviors.LoggingBehavior", RequestId: "0HNLT9L9J02QF:00000016", RequestPath: "/users", ConnectionId: "0HNLT9L9J02QF" }

[12:31:26 INF] CORS policy execution successful. { EventId: { Id: 4, Name: "PolicySuccess" }, SourceContext: "Microsoft.AspNetCore.Cors.Infrastructure.CorsService", RequestId: "0HNLT9L9J02QH:00000018", RequestPath: "/departments", ConnectionId: "0HNLT9L9J02QH" }

[12:31:26 INF] Executing endpoint 'HTTP: GET /departments' { EventId: { Name: "ExecutingEndpoint" }, SourceContext: "Microsoft.AspNetCore.Routing.EndpointMiddleware", RequestId: "0HNLT9L9J02QH:00000018", RequestPath: "/departments", ConnectionId: "0HNLT9L9J02QH" }

[12:31:26 INF] Handling GetDepartmentsQuery { SourceContext: "AppWeaver.Mediator.Behaviors.LoggingBehavior", RequestId: "0HNLT9L9J02QH:00000018", RequestPath: "/departments", ConnectionId: "0HNLT9L9J02QH" }

[12:31:26 INF] Handled GetRolesQuery { SourceContext: "AppWeaver.Mediator.Behaviors.LoggingBehavior", RequestId: "0HNLT9L9J02QG:00000014", RequestPath: "/roles", ConnectionId: "0HNLT9L9J02QG" }

[12:31:26 INF] Executed endpoint 'HTTP: GET /roles' { EventId: { Id: 1, Name: "ExecutedEndpoint" }, SourceContext: "Microsoft.AspNetCore.Routing.EndpointMiddleware", RequestId: "0HNLT9L9J02QG:00000014", RequestPath: "/roles", ConnectionId: "0HNLT9L9J02QG" }

[12:31:26 INF] Handled GetUsersQuery { SourceContext: "AppWeaver.Mediator.Behaviors.LoggingBehavior", RequestId: "0HNLT9L9J02QF:00000016", RequestPath: "/users", ConnectionId: "0HNLT9L9J02QF" }

[12:31:26 INF] Setting HTTP status code 200. { EventId: { Id: 1, Name: "WritingResultAsStatusCode" }, SourceContext: "Microsoft.AspNetCore.Http.Result.OkObjectResult", RequestId: "0HNLT9L9J02QF:00000016", RequestPath: "/users", ConnectionId: "0HNLT9L9J02QF" }

[12:31:26 INF] Writing value of type 'List`1' as Json. { EventId: { Id: 3, Name: "WritingResultAsJson" }, SourceContext: "Microsoft.AspNetCore.Http.Result.OkObjectResult", RequestId: "0HNLT9L9J02QF:00000016", RequestPath: "/users", ConnectionId: "0HNLT9L9J02QF" }

[12:31:26 INF] Executed endpoint 'HTTP: GET /users' { EventId: { Id: 1, Name: "ExecutedEndpoint" }, SourceContext: "Microsoft.AspNetCore.Routing.EndpointMiddleware", RequestId: "0HNLT9L9J02QF:00000016", RequestPath: "/users", ConnectionId: "0HNLT9L9J02QF" }

[12:31:26 INF] Handled GetDepartmentsQuery { SourceContext: "AppWeaver.Mediator.Behaviors.LoggingBehavior", RequestId: "0HNLT9L9J02QH:00000018", RequestPath: "/departments", ConnectionId: "0HNLT9L9J02QH" }

[12:31:26 INF] Executed endpoint 'HTTP: GET /departments' { EventId: { Id: 1, Name: "ExecutedEndpoint" }, SourceContext: "Microsoft.AspNetCore.Routing.EndpointMiddleware", RequestId: "0HNLT9L9J02QH:00000018", RequestPath: "/departments", ConnectionId: "0HNLT9L9J02QH" }

[12:32:08 INF] CORS policy execution successful. { EventId: { Id: 4, Name: "PolicySuccess" }, SourceContext: "Microsoft.AspNetCore.Cors.Infrastructure.CorsService", RequestId: "0HNLT9L9J02QH:00000019", RequestPath: "/users", ConnectionId: "0HNLT9L9J02QH" }

[12:32:08 INF] CORS policy execution successful. { EventId: { Id: 4, Name: "PolicySuccess" }, SourceContext: "Microsoft.AspNetCore.Cors.Infrastructure.CorsService", RequestId: "0HNLT9L9J02QG:00000015", RequestPath: "/departments", ConnectionId: "0HNLT9L9J02QG" }

[12:32:08 INF] CORS policy execution successful. { EventId: { Id: 4, Name: "PolicySuccess" }, SourceContext: "Microsoft.AspNetCore.Cors.Infrastructure.CorsService", RequestId: "0HNLT9L9J02QF:00000017", RequestPath: "/roles", ConnectionId: "0HNLT9L9J02QF" }

[12:32:08 INF] CORS policy execution successful. { EventId: { Id: 4, Name: "PolicySuccess" }, SourceContext: "Microsoft.AspNetCore.Cors.Infrastructure.CorsService", RequestId: "0HNLT9L9J02QF:00000018", RequestPath: "/users", ConnectionId: "0HNLT9L9J02QF" }

[12:32:08 INF] CORS policy execution successful. { EventId: { Id: 4, Name: "PolicySuccess" }, SourceContext: "Microsoft.AspNetCore.Cors.Infrastructure.CorsService", RequestId: "0HNLT9L9J02QG:00000016", RequestPath: "/departments", ConnectionId: "0HNLT9L9J02QG" }

[12:32:08 INF] Executing endpoint 'HTTP: GET /users' { EventId: { Name: "ExecutingEndpoint" }, SourceContext: "Microsoft.AspNetCore.Routing.EndpointMiddleware", RequestId: "0HNLT9L9J02QF:00000018", RequestPath: "/users", ConnectionId: "0HNLT9L9J02QF" }

[12:32:08 INF] Executing endpoint 'HTTP: GET /departments' { EventId: { Name: "ExecutingEndpoint" }, SourceContext: "Microsoft.AspNetCore.Routing.EndpointMiddleware", RequestId: "0HNLT9L9J02QG:00000016", RequestPath: "/departments", ConnectionId: "0HNLT9L9J02QG" }

[12:32:08 INF] Handling GetDepartmentsQuery { SourceContext: "AppWeaver.Mediator.Behaviors.LoggingBehavior", RequestId: "0HNLT9L9J02QG:00000016", RequestPath: "/departments", ConnectionId: "0HNLT9L9J02QG" }

[12:32:08 INF] Handling GetUsersQuery { SourceContext: "AppWeaver.Mediator.Behaviors.LoggingBehavior", RequestId: "0HNLT9L9J02QF:00000018", RequestPath: "/users", ConnectionId: "0HNLT9L9J02QF" }

[12:32:08 INF] CORS policy execution successful. { EventId: { Id: 4, Name: "PolicySuccess" }, SourceContext: "Microsoft.AspNetCore.Cors.Infrastructure.CorsService", RequestId: "0HNLT9L9J02QH:0000001A", RequestPath: "/roles", ConnectionId: "0HNLT9L9J02QH" }

[12:32:08 INF] Executing endpoint 'HTTP: GET /roles' { EventId: { Name: "ExecutingEndpoint" }, SourceContext: "Microsoft.AspNetCore.Routing.EndpointMiddleware", RequestId: "0HNLT9L9J02QH:0000001A", RequestPath: "/roles", ConnectionId: "0HNLT9L9J02QH" }

[12:32:08 INF] Handling GetRolesQuery { SourceContext: "AppWeaver.Mediator.Behaviors.LoggingBehavior", RequestId: "0HNLT9L9J02QH:0000001A", RequestPath: "/roles", ConnectionId: "0HNLT9L9J02QH" }

[12:32:08 INF] Handled GetRolesQuery { SourceContext: "AppWeaver.Mediator.Behaviors.LoggingBehavior", RequestId: "0HNLT9L9J02QH:0000001A", RequestPath: "/roles", ConnectionId: "0HNLT9L9J02QH" }

[12:32:08 INF] Handled GetUsersQuery { SourceContext: "AppWeaver.Mediator.Behaviors.LoggingBehavior", RequestId: "0HNLT9L9J02QF:00000018", RequestPath: "/users", ConnectionId: "0HNLT9L9J02QF" }

[12:32:08 INF] Handled GetDepartmentsQuery { SourceContext: "AppWeaver.Mediator.Behaviors.LoggingBehavior", RequestId: "0HNLT9L9J02QG:00000016", RequestPath: "/departments", ConnectionId: "0HNLT9L9J02QG" }

[12:32:08 INF] Setting HTTP status code 200. { EventId: { Id: 1, Name: "WritingResultAsStatusCode" }, SourceContext: "Microsoft.AspNetCore.Http.Result.OkObjectResult", RequestId: "0HNLT9L9J02QF:00000018", RequestPath: "/users", ConnectionId: "0HNLT9L9J02QF" }

[12:32:08 INF] Executed endpoint 'HTTP: GET /roles' { EventId: { Id: 1, Name: "ExecutedEndpoint" }, SourceContext: "Microsoft.AspNetCore.Routing.EndpointMiddleware", RequestId: "0HNLT9L9J02QH:0000001A", RequestPath: "/roles", ConnectionId: "0HNLT9L9J02QH" }

[12:32:08 INF] Executed endpoint 'HTTP: GET /departments' { EventId: { Id: 1, Name: "ExecutedEndpoint" }, SourceContext: "Microsoft.AspNetCore.Routing.EndpointMiddleware", RequestId: "0HNLT9L9J02QG:00000016", RequestPath: "/departments", ConnectionId: "0HNLT9L9J02QG" }

[12:32:08 INF] Writing value of type 'List`1' as Json. { EventId: { Id: 3, Name: "WritingResultAsJson" }, SourceContext: "Microsoft.AspNetCore.Http.Result.OkObjectResult", RequestId: "0HNLT9L9J02QF:00000018", RequestPath: "/users", ConnectionId: "0HNLT9L9J02QF" }

[12:32:08 INF] Executed endpoint 'HTTP: GET /users' { EventId: { Id: 1, Name: "ExecutedEndpoint" }, SourceContext: "Microsoft.AspNetCore.Routing.EndpointMiddleware", RequestId: "0HNLT9L9J02QF:00000018", RequestPath: "/users", ConnectionId: "0HNLT9L9J02QF" }

[12:56:34 INF] CORS policy execution successful. { EventId: { Id: 4, Name: "PolicySuccess" }, SourceContext: "Microsoft.AspNetCore.Cors.Infrastructure.CorsService", RequestId: "0HNLT9L9J02QI:00000001", RequestPath: "/users", ConnectionId: "0HNLT9L9J02QI" }

[12:56:34 INF] CORS policy execution successful. { EventId: { Id: 4, Name: "PolicySuccess" }, SourceContext: "Microsoft.AspNetCore.Cors.Infrastructure.CorsService", RequestId: "0HNLT9L9J02QJ:00000001", RequestPath: "/departments", ConnectionId: "0HNLT9L9J02QJ" }

[12:56:34 INF] CORS policy execution successful. { EventId: { Id: 4, Name: "PolicySuccess" }, SourceContext: "Microsoft.AspNetCore.Cors.Infrastructure.CorsService", RequestId: "0HNLT9L9J02QK:00000001", RequestPath: "/roles", ConnectionId: "0HNLT9L9J02QK" }

[12:56:34 INF] CORS policy execution successful. { EventId: { Id: 4, Name: "PolicySuccess" }, SourceContext: "Microsoft.AspNetCore.Cors.Infrastructure.CorsService", RequestId: "0HNLT9L9J02QK:00000002", RequestPath: "/users", ConnectionId: "0HNLT9L9J02QK" }

[12:56:34 INF] CORS policy execution successful. { EventId: { Id: 4, Name: "PolicySuccess" }, SourceContext: "Microsoft.AspNetCore.Cors.Infrastructure.CorsService", RequestId: "0HNLT9L9J02QI:00000002", RequestPath: "/roles", ConnectionId: "0HNLT9L9J02QI" }

[12:56:34 INF] CORS policy execution successful. { EventId: { Id: 4, Name: "PolicySuccess" }, SourceContext: "Microsoft.AspNetCore.Cors.Infrastructure.CorsService", RequestId: "0HNLT9L9J02QJ:00000002", RequestPath: "/departments", ConnectionId: "0HNLT9L9J02QJ" }

[12:56:34 INF] Failed to validate the token. { EventId: { Id: 1, Name: "TokenValidationFailed" }, SourceContext: "Microsoft.AspNetCore.Authentication.JwtBearer.JwtBearerHandler", RequestId: "0HNLT9L9J02QK:00000002", RequestPath: "/users", ConnectionId: "0HNLT9L9J02QK" }

Microsoft.IdentityModel.Tokens.SecurityTokenExpiredException: IDX10223: Lifetime validation failed. The token is expired. ValidTo (UTC): '29-05-2026 7.19.03 AM', Current time (UTC): '29-05-2026 7.26.34 AM'.
   at Microsoft.IdentityModel.Tokens.ValidatorUtilities.ValidateLifetime(Nullable`1 notBefore, Nullable`1 expires, SecurityToken securityToken, TokenValidationParameters validationParameters)
   at Microsoft.IdentityModel.Tokens.Validators.ValidateLifetime(Nullable`1 notBefore, Nullable`1 expires, SecurityToken securityToken, TokenValidationParameters validationParameters)
   at Microsoft.IdentityModel.JsonWebTokens.JsonWebTokenHandler.ValidateTokenPayloadAsync(JsonWebToken jsonWebToken, TokenValidationParameters validationParameters, BaseConfiguration configuration)
   at Microsoft.IdentityModel.JsonWebTokens.JsonWebTokenHandler.ValidateJWSAsync(JsonWebToken jsonWebToken, TokenValidationParameters validationParameters, BaseConfiguration configuration)
[12:56:34 INF] Failed to validate the token. { EventId: { Id: 1, Name: "TokenValidationFailed" }, SourceContext: "Microsoft.AspNetCore.Authentication.JwtBearer.JwtBearerHandler", RequestId: "0HNLT9L9J02QI:00000002", RequestPath: "/roles", ConnectionId: "0HNLT9L9J02QI" }

Microsoft.IdentityModel.Tokens.SecurityTokenExpiredException: IDX10223: Lifetime validation failed. The token is expired. ValidTo (UTC): '29-05-2026 7.19.03 AM', Current time (UTC): '29-05-2026 7.26.34 AM'.
   at Microsoft.IdentityModel.Tokens.ValidatorUtilities.ValidateLifetime(Nullable`1 notBefore, Nullable`1 expires, SecurityToken securityToken, TokenValidationParameters validationParameters)
   at Microsoft.IdentityModel.Tokens.Validators.ValidateLifetime(Nullable`1 notBefore, Nullable`1 expires, SecurityToken securityToken, TokenValidationParameters validationParameters)
   at Microsoft.IdentityModel.JsonWebTokens.JsonWebTokenHandler.ValidateTokenPayloadAsync(JsonWebToken jsonWebToken, TokenValidationParameters validationParameters, BaseConfiguration configuration)
   at Microsoft.IdentityModel.JsonWebTokens.JsonWebTokenHandler.ValidateJWSAsync(JsonWebToken jsonWebToken, TokenValidationParameters validationParameters, BaseConfiguration configuration)
[12:56:34 INF] Failed to validate the token. { EventId: { Id: 1, Name: "TokenValidationFailed" }, SourceContext: "Microsoft.AspNetCore.Authentication.JwtBearer.JwtBearerHandler", RequestId: "0HNLT9L9J02QJ:00000002", RequestPath: "/departments", ConnectionId: "0HNLT9L9J02QJ" }

Microsoft.IdentityModel.Tokens.SecurityTokenExpiredException: IDX10223: Lifetime validation failed. The token is expired. ValidTo (UTC): '29-05-2026 7.19.03 AM', Current time (UTC): '29-05-2026 7.26.34 AM'.
   at Microsoft.IdentityModel.Tokens.ValidatorUtilities.ValidateLifetime(Nullable`1 notBefore, Nullable`1 expires, SecurityToken securityToken, TokenValidationParameters validationParameters)
   at Microsoft.IdentityModel.Tokens.Validators.ValidateLifetime(Nullable`1 notBefore, Nullable`1 expires, SecurityToken securityToken, TokenValidationParameters validationParameters)
   at Microsoft.IdentityModel.JsonWebTokens.JsonWebTokenHandler.ValidateTokenPayloadAsync(JsonWebToken jsonWebToken, TokenValidationParameters validationParameters, BaseConfiguration configuration)
   at Microsoft.IdentityModel.JsonWebTokens.JsonWebTokenHandler.ValidateJWSAsync(JsonWebToken jsonWebToken, TokenValidationParameters validationParameters, BaseConfiguration configuration)
[12:56:34 INF] Bearer was not authenticated. Failure message: IDX10223: Lifetime validation failed. The token is expired. ValidTo (UTC): '29-05-2026 7.19.03 AM', Current time (UTC): '29-05-2026 7.26.34 AM'. { EventId: { Id: 7, Name: "AuthenticationSchemeNotAuthenticatedWithFailure" }, SourceContext: "Microsoft.AspNetCore.Authentication.JwtBearer.JwtBearerHandler", RequestId: "0HNLT9L9J02QK:00000002", RequestPath: "/users", ConnectionId: "0HNLT9L9J02QK" }

[12:56:34 INF] Bearer was not authenticated. Failure message: IDX10223: Lifetime validation failed. The token is expired. ValidTo (UTC): '29-05-2026 7.19.03 AM', Current time (UTC): '29-05-2026 7.26.34 AM'. { EventId: { Id: 7, Name: "AuthenticationSchemeNotAuthenticatedWithFailure" }, SourceContext: "Microsoft.AspNetCore.Authentication.JwtBearer.JwtBearerHandler", RequestId: "0HNLT9L9J02QI:00000002", RequestPath: "/roles", ConnectionId: "0HNLT9L9J02QI" }

[12:56:34 INF] Bearer was not authenticated. Failure message: IDX10223: Lifetime validation failed. The token is expired. ValidTo (UTC): '29-05-2026 7.19.03 AM', Current time (UTC): '29-05-2026 7.26.34 AM'. { EventId: { Id: 7, Name: "AuthenticationSchemeNotAuthenticatedWithFailure" }, SourceContext: "Microsoft.AspNetCore.Authentication.JwtBearer.JwtBearerHandler", RequestId: "0HNLT9L9J02QJ:00000002", RequestPath: "/departments", ConnectionId: "0HNLT9L9J02QJ" }

[12:56:34 INF] Executing endpoint 'HTTP: GET /roles' { EventId: { Name: "ExecutingEndpoint" }, SourceContext: "Microsoft.AspNetCore.Routing.EndpointMiddleware", RequestId: "0HNLT9L9J02QI:00000002", RequestPath: "/roles", ConnectionId: "0HNLT9L9J02QI" }

[12:56:34 INF] Executing endpoint 'HTTP: GET /departments' { EventId: { Name: "ExecutingEndpoint" }, SourceContext: "Microsoft.AspNetCore.Routing.EndpointMiddleware", RequestId: "0HNLT9L9J02QJ:00000002", RequestPath: "/departments", ConnectionId: "0HNLT9L9J02QJ" }

[12:56:34 INF] Handling GetRolesQuery { SourceContext: "AppWeaver.Mediator.Behaviors.LoggingBehavior", RequestId: "0HNLT9L9J02QI:00000002", RequestPath: "/roles", ConnectionId: "0HNLT9L9J02QI" }

[12:56:34 INF] Handling GetDepartmentsQuery { SourceContext: "AppWeaver.Mediator.Behaviors.LoggingBehavior", RequestId: "0HNLT9L9J02QJ:00000002", RequestPath: "/departments", ConnectionId: "0HNLT9L9J02QJ" }

[12:56:34 INF] Authorization failed. These requirements were not met:
DenyAnonymousAuthorizationRequirement: Requires an authenticated user.
RolesAuthorizationRequirement:User.IsInRole must be true for one of the following roles: (admin) { EventId: { Id: 2, Name: "UserAuthorizationFailed" }, SourceContext: "Microsoft.AspNetCore.Authorization.DefaultAuthorizationService", RequestId: "0HNLT9L9J02QK:00000002", RequestPath: "/users", ConnectionId: "0HNLT9L9J02QK" }

[12:56:34 INF] AuthenticationScheme: Bearer was challenged. { EventId: { Id: 12, Name: "AuthenticationSchemeChallenged" }, SourceContext: "Microsoft.AspNetCore.Authentication.JwtBearer.JwtBearerHandler", RequestId: "0HNLT9L9J02QK:00000002", RequestPath: "/users", ConnectionId: "0HNLT9L9J02QK" }

[12:56:34 INF] Handled GetRolesQuery { SourceContext: "AppWeaver.Mediator.Behaviors.LoggingBehavior", RequestId: "0HNLT9L9J02QI:00000002", RequestPath: "/roles", ConnectionId: "0HNLT9L9J02QI" }

[12:56:34 INF] Handled GetDepartmentsQuery { SourceContext: "AppWeaver.Mediator.Behaviors.LoggingBehavior", RequestId: "0HNLT9L9J02QJ:00000002", RequestPath: "/departments", ConnectionId: "0HNLT9L9J02QJ" }

[12:56:34 INF] Executed endpoint 'HTTP: GET /roles' { EventId: { Id: 1, Name: "ExecutedEndpoint" }, SourceContext: "Microsoft.AspNetCore.Routing.EndpointMiddleware", RequestId: "0HNLT9L9J02QI:00000002", RequestPath: "/roles", ConnectionId: "0HNLT9L9J02QI" }

[12:56:34 INF] Executed endpoint 'HTTP: GET /departments' { EventId: { Id: 1, Name: "ExecutedEndpoint" }, SourceContext: "Microsoft.AspNetCore.Routing.EndpointMiddleware", RequestId: "0HNLT9L9J02QJ:00000002", RequestPath: "/departments", ConnectionId: "0HNLT9L9J02QJ" }

[12:56:40 INF] CORS policy execution successful. { EventId: { Id: 4, Name: "PolicySuccess" }, SourceContext: "Microsoft.AspNetCore.Cors.Infrastructure.CorsService", RequestId: "0HNLT9L9J02QM:00000001", RequestPath: "/departments", ConnectionId: "0HNLT9L9J02QM" }

[12:56:40 INF] CORS policy execution successful. { EventId: { Id: 4, Name: "PolicySuccess" }, SourceContext: "Microsoft.AspNetCore.Cors.Infrastructure.CorsService", RequestId: "0HNLT9L9J02QL:00000001", RequestPath: "/roles", ConnectionId: "0HNLT9L9J02QL" }

[12:56:40 INF] CORS policy execution successful. { EventId: { Id: 4, Name: "PolicySuccess" }, SourceContext: "Microsoft.AspNetCore.Cors.Infrastructure.CorsService", RequestId: "0HNLT9L9J02QN:00000001", RequestPath: "/users", ConnectionId: "0HNLT9L9J02QN" }

[12:56:40 INF] CORS policy execution successful. { EventId: { Id: 4, Name: "PolicySuccess" }, SourceContext: "Microsoft.AspNetCore.Cors.Infrastructure.CorsService", RequestId: "0HNLT9L9J02QL:00000002", RequestPath: "/departments", ConnectionId: "0HNLT9L9J02QL" }

[12:56:40 INF] CORS policy execution successful. { EventId: { Id: 4, Name: "PolicySuccess" }, SourceContext: "Microsoft.AspNetCore.Cors.Infrastructure.CorsService", RequestId: "0HNLT9L9J02QM:00000002", RequestPath: "/roles", ConnectionId: "0HNLT9L9J02QM" }

[12:56:40 INF] CORS policy execution successful. { EventId: { Id: 4, Name: "PolicySuccess" }, SourceContext: "Microsoft.AspNetCore.Cors.Infrastructure.CorsService", RequestId: "0HNLT9L9J02QN:00000002", RequestPath: "/users", ConnectionId: "0HNLT9L9J02QN" }

[12:56:40 INF] Executing endpoint 'HTTP: GET /roles' { EventId: { Name: "ExecutingEndpoint" }, SourceContext: "Microsoft.AspNetCore.Routing.EndpointMiddleware", RequestId: "0HNLT9L9J02QM:00000002", RequestPath: "/roles", ConnectionId: "0HNLT9L9J02QM" }

[12:56:40 INF] Executing endpoint 'HTTP: GET /departments' { EventId: { Name: "ExecutingEndpoint" }, SourceContext: "Microsoft.AspNetCore.Routing.EndpointMiddleware", RequestId: "0HNLT9L9J02QL:00000002", RequestPath: "/departments", ConnectionId: "0HNLT9L9J02QL" }

[12:56:40 INF] Handling GetDepartmentsQuery { SourceContext: "AppWeaver.Mediator.Behaviors.LoggingBehavior", RequestId: "0HNLT9L9J02QL:00000002", RequestPath: "/departments", ConnectionId: "0HNLT9L9J02QL" }

[12:56:40 INF] Handling GetRolesQuery { SourceContext: "AppWeaver.Mediator.Behaviors.LoggingBehavior", RequestId: "0HNLT9L9J02QM:00000002", RequestPath: "/roles", ConnectionId: "0HNLT9L9J02QM" }

[12:56:40 INF] Executing endpoint 'HTTP: GET /users' { EventId: { Name: "ExecutingEndpoint" }, SourceContext: "Microsoft.AspNetCore.Routing.EndpointMiddleware", RequestId: "0HNLT9L9J02QN:00000002", RequestPath: "/users", ConnectionId: "0HNLT9L9J02QN" }

[12:56:40 INF] Handling GetUsersQuery { SourceContext: "AppWeaver.Mediator.Behaviors.LoggingBehavior", RequestId: "0HNLT9L9J02QN:00000002", RequestPath: "/users", ConnectionId: "0HNLT9L9J02QN" }

[12:56:40 INF] Handled GetRolesQuery { SourceContext: "AppWeaver.Mediator.Behaviors.LoggingBehavior", RequestId: "0HNLT9L9J02QM:00000002", RequestPath: "/roles", ConnectionId: "0HNLT9L9J02QM" }

[12:56:40 INF] Handled GetDepartmentsQuery { SourceContext: "AppWeaver.Mediator.Behaviors.LoggingBehavior", RequestId: "0HNLT9L9J02QL:00000002", RequestPath: "/departments", ConnectionId: "0HNLT9L9J02QL" }

[12:56:40 INF] Executed endpoint 'HTTP: GET /roles' { EventId: { Id: 1, Name: "ExecutedEndpoint" }, SourceContext: "Microsoft.AspNetCore.Routing.EndpointMiddleware", RequestId: "0HNLT9L9J02QM:00000002", RequestPath: "/roles", ConnectionId: "0HNLT9L9J02QM" }

[12:56:40 INF] Executed endpoint 'HTTP: GET /departments' { EventId: { Id: 1, Name: "ExecutedEndpoint" }, SourceContext: "Microsoft.AspNetCore.Routing.EndpointMiddleware", RequestId: "0HNLT9L9J02QL:00000002", RequestPath: "/departments", ConnectionId: "0HNLT9L9J02QL" }

[12:56:40 INF] Handled GetUsersQuery { SourceContext: "AppWeaver.Mediator.Behaviors.LoggingBehavior", RequestId: "0HNLT9L9J02QN:00000002", RequestPath: "/users", ConnectionId: "0HNLT9L9J02QN" }

[12:56:40 INF] Setting HTTP status code 200. { EventId: { Id: 1, Name: "WritingResultAsStatusCode" }, SourceContext: "Microsoft.AspNetCore.Http.Result.OkObjectResult", RequestId: "0HNLT9L9J02QN:00000002", RequestPath: "/users", ConnectionId: "0HNLT9L9J02QN" }

[12:56:40 INF] Writing value of type 'List`1' as Json. { EventId: { Id: 3, Name: "WritingResultAsJson" }, SourceContext: "Microsoft.AspNetCore.Http.Result.OkObjectResult", RequestId: "0HNLT9L9J02QN:00000002", RequestPath: "/users", ConnectionId: "0HNLT9L9J02QN" }

[12:56:40 INF] Executed endpoint 'HTTP: GET /users' { EventId: { Id: 1, Name: "ExecutedEndpoint" }, SourceContext: "Microsoft.AspNetCore.Routing.EndpointMiddleware", RequestId: "0HNLT9L9J02QN:00000002", RequestPath: "/users", ConnectionId: "0HNLT9L9J02QN" }

[12:59:35 INF] CORS policy execution successful. { EventId: { Id: 4, Name: "PolicySuccess" }, SourceContext: "Microsoft.AspNetCore.Cors.Infrastructure.CorsService", RequestId: "0HNLT9L9J02QO:00000001", RequestPath: "/departments", ConnectionId: "0HNLT9L9J02QO" }

[12:59:35 INF] CORS policy execution successful. { EventId: { Id: 4, Name: "PolicySuccess" }, SourceContext: "Microsoft.AspNetCore.Cors.Infrastructure.CorsService", RequestId: "0HNLT9L9J02QP:00000001", RequestPath: "/users", ConnectionId: "0HNLT9L9J02QP" }

[12:59:35 INF] CORS policy execution successful. { EventId: { Id: 4, Name: "PolicySuccess" }, SourceContext: "Microsoft.AspNetCore.Cors.Infrastructure.CorsService", RequestId: "0HNLT9L9J02QQ:00000001", RequestPath: "/roles", ConnectionId: "0HNLT9L9J02QQ" }

[12:59:35 INF] CORS policy execution successful. { EventId: { Id: 4, Name: "PolicySuccess" }, SourceContext: "Microsoft.AspNetCore.Cors.Infrastructure.CorsService", RequestId: "0HNLT9L9J02QO:00000002", RequestPath: "/users", ConnectionId: "0HNLT9L9J02QO" }

[12:59:35 INF] Executing endpoint 'HTTP: GET /users' { EventId: { Name: "ExecutingEndpoint" }, SourceContext: "Microsoft.AspNetCore.Routing.EndpointMiddleware", RequestId: "0HNLT9L9J02QO:00000002", RequestPath: "/users", ConnectionId: "0HNLT9L9J02QO" }

[12:59:35 INF] CORS policy execution successful. { EventId: { Id: 4, Name: "PolicySuccess" }, SourceContext: "Microsoft.AspNetCore.Cors.Infrastructure.CorsService", RequestId: "0HNLT9L9J02QP:00000002", RequestPath: "/departments", ConnectionId: "0HNLT9L9J02QP" }

[12:59:35 INF] CORS policy execution successful. { EventId: { Id: 4, Name: "PolicySuccess" }, SourceContext: "Microsoft.AspNetCore.Cors.Infrastructure.CorsService", RequestId: "0HNLT9L9J02QQ:00000002", RequestPath: "/roles", ConnectionId: "0HNLT9L9J02QQ" }

[12:59:35 INF] Handling GetUsersQuery { SourceContext: "AppWeaver.Mediator.Behaviors.LoggingBehavior", RequestId: "0HNLT9L9J02QO:00000002", RequestPath: "/users", ConnectionId: "0HNLT9L9J02QO" }

[12:59:35 INF] Executing endpoint 'HTTP: GET /roles' { EventId: { Name: "ExecutingEndpoint" }, SourceContext: "Microsoft.AspNetCore.Routing.EndpointMiddleware", RequestId: "0HNLT9L9J02QQ:00000002", RequestPath: "/roles", ConnectionId: "0HNLT9L9J02QQ" }

[12:59:35 INF] Executing endpoint 'HTTP: GET /departments' { EventId: { Name: "ExecutingEndpoint" }, SourceContext: "Microsoft.AspNetCore.Routing.EndpointMiddleware", RequestId: "0HNLT9L9J02QP:00000002", RequestPath: "/departments", ConnectionId: "0HNLT9L9J02QP" }

[12:59:35 INF] Handling GetDepartmentsQuery { SourceContext: "AppWeaver.Mediator.Behaviors.LoggingBehavior", RequestId: "0HNLT9L9J02QP:00000002", RequestPath: "/departments", ConnectionId: "0HNLT9L9J02QP" }

[12:59:35 INF] Handling GetRolesQuery { SourceContext: "AppWeaver.Mediator.Behaviors.LoggingBehavior", RequestId: "0HNLT9L9J02QQ:00000002", RequestPath: "/roles", ConnectionId: "0HNLT9L9J02QQ" }

[12:59:35 INF] Handled GetRolesQuery { SourceContext: "AppWeaver.Mediator.Behaviors.LoggingBehavior", RequestId: "0HNLT9L9J02QQ:00000002", RequestPath: "/roles", ConnectionId: "0HNLT9L9J02QQ" }

[12:59:35 INF] Handled GetDepartmentsQuery { SourceContext: "AppWeaver.Mediator.Behaviors.LoggingBehavior", RequestId: "0HNLT9L9J02QP:00000002", RequestPath: "/departments", ConnectionId: "0HNLT9L9J02QP" }

[12:59:35 INF] Executed endpoint 'HTTP: GET /roles' { EventId: { Id: 1, Name: "ExecutedEndpoint" }, SourceContext: "Microsoft.AspNetCore.Routing.EndpointMiddleware", RequestId: "0HNLT9L9J02QQ:00000002", RequestPath: "/roles", ConnectionId: "0HNLT9L9J02QQ" }

[12:59:35 INF] Executed endpoint 'HTTP: GET /departments' { EventId: { Id: 1, Name: "ExecutedEndpoint" }, SourceContext: "Microsoft.AspNetCore.Routing.EndpointMiddleware", RequestId: "0HNLT9L9J02QP:00000002", RequestPath: "/departments", ConnectionId: "0HNLT9L9J02QP" }

[12:59:35 INF] Handled GetUsersQuery { SourceContext: "AppWeaver.Mediator.Behaviors.LoggingBehavior", RequestId: "0HNLT9L9J02QO:00000002", RequestPath: "/users", ConnectionId: "0HNLT9L9J02QO" }

[12:59:35 INF] Setting HTTP status code 200. { EventId: { Id: 1, Name: "WritingResultAsStatusCode" }, SourceContext: "Microsoft.AspNetCore.Http.Result.OkObjectResult", RequestId: "0HNLT9L9J02QO:00000002", RequestPath: "/users", ConnectionId: "0HNLT9L9J02QO" }

[12:59:35 INF] Writing value of type 'List`1' as Json. { EventId: { Id: 3, Name: "WritingResultAsJson" }, SourceContext: "Microsoft.AspNetCore.Http.Result.OkObjectResult", RequestId: "0HNLT9L9J02QO:00000002", RequestPath: "/users", ConnectionId: "0HNLT9L9J02QO" }

[12:59:35 INF] Executed endpoint 'HTTP: GET /users' { EventId: { Id: 1, Name: "ExecutedEndpoint" }, SourceContext: "Microsoft.AspNetCore.Routing.EndpointMiddleware", RequestId: "0HNLT9L9J02QO:00000002", RequestPath: "/users", ConnectionId: "0HNLT9L9J02QO" }

[13:01:27 INF] CORS policy execution successful. { EventId: { Id: 4, Name: "PolicySuccess" }, SourceContext: "Microsoft.AspNetCore.Cors.Infrastructure.CorsService", RequestId: "0HNLT9L9J02QO:00000003", RequestPath: "/users", ConnectionId: "0HNLT9L9J02QO" }

[13:01:27 INF] CORS policy execution successful. { EventId: { Id: 4, Name: "PolicySuccess" }, SourceContext: "Microsoft.AspNetCore.Cors.Infrastructure.CorsService", RequestId: "0HNLT9L9J02QP:00000003", RequestPath: "/roles", ConnectionId: "0HNLT9L9J02QP" }

[13:01:27 INF] CORS policy execution successful. { EventId: { Id: 4, Name: "PolicySuccess" }, SourceContext: "Microsoft.AspNetCore.Cors.Infrastructure.CorsService", RequestId: "0HNLT9L9J02QQ:00000003", RequestPath: "/departments", ConnectionId: "0HNLT9L9J02QQ" }

[13:01:27 INF] CORS policy execution successful. { EventId: { Id: 4, Name: "PolicySuccess" }, SourceContext: "Microsoft.AspNetCore.Cors.Infrastructure.CorsService", RequestId: "0HNLT9L9J02QQ:00000004", RequestPath: "/users", ConnectionId: "0HNLT9L9J02QQ" }

[13:01:27 INF] CORS policy execution successful. { EventId: { Id: 4, Name: "PolicySuccess" }, SourceContext: "Microsoft.AspNetCore.Cors.Infrastructure.CorsService", RequestId: "0HNLT9L9J02QP:00000004", RequestPath: "/roles", ConnectionId: "0HNLT9L9J02QP" }

[13:01:27 INF] Executing endpoint 'HTTP: GET /users' { EventId: { Name: "ExecutingEndpoint" }, SourceContext: "Microsoft.AspNetCore.Routing.EndpointMiddleware", RequestId: "0HNLT9L9J02QQ:00000004", RequestPath: "/users", ConnectionId: "0HNLT9L9J02QQ" }

[13:01:27 INF] Executing endpoint 'HTTP: GET /roles' { EventId: { Name: "ExecutingEndpoint" }, SourceContext: "Microsoft.AspNetCore.Routing.EndpointMiddleware", RequestId: "0HNLT9L9J02QP:00000004", RequestPath: "/roles", ConnectionId: "0HNLT9L9J02QP" }

[13:01:27 INF] Handling GetRolesQuery { SourceContext: "AppWeaver.Mediator.Behaviors.LoggingBehavior", RequestId: "0HNLT9L9J02QP:00000004", RequestPath: "/roles", ConnectionId: "0HNLT9L9J02QP" }

[13:01:27 INF] Handling GetUsersQuery { SourceContext: "AppWeaver.Mediator.Behaviors.LoggingBehavior", RequestId: "0HNLT9L9J02QQ:00000004", RequestPath: "/users", ConnectionId: "0HNLT9L9J02QQ" }

[13:01:27 INF] CORS policy execution successful. { EventId: { Id: 4, Name: "PolicySuccess" }, SourceContext: "Microsoft.AspNetCore.Cors.Infrastructure.CorsService", RequestId: "0HNLT9L9J02QO:00000004", RequestPath: "/departments", ConnectionId: "0HNLT9L9J02QO" }

[13:01:27 INF] Executing endpoint 'HTTP: GET /departments' { EventId: { Name: "ExecutingEndpoint" }, SourceContext: "Microsoft.AspNetCore.Routing.EndpointMiddleware", RequestId: "0HNLT9L9J02QO:00000004", RequestPath: "/departments", ConnectionId: "0HNLT9L9J02QO" }

[13:01:27 INF] Handling GetDepartmentsQuery { SourceContext: "AppWeaver.Mediator.Behaviors.LoggingBehavior", RequestId: "0HNLT9L9J02QO:00000004", RequestPath: "/departments", ConnectionId: "0HNLT9L9J02QO" }

[13:01:27 INF] Handled GetRolesQuery { SourceContext: "AppWeaver.Mediator.Behaviors.LoggingBehavior", RequestId: "0HNLT9L9J02QP:00000004", RequestPath: "/roles", ConnectionId: "0HNLT9L9J02QP" }

[13:01:27 INF] Handled GetUsersQuery { SourceContext: "AppWeaver.Mediator.Behaviors.LoggingBehavior", RequestId: "0HNLT9L9J02QQ:00000004", RequestPath: "/users", ConnectionId: "0HNLT9L9J02QQ" }

[13:01:27 INF] Handled GetDepartmentsQuery { SourceContext: "AppWeaver.Mediator.Behaviors.LoggingBehavior", RequestId: "0HNLT9L9J02QO:00000004", RequestPath: "/departments", ConnectionId: "0HNLT9L9J02QO" }

[13:01:27 INF] Setting HTTP status code 200. { EventId: { Id: 1, Name: "WritingResultAsStatusCode" }, SourceContext: "Microsoft.AspNetCore.Http.Result.OkObjectResult", RequestId: "0HNLT9L9J02QQ:00000004", RequestPath: "/users", ConnectionId: "0HNLT9L9J02QQ" }

[13:01:27 INF] Executed endpoint 'HTTP: GET /roles' { EventId: { Id: 1, Name: "ExecutedEndpoint" }, SourceContext: "Microsoft.AspNetCore.Routing.EndpointMiddleware", RequestId: "0HNLT9L9J02QP:00000004", RequestPath: "/roles", ConnectionId: "0HNLT9L9J02QP" }

[13:01:27 INF] Writing value of type 'List`1' as Json. { EventId: { Id: 3, Name: "WritingResultAsJson" }, SourceContext: "Microsoft.AspNetCore.Http.Result.OkObjectResult", RequestId: "0HNLT9L9J02QQ:00000004", RequestPath: "/users", ConnectionId: "0HNLT9L9J02QQ" }

[13:01:27 INF] Executed endpoint 'HTTP: GET /users' { EventId: { Id: 1, Name: "ExecutedEndpoint" }, SourceContext: "Microsoft.AspNetCore.Routing.EndpointMiddleware", RequestId: "0HNLT9L9J02QQ:00000004", RequestPath: "/users", ConnectionId: "0HNLT9L9J02QQ" }

[13:01:27 INF] Executed endpoint 'HTTP: GET /departments' { EventId: { Id: 1, Name: "ExecutedEndpoint" }, SourceContext: "Microsoft.AspNetCore.Routing.EndpointMiddleware", RequestId: "0HNLT9L9J02QO:00000004", RequestPath: "/departments", ConnectionId: "0HNLT9L9J02QO" }

[13:02:51 INF] CORS policy execution successful. { EventId: { Id: 4, Name: "PolicySuccess" }, SourceContext: "Microsoft.AspNetCore.Cors.Infrastructure.CorsService", RequestId: "0HNLT9L9J02QP:00000005", RequestPath: "/users", ConnectionId: "0HNLT9L9J02QP" }

[13:02:51 INF] CORS policy execution successful. { EventId: { Id: 4, Name: "PolicySuccess" }, SourceContext: "Microsoft.AspNetCore.Cors.Infrastructure.CorsService", RequestId: "0HNLT9L9J02QO:00000005", RequestPath: "/roles", ConnectionId: "0HNLT9L9J02QO" }

[13:02:51 INF] CORS policy execution successful. { EventId: { Id: 4, Name: "PolicySuccess" }, SourceContext: "Microsoft.AspNetCore.Cors.Infrastructure.CorsService", RequestId: "0HNLT9L9J02QQ:00000005", RequestPath: "/departments", ConnectionId: "0HNLT9L9J02QQ" }

[13:02:51 INF] CORS policy execution successful. { EventId: { Id: 4, Name: "PolicySuccess" }, SourceContext: "Microsoft.AspNetCore.Cors.Infrastructure.CorsService", RequestId: "0HNLT9L9J02QO:00000006", RequestPath: "/users", ConnectionId: "0HNLT9L9J02QO" }

[13:02:51 INF] CORS policy execution successful. { EventId: { Id: 4, Name: "PolicySuccess" }, SourceContext: "Microsoft.AspNetCore.Cors.Infrastructure.CorsService", RequestId: "0HNLT9L9J02QQ:00000006", RequestPath: "/departments", ConnectionId: "0HNLT9L9J02QQ" }

[13:02:51 INF] CORS policy execution successful. { EventId: { Id: 4, Name: "PolicySuccess" }, SourceContext: "Microsoft.AspNetCore.Cors.Infrastructure.CorsService", RequestId: "0HNLT9L9J02QP:00000006", RequestPath: "/roles", ConnectionId: "0HNLT9L9J02QP" }

[13:02:51 INF] Executing endpoint 'HTTP: GET /users' { EventId: { Name: "ExecutingEndpoint" }, SourceContext: "Microsoft.AspNetCore.Routing.EndpointMiddleware", RequestId: "0HNLT9L9J02QO:00000006", RequestPath: "/users", ConnectionId: "0HNLT9L9J02QO" }

[13:02:51 INF] Handling GetUsersQuery { SourceContext: "AppWeaver.Mediator.Behaviors.LoggingBehavior", RequestId: "0HNLT9L9J02QO:00000006", RequestPath: "/users", ConnectionId: "0HNLT9L9J02QO" }

[13:02:51 INF] Executing endpoint 'HTTP: GET /departments' { EventId: { Name: "ExecutingEndpoint" }, SourceContext: "Microsoft.AspNetCore.Routing.EndpointMiddleware", RequestId: "0HNLT9L9J02QQ:00000006", RequestPath: "/departments", ConnectionId: "0HNLT9L9J02QQ" }

[13:02:51 INF] Executing endpoint 'HTTP: GET /roles' { EventId: { Name: "ExecutingEndpoint" }, SourceContext: "Microsoft.AspNetCore.Routing.EndpointMiddleware", RequestId: "0HNLT9L9J02QP:00000006", RequestPath: "/roles", ConnectionId: "0HNLT9L9J02QP" }

[13:02:51 INF] Handling GetDepartmentsQuery { SourceContext: "AppWeaver.Mediator.Behaviors.LoggingBehavior", RequestId: "0HNLT9L9J02QQ:00000006", RequestPath: "/departments", ConnectionId: "0HNLT9L9J02QQ" }

[13:02:51 INF] Handling GetRolesQuery { SourceContext: "AppWeaver.Mediator.Behaviors.LoggingBehavior", RequestId: "0HNLT9L9J02QP:00000006", RequestPath: "/roles", ConnectionId: "0HNLT9L9J02QP" }

[13:02:51 INF] Handled GetDepartmentsQuery { SourceContext: "AppWeaver.Mediator.Behaviors.LoggingBehavior", RequestId: "0HNLT9L9J02QQ:00000006", RequestPath: "/departments", ConnectionId: "0HNLT9L9J02QQ" }

[13:02:51 INF] Handled GetRolesQuery { SourceContext: "AppWeaver.Mediator.Behaviors.LoggingBehavior", RequestId: "0HNLT9L9J02QP:00000006", RequestPath: "/roles", ConnectionId: "0HNLT9L9J02QP" }

[13:02:51 INF] Executed endpoint 'HTTP: GET /departments' { EventId: { Id: 1, Name: "ExecutedEndpoint" }, SourceContext: "Microsoft.AspNetCore.Routing.EndpointMiddleware", RequestId: "0HNLT9L9J02QQ:00000006", RequestPath: "/departments", ConnectionId: "0HNLT9L9J02QQ" }

[13:02:51 INF] Executed endpoint 'HTTP: GET /roles' { EventId: { Id: 1, Name: "ExecutedEndpoint" }, SourceContext: "Microsoft.AspNetCore.Routing.EndpointMiddleware", RequestId: "0HNLT9L9J02QP:00000006", RequestPath: "/roles", ConnectionId: "0HNLT9L9J02QP" }

[13:02:51 INF] Handled GetUsersQuery { SourceContext: "AppWeaver.Mediator.Behaviors.LoggingBehavior", RequestId: "0HNLT9L9J02QO:00000006", RequestPath: "/users", ConnectionId: "0HNLT9L9J02QO" }

[13:02:51 INF] Setting HTTP status code 200. { EventId: { Id: 1, Name: "WritingResultAsStatusCode" }, SourceContext: "Microsoft.AspNetCore.Http.Result.OkObjectResult", RequestId: "0HNLT9L9J02QO:00000006", RequestPath: "/users", ConnectionId: "0HNLT9L9J02QO" }

[13:02:51 INF] Writing value of type 'List`1' as Json. { EventId: { Id: 3, Name: "WritingResultAsJson" }, SourceContext: "Microsoft.AspNetCore.Http.Result.OkObjectResult", RequestId: "0HNLT9L9J02QO:00000006", RequestPath: "/users", ConnectionId: "0HNLT9L9J02QO" }

[13:02:51 INF] Executed endpoint 'HTTP: GET /users' { EventId: { Id: 1, Name: "ExecutedEndpoint" }, SourceContext: "Microsoft.AspNetCore.Routing.EndpointMiddleware", RequestId: "0HNLT9L9J02QO:00000006", RequestPath: "/users", ConnectionId: "0HNLT9L9J02QO" }

[14:14:23 INF] CORS policy execution successful. { EventId: { Id: 4, Name: "PolicySuccess" }, SourceContext: "Microsoft.AspNetCore.Cors.Infrastructure.CorsService", RequestId: "0HNLT9L9J02QR:00000001", RequestPath: "/departments", ConnectionId: "0HNLT9L9J02QR" }

[14:14:23 INF] CORS policy execution successful. { EventId: { Id: 4, Name: "PolicySuccess" }, SourceContext: "Microsoft.AspNetCore.Cors.Infrastructure.CorsService", RequestId: "0HNLT9L9J02QS:00000001", RequestPath: "/users", ConnectionId: "0HNLT9L9J02QS" }

[14:14:23 INF] CORS policy execution successful. { EventId: { Id: 4, Name: "PolicySuccess" }, SourceContext: "Microsoft.AspNetCore.Cors.Infrastructure.CorsService", RequestId: "0HNLT9L9J02QT:00000001", RequestPath: "/roles", ConnectionId: "0HNLT9L9J02QT" }

[14:14:23 INF] CORS policy execution successful. { EventId: { Id: 4, Name: "PolicySuccess" }, SourceContext: "Microsoft.AspNetCore.Cors.Infrastructure.CorsService", RequestId: "0HNLT9L9J02QT:00000002", RequestPath: "/users", ConnectionId: "0HNLT9L9J02QT" }

[14:14:23 INF] CORS policy execution successful. { EventId: { Id: 4, Name: "PolicySuccess" }, SourceContext: "Microsoft.AspNetCore.Cors.Infrastructure.CorsService", RequestId: "0HNLT9L9J02QR:00000002", RequestPath: "/departments", ConnectionId: "0HNLT9L9J02QR" }

[14:14:23 INF] CORS policy execution successful. { EventId: { Id: 4, Name: "PolicySuccess" }, SourceContext: "Microsoft.AspNetCore.Cors.Infrastructure.CorsService", RequestId: "0HNLT9L9J02QS:00000002", RequestPath: "/roles", ConnectionId: "0HNLT9L9J02QS" }

[14:14:23 INF] Executing endpoint 'HTTP: GET /departments' { EventId: { Name: "ExecutingEndpoint" }, SourceContext: "Microsoft.AspNetCore.Routing.EndpointMiddleware", RequestId: "0HNLT9L9J02QR:00000002", RequestPath: "/departments", ConnectionId: "0HNLT9L9J02QR" }

[14:14:23 INF] Executing endpoint 'HTTP: GET /users' { EventId: { Name: "ExecutingEndpoint" }, SourceContext: "Microsoft.AspNetCore.Routing.EndpointMiddleware", RequestId: "0HNLT9L9J02QT:00000002", RequestPath: "/users", ConnectionId: "0HNLT9L9J02QT" }

[14:14:23 INF] Executing endpoint 'HTTP: GET /roles' { EventId: { Name: "ExecutingEndpoint" }, SourceContext: "Microsoft.AspNetCore.Routing.EndpointMiddleware", RequestId: "0HNLT9L9J02QS:00000002", RequestPath: "/roles", ConnectionId: "0HNLT9L9J02QS" }

[14:14:23 INF] Handling GetDepartmentsQuery { SourceContext: "AppWeaver.Mediator.Behaviors.LoggingBehavior", RequestId: "0HNLT9L9J02QR:00000002", RequestPath: "/departments", ConnectionId: "0HNLT9L9J02QR" }

[14:14:23 INF] Handling GetRolesQuery { SourceContext: "AppWeaver.Mediator.Behaviors.LoggingBehavior", RequestId: "0HNLT9L9J02QS:00000002", RequestPath: "/roles", ConnectionId: "0HNLT9L9J02QS" }

[14:14:23 INF] Handling GetUsersQuery { SourceContext: "AppWeaver.Mediator.Behaviors.LoggingBehavior", RequestId: "0HNLT9L9J02QT:00000002", RequestPath: "/users", ConnectionId: "0HNLT9L9J02QT" }

[14:14:23 INF] Handled GetRolesQuery { SourceContext: "AppWeaver.Mediator.Behaviors.LoggingBehavior", RequestId: "0HNLT9L9J02QS:00000002", RequestPath: "/roles", ConnectionId: "0HNLT9L9J02QS" }

[14:14:23 INF] Handled GetDepartmentsQuery { SourceContext: "AppWeaver.Mediator.Behaviors.LoggingBehavior", RequestId: "0HNLT9L9J02QR:00000002", RequestPath: "/departments", ConnectionId: "0HNLT9L9J02QR" }

[14:14:23 INF] Executed endpoint 'HTTP: GET /departments' { EventId: { Id: 1, Name: "ExecutedEndpoint" }, SourceContext: "Microsoft.AspNetCore.Routing.EndpointMiddleware", RequestId: "0HNLT9L9J02QR:00000002", RequestPath: "/departments", ConnectionId: "0HNLT9L9J02QR" }

[14:14:23 INF] Executed endpoint 'HTTP: GET /roles' { EventId: { Id: 1, Name: "ExecutedEndpoint" }, SourceContext: "Microsoft.AspNetCore.Routing.EndpointMiddleware", RequestId: "0HNLT9L9J02QS:00000002", RequestPath: "/roles", ConnectionId: "0HNLT9L9J02QS" }

[14:14:23 INF] Handled GetUsersQuery { SourceContext: "AppWeaver.Mediator.Behaviors.LoggingBehavior", RequestId: "0HNLT9L9J02QT:00000002", RequestPath: "/users", ConnectionId: "0HNLT9L9J02QT" }

[14:14:23 INF] Setting HTTP status code 200. { EventId: { Id: 1, Name: "WritingResultAsStatusCode" }, SourceContext: "Microsoft.AspNetCore.Http.Result.OkObjectResult", RequestId: "0HNLT9L9J02QT:00000002", RequestPath: "/users", ConnectionId: "0HNLT9L9J02QT" }

[14:14:23 INF] Writing value of type 'List`1' as Json. { EventId: { Id: 3, Name: "WritingResultAsJson" }, SourceContext: "Microsoft.AspNetCore.Http.Result.OkObjectResult", RequestId: "0HNLT9L9J02QT:00000002", RequestPath: "/users", ConnectionId: "0HNLT9L9J02QT" }

[14:14:23 INF] Executed endpoint 'HTTP: GET /users' { EventId: { Id: 1, Name: "ExecutedEndpoint" }, SourceContext: "Microsoft.AspNetCore.Routing.EndpointMiddleware", RequestId: "0HNLT9L9J02QT:00000002", RequestPath: "/users", ConnectionId: "0HNLT9L9J02QT" }

[14:15:35 INF] CORS policy execution successful. { EventId: { Id: 4, Name: "PolicySuccess" }, SourceContext: "Microsoft.AspNetCore.Cors.Infrastructure.CorsService", RequestId: "0HNLT9L9J02QR:00000003", RequestPath: "/users", ConnectionId: "0HNLT9L9J02QR" }

[14:15:35 INF] CORS policy execution successful. { EventId: { Id: 4, Name: "PolicySuccess" }, SourceContext: "Microsoft.AspNetCore.Cors.Infrastructure.CorsService", RequestId: "0HNLT9L9J02QS:00000003", RequestPath: "/roles", ConnectionId: "0HNLT9L9J02QS" }

[14:15:35 INF] CORS policy execution successful. { EventId: { Id: 4, Name: "PolicySuccess" }, SourceContext: "Microsoft.AspNetCore.Cors.Infrastructure.CorsService", RequestId: "0HNLT9L9J02QT:00000003", RequestPath: "/departments", ConnectionId: "0HNLT9L9J02QT" }

[14:15:35 INF] CORS policy execution successful. { EventId: { Id: 4, Name: "PolicySuccess" }, SourceContext: "Microsoft.AspNetCore.Cors.Infrastructure.CorsService", RequestId: "0HNLT9L9J02QT:00000004", RequestPath: "/users", ConnectionId: "0HNLT9L9J02QT" }

[14:15:35 INF] CORS policy execution successful. { EventId: { Id: 4, Name: "PolicySuccess" }, SourceContext: "Microsoft.AspNetCore.Cors.Infrastructure.CorsService", RequestId: "0HNLT9L9J02QR:00000004", RequestPath: "/roles", ConnectionId: "0HNLT9L9J02QR" }

[14:15:35 INF] CORS policy execution successful. { EventId: { Id: 4, Name: "PolicySuccess" }, SourceContext: "Microsoft.AspNetCore.Cors.Infrastructure.CorsService", RequestId: "0HNLT9L9J02QS:00000004", RequestPath: "/departments", ConnectionId: "0HNLT9L9J02QS" }

[14:15:35 INF] Executing endpoint 'HTTP: GET /departments' { EventId: { Name: "ExecutingEndpoint" }, SourceContext: "Microsoft.AspNetCore.Routing.EndpointMiddleware", RequestId: "0HNLT9L9J02QS:00000004", RequestPath: "/departments", ConnectionId: "0HNLT9L9J02QS" }

[14:15:35 INF] Executing endpoint 'HTTP: GET /users' { EventId: { Name: "ExecutingEndpoint" }, SourceContext: "Microsoft.AspNetCore.Routing.EndpointMiddleware", RequestId: "0HNLT9L9J02QT:00000004", RequestPath: "/users", ConnectionId: "0HNLT9L9J02QT" }

[14:15:35 INF] Handling GetDepartmentsQuery { SourceContext: "AppWeaver.Mediator.Behaviors.LoggingBehavior", RequestId: "0HNLT9L9J02QS:00000004", RequestPath: "/departments", ConnectionId: "0HNLT9L9J02QS" }

[14:15:35 INF] Executing endpoint 'HTTP: GET /roles' { EventId: { Name: "ExecutingEndpoint" }, SourceContext: "Microsoft.AspNetCore.Routing.EndpointMiddleware", RequestId: "0HNLT9L9J02QR:00000004", RequestPath: "/roles", ConnectionId: "0HNLT9L9J02QR" }

[14:15:35 INF] Handling GetRolesQuery { SourceContext: "AppWeaver.Mediator.Behaviors.LoggingBehavior", RequestId: "0HNLT9L9J02QR:00000004", RequestPath: "/roles", ConnectionId: "0HNLT9L9J02QR" }

[14:15:35 INF] Handling GetUsersQuery { SourceContext: "AppWeaver.Mediator.Behaviors.LoggingBehavior", RequestId: "0HNLT9L9J02QT:00000004", RequestPath: "/users", ConnectionId: "0HNLT9L9J02QT" }

[14:15:35 INF] Handled GetDepartmentsQuery { SourceContext: "AppWeaver.Mediator.Behaviors.LoggingBehavior", RequestId: "0HNLT9L9J02QS:00000004", RequestPath: "/departments", ConnectionId: "0HNLT9L9J02QS" }

[14:15:35 INF] Handled GetRolesQuery { SourceContext: "AppWeaver.Mediator.Behaviors.LoggingBehavior", RequestId: "0HNLT9L9J02QR:00000004", RequestPath: "/roles", ConnectionId: "0HNLT9L9J02QR" }

[14:15:35 INF] Executed endpoint 'HTTP: GET /departments' { EventId: { Id: 1, Name: "ExecutedEndpoint" }, SourceContext: "Microsoft.AspNetCore.Routing.EndpointMiddleware", RequestId: "0HNLT9L9J02QS:00000004", RequestPath: "/departments", ConnectionId: "0HNLT9L9J02QS" }

[14:15:35 INF] Handled GetUsersQuery { SourceContext: "AppWeaver.Mediator.Behaviors.LoggingBehavior", RequestId: "0HNLT9L9J02QT:00000004", RequestPath: "/users", ConnectionId: "0HNLT9L9J02QT" }

[14:15:35 INF] Setting HTTP status code 200. { EventId: { Id: 1, Name: "WritingResultAsStatusCode" }, SourceContext: "Microsoft.AspNetCore.Http.Result.OkObjectResult", RequestId: "0HNLT9L9J02QT:00000004", RequestPath: "/users", ConnectionId: "0HNLT9L9J02QT" }

[14:15:35 INF] Writing value of type 'List`1' as Json. { EventId: { Id: 3, Name: "WritingResultAsJson" }, SourceContext: "Microsoft.AspNetCore.Http.Result.OkObjectResult", RequestId: "0HNLT9L9J02QT:00000004", RequestPath: "/users", ConnectionId: "0HNLT9L9J02QT" }

[14:15:35 INF] Executed endpoint 'HTTP: GET /roles' { EventId: { Id: 1, Name: "ExecutedEndpoint" }, SourceContext: "Microsoft.AspNetCore.Routing.EndpointMiddleware", RequestId: "0HNLT9L9J02QR:00000004", RequestPath: "/roles", ConnectionId: "0HNLT9L9J02QR" }

[14:15:35 INF] Executed endpoint 'HTTP: GET /users' { EventId: { Id: 1, Name: "ExecutedEndpoint" }, SourceContext: "Microsoft.AspNetCore.Routing.EndpointMiddleware", RequestId: "0HNLT9L9J02QT:00000004", RequestPath: "/users", ConnectionId: "0HNLT9L9J02QT" }

[14:16:45 INF] CORS policy execution successful. { EventId: { Id: 4, Name: "PolicySuccess" }, SourceContext: "Microsoft.AspNetCore.Cors.Infrastructure.CorsService", RequestId: "0HNLT9L9J02QR:00000005", RequestPath: "/users", ConnectionId: "0HNLT9L9J02QR" }

[14:16:45 INF] CORS policy execution successful. { EventId: { Id: 4, Name: "PolicySuccess" }, SourceContext: "Microsoft.AspNetCore.Cors.Infrastructure.CorsService", RequestId: "0HNLT9L9J02QT:00000005", RequestPath: "/roles", ConnectionId: "0HNLT9L9J02QT" }

[14:16:45 INF] CORS policy execution successful. { EventId: { Id: 4, Name: "PolicySuccess" }, SourceContext: "Microsoft.AspNetCore.Cors.Infrastructure.CorsService", RequestId: "0HNLT9L9J02QS:00000005", RequestPath: "/departments", ConnectionId: "0HNLT9L9J02QS" }

[14:16:45 INF] CORS policy execution successful. { EventId: { Id: 4, Name: "PolicySuccess" }, SourceContext: "Microsoft.AspNetCore.Cors.Infrastructure.CorsService", RequestId: "0HNLT9L9J02QT:00000006", RequestPath: "/users", ConnectionId: "0HNLT9L9J02QT" }

[14:16:45 INF] CORS policy execution successful. { EventId: { Id: 4, Name: "PolicySuccess" }, SourceContext: "Microsoft.AspNetCore.Cors.Infrastructure.CorsService", RequestId: "0HNLT9L9J02QS:00000006", RequestPath: "/departments", ConnectionId: "0HNLT9L9J02QS" }

[14:16:45 INF] Executing endpoint 'HTTP: GET /users' { EventId: { Name: "ExecutingEndpoint" }, SourceContext: "Microsoft.AspNetCore.Routing.EndpointMiddleware", RequestId: "0HNLT9L9J02QT:00000006", RequestPath: "/users", ConnectionId: "0HNLT9L9J02QT" }

[14:16:45 INF] Executing endpoint 'HTTP: GET /departments' { EventId: { Name: "ExecutingEndpoint" }, SourceContext: "Microsoft.AspNetCore.Routing.EndpointMiddleware", RequestId: "0HNLT9L9J02QS:00000006", RequestPath: "/departments", ConnectionId: "0HNLT9L9J02QS" }

[14:16:45 INF] Handling GetUsersQuery { SourceContext: "AppWeaver.Mediator.Behaviors.LoggingBehavior", RequestId: "0HNLT9L9J02QT:00000006", RequestPath: "/users", ConnectionId: "0HNLT9L9J02QT" }

[14:16:45 INF] CORS policy execution successful. { EventId: { Id: 4, Name: "PolicySuccess" }, SourceContext: "Microsoft.AspNetCore.Cors.Infrastructure.CorsService", RequestId: "0HNLT9L9J02QR:00000006", RequestPath: "/roles", ConnectionId: "0HNLT9L9J02QR" }

[14:16:45 INF] Handling GetDepartmentsQuery { SourceContext: "AppWeaver.Mediator.Behaviors.LoggingBehavior", RequestId: "0HNLT9L9J02QS:00000006", RequestPath: "/departments", ConnectionId: "0HNLT9L9J02QS" }

[14:16:45 INF] Executing endpoint 'HTTP: GET /roles' { EventId: { Name: "ExecutingEndpoint" }, SourceContext: "Microsoft.AspNetCore.Routing.EndpointMiddleware", RequestId: "0HNLT9L9J02QR:00000006", RequestPath: "/roles", ConnectionId: "0HNLT9L9J02QR" }

[14:16:45 INF] Handling GetRolesQuery { SourceContext: "AppWeaver.Mediator.Behaviors.LoggingBehavior", RequestId: "0HNLT9L9J02QR:00000006", RequestPath: "/roles", ConnectionId: "0HNLT9L9J02QR" }

[14:16:45 INF] Handled GetDepartmentsQuery { SourceContext: "AppWeaver.Mediator.Behaviors.LoggingBehavior", RequestId: "0HNLT9L9J02QS:00000006", RequestPath: "/departments", ConnectionId: "0HNLT9L9J02QS" }

[14:16:45 INF] Handled GetRolesQuery { SourceContext: "AppWeaver.Mediator.Behaviors.LoggingBehavior", RequestId: "0HNLT9L9J02QR:00000006", RequestPath: "/roles", ConnectionId: "0HNLT9L9J02QR" }

[14:16:45 INF] Executed endpoint 'HTTP: GET /departments' { EventId: { Id: 1, Name: "ExecutedEndpoint" }, SourceContext: "Microsoft.AspNetCore.Routing.EndpointMiddleware", RequestId: "0HNLT9L9J02QS:00000006", RequestPath: "/departments", ConnectionId: "0HNLT9L9J02QS" }

[14:16:45 INF] Executed endpoint 'HTTP: GET /roles' { EventId: { Id: 1, Name: "ExecutedEndpoint" }, SourceContext: "Microsoft.AspNetCore.Routing.EndpointMiddleware", RequestId: "0HNLT9L9J02QR:00000006", RequestPath: "/roles", ConnectionId: "0HNLT9L9J02QR" }

[14:16:45 INF] Handled GetUsersQuery { SourceContext: "AppWeaver.Mediator.Behaviors.LoggingBehavior", RequestId: "0HNLT9L9J02QT:00000006", RequestPath: "/users", ConnectionId: "0HNLT9L9J02QT" }

[14:16:45 INF] Setting HTTP status code 200. { EventId: { Id: 1, Name: "WritingResultAsStatusCode" }, SourceContext: "Microsoft.AspNetCore.Http.Result.OkObjectResult", RequestId: "0HNLT9L9J02QT:00000006", RequestPath: "/users", ConnectionId: "0HNLT9L9J02QT" }

[14:16:45 INF] Writing value of type 'List`1' as Json. { EventId: { Id: 3, Name: "WritingResultAsJson" }, SourceContext: "Microsoft.AspNetCore.Http.Result.OkObjectResult", RequestId: "0HNLT9L9J02QT:00000006", RequestPath: "/users", ConnectionId: "0HNLT9L9J02QT" }

[14:16:45 INF] Executed endpoint 'HTTP: GET /users' { EventId: { Id: 1, Name: "ExecutedEndpoint" }, SourceContext: "Microsoft.AspNetCore.Routing.EndpointMiddleware", RequestId: "0HNLT9L9J02QT:00000006", RequestPath: "/users", ConnectionId: "0HNLT9L9J02QT" }

[14:17:13 INF] CORS policy execution successful. { EventId: { Id: 4, Name: "PolicySuccess" }, SourceContext: "Microsoft.AspNetCore.Cors.Infrastructure.CorsService", RequestId: "0HNLT9L9J02QT:00000007", RequestPath: "/users", ConnectionId: "0HNLT9L9J02QT" }

[14:17:13 INF] CORS policy execution successful. { EventId: { Id: 4, Name: "PolicySuccess" }, SourceContext: "Microsoft.AspNetCore.Cors.Infrastructure.CorsService", RequestId: "0HNLT9L9J02QR:00000007", RequestPath: "/roles", ConnectionId: "0HNLT9L9J02QR" }

[14:17:13 INF] CORS policy execution successful. { EventId: { Id: 4, Name: "PolicySuccess" }, SourceContext: "Microsoft.AspNetCore.Cors.Infrastructure.CorsService", RequestId: "0HNLT9L9J02QS:00000007", RequestPath: "/departments", ConnectionId: "0HNLT9L9J02QS" }

[14:17:13 INF] CORS policy execution successful. { EventId: { Id: 4, Name: "PolicySuccess" }, SourceContext: "Microsoft.AspNetCore.Cors.Infrastructure.CorsService", RequestId: "0HNLT9L9J02QS:00000008", RequestPath: "/users", ConnectionId: "0HNLT9L9J02QS" }

[14:17:13 INF] Executing endpoint 'HTTP: GET /users' { EventId: { Name: "ExecutingEndpoint" }, SourceContext: "Microsoft.AspNetCore.Routing.EndpointMiddleware", RequestId: "0HNLT9L9J02QS:00000008", RequestPath: "/users", ConnectionId: "0HNLT9L9J02QS" }

[14:17:13 INF] Handling GetUsersQuery { SourceContext: "AppWeaver.Mediator.Behaviors.LoggingBehavior", RequestId: "0HNLT9L9J02QS:00000008", RequestPath: "/users", ConnectionId: "0HNLT9L9J02QS" }

[14:17:13 INF] CORS policy execution successful. { EventId: { Id: 4, Name: "PolicySuccess" }, SourceContext: "Microsoft.AspNetCore.Cors.Infrastructure.CorsService", RequestId: "0HNLT9L9J02QT:00000008", RequestPath: "/departments", ConnectionId: "0HNLT9L9J02QT" }

[14:17:13 INF] Executing endpoint 'HTTP: GET /departments' { EventId: { Name: "ExecutingEndpoint" }, SourceContext: "Microsoft.AspNetCore.Routing.EndpointMiddleware", RequestId: "0HNLT9L9J02QT:00000008", RequestPath: "/departments", ConnectionId: "0HNLT9L9J02QT" }

[14:17:13 INF] CORS policy execution successful. { EventId: { Id: 4, Name: "PolicySuccess" }, SourceContext: "Microsoft.AspNetCore.Cors.Infrastructure.CorsService", RequestId: "0HNLT9L9J02QR:00000008", RequestPath: "/roles", ConnectionId: "0HNLT9L9J02QR" }

[14:17:13 INF] Executing endpoint 'HTTP: GET /roles' { EventId: { Name: "ExecutingEndpoint" }, SourceContext: "Microsoft.AspNetCore.Routing.EndpointMiddleware", RequestId: "0HNLT9L9J02QR:00000008", RequestPath: "/roles", ConnectionId: "0HNLT9L9J02QR" }

[14:17:13 INF] Handling GetDepartmentsQuery { SourceContext: "AppWeaver.Mediator.Behaviors.LoggingBehavior", RequestId: "0HNLT9L9J02QT:00000008", RequestPath: "/departments", ConnectionId: "0HNLT9L9J02QT" }

[14:17:13 INF] Handling GetRolesQuery { SourceContext: "AppWeaver.Mediator.Behaviors.LoggingBehavior", RequestId: "0HNLT9L9J02QR:00000008", RequestPath: "/roles", ConnectionId: "0HNLT9L9J02QR" }

[14:17:13 INF] Handled GetUsersQuery { SourceContext: "AppWeaver.Mediator.Behaviors.LoggingBehavior", RequestId: "0HNLT9L9J02QS:00000008", RequestPath: "/users", ConnectionId: "0HNLT9L9J02QS" }

[14:17:13 INF] Handled GetRolesQuery { SourceContext: "AppWeaver.Mediator.Behaviors.LoggingBehavior", RequestId: "0HNLT9L9J02QR:00000008", RequestPath: "/roles", ConnectionId: "0HNLT9L9J02QR" }

[14:17:13 INF] Handled GetDepartmentsQuery { SourceContext: "AppWeaver.Mediator.Behaviors.LoggingBehavior", RequestId: "0HNLT9L9J02QT:00000008", RequestPath: "/departments", ConnectionId: "0HNLT9L9J02QT" }

[14:17:13 INF] Setting HTTP status code 200. { EventId: { Id: 1, Name: "WritingResultAsStatusCode" }, SourceContext: "Microsoft.AspNetCore.Http.Result.OkObjectResult", RequestId: "0HNLT9L9J02QS:00000008", RequestPath: "/users", ConnectionId: "0HNLT9L9J02QS" }

[14:17:13 INF] Executed endpoint 'HTTP: GET /roles' { EventId: { Id: 1, Name: "ExecutedEndpoint" }, SourceContext: "Microsoft.AspNetCore.Routing.EndpointMiddleware", RequestId: "0HNLT9L9J02QR:00000008", RequestPath: "/roles", ConnectionId: "0HNLT9L9J02QR" }

[14:17:13 INF] Executed endpoint 'HTTP: GET /departments' { EventId: { Id: 1, Name: "ExecutedEndpoint" }, SourceContext: "Microsoft.AspNetCore.Routing.EndpointMiddleware", RequestId: "0HNLT9L9J02QT:00000008", RequestPath: "/departments", ConnectionId: "0HNLT9L9J02QT" }

[14:17:13 INF] Writing value of type 'List`1' as Json. { EventId: { Id: 3, Name: "WritingResultAsJson" }, SourceContext: "Microsoft.AspNetCore.Http.Result.OkObjectResult", RequestId: "0HNLT9L9J02QS:00000008", RequestPath: "/users", ConnectionId: "0HNLT9L9J02QS" }

[14:17:13 INF] Executed endpoint 'HTTP: GET /users' { EventId: { Id: 1, Name: "ExecutedEndpoint" }, SourceContext: "Microsoft.AspNetCore.Routing.EndpointMiddleware", RequestId: "0HNLT9L9J02QS:00000008", RequestPath: "/users", ConnectionId: "0HNLT9L9J02QS" }

[14:17:48 INF] CORS policy execution successful. { EventId: { Id: 4, Name: "PolicySuccess" }, SourceContext: "Microsoft.AspNetCore.Cors.Infrastructure.CorsService", RequestId: "0HNLT9L9J02QR:00000009", RequestPath: "/users", ConnectionId: "0HNLT9L9J02QR" }

[14:17:48 INF] CORS policy execution successful. { EventId: { Id: 4, Name: "PolicySuccess" }, SourceContext: "Microsoft.AspNetCore.Cors.Infrastructure.CorsService", RequestId: "0HNLT9L9J02QT:00000009", RequestPath: "/roles", ConnectionId: "0HNLT9L9J02QT" }

[14:17:48 INF] CORS policy execution successful. { EventId: { Id: 4, Name: "PolicySuccess" }, SourceContext: "Microsoft.AspNetCore.Cors.Infrastructure.CorsService", RequestId: "0HNLT9L9J02QR:0000000A", RequestPath: "/departments", ConnectionId: "0HNLT9L9J02QR" }

[14:17:48 INF] CORS policy execution successful. { EventId: { Id: 4, Name: "PolicySuccess" }, SourceContext: "Microsoft.AspNetCore.Cors.Infrastructure.CorsService", RequestId: "0HNLT9L9J02QS:00000009", RequestPath: "/users", ConnectionId: "0HNLT9L9J02QS" }

[14:17:48 INF] Executing endpoint 'HTTP: GET /users' { EventId: { Name: "ExecutingEndpoint" }, SourceContext: "Microsoft.AspNetCore.Routing.EndpointMiddleware", RequestId: "0HNLT9L9J02QS:00000009", RequestPath: "/users", ConnectionId: "0HNLT9L9J02QS" }

[14:17:48 INF] Handling GetUsersQuery { SourceContext: "AppWeaver.Mediator.Behaviors.LoggingBehavior", RequestId: "0HNLT9L9J02QS:00000009", RequestPath: "/users", ConnectionId: "0HNLT9L9J02QS" }

[14:17:48 INF] CORS policy execution successful. { EventId: { Id: 4, Name: "PolicySuccess" }, SourceContext: "Microsoft.AspNetCore.Cors.Infrastructure.CorsService", RequestId: "0HNLT9L9J02QT:0000000A", RequestPath: "/departments", ConnectionId: "0HNLT9L9J02QT" }

[14:17:48 INF] CORS policy execution successful. { EventId: { Id: 4, Name: "PolicySuccess" }, SourceContext: "Microsoft.AspNetCore.Cors.Infrastructure.CorsService", RequestId: "0HNLT9L9J02QR:0000000B", RequestPath: "/roles", ConnectionId: "0HNLT9L9J02QR" }

[14:17:48 INF] Executing endpoint 'HTTP: GET /departments' { EventId: { Name: "ExecutingEndpoint" }, SourceContext: "Microsoft.AspNetCore.Routing.EndpointMiddleware", RequestId: "0HNLT9L9J02QT:0000000A", RequestPath: "/departments", ConnectionId: "0HNLT9L9J02QT" }

[14:17:48 INF] Executing endpoint 'HTTP: GET /roles' { EventId: { Name: "ExecutingEndpoint" }, SourceContext: "Microsoft.AspNetCore.Routing.EndpointMiddleware", RequestId: "0HNLT9L9J02QR:0000000B", RequestPath: "/roles", ConnectionId: "0HNLT9L9J02QR" }

[14:17:48 INF] Handling GetDepartmentsQuery { SourceContext: "AppWeaver.Mediator.Behaviors.LoggingBehavior", RequestId: "0HNLT9L9J02QT:0000000A", RequestPath: "/departments", ConnectionId: "0HNLT9L9J02QT" }

[14:17:48 INF] Handling GetRolesQuery { SourceContext: "AppWeaver.Mediator.Behaviors.LoggingBehavior", RequestId: "0HNLT9L9J02QR:0000000B", RequestPath: "/roles", ConnectionId: "0HNLT9L9J02QR" }

[14:17:48 INF] Handled GetUsersQuery { SourceContext: "AppWeaver.Mediator.Behaviors.LoggingBehavior", RequestId: "0HNLT9L9J02QS:00000009", RequestPath: "/users", ConnectionId: "0HNLT9L9J02QS" }

[14:17:48 INF] Setting HTTP status code 200. { EventId: { Id: 1, Name: "WritingResultAsStatusCode" }, SourceContext: "Microsoft.AspNetCore.Http.Result.OkObjectResult", RequestId: "0HNLT9L9J02QS:00000009", RequestPath: "/users", ConnectionId: "0HNLT9L9J02QS" }

[14:17:48 INF] Writing value of type 'List`1' as Json. { EventId: { Id: 3, Name: "WritingResultAsJson" }, SourceContext: "Microsoft.AspNetCore.Http.Result.OkObjectResult", RequestId: "0HNLT9L9J02QS:00000009", RequestPath: "/users", ConnectionId: "0HNLT9L9J02QS" }

[14:17:48 INF] Executed endpoint 'HTTP: GET /users' { EventId: { Id: 1, Name: "ExecutedEndpoint" }, SourceContext: "Microsoft.AspNetCore.Routing.EndpointMiddleware", RequestId: "0HNLT9L9J02QS:00000009", RequestPath: "/users", ConnectionId: "0HNLT9L9J02QS" }

[14:17:48 INF] Handled GetRolesQuery { SourceContext: "AppWeaver.Mediator.Behaviors.LoggingBehavior", RequestId: "0HNLT9L9J02QR:0000000B", RequestPath: "/roles", ConnectionId: "0HNLT9L9J02QR" }

[14:17:48 INF] Handled GetDepartmentsQuery { SourceContext: "AppWeaver.Mediator.Behaviors.LoggingBehavior", RequestId: "0HNLT9L9J02QT:0000000A", RequestPath: "/departments", ConnectionId: "0HNLT9L9J02QT" }

[14:17:48 INF] Executed endpoint 'HTTP: GET /roles' { EventId: { Id: 1, Name: "ExecutedEndpoint" }, SourceContext: "Microsoft.AspNetCore.Routing.EndpointMiddleware", RequestId: "0HNLT9L9J02QR:0000000B", RequestPath: "/roles", ConnectionId: "0HNLT9L9J02QR" }

[14:17:48 INF] Executed endpoint 'HTTP: GET /departments' { EventId: { Id: 1, Name: "ExecutedEndpoint" }, SourceContext: "Microsoft.AspNetCore.Routing.EndpointMiddleware", RequestId: "0HNLT9L9J02QT:0000000A", RequestPath: "/departments", ConnectionId: "0HNLT9L9J02QT" }

[14:17:57 INF] CORS policy execution successful. { EventId: { Id: 4, Name: "PolicySuccess" }, SourceContext: "Microsoft.AspNetCore.Cors.Infrastructure.CorsService", RequestId: "0HNLT9L9J02QR:0000000C", RequestPath: "/users", ConnectionId: "0HNLT9L9J02QR" }

[14:17:57 INF] CORS policy execution successful. { EventId: { Id: 4, Name: "PolicySuccess" }, SourceContext: "Microsoft.AspNetCore.Cors.Infrastructure.CorsService", RequestId: "0HNLT9L9J02QT:0000000B", RequestPath: "/roles", ConnectionId: "0HNLT9L9J02QT" }

[14:17:57 INF] CORS policy execution successful. { EventId: { Id: 4, Name: "PolicySuccess" }, SourceContext: "Microsoft.AspNetCore.Cors.Infrastructure.CorsService", RequestId: "0HNLT9L9J02QS:0000000A", RequestPath: "/departments", ConnectionId: "0HNLT9L9J02QS" }

[14:17:57 INF] CORS policy execution successful. { EventId: { Id: 4, Name: "PolicySuccess" }, SourceContext: "Microsoft.AspNetCore.Cors.Infrastructure.CorsService", RequestId: "0HNLT9L9J02QS:0000000B", RequestPath: "/users", ConnectionId: "0HNLT9L9J02QS" }

[14:17:57 INF] CORS policy execution successful. { EventId: { Id: 4, Name: "PolicySuccess" }, SourceContext: "Microsoft.AspNetCore.Cors.Infrastructure.CorsService", RequestId: "0HNLT9L9J02QR:0000000D", RequestPath: "/roles", ConnectionId: "0HNLT9L9J02QR" }

[14:17:57 INF] CORS policy execution successful. { EventId: { Id: 4, Name: "PolicySuccess" }, SourceContext: "Microsoft.AspNetCore.Cors.Infrastructure.CorsService", RequestId: "0HNLT9L9J02QT:0000000C", RequestPath: "/departments", ConnectionId: "0HNLT9L9J02QT" }

[14:17:57 INF] Executing endpoint 'HTTP: GET /roles' { EventId: { Name: "ExecutingEndpoint" }, SourceContext: "Microsoft.AspNetCore.Routing.EndpointMiddleware", RequestId: "0HNLT9L9J02QR:0000000D", RequestPath: "/roles", ConnectionId: "0HNLT9L9J02QR" }

[14:17:57 INF] Handling GetRolesQuery { SourceContext: "AppWeaver.Mediator.Behaviors.LoggingBehavior", RequestId: "0HNLT9L9J02QR:0000000D", RequestPath: "/roles", ConnectionId: "0HNLT9L9J02QR" }

[14:17:57 INF] Executing endpoint 'HTTP: GET /users' { EventId: { Name: "ExecutingEndpoint" }, SourceContext: "Microsoft.AspNetCore.Routing.EndpointMiddleware", RequestId: "0HNLT9L9J02QS:0000000B", RequestPath: "/users", ConnectionId: "0HNLT9L9J02QS" }

[14:17:57 INF] Executing endpoint 'HTTP: GET /departments' { EventId: { Name: "ExecutingEndpoint" }, SourceContext: "Microsoft.AspNetCore.Routing.EndpointMiddleware", RequestId: "0HNLT9L9J02QT:0000000C", RequestPath: "/departments", ConnectionId: "0HNLT9L9J02QT" }

[14:17:57 INF] Handling GetUsersQuery { SourceContext: "AppWeaver.Mediator.Behaviors.LoggingBehavior", RequestId: "0HNLT9L9J02QS:0000000B", RequestPath: "/users", ConnectionId: "0HNLT9L9J02QS" }

[14:17:57 INF] Handling GetDepartmentsQuery { SourceContext: "AppWeaver.Mediator.Behaviors.LoggingBehavior", RequestId: "0HNLT9L9J02QT:0000000C", RequestPath: "/departments", ConnectionId: "0HNLT9L9J02QT" }

[14:17:57 INF] Handled GetRolesQuery { SourceContext: "AppWeaver.Mediator.Behaviors.LoggingBehavior", RequestId: "0HNLT9L9J02QR:0000000D", RequestPath: "/roles", ConnectionId: "0HNLT9L9J02QR" }

[14:17:57 INF] Handled GetDepartmentsQuery { SourceContext: "AppWeaver.Mediator.Behaviors.LoggingBehavior", RequestId: "0HNLT9L9J02QT:0000000C", RequestPath: "/departments", ConnectionId: "0HNLT9L9J02QT" }

[14:17:57 INF] Executed endpoint 'HTTP: GET /roles' { EventId: { Id: 1, Name: "ExecutedEndpoint" }, SourceContext: "Microsoft.AspNetCore.Routing.EndpointMiddleware", RequestId: "0HNLT9L9J02QR:0000000D", RequestPath: "/roles", ConnectionId: "0HNLT9L9J02QR" }

[14:17:57 INF] Executed endpoint 'HTTP: GET /departments' { EventId: { Id: 1, Name: "ExecutedEndpoint" }, SourceContext: "Microsoft.AspNetCore.Routing.EndpointMiddleware", RequestId: "0HNLT9L9J02QT:0000000C", RequestPath: "/departments", ConnectionId: "0HNLT9L9J02QT" }

[14:17:57 INF] Handled GetUsersQuery { SourceContext: "AppWeaver.Mediator.Behaviors.LoggingBehavior", RequestId: "0HNLT9L9J02QS:0000000B", RequestPath: "/users", ConnectionId: "0HNLT9L9J02QS" }

[14:17:58 INF] Setting HTTP status code 200. { EventId: { Id: 1, Name: "WritingResultAsStatusCode" }, SourceContext: "Microsoft.AspNetCore.Http.Result.OkObjectResult", RequestId: "0HNLT9L9J02QS:0000000B", RequestPath: "/users", ConnectionId: "0HNLT9L9J02QS" }

[14:17:58 INF] Writing value of type 'List`1' as Json. { EventId: { Id: 3, Name: "WritingResultAsJson" }, SourceContext: "Microsoft.AspNetCore.Http.Result.OkObjectResult", RequestId: "0HNLT9L9J02QS:0000000B", RequestPath: "/users", ConnectionId: "0HNLT9L9J02QS" }

[14:17:58 INF] Executed endpoint 'HTTP: GET /users' { EventId: { Id: 1, Name: "ExecutedEndpoint" }, SourceContext: "Microsoft.AspNetCore.Routing.EndpointMiddleware", RequestId: "0HNLT9L9J02QS:0000000B", RequestPath: "/users", ConnectionId: "0HNLT9L9J02QS" }

[14:19:38 INF] CORS policy execution successful. { EventId: { Id: 4, Name: "PolicySuccess" }, SourceContext: "Microsoft.AspNetCore.Cors.Infrastructure.CorsService", RequestId: "0HNLT9L9J02QT:0000000D", RequestPath: "/departments", ConnectionId: "0HNLT9L9J02QT" }

[14:19:38 INF] CORS policy execution successful. { EventId: { Id: 4, Name: "PolicySuccess" }, SourceContext: "Microsoft.AspNetCore.Cors.Infrastructure.CorsService", RequestId: "0HNLT9L9J02QR:0000000E", RequestPath: "/roles", ConnectionId: "0HNLT9L9J02QR" }

[14:19:38 INF] CORS policy execution successful. { EventId: { Id: 4, Name: "PolicySuccess" }, SourceContext: "Microsoft.AspNetCore.Cors.Infrastructure.CorsService", RequestId: "0HNLT9L9J02QS:0000000C", RequestPath: "/users", ConnectionId: "0HNLT9L9J02QS" }

[14:19:38 INF] CORS policy execution successful. { EventId: { Id: 4, Name: "PolicySuccess" }, SourceContext: "Microsoft.AspNetCore.Cors.Infrastructure.CorsService", RequestId: "0HNLT9L9J02QR:0000000F", RequestPath: "/users", ConnectionId: "0HNLT9L9J02QR" }

[14:19:38 INF] CORS policy execution successful. { EventId: { Id: 4, Name: "PolicySuccess" }, SourceContext: "Microsoft.AspNetCore.Cors.Infrastructure.CorsService", RequestId: "0HNLT9L9J02QS:0000000D", RequestPath: "/departments", ConnectionId: "0HNLT9L9J02QS" }

[14:19:38 INF] CORS policy execution successful. { EventId: { Id: 4, Name: "PolicySuccess" }, SourceContext: "Microsoft.AspNetCore.Cors.Infrastructure.CorsService", RequestId: "0HNLT9L9J02QT:0000000E", RequestPath: "/roles", ConnectionId: "0HNLT9L9J02QT" }

[14:19:38 INF] Executing endpoint 'HTTP: GET /departments' { EventId: { Name: "ExecutingEndpoint" }, SourceContext: "Microsoft.AspNetCore.Routing.EndpointMiddleware", RequestId: "0HNLT9L9J02QS:0000000D", RequestPath: "/departments", ConnectionId: "0HNLT9L9J02QS" }

[14:19:38 INF] Executing endpoint 'HTTP: GET /users' { EventId: { Name: "ExecutingEndpoint" }, SourceContext: "Microsoft.AspNetCore.Routing.EndpointMiddleware", RequestId: "0HNLT9L9J02QR:0000000F", RequestPath: "/users", ConnectionId: "0HNLT9L9J02QR" }

[14:19:38 INF] Executing endpoint 'HTTP: GET /roles' { EventId: { Name: "ExecutingEndpoint" }, SourceContext: "Microsoft.AspNetCore.Routing.EndpointMiddleware", RequestId: "0HNLT9L9J02QT:0000000E", RequestPath: "/roles", ConnectionId: "0HNLT9L9J02QT" }

[14:19:38 INF] Handling GetDepartmentsQuery { SourceContext: "AppWeaver.Mediator.Behaviors.LoggingBehavior", RequestId: "0HNLT9L9J02QS:0000000D", RequestPath: "/departments", ConnectionId: "0HNLT9L9J02QS" }

[14:19:38 INF] Handling GetRolesQuery { SourceContext: "AppWeaver.Mediator.Behaviors.LoggingBehavior", RequestId: "0HNLT9L9J02QT:0000000E", RequestPath: "/roles", ConnectionId: "0HNLT9L9J02QT" }

[14:19:38 INF] Handling GetUsersQuery { SourceContext: "AppWeaver.Mediator.Behaviors.LoggingBehavior", RequestId: "0HNLT9L9J02QR:0000000F", RequestPath: "/users", ConnectionId: "0HNLT9L9J02QR" }

[14:19:38 INF] Handled GetDepartmentsQuery { SourceContext: "AppWeaver.Mediator.Behaviors.LoggingBehavior", RequestId: "0HNLT9L9J02QS:0000000D", RequestPath: "/departments", ConnectionId: "0HNLT9L9J02QS" }

[14:19:38 INF] Handled GetRolesQuery { SourceContext: "AppWeaver.Mediator.Behaviors.LoggingBehavior", RequestId: "0HNLT9L9J02QT:0000000E", RequestPath: "/roles", ConnectionId: "0HNLT9L9J02QT" }

[14:19:38 INF] Executed endpoint 'HTTP: GET /departments' { EventId: { Id: 1, Name: "ExecutedEndpoint" }, SourceContext: "Microsoft.AspNetCore.Routing.EndpointMiddleware", RequestId: "0HNLT9L9J02QS:0000000D", RequestPath: "/departments", ConnectionId: "0HNLT9L9J02QS" }

[14:19:38 INF] Executed endpoint 'HTTP: GET /roles' { EventId: { Id: 1, Name: "ExecutedEndpoint" }, SourceContext: "Microsoft.AspNetCore.Routing.EndpointMiddleware", RequestId: "0HNLT9L9J02QT:0000000E", RequestPath: "/roles", ConnectionId: "0HNLT9L9J02QT" }

[14:19:38 INF] Handled GetUsersQuery { SourceContext: "AppWeaver.Mediator.Behaviors.LoggingBehavior", RequestId: "0HNLT9L9J02QR:0000000F", RequestPath: "/users", ConnectionId: "0HNLT9L9J02QR" }

[14:19:38 INF] Setting HTTP status code 200. { EventId: { Id: 1, Name: "WritingResultAsStatusCode" }, SourceContext: "Microsoft.AspNetCore.Http.Result.OkObjectResult", RequestId: "0HNLT9L9J02QR:0000000F", RequestPath: "/users", ConnectionId: "0HNLT9L9J02QR" }

[14:19:38 INF] Writing value of type 'List`1' as Json. { EventId: { Id: 3, Name: "WritingResultAsJson" }, SourceContext: "Microsoft.AspNetCore.Http.Result.OkObjectResult", RequestId: "0HNLT9L9J02QR:0000000F", RequestPath: "/users", ConnectionId: "0HNLT9L9J02QR" }

[14:19:38 INF] Executed endpoint 'HTTP: GET /users' { EventId: { Id: 1, Name: "ExecutedEndpoint" }, SourceContext: "Microsoft.AspNetCore.Routing.EndpointMiddleware", RequestId: "0HNLT9L9J02QR:0000000F", RequestPath: "/users", ConnectionId: "0HNLT9L9J02QR" }

[14:20:59 INF] CORS policy execution successful. { EventId: { Id: 4, Name: "PolicySuccess" }, SourceContext: "Microsoft.AspNetCore.Cors.Infrastructure.CorsService", RequestId: "0HNLT9L9J02QR:00000010", RequestPath: "/users", ConnectionId: "0HNLT9L9J02QR" }

[14:20:59 INF] CORS policy execution successful. { EventId: { Id: 4, Name: "PolicySuccess" }, SourceContext: "Microsoft.AspNetCore.Cors.Infrastructure.CorsService", RequestId: "0HNLT9L9J02QS:0000000E", RequestPath: "/departments", ConnectionId: "0HNLT9L9J02QS" }

[14:20:59 INF] CORS policy execution successful. { EventId: { Id: 4, Name: "PolicySuccess" }, SourceContext: "Microsoft.AspNetCore.Cors.Infrastructure.CorsService", RequestId: "0HNLT9L9J02QT:0000000F", RequestPath: "/roles", ConnectionId: "0HNLT9L9J02QT" }

[14:20:59 INF] CORS policy execution successful. { EventId: { Id: 4, Name: "PolicySuccess" }, SourceContext: "Microsoft.AspNetCore.Cors.Infrastructure.CorsService", RequestId: "0HNLT9L9J02QT:00000010", RequestPath: "/users", ConnectionId: "0HNLT9L9J02QT" }

[14:20:59 INF] Executing endpoint 'HTTP: GET /users' { EventId: { Name: "ExecutingEndpoint" }, SourceContext: "Microsoft.AspNetCore.Routing.EndpointMiddleware", RequestId: "0HNLT9L9J02QT:00000010", RequestPath: "/users", ConnectionId: "0HNLT9L9J02QT" }

[14:20:59 INF] CORS policy execution successful. { EventId: { Id: 4, Name: "PolicySuccess" }, SourceContext: "Microsoft.AspNetCore.Cors.Infrastructure.CorsService", RequestId: "0HNLT9L9J02QS:0000000F", RequestPath: "/roles", ConnectionId: "0HNLT9L9J02QS" }

[14:20:59 INF] Handling GetUsersQuery { SourceContext: "AppWeaver.Mediator.Behaviors.LoggingBehavior", RequestId: "0HNLT9L9J02QT:00000010", RequestPath: "/users", ConnectionId: "0HNLT9L9J02QT" }

[14:20:59 INF] CORS policy execution successful. { EventId: { Id: 4, Name: "PolicySuccess" }, SourceContext: "Microsoft.AspNetCore.Cors.Infrastructure.CorsService", RequestId: "0HNLT9L9J02QR:00000011", RequestPath: "/departments", ConnectionId: "0HNLT9L9J02QR" }

[14:20:59 INF] Executing endpoint 'HTTP: GET /roles' { EventId: { Name: "ExecutingEndpoint" }, SourceContext: "Microsoft.AspNetCore.Routing.EndpointMiddleware", RequestId: "0HNLT9L9J02QS:0000000F", RequestPath: "/roles", ConnectionId: "0HNLT9L9J02QS" }

[14:20:59 INF] Executing endpoint 'HTTP: GET /departments' { EventId: { Name: "ExecutingEndpoint" }, SourceContext: "Microsoft.AspNetCore.Routing.EndpointMiddleware", RequestId: "0HNLT9L9J02QR:00000011", RequestPath: "/departments", ConnectionId: "0HNLT9L9J02QR" }

[14:20:59 INF] Handling GetRolesQuery { SourceContext: "AppWeaver.Mediator.Behaviors.LoggingBehavior", RequestId: "0HNLT9L9J02QS:0000000F", RequestPath: "/roles", ConnectionId: "0HNLT9L9J02QS" }

[14:20:59 INF] Handling GetDepartmentsQuery { SourceContext: "AppWeaver.Mediator.Behaviors.LoggingBehavior", RequestId: "0HNLT9L9J02QR:00000011", RequestPath: "/departments", ConnectionId: "0HNLT9L9J02QR" }

[14:20:59 INF] Handled GetDepartmentsQuery { SourceContext: "AppWeaver.Mediator.Behaviors.LoggingBehavior", RequestId: "0HNLT9L9J02QR:00000011", RequestPath: "/departments", ConnectionId: "0HNLT9L9J02QR" }

[14:20:59 INF] Handled GetRolesQuery { SourceContext: "AppWeaver.Mediator.Behaviors.LoggingBehavior", RequestId: "0HNLT9L9J02QS:0000000F", RequestPath: "/roles", ConnectionId: "0HNLT9L9J02QS" }

[14:20:59 INF] Executed endpoint 'HTTP: GET /departments' { EventId: { Id: 1, Name: "ExecutedEndpoint" }, SourceContext: "Microsoft.AspNetCore.Routing.EndpointMiddleware", RequestId: "0HNLT9L9J02QR:00000011", RequestPath: "/departments", ConnectionId: "0HNLT9L9J02QR" }

[14:20:59 INF] Executed endpoint 'HTTP: GET /roles' { EventId: { Id: 1, Name: "ExecutedEndpoint" }, SourceContext: "Microsoft.AspNetCore.Routing.EndpointMiddleware", RequestId: "0HNLT9L9J02QS:0000000F", RequestPath: "/roles", ConnectionId: "0HNLT9L9J02QS" }

[14:20:59 INF] Handled GetUsersQuery { SourceContext: "AppWeaver.Mediator.Behaviors.LoggingBehavior", RequestId: "0HNLT9L9J02QT:00000010", RequestPath: "/users", ConnectionId: "0HNLT9L9J02QT" }

[14:20:59 INF] Setting HTTP status code 200. { EventId: { Id: 1, Name: "WritingResultAsStatusCode" }, SourceContext: "Microsoft.AspNetCore.Http.Result.OkObjectResult", RequestId: "0HNLT9L9J02QT:00000010", RequestPath: "/users", ConnectionId: "0HNLT9L9J02QT" }

[14:20:59 INF] Writing value of type 'List`1' as Json. { EventId: { Id: 3, Name: "WritingResultAsJson" }, SourceContext: "Microsoft.AspNetCore.Http.Result.OkObjectResult", RequestId: "0HNLT9L9J02QT:00000010", RequestPath: "/users", ConnectionId: "0HNLT9L9J02QT" }

[14:20:59 INF] Executed endpoint 'HTTP: GET /users' { EventId: { Id: 1, Name: "ExecutedEndpoint" }, SourceContext: "Microsoft.AspNetCore.Routing.EndpointMiddleware", RequestId: "0HNLT9L9J02QT:00000010", RequestPath: "/users", ConnectionId: "0HNLT9L9J02QT" }

[14:21:40 INF] CORS policy execution successful. { EventId: { Id: 4, Name: "PolicySuccess" }, SourceContext: "Microsoft.AspNetCore.Cors.Infrastructure.CorsService", RequestId: "0HNLT9L9J02QT:00000011", RequestPath: "/users", ConnectionId: "0HNLT9L9J02QT" }

[14:21:40 INF] CORS policy execution successful. { EventId: { Id: 4, Name: "PolicySuccess" }, SourceContext: "Microsoft.AspNetCore.Cors.Infrastructure.CorsService", RequestId: "0HNLT9L9J02QS:00000010", RequestPath: "/departments", ConnectionId: "0HNLT9L9J02QS" }

[14:21:40 INF] CORS policy execution successful. { EventId: { Id: 4, Name: "PolicySuccess" }, SourceContext: "Microsoft.AspNetCore.Cors.Infrastructure.CorsService", RequestId: "0HNLT9L9J02QR:00000012", RequestPath: "/roles", ConnectionId: "0HNLT9L9J02QR" }

[14:21:40 INF] CORS policy execution successful. { EventId: { Id: 4, Name: "PolicySuccess" }, SourceContext: "Microsoft.AspNetCore.Cors.Infrastructure.CorsService", RequestId: "0HNLT9L9J02QS:00000011", RequestPath: "/users", ConnectionId: "0HNLT9L9J02QS" }

[14:21:40 INF] Executing endpoint 'HTTP: GET /users' { EventId: { Name: "ExecutingEndpoint" }, SourceContext: "Microsoft.AspNetCore.Routing.EndpointMiddleware", RequestId: "0HNLT9L9J02QS:00000011", RequestPath: "/users", ConnectionId: "0HNLT9L9J02QS" }

[14:21:40 INF] Handling GetUsersQuery { SourceContext: "AppWeaver.Mediator.Behaviors.LoggingBehavior", RequestId: "0HNLT9L9J02QS:00000011", RequestPath: "/users", ConnectionId: "0HNLT9L9J02QS" }

[14:21:40 INF] CORS policy execution successful. { EventId: { Id: 4, Name: "PolicySuccess" }, SourceContext: "Microsoft.AspNetCore.Cors.Infrastructure.CorsService", RequestId: "0HNLT9L9J02QR:00000013", RequestPath: "/departments", ConnectionId: "0HNLT9L9J02QR" }

[14:21:40 INF] Executing endpoint 'HTTP: GET /departments' { EventId: { Name: "ExecutingEndpoint" }, SourceContext: "Microsoft.AspNetCore.Routing.EndpointMiddleware", RequestId: "0HNLT9L9J02QR:00000013", RequestPath: "/departments", ConnectionId: "0HNLT9L9J02QR" }

[14:21:40 INF] CORS policy execution successful. { EventId: { Id: 4, Name: "PolicySuccess" }, SourceContext: "Microsoft.AspNetCore.Cors.Infrastructure.CorsService", RequestId: "0HNLT9L9J02QT:00000012", RequestPath: "/roles", ConnectionId: "0HNLT9L9J02QT" }

[14:21:40 INF] Handling GetDepartmentsQuery { SourceContext: "AppWeaver.Mediator.Behaviors.LoggingBehavior", RequestId: "0HNLT9L9J02QR:00000013", RequestPath: "/departments", ConnectionId: "0HNLT9L9J02QR" }

[14:21:40 INF] Executing endpoint 'HTTP: GET /roles' { EventId: { Name: "ExecutingEndpoint" }, SourceContext: "Microsoft.AspNetCore.Routing.EndpointMiddleware", RequestId: "0HNLT9L9J02QT:00000012", RequestPath: "/roles", ConnectionId: "0HNLT9L9J02QT" }

[14:21:40 INF] Handling GetRolesQuery { SourceContext: "AppWeaver.Mediator.Behaviors.LoggingBehavior", RequestId: "0HNLT9L9J02QT:00000012", RequestPath: "/roles", ConnectionId: "0HNLT9L9J02QT" }

[14:21:40 INF] Handled GetDepartmentsQuery { SourceContext: "AppWeaver.Mediator.Behaviors.LoggingBehavior", RequestId: "0HNLT9L9J02QR:00000013", RequestPath: "/departments", ConnectionId: "0HNLT9L9J02QR" }

[14:21:40 INF] Handled GetUsersQuery { SourceContext: "AppWeaver.Mediator.Behaviors.LoggingBehavior", RequestId: "0HNLT9L9J02QS:00000011", RequestPath: "/users", ConnectionId: "0HNLT9L9J02QS" }

[14:21:40 INF] Executed endpoint 'HTTP: GET /departments' { EventId: { Id: 1, Name: "ExecutedEndpoint" }, SourceContext: "Microsoft.AspNetCore.Routing.EndpointMiddleware", RequestId: "0HNLT9L9J02QR:00000013", RequestPath: "/departments", ConnectionId: "0HNLT9L9J02QR" }

[14:21:40 INF] Setting HTTP status code 200. { EventId: { Id: 1, Name: "WritingResultAsStatusCode" }, SourceContext: "Microsoft.AspNetCore.Http.Result.OkObjectResult", RequestId: "0HNLT9L9J02QS:00000011", RequestPath: "/users", ConnectionId: "0HNLT9L9J02QS" }

[14:21:40 INF] Writing value of type 'List`1' as Json. { EventId: { Id: 3, Name: "WritingResultAsJson" }, SourceContext: "Microsoft.AspNetCore.Http.Result.OkObjectResult", RequestId: "0HNLT9L9J02QS:00000011", RequestPath: "/users", ConnectionId: "0HNLT9L9J02QS" }

[14:21:40 INF] Executed endpoint 'HTTP: GET /users' { EventId: { Id: 1, Name: "ExecutedEndpoint" }, SourceContext: "Microsoft.AspNetCore.Routing.EndpointMiddleware", RequestId: "0HNLT9L9J02QS:00000011", RequestPath: "/users", ConnectionId: "0HNLT9L9J02QS" }

[14:21:40 INF] Handled GetRolesQuery { SourceContext: "AppWeaver.Mediator.Behaviors.LoggingBehavior", RequestId: "0HNLT9L9J02QT:00000012", RequestPath: "/roles", ConnectionId: "0HNLT9L9J02QT" }

[14:21:40 INF] Executed endpoint 'HTTP: GET /roles' { EventId: { Id: 1, Name: "ExecutedEndpoint" }, SourceContext: "Microsoft.AspNetCore.Routing.EndpointMiddleware", RequestId: "0HNLT9L9J02QT:00000012", RequestPath: "/roles", ConnectionId: "0HNLT9L9J02QT" }

[14:22:44 INF] CORS policy execution successful. { EventId: { Id: 4, Name: "PolicySuccess" }, SourceContext: "Microsoft.AspNetCore.Cors.Infrastructure.CorsService", RequestId: "0HNLT9L9J02QT:00000013", RequestPath: "/users", ConnectionId: "0HNLT9L9J02QT" }

[14:22:44 INF] CORS policy execution successful. { EventId: { Id: 4, Name: "PolicySuccess" }, SourceContext: "Microsoft.AspNetCore.Cors.Infrastructure.CorsService", RequestId: "0HNLT9L9J02QR:00000014", RequestPath: "/departments", ConnectionId: "0HNLT9L9J02QR" }

[14:22:44 INF] CORS policy execution successful. { EventId: { Id: 4, Name: "PolicySuccess" }, SourceContext: "Microsoft.AspNetCore.Cors.Infrastructure.CorsService", RequestId: "0HNLT9L9J02QS:00000012", RequestPath: "/roles", ConnectionId: "0HNLT9L9J02QS" }

[14:22:44 INF] CORS policy execution successful. { EventId: { Id: 4, Name: "PolicySuccess" }, SourceContext: "Microsoft.AspNetCore.Cors.Infrastructure.CorsService", RequestId: "0HNLT9L9J02QS:00000013", RequestPath: "/users", ConnectionId: "0HNLT9L9J02QS" }

[14:22:44 INF] CORS policy execution successful. { EventId: { Id: 4, Name: "PolicySuccess" }, SourceContext: "Microsoft.AspNetCore.Cors.Infrastructure.CorsService", RequestId: "0HNLT9L9J02QR:00000015", RequestPath: "/departments", ConnectionId: "0HNLT9L9J02QR" }

[14:22:44 INF] Executing endpoint 'HTTP: GET /users' { EventId: { Name: "ExecutingEndpoint" }, SourceContext: "Microsoft.AspNetCore.Routing.EndpointMiddleware", RequestId: "0HNLT9L9J02QS:00000013", RequestPath: "/users", ConnectionId: "0HNLT9L9J02QS" }

[14:22:44 INF] Executing endpoint 'HTTP: GET /departments' { EventId: { Name: "ExecutingEndpoint" }, SourceContext: "Microsoft.AspNetCore.Routing.EndpointMiddleware", RequestId: "0HNLT9L9J02QR:00000015", RequestPath: "/departments", ConnectionId: "0HNLT9L9J02QR" }

[14:22:44 INF] Handling GetDepartmentsQuery { SourceContext: "AppWeaver.Mediator.Behaviors.LoggingBehavior", RequestId: "0HNLT9L9J02QR:00000015", RequestPath: "/departments", ConnectionId: "0HNLT9L9J02QR" }

[14:22:44 INF] Handling GetUsersQuery { SourceContext: "AppWeaver.Mediator.Behaviors.LoggingBehavior", RequestId: "0HNLT9L9J02QS:00000013", RequestPath: "/users", ConnectionId: "0HNLT9L9J02QS" }

[14:22:44 INF] CORS policy execution successful. { EventId: { Id: 4, Name: "PolicySuccess" }, SourceContext: "Microsoft.AspNetCore.Cors.Infrastructure.CorsService", RequestId: "0HNLT9L9J02QT:00000014", RequestPath: "/roles", ConnectionId: "0HNLT9L9J02QT" }

[14:22:44 INF] Executing endpoint 'HTTP: GET /roles' { EventId: { Name: "ExecutingEndpoint" }, SourceContext: "Microsoft.AspNetCore.Routing.EndpointMiddleware", RequestId: "0HNLT9L9J02QT:00000014", RequestPath: "/roles", ConnectionId: "0HNLT9L9J02QT" }

[14:22:44 INF] Handling GetRolesQuery { SourceContext: "AppWeaver.Mediator.Behaviors.LoggingBehavior", RequestId: "0HNLT9L9J02QT:00000014", RequestPath: "/roles", ConnectionId: "0HNLT9L9J02QT" }

[14:22:44 INF] Handled GetRolesQuery { SourceContext: "AppWeaver.Mediator.Behaviors.LoggingBehavior", RequestId: "0HNLT9L9J02QT:00000014", RequestPath: "/roles", ConnectionId: "0HNLT9L9J02QT" }

[14:22:44 INF] Handled GetDepartmentsQuery { SourceContext: "AppWeaver.Mediator.Behaviors.LoggingBehavior", RequestId: "0HNLT9L9J02QR:00000015", RequestPath: "/departments", ConnectionId: "0HNLT9L9J02QR" }

[14:22:44 INF] Handled GetUsersQuery { SourceContext: "AppWeaver.Mediator.Behaviors.LoggingBehavior", RequestId: "0HNLT9L9J02QS:00000013", RequestPath: "/users", ConnectionId: "0HNLT9L9J02QS" }

[14:22:44 INF] Executed endpoint 'HTTP: GET /roles' { EventId: { Id: 1, Name: "ExecutedEndpoint" }, SourceContext: "Microsoft.AspNetCore.Routing.EndpointMiddleware", RequestId: "0HNLT9L9J02QT:00000014", RequestPath: "/roles", ConnectionId: "0HNLT9L9J02QT" }

[14:22:44 INF] Setting HTTP status code 200. { EventId: { Id: 1, Name: "WritingResultAsStatusCode" }, SourceContext: "Microsoft.AspNetCore.Http.Result.OkObjectResult", RequestId: "0HNLT9L9J02QS:00000013", RequestPath: "/users", ConnectionId: "0HNLT9L9J02QS" }

[14:22:44 INF] Writing value of type 'List`1' as Json. { EventId: { Id: 3, Name: "WritingResultAsJson" }, SourceContext: "Microsoft.AspNetCore.Http.Result.OkObjectResult", RequestId: "0HNLT9L9J02QS:00000013", RequestPath: "/users", ConnectionId: "0HNLT9L9J02QS" }

[14:22:44 INF] Executed endpoint 'HTTP: GET /users' { EventId: { Id: 1, Name: "ExecutedEndpoint" }, SourceContext: "Microsoft.AspNetCore.Routing.EndpointMiddleware", RequestId: "0HNLT9L9J02QS:00000013", RequestPath: "/users", ConnectionId: "0HNLT9L9J02QS" }

[14:22:44 INF] Executed endpoint 'HTTP: GET /departments' { EventId: { Id: 1, Name: "ExecutedEndpoint" }, SourceContext: "Microsoft.AspNetCore.Routing.EndpointMiddleware", RequestId: "0HNLT9L9J02QR:00000015", RequestPath: "/departments", ConnectionId: "0HNLT9L9J02QR" }

[14:22:54 INF] CORS policy execution successful. { EventId: { Id: 4, Name: "PolicySuccess" }, SourceContext: "Microsoft.AspNetCore.Cors.Infrastructure.CorsService", RequestId: "0HNLT9L9J02QR:00000016", RequestPath: "/users", ConnectionId: "0HNLT9L9J02QR" }

[14:22:54 INF] CORS policy execution successful. { EventId: { Id: 4, Name: "PolicySuccess" }, SourceContext: "Microsoft.AspNetCore.Cors.Infrastructure.CorsService", RequestId: "0HNLT9L9J02QT:00000015", RequestPath: "/roles", ConnectionId: "0HNLT9L9J02QT" }

[14:22:54 INF] CORS policy execution successful. { EventId: { Id: 4, Name: "PolicySuccess" }, SourceContext: "Microsoft.AspNetCore.Cors.Infrastructure.CorsService", RequestId: "0HNLT9L9J02QT:00000016", RequestPath: "/users", ConnectionId: "0HNLT9L9J02QT" }

[14:22:54 INF] CORS policy execution successful. { EventId: { Id: 4, Name: "PolicySuccess" }, SourceContext: "Microsoft.AspNetCore.Cors.Infrastructure.CorsService", RequestId: "0HNLT9L9J02QS:00000014", RequestPath: "/roles", ConnectionId: "0HNLT9L9J02QS" }

[14:22:54 INF] CORS policy execution successful. { EventId: { Id: 4, Name: "PolicySuccess" }, SourceContext: "Microsoft.AspNetCore.Cors.Infrastructure.CorsService", RequestId: "0HNLT9L9J02QR:00000017", RequestPath: "/departments", ConnectionId: "0HNLT9L9J02QR" }

[14:22:54 INF] Executing endpoint 'HTTP: GET /roles' { EventId: { Name: "ExecutingEndpoint" }, SourceContext: "Microsoft.AspNetCore.Routing.EndpointMiddleware", RequestId: "0HNLT9L9J02QS:00000014", RequestPath: "/roles", ConnectionId: "0HNLT9L9J02QS" }

[14:22:54 INF] Handling GetRolesQuery { SourceContext: "AppWeaver.Mediator.Behaviors.LoggingBehavior", RequestId: "0HNLT9L9J02QS:00000014", RequestPath: "/roles", ConnectionId: "0HNLT9L9J02QS" }

[14:22:54 INF] Executing endpoint 'HTTP: GET /users' { EventId: { Name: "ExecutingEndpoint" }, SourceContext: "Microsoft.AspNetCore.Routing.EndpointMiddleware", RequestId: "0HNLT9L9J02QT:00000016", RequestPath: "/users", ConnectionId: "0HNLT9L9J02QT" }

[14:22:54 INF] Handling GetUsersQuery { SourceContext: "AppWeaver.Mediator.Behaviors.LoggingBehavior", RequestId: "0HNLT9L9J02QT:00000016", RequestPath: "/users", ConnectionId: "0HNLT9L9J02QT" }

[14:22:54 INF] CORS policy execution successful. { EventId: { Id: 4, Name: "PolicySuccess" }, SourceContext: "Microsoft.AspNetCore.Cors.Infrastructure.CorsService", RequestId: "0HNLT9L9J02QR:00000018", RequestPath: "/departments", ConnectionId: "0HNLT9L9J02QR" }

[14:22:54 INF] Executing endpoint 'HTTP: GET /departments' { EventId: { Name: "ExecutingEndpoint" }, SourceContext: "Microsoft.AspNetCore.Routing.EndpointMiddleware", RequestId: "0HNLT9L9J02QR:00000018", RequestPath: "/departments", ConnectionId: "0HNLT9L9J02QR" }

[14:22:54 INF] Handling GetDepartmentsQuery { SourceContext: "AppWeaver.Mediator.Behaviors.LoggingBehavior", RequestId: "0HNLT9L9J02QR:00000018", RequestPath: "/departments", ConnectionId: "0HNLT9L9J02QR" }

[14:22:54 INF] Handled GetRolesQuery { SourceContext: "AppWeaver.Mediator.Behaviors.LoggingBehavior", RequestId: "0HNLT9L9J02QS:00000014", RequestPath: "/roles", ConnectionId: "0HNLT9L9J02QS" }

[14:22:54 INF] Executed endpoint 'HTTP: GET /roles' { EventId: { Id: 1, Name: "ExecutedEndpoint" }, SourceContext: "Microsoft.AspNetCore.Routing.EndpointMiddleware", RequestId: "0HNLT9L9J02QS:00000014", RequestPath: "/roles", ConnectionId: "0HNLT9L9J02QS" }

[14:22:54 INF] Handled GetUsersQuery { SourceContext: "AppWeaver.Mediator.Behaviors.LoggingBehavior", RequestId: "0HNLT9L9J02QT:00000016", RequestPath: "/users", ConnectionId: "0HNLT9L9J02QT" }

[14:22:54 INF] Setting HTTP status code 200. { EventId: { Id: 1, Name: "WritingResultAsStatusCode" }, SourceContext: "Microsoft.AspNetCore.Http.Result.OkObjectResult", RequestId: "0HNLT9L9J02QT:00000016", RequestPath: "/users", ConnectionId: "0HNLT9L9J02QT" }

[14:22:54 INF] Writing value of type 'List`1' as Json. { EventId: { Id: 3, Name: "WritingResultAsJson" }, SourceContext: "Microsoft.AspNetCore.Http.Result.OkObjectResult", RequestId: "0HNLT9L9J02QT:00000016", RequestPath: "/users", ConnectionId: "0HNLT9L9J02QT" }

[14:22:54 INF] Executed endpoint 'HTTP: GET /users' { EventId: { Id: 1, Name: "ExecutedEndpoint" }, SourceContext: "Microsoft.AspNetCore.Routing.EndpointMiddleware", RequestId: "0HNLT9L9J02QT:00000016", RequestPath: "/users", ConnectionId: "0HNLT9L9J02QT" }

[14:22:54 INF] Handled GetDepartmentsQuery { SourceContext: "AppWeaver.Mediator.Behaviors.LoggingBehavior", RequestId: "0HNLT9L9J02QR:00000018", RequestPath: "/departments", ConnectionId: "0HNLT9L9J02QR" }

[14:22:54 INF] Executed endpoint 'HTTP: GET /departments' { EventId: { Id: 1, Name: "ExecutedEndpoint" }, SourceContext: "Microsoft.AspNetCore.Routing.EndpointMiddleware", RequestId: "0HNLT9L9J02QR:00000018", RequestPath: "/departments", ConnectionId: "0HNLT9L9J02QR" }

[14:23:05 INF] CORS policy execution successful. { EventId: { Id: 4, Name: "PolicySuccess" }, SourceContext: "Microsoft.AspNetCore.Cors.Infrastructure.CorsService", RequestId: "0HNLT9L9J02QR:00000019", RequestPath: "/users", ConnectionId: "0HNLT9L9J02QR" }

[14:23:05 INF] CORS policy execution successful. { EventId: { Id: 4, Name: "PolicySuccess" }, SourceContext: "Microsoft.AspNetCore.Cors.Infrastructure.CorsService", RequestId: "0HNLT9L9J02QS:00000015", RequestPath: "/departments", ConnectionId: "0HNLT9L9J02QS" }

[14:23:05 INF] CORS policy execution successful. { EventId: { Id: 4, Name: "PolicySuccess" }, SourceContext: "Microsoft.AspNetCore.Cors.Infrastructure.CorsService", RequestId: "0HNLT9L9J02QT:00000017", RequestPath: "/roles", ConnectionId: "0HNLT9L9J02QT" }

[14:23:05 INF] CORS policy execution successful. { EventId: { Id: 4, Name: "PolicySuccess" }, SourceContext: "Microsoft.AspNetCore.Cors.Infrastructure.CorsService", RequestId: "0HNLT9L9J02QS:00000016", RequestPath: "/users", ConnectionId: "0HNLT9L9J02QS" }

[14:23:05 INF] CORS policy execution successful. { EventId: { Id: 4, Name: "PolicySuccess" }, SourceContext: "Microsoft.AspNetCore.Cors.Infrastructure.CorsService", RequestId: "0HNLT9L9J02QR:0000001A", RequestPath: "/departments", ConnectionId: "0HNLT9L9J02QR" }

[14:23:05 INF] CORS policy execution successful. { EventId: { Id: 4, Name: "PolicySuccess" }, SourceContext: "Microsoft.AspNetCore.Cors.Infrastructure.CorsService", RequestId: "0HNLT9L9J02QT:00000018", RequestPath: "/roles", ConnectionId: "0HNLT9L9J02QT" }

[14:23:05 INF] Executing endpoint 'HTTP: GET /roles' { EventId: { Name: "ExecutingEndpoint" }, SourceContext: "Microsoft.AspNetCore.Routing.EndpointMiddleware", RequestId: "0HNLT9L9J02QT:00000018", RequestPath: "/roles", ConnectionId: "0HNLT9L9J02QT" }

[14:23:05 INF] Executing endpoint 'HTTP: GET /users' { EventId: { Name: "ExecutingEndpoint" }, SourceContext: "Microsoft.AspNetCore.Routing.EndpointMiddleware", RequestId: "0HNLT9L9J02QS:00000016", RequestPath: "/users", ConnectionId: "0HNLT9L9J02QS" }

[14:23:05 INF] Handling GetRolesQuery { SourceContext: "AppWeaver.Mediator.Behaviors.LoggingBehavior", RequestId: "0HNLT9L9J02QT:00000018", RequestPath: "/roles", ConnectionId: "0HNLT9L9J02QT" }

[14:23:05 INF] Executing endpoint 'HTTP: GET /departments' { EventId: { Name: "ExecutingEndpoint" }, SourceContext: "Microsoft.AspNetCore.Routing.EndpointMiddleware", RequestId: "0HNLT9L9J02QR:0000001A", RequestPath: "/departments", ConnectionId: "0HNLT9L9J02QR" }

[14:23:05 INF] Handling GetUsersQuery { SourceContext: "AppWeaver.Mediator.Behaviors.LoggingBehavior", RequestId: "0HNLT9L9J02QS:00000016", RequestPath: "/users", ConnectionId: "0HNLT9L9J02QS" }

[14:23:05 INF] Handling GetDepartmentsQuery { SourceContext: "AppWeaver.Mediator.Behaviors.LoggingBehavior", RequestId: "0HNLT9L9J02QR:0000001A", RequestPath: "/departments", ConnectionId: "0HNLT9L9J02QR" }

[14:23:05 INF] Handled GetDepartmentsQuery { SourceContext: "AppWeaver.Mediator.Behaviors.LoggingBehavior", RequestId: "0HNLT9L9J02QR:0000001A", RequestPath: "/departments", ConnectionId: "0HNLT9L9J02QR" }

[14:23:05 INF] Handled GetRolesQuery { SourceContext: "AppWeaver.Mediator.Behaviors.LoggingBehavior", RequestId: "0HNLT9L9J02QT:00000018", RequestPath: "/roles", ConnectionId: "0HNLT9L9J02QT" }

[14:23:05 INF] Executed endpoint 'HTTP: GET /departments' { EventId: { Id: 1, Name: "ExecutedEndpoint" }, SourceContext: "Microsoft.AspNetCore.Routing.EndpointMiddleware", RequestId: "0HNLT9L9J02QR:0000001A", RequestPath: "/departments", ConnectionId: "0HNLT9L9J02QR" }

[14:23:05 INF] Executed endpoint 'HTTP: GET /roles' { EventId: { Id: 1, Name: "ExecutedEndpoint" }, SourceContext: "Microsoft.AspNetCore.Routing.EndpointMiddleware", RequestId: "0HNLT9L9J02QT:00000018", RequestPath: "/roles", ConnectionId: "0HNLT9L9J02QT" }

[14:23:05 INF] Handled GetUsersQuery { SourceContext: "AppWeaver.Mediator.Behaviors.LoggingBehavior", RequestId: "0HNLT9L9J02QS:00000016", RequestPath: "/users", ConnectionId: "0HNLT9L9J02QS" }

[14:23:05 INF] Setting HTTP status code 200. { EventId: { Id: 1, Name: "WritingResultAsStatusCode" }, SourceContext: "Microsoft.AspNetCore.Http.Result.OkObjectResult", RequestId: "0HNLT9L9J02QS:00000016", RequestPath: "/users", ConnectionId: "0HNLT9L9J02QS" }

[14:23:05 INF] Writing value of type 'List`1' as Json. { EventId: { Id: 3, Name: "WritingResultAsJson" }, SourceContext: "Microsoft.AspNetCore.Http.Result.OkObjectResult", RequestId: "0HNLT9L9J02QS:00000016", RequestPath: "/users", ConnectionId: "0HNLT9L9J02QS" }

[14:23:05 INF] Executed endpoint 'HTTP: GET /users' { EventId: { Id: 1, Name: "ExecutedEndpoint" }, SourceContext: "Microsoft.AspNetCore.Routing.EndpointMiddleware", RequestId: "0HNLT9L9J02QS:00000016", RequestPath: "/users", ConnectionId: "0HNLT9L9J02QS" }

[14:24:19 INF] CORS policy execution successful. { EventId: { Id: 4, Name: "PolicySuccess" }, SourceContext: "Microsoft.AspNetCore.Cors.Infrastructure.CorsService", RequestId: "0HNLT9L9J02QR:0000001B", RequestPath: "/users", ConnectionId: "0HNLT9L9J02QR" }

[14:24:19 INF] CORS policy execution successful. { EventId: { Id: 4, Name: "PolicySuccess" }, SourceContext: "Microsoft.AspNetCore.Cors.Infrastructure.CorsService", RequestId: "0HNLT9L9J02QT:00000019", RequestPath: "/roles", ConnectionId: "0HNLT9L9J02QT" }

[14:24:19 INF] CORS policy execution successful. { EventId: { Id: 4, Name: "PolicySuccess" }, SourceContext: "Microsoft.AspNetCore.Cors.Infrastructure.CorsService", RequestId: "0HNLT9L9J02QS:00000017", RequestPath: "/departments", ConnectionId: "0HNLT9L9J02QS" }

[14:24:19 INF] CORS policy execution successful. { EventId: { Id: 4, Name: "PolicySuccess" }, SourceContext: "Microsoft.AspNetCore.Cors.Infrastructure.CorsService", RequestId: "0HNLT9L9J02QS:00000018", RequestPath: "/users", ConnectionId: "0HNLT9L9J02QS" }

[14:24:19 INF] Executing endpoint 'HTTP: GET /users' { EventId: { Name: "ExecutingEndpoint" }, SourceContext: "Microsoft.AspNetCore.Routing.EndpointMiddleware", RequestId: "0HNLT9L9J02QS:00000018", RequestPath: "/users", ConnectionId: "0HNLT9L9J02QS" }

[14:24:19 INF] CORS policy execution successful. { EventId: { Id: 4, Name: "PolicySuccess" }, SourceContext: "Microsoft.AspNetCore.Cors.Infrastructure.CorsService", RequestId: "0HNLT9L9J02QT:0000001A", RequestPath: "/roles", ConnectionId: "0HNLT9L9J02QT" }

[14:24:19 INF] Handling GetUsersQuery { SourceContext: "AppWeaver.Mediator.Behaviors.LoggingBehavior", RequestId: "0HNLT9L9J02QS:00000018", RequestPath: "/users", ConnectionId: "0HNLT9L9J02QS" }

[14:24:19 INF] Executing endpoint 'HTTP: GET /roles' { EventId: { Name: "ExecutingEndpoint" }, SourceContext: "Microsoft.AspNetCore.Routing.EndpointMiddleware", RequestId: "0HNLT9L9J02QT:0000001A", RequestPath: "/roles", ConnectionId: "0HNLT9L9J02QT" }

[14:24:19 INF] Handling GetRolesQuery { SourceContext: "AppWeaver.Mediator.Behaviors.LoggingBehavior", RequestId: "0HNLT9L9J02QT:0000001A", RequestPath: "/roles", ConnectionId: "0HNLT9L9J02QT" }

[14:24:19 INF] CORS policy execution successful. { EventId: { Id: 4, Name: "PolicySuccess" }, SourceContext: "Microsoft.AspNetCore.Cors.Infrastructure.CorsService", RequestId: "0HNLT9L9J02QR:0000001C", RequestPath: "/departments", ConnectionId: "0HNLT9L9J02QR" }

[14:24:19 INF] Executing endpoint 'HTTP: GET /departments' { EventId: { Name: "ExecutingEndpoint" }, SourceContext: "Microsoft.AspNetCore.Routing.EndpointMiddleware", RequestId: "0HNLT9L9J02QR:0000001C", RequestPath: "/departments", ConnectionId: "0HNLT9L9J02QR" }

[14:24:19 INF] Handling GetDepartmentsQuery { SourceContext: "AppWeaver.Mediator.Behaviors.LoggingBehavior", RequestId: "0HNLT9L9J02QR:0000001C", RequestPath: "/departments", ConnectionId: "0HNLT9L9J02QR" }

[14:24:19 INF] Handled GetDepartmentsQuery { SourceContext: "AppWeaver.Mediator.Behaviors.LoggingBehavior", RequestId: "0HNLT9L9J02QR:0000001C", RequestPath: "/departments", ConnectionId: "0HNLT9L9J02QR" }

[14:24:19 INF] Handled GetUsersQuery { SourceContext: "AppWeaver.Mediator.Behaviors.LoggingBehavior", RequestId: "0HNLT9L9J02QS:00000018", RequestPath: "/users", ConnectionId: "0HNLT9L9J02QS" }

[14:24:19 INF] Executed endpoint 'HTTP: GET /departments' { EventId: { Id: 1, Name: "ExecutedEndpoint" }, SourceContext: "Microsoft.AspNetCore.Routing.EndpointMiddleware", RequestId: "0HNLT9L9J02QR:0000001C", RequestPath: "/departments", ConnectionId: "0HNLT9L9J02QR" }

[14:24:19 INF] Handled GetRolesQuery { SourceContext: "AppWeaver.Mediator.Behaviors.LoggingBehavior", RequestId: "0HNLT9L9J02QT:0000001A", RequestPath: "/roles", ConnectionId: "0HNLT9L9J02QT" }

[14:24:19 INF] Setting HTTP status code 200. { EventId: { Id: 1, Name: "WritingResultAsStatusCode" }, SourceContext: "Microsoft.AspNetCore.Http.Result.OkObjectResult", RequestId: "0HNLT9L9J02QS:00000018", RequestPath: "/users", ConnectionId: "0HNLT9L9J02QS" }

[14:24:19 INF] Executed endpoint 'HTTP: GET /roles' { EventId: { Id: 1, Name: "ExecutedEndpoint" }, SourceContext: "Microsoft.AspNetCore.Routing.EndpointMiddleware", RequestId: "0HNLT9L9J02QT:0000001A", RequestPath: "/roles", ConnectionId: "0HNLT9L9J02QT" }

[14:24:19 INF] Writing value of type 'List`1' as Json. { EventId: { Id: 3, Name: "WritingResultAsJson" }, SourceContext: "Microsoft.AspNetCore.Http.Result.OkObjectResult", RequestId: "0HNLT9L9J02QS:00000018", RequestPath: "/users", ConnectionId: "0HNLT9L9J02QS" }

[14:24:19 INF] Executed endpoint 'HTTP: GET /users' { EventId: { Id: 1, Name: "ExecutedEndpoint" }, SourceContext: "Microsoft.AspNetCore.Routing.EndpointMiddleware", RequestId: "0HNLT9L9J02QS:00000018", RequestPath: "/users", ConnectionId: "0HNLT9L9J02QS" }

[14:24:21 INF] CORS policy execution successful. { EventId: { Id: 4, Name: "PolicySuccess" }, SourceContext: "Microsoft.AspNetCore.Cors.Infrastructure.CorsService", RequestId: "0HNLT9L9J02QT:0000001B", RequestPath: "/users", ConnectionId: "0HNLT9L9J02QT" }

[14:24:21 INF] CORS policy execution successful. { EventId: { Id: 4, Name: "PolicySuccess" }, SourceContext: "Microsoft.AspNetCore.Cors.Infrastructure.CorsService", RequestId: "0HNLT9L9J02QS:00000019", RequestPath: "/departments", ConnectionId: "0HNLT9L9J02QS" }

[14:24:21 INF] CORS policy execution successful. { EventId: { Id: 4, Name: "PolicySuccess" }, SourceContext: "Microsoft.AspNetCore.Cors.Infrastructure.CorsService", RequestId: "0HNLT9L9J02QR:0000001D", RequestPath: "/roles", ConnectionId: "0HNLT9L9J02QR" }

[14:24:21 INF] Executing endpoint 'HTTP: GET /users' { EventId: { Name: "ExecutingEndpoint" }, SourceContext: "Microsoft.AspNetCore.Routing.EndpointMiddleware", RequestId: "0HNLT9L9J02QT:0000001B", RequestPath: "/users", ConnectionId: "0HNLT9L9J02QT" }

[14:24:21 INF] Executing endpoint 'HTTP: GET /departments' { EventId: { Name: "ExecutingEndpoint" }, SourceContext: "Microsoft.AspNetCore.Routing.EndpointMiddleware", RequestId: "0HNLT9L9J02QS:00000019", RequestPath: "/departments", ConnectionId: "0HNLT9L9J02QS" }

[14:24:21 INF] Handling GetUsersQuery { SourceContext: "AppWeaver.Mediator.Behaviors.LoggingBehavior", RequestId: "0HNLT9L9J02QT:0000001B", RequestPath: "/users", ConnectionId: "0HNLT9L9J02QT" }

[14:24:21 INF] Executing endpoint 'HTTP: GET /roles' { EventId: { Name: "ExecutingEndpoint" }, SourceContext: "Microsoft.AspNetCore.Routing.EndpointMiddleware", RequestId: "0HNLT9L9J02QR:0000001D", RequestPath: "/roles", ConnectionId: "0HNLT9L9J02QR" }

[14:24:21 INF] Handling GetDepartmentsQuery { SourceContext: "AppWeaver.Mediator.Behaviors.LoggingBehavior", RequestId: "0HNLT9L9J02QS:00000019", RequestPath: "/departments", ConnectionId: "0HNLT9L9J02QS" }

[14:24:21 INF] Handling GetRolesQuery { SourceContext: "AppWeaver.Mediator.Behaviors.LoggingBehavior", RequestId: "0HNLT9L9J02QR:0000001D", RequestPath: "/roles", ConnectionId: "0HNLT9L9J02QR" }

[14:24:21 INF] Handled GetDepartmentsQuery { SourceContext: "AppWeaver.Mediator.Behaviors.LoggingBehavior", RequestId: "0HNLT9L9J02QS:00000019", RequestPath: "/departments", ConnectionId: "0HNLT9L9J02QS" }

[14:24:21 INF] Handled GetRolesQuery { SourceContext: "AppWeaver.Mediator.Behaviors.LoggingBehavior", RequestId: "0HNLT9L9J02QR:0000001D", RequestPath: "/roles", ConnectionId: "0HNLT9L9J02QR" }

[14:24:21 INF] Executed endpoint 'HTTP: GET /departments' { EventId: { Id: 1, Name: "ExecutedEndpoint" }, SourceContext: "Microsoft.AspNetCore.Routing.EndpointMiddleware", RequestId: "0HNLT9L9J02QS:00000019", RequestPath: "/departments", ConnectionId: "0HNLT9L9J02QS" }

[14:24:21 INF] Executed endpoint 'HTTP: GET /roles' { EventId: { Id: 1, Name: "ExecutedEndpoint" }, SourceContext: "Microsoft.AspNetCore.Routing.EndpointMiddleware", RequestId: "0HNLT9L9J02QR:0000001D", RequestPath: "/roles", ConnectionId: "0HNLT9L9J02QR" }

[14:24:21 INF] Handled GetUsersQuery { SourceContext: "AppWeaver.Mediator.Behaviors.LoggingBehavior", RequestId: "0HNLT9L9J02QT:0000001B", RequestPath: "/users", ConnectionId: "0HNLT9L9J02QT" }

[14:24:21 INF] Setting HTTP status code 200. { EventId: { Id: 1, Name: "WritingResultAsStatusCode" }, SourceContext: "Microsoft.AspNetCore.Http.Result.OkObjectResult", RequestId: "0HNLT9L9J02QT:0000001B", RequestPath: "/users", ConnectionId: "0HNLT9L9J02QT" }

[14:24:21 INF] Writing value of type 'List`1' as Json. { EventId: { Id: 3, Name: "WritingResultAsJson" }, SourceContext: "Microsoft.AspNetCore.Http.Result.OkObjectResult", RequestId: "0HNLT9L9J02QT:0000001B", RequestPath: "/users", ConnectionId: "0HNLT9L9J02QT" }

[14:24:21 INF] Executed endpoint 'HTTP: GET /users' { EventId: { Id: 1, Name: "ExecutedEndpoint" }, SourceContext: "Microsoft.AspNetCore.Routing.EndpointMiddleware", RequestId: "0HNLT9L9J02QT:0000001B", RequestPath: "/users", ConnectionId: "0HNLT9L9J02QT" }

[14:25:18 INF] CORS policy execution successful. { EventId: { Id: 4, Name: "PolicySuccess" }, SourceContext: "Microsoft.AspNetCore.Cors.Infrastructure.CorsService", RequestId: "0HNLT9L9J02QR:0000001E", RequestPath: "/users", ConnectionId: "0HNLT9L9J02QR" }

[14:25:18 INF] CORS policy execution successful. { EventId: { Id: 4, Name: "PolicySuccess" }, SourceContext: "Microsoft.AspNetCore.Cors.Infrastructure.CorsService", RequestId: "0HNLT9L9J02QT:0000001C", RequestPath: "/departments", ConnectionId: "0HNLT9L9J02QT" }

[14:25:18 INF] CORS policy execution successful. { EventId: { Id: 4, Name: "PolicySuccess" }, SourceContext: "Microsoft.AspNetCore.Cors.Infrastructure.CorsService", RequestId: "0HNLT9L9J02QS:0000001A", RequestPath: "/roles", ConnectionId: "0HNLT9L9J02QS" }

[14:25:18 INF] CORS policy execution successful. { EventId: { Id: 4, Name: "PolicySuccess" }, SourceContext: "Microsoft.AspNetCore.Cors.Infrastructure.CorsService", RequestId: "0HNLT9L9J02QT:0000001D", RequestPath: "/users", ConnectionId: "0HNLT9L9J02QT" }

[14:25:18 INF] CORS policy execution successful. { EventId: { Id: 4, Name: "PolicySuccess" }, SourceContext: "Microsoft.AspNetCore.Cors.Infrastructure.CorsService", RequestId: "0HNLT9L9J02QS:0000001B", RequestPath: "/roles", ConnectionId: "0HNLT9L9J02QS" }

[14:25:18 INF] Executing endpoint 'HTTP: GET /users' { EventId: { Name: "ExecutingEndpoint" }, SourceContext: "Microsoft.AspNetCore.Routing.EndpointMiddleware", RequestId: "0HNLT9L9J02QT:0000001D", RequestPath: "/users", ConnectionId: "0HNLT9L9J02QT" }

[14:25:18 INF] CORS policy execution successful. { EventId: { Id: 4, Name: "PolicySuccess" }, SourceContext: "Microsoft.AspNetCore.Cors.Infrastructure.CorsService", RequestId: "0HNLT9L9J02QR:0000001F", RequestPath: "/departments", ConnectionId: "0HNLT9L9J02QR" }

[14:25:18 INF] Executing endpoint 'HTTP: GET /roles' { EventId: { Name: "ExecutingEndpoint" }, SourceContext: "Microsoft.AspNetCore.Routing.EndpointMiddleware", RequestId: "0HNLT9L9J02QS:0000001B", RequestPath: "/roles", ConnectionId: "0HNLT9L9J02QS" }

[14:25:18 INF] Handling GetUsersQuery { SourceContext: "AppWeaver.Mediator.Behaviors.LoggingBehavior", RequestId: "0HNLT9L9J02QT:0000001D", RequestPath: "/users", ConnectionId: "0HNLT9L9J02QT" }

[14:25:18 INF] Handling GetRolesQuery { SourceContext: "AppWeaver.Mediator.Behaviors.LoggingBehavior", RequestId: "0HNLT9L9J02QS:0000001B", RequestPath: "/roles", ConnectionId: "0HNLT9L9J02QS" }

[14:25:18 INF] Executing endpoint 'HTTP: GET /departments' { EventId: { Name: "ExecutingEndpoint" }, SourceContext: "Microsoft.AspNetCore.Routing.EndpointMiddleware", RequestId: "0HNLT9L9J02QR:0000001F", RequestPath: "/departments", ConnectionId: "0HNLT9L9J02QR" }

[14:25:18 INF] Handling GetDepartmentsQuery { SourceContext: "AppWeaver.Mediator.Behaviors.LoggingBehavior", RequestId: "0HNLT9L9J02QR:0000001F", RequestPath: "/departments", ConnectionId: "0HNLT9L9J02QR" }

[14:25:18 INF] Handled GetDepartmentsQuery { SourceContext: "AppWeaver.Mediator.Behaviors.LoggingBehavior", RequestId: "0HNLT9L9J02QR:0000001F", RequestPath: "/departments", ConnectionId: "0HNLT9L9J02QR" }

[14:25:18 INF] Executed endpoint 'HTTP: GET /departments' { EventId: { Id: 1, Name: "ExecutedEndpoint" }, SourceContext: "Microsoft.AspNetCore.Routing.EndpointMiddleware", RequestId: "0HNLT9L9J02QR:0000001F", RequestPath: "/departments", ConnectionId: "0HNLT9L9J02QR" }

[14:25:18 INF] Handled GetUsersQuery { SourceContext: "AppWeaver.Mediator.Behaviors.LoggingBehavior", RequestId: "0HNLT9L9J02QT:0000001D", RequestPath: "/users", ConnectionId: "0HNLT9L9J02QT" }

[14:25:18 INF] Handled GetRolesQuery { SourceContext: "AppWeaver.Mediator.Behaviors.LoggingBehavior", RequestId: "0HNLT9L9J02QS:0000001B", RequestPath: "/roles", ConnectionId: "0HNLT9L9J02QS" }

[14:25:18 INF] Setting HTTP status code 200. { EventId: { Id: 1, Name: "WritingResultAsStatusCode" }, SourceContext: "Microsoft.AspNetCore.Http.Result.OkObjectResult", RequestId: "0HNLT9L9J02QT:0000001D", RequestPath: "/users", ConnectionId: "0HNLT9L9J02QT" }

[14:25:18 INF] Writing value of type 'List`1' as Json. { EventId: { Id: 3, Name: "WritingResultAsJson" }, SourceContext: "Microsoft.AspNetCore.Http.Result.OkObjectResult", RequestId: "0HNLT9L9J02QT:0000001D", RequestPath: "/users", ConnectionId: "0HNLT9L9J02QT" }

[14:25:18 INF] Executed endpoint 'HTTP: GET /roles' { EventId: { Id: 1, Name: "ExecutedEndpoint" }, SourceContext: "Microsoft.AspNetCore.Routing.EndpointMiddleware", RequestId: "0HNLT9L9J02QS:0000001B", RequestPath: "/roles", ConnectionId: "0HNLT9L9J02QS" }

[14:25:18 INF] Executed endpoint 'HTTP: GET /users' { EventId: { Id: 1, Name: "ExecutedEndpoint" }, SourceContext: "Microsoft.AspNetCore.Routing.EndpointMiddleware", RequestId: "0HNLT9L9J02QT:0000001D", RequestPath: "/users", ConnectionId: "0HNLT9L9J02QT" }

[14:25:43 INF] CORS policy execution successful. { EventId: { Id: 4, Name: "PolicySuccess" }, SourceContext: "Microsoft.AspNetCore.Cors.Infrastructure.CorsService", RequestId: "0HNLT9L9J02QS:0000001C", RequestPath: "/users", ConnectionId: "0HNLT9L9J02QS" }

[14:25:43 INF] CORS policy execution successful. { EventId: { Id: 4, Name: "PolicySuccess" }, SourceContext: "Microsoft.AspNetCore.Cors.Infrastructure.CorsService", RequestId: "0HNLT9L9J02QR:00000020", RequestPath: "/roles", ConnectionId: "0HNLT9L9J02QR" }

[14:25:43 INF] CORS policy execution successful. { EventId: { Id: 4, Name: "PolicySuccess" }, SourceContext: "Microsoft.AspNetCore.Cors.Infrastructure.CorsService", RequestId: "0HNLT9L9J02QT:0000001E", RequestPath: "/departments", ConnectionId: "0HNLT9L9J02QT" }

[14:25:43 INF] CORS policy execution successful. { EventId: { Id: 4, Name: "PolicySuccess" }, SourceContext: "Microsoft.AspNetCore.Cors.Infrastructure.CorsService", RequestId: "0HNLT9L9J02QS:0000001D", RequestPath: "/users", ConnectionId: "0HNLT9L9J02QS" }

[14:25:43 INF] Executing endpoint 'HTTP: GET /users' { EventId: { Name: "ExecutingEndpoint" }, SourceContext: "Microsoft.AspNetCore.Routing.EndpointMiddleware", RequestId: "0HNLT9L9J02QS:0000001D", RequestPath: "/users", ConnectionId: "0HNLT9L9J02QS" }

[14:25:43 INF] Handling GetUsersQuery { SourceContext: "AppWeaver.Mediator.Behaviors.LoggingBehavior", RequestId: "0HNLT9L9J02QS:0000001D", RequestPath: "/users", ConnectionId: "0HNLT9L9J02QS" }

[14:25:43 INF] CORS policy execution successful. { EventId: { Id: 4, Name: "PolicySuccess" }, SourceContext: "Microsoft.AspNetCore.Cors.Infrastructure.CorsService", RequestId: "0HNLT9L9J02QT:0000001F", RequestPath: "/roles", ConnectionId: "0HNLT9L9J02QT" }

[14:25:43 INF] CORS policy execution successful. { EventId: { Id: 4, Name: "PolicySuccess" }, SourceContext: "Microsoft.AspNetCore.Cors.Infrastructure.CorsService", RequestId: "0HNLT9L9J02QR:00000021", RequestPath: "/departments", ConnectionId: "0HNLT9L9J02QR" }

[14:25:43 INF] Executing endpoint 'HTTP: GET /departments' { EventId: { Name: "ExecutingEndpoint" }, SourceContext: "Microsoft.AspNetCore.Routing.EndpointMiddleware", RequestId: "0HNLT9L9J02QR:00000021", RequestPath: "/departments", ConnectionId: "0HNLT9L9J02QR" }

[14:25:43 INF] Handling GetDepartmentsQuery { SourceContext: "AppWeaver.Mediator.Behaviors.LoggingBehavior", RequestId: "0HNLT9L9J02QR:00000021", RequestPath: "/departments", ConnectionId: "0HNLT9L9J02QR" }

[14:25:43 INF] Executing endpoint 'HTTP: GET /roles' { EventId: { Name: "ExecutingEndpoint" }, SourceContext: "Microsoft.AspNetCore.Routing.EndpointMiddleware", RequestId: "0HNLT9L9J02QT:0000001F", RequestPath: "/roles", ConnectionId: "0HNLT9L9J02QT" }

[14:25:43 INF] Handling GetRolesQuery { SourceContext: "AppWeaver.Mediator.Behaviors.LoggingBehavior", RequestId: "0HNLT9L9J02QT:0000001F", RequestPath: "/roles", ConnectionId: "0HNLT9L9J02QT" }

[14:25:43 INF] Handled GetRolesQuery { SourceContext: "AppWeaver.Mediator.Behaviors.LoggingBehavior", RequestId: "0HNLT9L9J02QT:0000001F", RequestPath: "/roles", ConnectionId: "0HNLT9L9J02QT" }

[14:25:43 INF] Handled GetDepartmentsQuery { SourceContext: "AppWeaver.Mediator.Behaviors.LoggingBehavior", RequestId: "0HNLT9L9J02QR:00000021", RequestPath: "/departments", ConnectionId: "0HNLT9L9J02QR" }

[14:25:43 INF] Executed endpoint 'HTTP: GET /roles' { EventId: { Id: 1, Name: "ExecutedEndpoint" }, SourceContext: "Microsoft.AspNetCore.Routing.EndpointMiddleware", RequestId: "0HNLT9L9J02QT:0000001F", RequestPath: "/roles", ConnectionId: "0HNLT9L9J02QT" }

[14:25:43 INF] Executed endpoint 'HTTP: GET /departments' { EventId: { Id: 1, Name: "ExecutedEndpoint" }, SourceContext: "Microsoft.AspNetCore.Routing.EndpointMiddleware", RequestId: "0HNLT9L9J02QR:00000021", RequestPath: "/departments", ConnectionId: "0HNLT9L9J02QR" }

[14:25:43 INF] Handled GetUsersQuery { SourceContext: "AppWeaver.Mediator.Behaviors.LoggingBehavior", RequestId: "0HNLT9L9J02QS:0000001D", RequestPath: "/users", ConnectionId: "0HNLT9L9J02QS" }

[14:25:43 INF] Setting HTTP status code 200. { EventId: { Id: 1, Name: "WritingResultAsStatusCode" }, SourceContext: "Microsoft.AspNetCore.Http.Result.OkObjectResult", RequestId: "0HNLT9L9J02QS:0000001D", RequestPath: "/users", ConnectionId: "0HNLT9L9J02QS" }

[14:25:43 INF] Writing value of type 'List`1' as Json. { EventId: { Id: 3, Name: "WritingResultAsJson" }, SourceContext: "Microsoft.AspNetCore.Http.Result.OkObjectResult", RequestId: "0HNLT9L9J02QS:0000001D", RequestPath: "/users", ConnectionId: "0HNLT9L9J02QS" }

[14:25:43 INF] Executed endpoint 'HTTP: GET /users' { EventId: { Id: 1, Name: "ExecutedEndpoint" }, SourceContext: "Microsoft.AspNetCore.Routing.EndpointMiddleware", RequestId: "0HNLT9L9J02QS:0000001D", RequestPath: "/users", ConnectionId: "0HNLT9L9J02QS" }

[14:26:03 INF] CORS policy execution successful. { EventId: { Id: 4, Name: "PolicySuccess" }, SourceContext: "Microsoft.AspNetCore.Cors.Infrastructure.CorsService", RequestId: "0HNLT9L9J02QR:00000022", RequestPath: "/users", ConnectionId: "0HNLT9L9J02QR" }

[14:26:03 INF] CORS policy execution successful. { EventId: { Id: 4, Name: "PolicySuccess" }, SourceContext: "Microsoft.AspNetCore.Cors.Infrastructure.CorsService", RequestId: "0HNLT9L9J02QT:00000020", RequestPath: "/departments", ConnectionId: "0HNLT9L9J02QT" }

[14:26:03 INF] CORS policy execution successful. { EventId: { Id: 4, Name: "PolicySuccess" }, SourceContext: "Microsoft.AspNetCore.Cors.Infrastructure.CorsService", RequestId: "0HNLT9L9J02QS:0000001E", RequestPath: "/roles", ConnectionId: "0HNLT9L9J02QS" }

[14:26:03 INF] CORS policy execution successful. { EventId: { Id: 4, Name: "PolicySuccess" }, SourceContext: "Microsoft.AspNetCore.Cors.Infrastructure.CorsService", RequestId: "0HNLT9L9J02QS:0000001F", RequestPath: "/users", ConnectionId: "0HNLT9L9J02QS" }

[14:26:03 INF] CORS policy execution successful. { EventId: { Id: 4, Name: "PolicySuccess" }, SourceContext: "Microsoft.AspNetCore.Cors.Infrastructure.CorsService", RequestId: "0HNLT9L9J02QT:00000021", RequestPath: "/departments", ConnectionId: "0HNLT9L9J02QT" }

[14:26:03 INF] CORS policy execution successful. { EventId: { Id: 4, Name: "PolicySuccess" }, SourceContext: "Microsoft.AspNetCore.Cors.Infrastructure.CorsService", RequestId: "0HNLT9L9J02QR:00000023", RequestPath: "/roles", ConnectionId: "0HNLT9L9J02QR" }

[14:26:03 INF] Executing endpoint 'HTTP: GET /departments' { EventId: { Name: "ExecutingEndpoint" }, SourceContext: "Microsoft.AspNetCore.Routing.EndpointMiddleware", RequestId: "0HNLT9L9J02QT:00000021", RequestPath: "/departments", ConnectionId: "0HNLT9L9J02QT" }

[14:26:03 INF] Executing endpoint 'HTTP: GET /users' { EventId: { Name: "ExecutingEndpoint" }, SourceContext: "Microsoft.AspNetCore.Routing.EndpointMiddleware", RequestId: "0HNLT9L9J02QS:0000001F", RequestPath: "/users", ConnectionId: "0HNLT9L9J02QS" }

[14:26:03 INF] Handling GetDepartmentsQuery { SourceContext: "AppWeaver.Mediator.Behaviors.LoggingBehavior", RequestId: "0HNLT9L9J02QT:00000021", RequestPath: "/departments", ConnectionId: "0HNLT9L9J02QT" }

[14:26:03 INF] Executing endpoint 'HTTP: GET /roles' { EventId: { Name: "ExecutingEndpoint" }, SourceContext: "Microsoft.AspNetCore.Routing.EndpointMiddleware", RequestId: "0HNLT9L9J02QR:00000023", RequestPath: "/roles", ConnectionId: "0HNLT9L9J02QR" }

[14:26:03 INF] Handling GetUsersQuery { SourceContext: "AppWeaver.Mediator.Behaviors.LoggingBehavior", RequestId: "0HNLT9L9J02QS:0000001F", RequestPath: "/users", ConnectionId: "0HNLT9L9J02QS" }

[14:26:03 INF] Handling GetRolesQuery { SourceContext: "AppWeaver.Mediator.Behaviors.LoggingBehavior", RequestId: "0HNLT9L9J02QR:00000023", RequestPath: "/roles", ConnectionId: "0HNLT9L9J02QR" }

[14:26:03 INF] Handled GetDepartmentsQuery { SourceContext: "AppWeaver.Mediator.Behaviors.LoggingBehavior", RequestId: "0HNLT9L9J02QT:00000021", RequestPath: "/departments", ConnectionId: "0HNLT9L9J02QT" }

[14:26:03 INF] Handled GetRolesQuery { SourceContext: "AppWeaver.Mediator.Behaviors.LoggingBehavior", RequestId: "0HNLT9L9J02QR:00000023", RequestPath: "/roles", ConnectionId: "0HNLT9L9J02QR" }

[14:26:03 INF] Executed endpoint 'HTTP: GET /departments' { EventId: { Id: 1, Name: "ExecutedEndpoint" }, SourceContext: "Microsoft.AspNetCore.Routing.EndpointMiddleware", RequestId: "0HNLT9L9J02QT:00000021", RequestPath: "/departments", ConnectionId: "0HNLT9L9J02QT" }

[14:26:03 INF] Executed endpoint 'HTTP: GET /roles' { EventId: { Id: 1, Name: "ExecutedEndpoint" }, SourceContext: "Microsoft.AspNetCore.Routing.EndpointMiddleware", RequestId: "0HNLT9L9J02QR:00000023", RequestPath: "/roles", ConnectionId: "0HNLT9L9J02QR" }

[14:26:03 INF] Handled GetUsersQuery { SourceContext: "AppWeaver.Mediator.Behaviors.LoggingBehavior", RequestId: "0HNLT9L9J02QS:0000001F", RequestPath: "/users", ConnectionId: "0HNLT9L9J02QS" }

[14:26:03 INF] Setting HTTP status code 200. { EventId: { Id: 1, Name: "WritingResultAsStatusCode" }, SourceContext: "Microsoft.AspNetCore.Http.Result.OkObjectResult", RequestId: "0HNLT9L9J02QS:0000001F", RequestPath: "/users", ConnectionId: "0HNLT9L9J02QS" }

[14:26:03 INF] Writing value of type 'List`1' as Json. { EventId: { Id: 3, Name: "WritingResultAsJson" }, SourceContext: "Microsoft.AspNetCore.Http.Result.OkObjectResult", RequestId: "0HNLT9L9J02QS:0000001F", RequestPath: "/users", ConnectionId: "0HNLT9L9J02QS" }

[14:26:03 INF] Executed endpoint 'HTTP: GET /users' { EventId: { Id: 1, Name: "ExecutedEndpoint" }, SourceContext: "Microsoft.AspNetCore.Routing.EndpointMiddleware", RequestId: "0HNLT9L9J02QS:0000001F", RequestPath: "/users", ConnectionId: "0HNLT9L9J02QS" }

[14:26:05 INF] CORS policy execution successful. { EventId: { Id: 4, Name: "PolicySuccess" }, SourceContext: "Microsoft.AspNetCore.Cors.Infrastructure.CorsService", RequestId: "0HNLT9L9J02QS:00000020", RequestPath: "/users", ConnectionId: "0HNLT9L9J02QS" }

[14:26:05 INF] CORS policy execution successful. { EventId: { Id: 4, Name: "PolicySuccess" }, SourceContext: "Microsoft.AspNetCore.Cors.Infrastructure.CorsService", RequestId: "0HNLT9L9J02QR:00000024", RequestPath: "/roles", ConnectionId: "0HNLT9L9J02QR" }

[14:26:05 INF] CORS policy execution successful. { EventId: { Id: 4, Name: "PolicySuccess" }, SourceContext: "Microsoft.AspNetCore.Cors.Infrastructure.CorsService", RequestId: "0HNLT9L9J02QT:00000022", RequestPath: "/departments", ConnectionId: "0HNLT9L9J02QT" }

[14:26:05 INF] Executing endpoint 'HTTP: GET /users' { EventId: { Name: "ExecutingEndpoint" }, SourceContext: "Microsoft.AspNetCore.Routing.EndpointMiddleware", RequestId: "0HNLT9L9J02QS:00000020", RequestPath: "/users", ConnectionId: "0HNLT9L9J02QS" }

[14:26:05 INF] Handling GetUsersQuery { SourceContext: "AppWeaver.Mediator.Behaviors.LoggingBehavior", RequestId: "0HNLT9L9J02QS:00000020", RequestPath: "/users", ConnectionId: "0HNLT9L9J02QS" }

[14:26:05 INF] Executing endpoint 'HTTP: GET /roles' { EventId: { Name: "ExecutingEndpoint" }, SourceContext: "Microsoft.AspNetCore.Routing.EndpointMiddleware", RequestId: "0HNLT9L9J02QR:00000024", RequestPath: "/roles", ConnectionId: "0HNLT9L9J02QR" }

[14:26:05 INF] Executing endpoint 'HTTP: GET /departments' { EventId: { Name: "ExecutingEndpoint" }, SourceContext: "Microsoft.AspNetCore.Routing.EndpointMiddleware", RequestId: "0HNLT9L9J02QT:00000022", RequestPath: "/departments", ConnectionId: "0HNLT9L9J02QT" }

[14:26:05 INF] Handling GetRolesQuery { SourceContext: "AppWeaver.Mediator.Behaviors.LoggingBehavior", RequestId: "0HNLT9L9J02QR:00000024", RequestPath: "/roles", ConnectionId: "0HNLT9L9J02QR" }

[14:26:05 INF] Handling GetDepartmentsQuery { SourceContext: "AppWeaver.Mediator.Behaviors.LoggingBehavior", RequestId: "0HNLT9L9J02QT:00000022", RequestPath: "/departments", ConnectionId: "0HNLT9L9J02QT" }

[14:26:05 INF] Handled GetRolesQuery { SourceContext: "AppWeaver.Mediator.Behaviors.LoggingBehavior", RequestId: "0HNLT9L9J02QR:00000024", RequestPath: "/roles", ConnectionId: "0HNLT9L9J02QR" }

[14:26:05 INF] Handled GetUsersQuery { SourceContext: "AppWeaver.Mediator.Behaviors.LoggingBehavior", RequestId: "0HNLT9L9J02QS:00000020", RequestPath: "/users", ConnectionId: "0HNLT9L9J02QS" }

[14:26:05 INF] Handled GetDepartmentsQuery { SourceContext: "AppWeaver.Mediator.Behaviors.LoggingBehavior", RequestId: "0HNLT9L9J02QT:00000022", RequestPath: "/departments", ConnectionId: "0HNLT9L9J02QT" }

[14:26:05 INF] Setting HTTP status code 200. { EventId: { Id: 1, Name: "WritingResultAsStatusCode" }, SourceContext: "Microsoft.AspNetCore.Http.Result.OkObjectResult", RequestId: "0HNLT9L9J02QS:00000020", RequestPath: "/users", ConnectionId: "0HNLT9L9J02QS" }

[14:26:05 INF] Executed endpoint 'HTTP: GET /departments' { EventId: { Id: 1, Name: "ExecutedEndpoint" }, SourceContext: "Microsoft.AspNetCore.Routing.EndpointMiddleware", RequestId: "0HNLT9L9J02QT:00000022", RequestPath: "/departments", ConnectionId: "0HNLT9L9J02QT" }

[14:26:05 INF] Writing value of type 'List`1' as Json. { EventId: { Id: 3, Name: "WritingResultAsJson" }, SourceContext: "Microsoft.AspNetCore.Http.Result.OkObjectResult", RequestId: "0HNLT9L9J02QS:00000020", RequestPath: "/users", ConnectionId: "0HNLT9L9J02QS" }

[14:26:05 INF] Executed endpoint 'HTTP: GET /users' { EventId: { Id: 1, Name: "ExecutedEndpoint" }, SourceContext: "Microsoft.AspNetCore.Routing.EndpointMiddleware", RequestId: "0HNLT9L9J02QS:00000020", RequestPath: "/users", ConnectionId: "0HNLT9L9J02QS" }

[14:26:05 INF] Executed endpoint 'HTTP: GET /roles' { EventId: { Id: 1, Name: "ExecutedEndpoint" }, SourceContext: "Microsoft.AspNetCore.Routing.EndpointMiddleware", RequestId: "0HNLT9L9J02QR:00000024", RequestPath: "/roles", ConnectionId: "0HNLT9L9J02QR" }

[14:34:22 INF] CORS policy execution successful. { EventId: { Id: 4, Name: "PolicySuccess" }, SourceContext: "Microsoft.AspNetCore.Cors.Infrastructure.CorsService", RequestId: "0HNLT9L9J02QU:00000001", RequestPath: "/departments", ConnectionId: "0HNLT9L9J02QU" }

[14:34:22 INF] CORS policy execution successful. { EventId: { Id: 4, Name: "PolicySuccess" }, SourceContext: "Microsoft.AspNetCore.Cors.Infrastructure.CorsService", RequestId: "0HNLT9L9J02QV:00000001", RequestPath: "/users", ConnectionId: "0HNLT9L9J02QV" }

[14:34:22 INF] CORS policy execution successful. { EventId: { Id: 4, Name: "PolicySuccess" }, SourceContext: "Microsoft.AspNetCore.Cors.Infrastructure.CorsService", RequestId: "0HNLT9L9J02R0:00000001", RequestPath: "/roles", ConnectionId: "0HNLT9L9J02R0" }

[14:34:22 INF] CORS policy execution successful. { EventId: { Id: 4, Name: "PolicySuccess" }, SourceContext: "Microsoft.AspNetCore.Cors.Infrastructure.CorsService", RequestId: "0HNLT9L9J02R0:00000002", RequestPath: "/users", ConnectionId: "0HNLT9L9J02R0" }

[14:34:22 INF] CORS policy execution successful. { EventId: { Id: 4, Name: "PolicySuccess" }, SourceContext: "Microsoft.AspNetCore.Cors.Infrastructure.CorsService", RequestId: "0HNLT9L9J02QV:00000002", RequestPath: "/departments", ConnectionId: "0HNLT9L9J02QV" }

[14:34:22 INF] Executing endpoint 'HTTP: GET /users' { EventId: { Name: "ExecutingEndpoint" }, SourceContext: "Microsoft.AspNetCore.Routing.EndpointMiddleware", RequestId: "0HNLT9L9J02R0:00000002", RequestPath: "/users", ConnectionId: "0HNLT9L9J02R0" }

[14:34:22 INF] Handling GetUsersQuery { SourceContext: "AppWeaver.Mediator.Behaviors.LoggingBehavior", RequestId: "0HNLT9L9J02R0:00000002", RequestPath: "/users", ConnectionId: "0HNLT9L9J02R0" }

[14:34:22 INF] Executing endpoint 'HTTP: GET /departments' { EventId: { Name: "ExecutingEndpoint" }, SourceContext: "Microsoft.AspNetCore.Routing.EndpointMiddleware", RequestId: "0HNLT9L9J02QV:00000002", RequestPath: "/departments", ConnectionId: "0HNLT9L9J02QV" }

[14:34:22 INF] CORS policy execution successful. { EventId: { Id: 4, Name: "PolicySuccess" }, SourceContext: "Microsoft.AspNetCore.Cors.Infrastructure.CorsService", RequestId: "0HNLT9L9J02QU:00000002", RequestPath: "/roles", ConnectionId: "0HNLT9L9J02QU" }

[14:34:22 INF] Handling GetDepartmentsQuery { SourceContext: "AppWeaver.Mediator.Behaviors.LoggingBehavior", RequestId: "0HNLT9L9J02QV:00000002", RequestPath: "/departments", ConnectionId: "0HNLT9L9J02QV" }

[14:34:22 INF] Executing endpoint 'HTTP: GET /roles' { EventId: { Name: "ExecutingEndpoint" }, SourceContext: "Microsoft.AspNetCore.Routing.EndpointMiddleware", RequestId: "0HNLT9L9J02QU:00000002", RequestPath: "/roles", ConnectionId: "0HNLT9L9J02QU" }

[14:34:22 INF] Handling GetRolesQuery { SourceContext: "AppWeaver.Mediator.Behaviors.LoggingBehavior", RequestId: "0HNLT9L9J02QU:00000002", RequestPath: "/roles", ConnectionId: "0HNLT9L9J02QU" }

[14:34:22 INF] Handled GetUsersQuery { SourceContext: "AppWeaver.Mediator.Behaviors.LoggingBehavior", RequestId: "0HNLT9L9J02R0:00000002", RequestPath: "/users", ConnectionId: "0HNLT9L9J02R0" }

[14:34:22 INF] Handled GetDepartmentsQuery { SourceContext: "AppWeaver.Mediator.Behaviors.LoggingBehavior", RequestId: "0HNLT9L9J02QV:00000002", RequestPath: "/departments", ConnectionId: "0HNLT9L9J02QV" }

[14:34:22 INF] Handled GetRolesQuery { SourceContext: "AppWeaver.Mediator.Behaviors.LoggingBehavior", RequestId: "0HNLT9L9J02QU:00000002", RequestPath: "/roles", ConnectionId: "0HNLT9L9J02QU" }

[14:34:22 INF] Setting HTTP status code 200. { EventId: { Id: 1, Name: "WritingResultAsStatusCode" }, SourceContext: "Microsoft.AspNetCore.Http.Result.OkObjectResult", RequestId: "0HNLT9L9J02R0:00000002", RequestPath: "/users", ConnectionId: "0HNLT9L9J02R0" }

[14:34:22 INF] Executed endpoint 'HTTP: GET /roles' { EventId: { Id: 1, Name: "ExecutedEndpoint" }, SourceContext: "Microsoft.AspNetCore.Routing.EndpointMiddleware", RequestId: "0HNLT9L9J02QU:00000002", RequestPath: "/roles", ConnectionId: "0HNLT9L9J02QU" }

[14:34:22 INF] Executed endpoint 'HTTP: GET /departments' { EventId: { Id: 1, Name: "ExecutedEndpoint" }, SourceContext: "Microsoft.AspNetCore.Routing.EndpointMiddleware", RequestId: "0HNLT9L9J02QV:00000002", RequestPath: "/departments", ConnectionId: "0HNLT9L9J02QV" }

[14:34:22 INF] Writing value of type 'List`1' as Json. { EventId: { Id: 3, Name: "WritingResultAsJson" }, SourceContext: "Microsoft.AspNetCore.Http.Result.OkObjectResult", RequestId: "0HNLT9L9J02R0:00000002", RequestPath: "/users", ConnectionId: "0HNLT9L9J02R0" }

[14:34:22 INF] Executed endpoint 'HTTP: GET /users' { EventId: { Id: 1, Name: "ExecutedEndpoint" }, SourceContext: "Microsoft.AspNetCore.Routing.EndpointMiddleware", RequestId: "0HNLT9L9J02R0:00000002", RequestPath: "/users", ConnectionId: "0HNLT9L9J02R0" }

[14:37:05 INF] CORS policy execution successful. { EventId: { Id: 4, Name: "PolicySuccess" }, SourceContext: "Microsoft.AspNetCore.Cors.Infrastructure.CorsService", RequestId: "0HNLT9L9J02R1:00000001", RequestPath: "/roles", ConnectionId: "0HNLT9L9J02R1" }

[14:37:05 INF] CORS policy execution successful. { EventId: { Id: 4, Name: "PolicySuccess" }, SourceContext: "Microsoft.AspNetCore.Cors.Infrastructure.CorsService", RequestId: "0HNLT9L9J02R2:00000001", RequestPath: "/users", ConnectionId: "0HNLT9L9J02R2" }

[14:37:05 INF] CORS policy execution successful. { EventId: { Id: 4, Name: "PolicySuccess" }, SourceContext: "Microsoft.AspNetCore.Cors.Infrastructure.CorsService", RequestId: "0HNLT9L9J02R3:00000001", RequestPath: "/departments", ConnectionId: "0HNLT9L9J02R3" }

[14:37:05 INF] CORS policy execution successful. { EventId: { Id: 4, Name: "PolicySuccess" }, SourceContext: "Microsoft.AspNetCore.Cors.Infrastructure.CorsService", RequestId: "0HNLT9L9J02R1:00000002", RequestPath: "/users", ConnectionId: "0HNLT9L9J02R1" }

[14:37:05 INF] CORS policy execution successful. { EventId: { Id: 4, Name: "PolicySuccess" }, SourceContext: "Microsoft.AspNetCore.Cors.Infrastructure.CorsService", RequestId: "0HNLT9L9J02R3:00000002", RequestPath: "/roles", ConnectionId: "0HNLT9L9J02R3" }

[14:37:05 INF] Executing endpoint 'HTTP: GET /roles' { EventId: { Name: "ExecutingEndpoint" }, SourceContext: "Microsoft.AspNetCore.Routing.EndpointMiddleware", RequestId: "0HNLT9L9J02R3:00000002", RequestPath: "/roles", ConnectionId: "0HNLT9L9J02R3" }

[14:37:05 INF] Executing endpoint 'HTTP: GET /users' { EventId: { Name: "ExecutingEndpoint" }, SourceContext: "Microsoft.AspNetCore.Routing.EndpointMiddleware", RequestId: "0HNLT9L9J02R1:00000002", RequestPath: "/users", ConnectionId: "0HNLT9L9J02R1" }

[14:37:05 INF] Handling GetRolesQuery { SourceContext: "AppWeaver.Mediator.Behaviors.LoggingBehavior", RequestId: "0HNLT9L9J02R3:00000002", RequestPath: "/roles", ConnectionId: "0HNLT9L9J02R3" }

[14:37:05 INF] CORS policy execution successful. { EventId: { Id: 4, Name: "PolicySuccess" }, SourceContext: "Microsoft.AspNetCore.Cors.Infrastructure.CorsService", RequestId: "0HNLT9L9J02R2:00000002", RequestPath: "/departments", ConnectionId: "0HNLT9L9J02R2" }

[14:37:05 INF] Handling GetUsersQuery { SourceContext: "AppWeaver.Mediator.Behaviors.LoggingBehavior", RequestId: "0HNLT9L9J02R1:00000002", RequestPath: "/users", ConnectionId: "0HNLT9L9J02R1" }

[14:37:05 INF] Executing endpoint 'HTTP: GET /departments' { EventId: { Name: "ExecutingEndpoint" }, SourceContext: "Microsoft.AspNetCore.Routing.EndpointMiddleware", RequestId: "0HNLT9L9J02R2:00000002", RequestPath: "/departments", ConnectionId: "0HNLT9L9J02R2" }

[14:37:05 INF] Handling GetDepartmentsQuery { SourceContext: "AppWeaver.Mediator.Behaviors.LoggingBehavior", RequestId: "0HNLT9L9J02R2:00000002", RequestPath: "/departments", ConnectionId: "0HNLT9L9J02R2" }

[14:37:05 INF] Handled GetRolesQuery { SourceContext: "AppWeaver.Mediator.Behaviors.LoggingBehavior", RequestId: "0HNLT9L9J02R3:00000002", RequestPath: "/roles", ConnectionId: "0HNLT9L9J02R3" }

[14:37:05 INF] Handled GetDepartmentsQuery { SourceContext: "AppWeaver.Mediator.Behaviors.LoggingBehavior", RequestId: "0HNLT9L9J02R2:00000002", RequestPath: "/departments", ConnectionId: "0HNLT9L9J02R2" }

[14:37:05 INF] Executed endpoint 'HTTP: GET /departments' { EventId: { Id: 1, Name: "ExecutedEndpoint" }, SourceContext: "Microsoft.AspNetCore.Routing.EndpointMiddleware", RequestId: "0HNLT9L9J02R2:00000002", RequestPath: "/departments", ConnectionId: "0HNLT9L9J02R2" }

[14:37:05 INF] Executed endpoint 'HTTP: GET /roles' { EventId: { Id: 1, Name: "ExecutedEndpoint" }, SourceContext: "Microsoft.AspNetCore.Routing.EndpointMiddleware", RequestId: "0HNLT9L9J02R3:00000002", RequestPath: "/roles", ConnectionId: "0HNLT9L9J02R3" }

[14:37:05 INF] Handled GetUsersQuery { SourceContext: "AppWeaver.Mediator.Behaviors.LoggingBehavior", RequestId: "0HNLT9L9J02R1:00000002", RequestPath: "/users", ConnectionId: "0HNLT9L9J02R1" }

[14:37:05 INF] Setting HTTP status code 200. { EventId: { Id: 1, Name: "WritingResultAsStatusCode" }, SourceContext: "Microsoft.AspNetCore.Http.Result.OkObjectResult", RequestId: "0HNLT9L9J02R1:00000002", RequestPath: "/users", ConnectionId: "0HNLT9L9J02R1" }

[14:37:05 INF] Writing value of type 'List`1' as Json. { EventId: { Id: 3, Name: "WritingResultAsJson" }, SourceContext: "Microsoft.AspNetCore.Http.Result.OkObjectResult", RequestId: "0HNLT9L9J02R1:00000002", RequestPath: "/users", ConnectionId: "0HNLT9L9J02R1" }

[14:37:05 INF] Executed endpoint 'HTTP: GET /users' { EventId: { Id: 1, Name: "ExecutedEndpoint" }, SourceContext: "Microsoft.AspNetCore.Routing.EndpointMiddleware", RequestId: "0HNLT9L9J02R1:00000002", RequestPath: "/users", ConnectionId: "0HNLT9L9J02R1" }

[14:37:11 INF] CORS policy execution successful. { EventId: { Id: 4, Name: "PolicySuccess" }, SourceContext: "Microsoft.AspNetCore.Cors.Infrastructure.CorsService", RequestId: "0HNLT9L9J02R1:00000003", RequestPath: "/users", ConnectionId: "0HNLT9L9J02R1" }

[14:37:11 INF] CORS policy execution successful. { EventId: { Id: 4, Name: "PolicySuccess" }, SourceContext: "Microsoft.AspNetCore.Cors.Infrastructure.CorsService", RequestId: "0HNLT9L9J02R2:00000003", RequestPath: "/roles", ConnectionId: "0HNLT9L9J02R2" }

[14:37:11 INF] CORS policy execution successful. { EventId: { Id: 4, Name: "PolicySuccess" }, SourceContext: "Microsoft.AspNetCore.Cors.Infrastructure.CorsService", RequestId: "0HNLT9L9J02R3:00000003", RequestPath: "/departments", ConnectionId: "0HNLT9L9J02R3" }

[14:37:11 INF] CORS policy execution successful. { EventId: { Id: 4, Name: "PolicySuccess" }, SourceContext: "Microsoft.AspNetCore.Cors.Infrastructure.CorsService", RequestId: "0HNLT9L9J02R3:00000004", RequestPath: "/users", ConnectionId: "0HNLT9L9J02R3" }

[14:37:11 INF] Executing endpoint 'HTTP: GET /users' { EventId: { Name: "ExecutingEndpoint" }, SourceContext: "Microsoft.AspNetCore.Routing.EndpointMiddleware", RequestId: "0HNLT9L9J02R3:00000004", RequestPath: "/users", ConnectionId: "0HNLT9L9J02R3" }

[14:37:11 INF] Handling GetUsersQuery { SourceContext: "AppWeaver.Mediator.Behaviors.LoggingBehavior", RequestId: "0HNLT9L9J02R3:00000004", RequestPath: "/users", ConnectionId: "0HNLT9L9J02R3" }

[14:37:11 INF] CORS policy execution successful. { EventId: { Id: 4, Name: "PolicySuccess" }, SourceContext: "Microsoft.AspNetCore.Cors.Infrastructure.CorsService", RequestId: "0HNLT9L9J02R2:00000004", RequestPath: "/roles", ConnectionId: "0HNLT9L9J02R2" }

[14:37:11 INF] CORS policy execution successful. { EventId: { Id: 4, Name: "PolicySuccess" }, SourceContext: "Microsoft.AspNetCore.Cors.Infrastructure.CorsService", RequestId: "0HNLT9L9J02R1:00000004", RequestPath: "/departments", ConnectionId: "0HNLT9L9J02R1" }

[14:37:11 INF] Executing endpoint 'HTTP: GET /roles' { EventId: { Name: "ExecutingEndpoint" }, SourceContext: "Microsoft.AspNetCore.Routing.EndpointMiddleware", RequestId: "0HNLT9L9J02R2:00000004", RequestPath: "/roles", ConnectionId: "0HNLT9L9J02R2" }

[14:37:11 INF] Executing endpoint 'HTTP: GET /departments' { EventId: { Name: "ExecutingEndpoint" }, SourceContext: "Microsoft.AspNetCore.Routing.EndpointMiddleware", RequestId: "0HNLT9L9J02R1:00000004", RequestPath: "/departments", ConnectionId: "0HNLT9L9J02R1" }

[14:37:11 INF] Handling GetRolesQuery { SourceContext: "AppWeaver.Mediator.Behaviors.LoggingBehavior", RequestId: "0HNLT9L9J02R2:00000004", RequestPath: "/roles", ConnectionId: "0HNLT9L9J02R2" }

[14:37:11 INF] Handling GetDepartmentsQuery { SourceContext: "AppWeaver.Mediator.Behaviors.LoggingBehavior", RequestId: "0HNLT9L9J02R1:00000004", RequestPath: "/departments", ConnectionId: "0HNLT9L9J02R1" }

[14:37:11 INF] Handled GetDepartmentsQuery { SourceContext: "AppWeaver.Mediator.Behaviors.LoggingBehavior", RequestId: "0HNLT9L9J02R1:00000004", RequestPath: "/departments", ConnectionId: "0HNLT9L9J02R1" }

[14:37:11 INF] Handled GetRolesQuery { SourceContext: "AppWeaver.Mediator.Behaviors.LoggingBehavior", RequestId: "0HNLT9L9J02R2:00000004", RequestPath: "/roles", ConnectionId: "0HNLT9L9J02R2" }

[14:37:11 INF] Executed endpoint 'HTTP: GET /departments' { EventId: { Id: 1, Name: "ExecutedEndpoint" }, SourceContext: "Microsoft.AspNetCore.Routing.EndpointMiddleware", RequestId: "0HNLT9L9J02R1:00000004", RequestPath: "/departments", ConnectionId: "0HNLT9L9J02R1" }

[14:37:11 INF] Executed endpoint 'HTTP: GET /roles' { EventId: { Id: 1, Name: "ExecutedEndpoint" }, SourceContext: "Microsoft.AspNetCore.Routing.EndpointMiddleware", RequestId: "0HNLT9L9J02R2:00000004", RequestPath: "/roles", ConnectionId: "0HNLT9L9J02R2" }

[14:37:11 INF] Handled GetUsersQuery { SourceContext: "AppWeaver.Mediator.Behaviors.LoggingBehavior", RequestId: "0HNLT9L9J02R3:00000004", RequestPath: "/users", ConnectionId: "0HNLT9L9J02R3" }

[14:37:11 INF] Setting HTTP status code 200. { EventId: { Id: 1, Name: "WritingResultAsStatusCode" }, SourceContext: "Microsoft.AspNetCore.Http.Result.OkObjectResult", RequestId: "0HNLT9L9J02R3:00000004", RequestPath: "/users", ConnectionId: "0HNLT9L9J02R3" }

[14:37:11 INF] Writing value of type 'List`1' as Json. { EventId: { Id: 3, Name: "WritingResultAsJson" }, SourceContext: "Microsoft.AspNetCore.Http.Result.OkObjectResult", RequestId: "0HNLT9L9J02R3:00000004", RequestPath: "/users", ConnectionId: "0HNLT9L9J02R3" }

[14:37:11 INF] Executed endpoint 'HTTP: GET /users' { EventId: { Id: 1, Name: "ExecutedEndpoint" }, SourceContext: "Microsoft.AspNetCore.Routing.EndpointMiddleware", RequestId: "0HNLT9L9J02R3:00000004", RequestPath: "/users", ConnectionId: "0HNLT9L9J02R3" }

[14:37:13 INF] CORS policy execution successful. { EventId: { Id: 4, Name: "PolicySuccess" }, SourceContext: "Microsoft.AspNetCore.Cors.Infrastructure.CorsService", RequestId: "0HNLT9L9J02R2:00000005", RequestPath: "/users", ConnectionId: "0HNLT9L9J02R2" }

[14:37:13 INF] Executing endpoint 'HTTP: GET /users' { EventId: { Name: "ExecutingEndpoint" }, SourceContext: "Microsoft.AspNetCore.Routing.EndpointMiddleware", RequestId: "0HNLT9L9J02R2:00000005", RequestPath: "/users", ConnectionId: "0HNLT9L9J02R2" }

[14:37:13 INF] CORS policy execution successful. { EventId: { Id: 4, Name: "PolicySuccess" }, SourceContext: "Microsoft.AspNetCore.Cors.Infrastructure.CorsService", RequestId: "0HNLT9L9J02R1:00000005", RequestPath: "/departments", ConnectionId: "0HNLT9L9J02R1" }

[14:37:13 INF] CORS policy execution successful. { EventId: { Id: 4, Name: "PolicySuccess" }, SourceContext: "Microsoft.AspNetCore.Cors.Infrastructure.CorsService", RequestId: "0HNLT9L9J02R3:00000005", RequestPath: "/roles", ConnectionId: "0HNLT9L9J02R3" }

[14:37:13 INF] Handling GetUsersQuery { SourceContext: "AppWeaver.Mediator.Behaviors.LoggingBehavior", RequestId: "0HNLT9L9J02R2:00000005", RequestPath: "/users", ConnectionId: "0HNLT9L9J02R2" }

[14:37:13 INF] Executing endpoint 'HTTP: GET /departments' { EventId: { Name: "ExecutingEndpoint" }, SourceContext: "Microsoft.AspNetCore.Routing.EndpointMiddleware", RequestId: "0HNLT9L9J02R1:00000005", RequestPath: "/departments", ConnectionId: "0HNLT9L9J02R1" }

[14:37:13 INF] Executing endpoint 'HTTP: GET /roles' { EventId: { Name: "ExecutingEndpoint" }, SourceContext: "Microsoft.AspNetCore.Routing.EndpointMiddleware", RequestId: "0HNLT9L9J02R3:00000005", RequestPath: "/roles", ConnectionId: "0HNLT9L9J02R3" }

[14:37:13 INF] Handling GetDepartmentsQuery { SourceContext: "AppWeaver.Mediator.Behaviors.LoggingBehavior", RequestId: "0HNLT9L9J02R1:00000005", RequestPath: "/departments", ConnectionId: "0HNLT9L9J02R1" }

[14:37:13 INF] Handling GetRolesQuery { SourceContext: "AppWeaver.Mediator.Behaviors.LoggingBehavior", RequestId: "0HNLT9L9J02R3:00000005", RequestPath: "/roles", ConnectionId: "0HNLT9L9J02R3" }

[14:37:13 INF] Handled GetDepartmentsQuery { SourceContext: "AppWeaver.Mediator.Behaviors.LoggingBehavior", RequestId: "0HNLT9L9J02R1:00000005", RequestPath: "/departments", ConnectionId: "0HNLT9L9J02R1" }

[14:37:13 INF] Executed endpoint 'HTTP: GET /departments' { EventId: { Id: 1, Name: "ExecutedEndpoint" }, SourceContext: "Microsoft.AspNetCore.Routing.EndpointMiddleware", RequestId: "0HNLT9L9J02R1:00000005", RequestPath: "/departments", ConnectionId: "0HNLT9L9J02R1" }

[14:37:13 INF] Handled GetRolesQuery { SourceContext: "AppWeaver.Mediator.Behaviors.LoggingBehavior", RequestId: "0HNLT9L9J02R3:00000005", RequestPath: "/roles", ConnectionId: "0HNLT9L9J02R3" }

[14:37:13 INF] Executed endpoint 'HTTP: GET /roles' { EventId: { Id: 1, Name: "ExecutedEndpoint" }, SourceContext: "Microsoft.AspNetCore.Routing.EndpointMiddleware", RequestId: "0HNLT9L9J02R3:00000005", RequestPath: "/roles", ConnectionId: "0HNLT9L9J02R3" }

[14:37:13 INF] Handled GetUsersQuery { SourceContext: "AppWeaver.Mediator.Behaviors.LoggingBehavior", RequestId: "0HNLT9L9J02R2:00000005", RequestPath: "/users", ConnectionId: "0HNLT9L9J02R2" }

[14:37:13 INF] Setting HTTP status code 200. { EventId: { Id: 1, Name: "WritingResultAsStatusCode" }, SourceContext: "Microsoft.AspNetCore.Http.Result.OkObjectResult", RequestId: "0HNLT9L9J02R2:00000005", RequestPath: "/users", ConnectionId: "0HNLT9L9J02R2" }

[14:37:13 INF] Writing value of type 'List`1' as Json. { EventId: { Id: 3, Name: "WritingResultAsJson" }, SourceContext: "Microsoft.AspNetCore.Http.Result.OkObjectResult", RequestId: "0HNLT9L9J02R2:00000005", RequestPath: "/users", ConnectionId: "0HNLT9L9J02R2" }

[14:37:13 INF] Executed endpoint 'HTTP: GET /users' { EventId: { Id: 1, Name: "ExecutedEndpoint" }, SourceContext: "Microsoft.AspNetCore.Routing.EndpointMiddleware", RequestId: "0HNLT9L9J02R2:00000005", RequestPath: "/users", ConnectionId: "0HNLT9L9J02R2" }

[14:37:16 INF] CORS policy execution successful. { EventId: { Id: 4, Name: "PolicySuccess" }, SourceContext: "Microsoft.AspNetCore.Cors.Infrastructure.CorsService", RequestId: "0HNLT9L9J02R2:00000006", RequestPath: "/users", ConnectionId: "0HNLT9L9J02R2" }

[14:37:16 INF] CORS policy execution successful. { EventId: { Id: 4, Name: "PolicySuccess" }, SourceContext: "Microsoft.AspNetCore.Cors.Infrastructure.CorsService", RequestId: "0HNLT9L9J02R1:00000006", RequestPath: "/departments", ConnectionId: "0HNLT9L9J02R1" }

[14:37:16 INF] CORS policy execution successful. { EventId: { Id: 4, Name: "PolicySuccess" }, SourceContext: "Microsoft.AspNetCore.Cors.Infrastructure.CorsService", RequestId: "0HNLT9L9J02R3:00000006", RequestPath: "/roles", ConnectionId: "0HNLT9L9J02R3" }

[14:37:16 INF] CORS policy execution successful. { EventId: { Id: 4, Name: "PolicySuccess" }, SourceContext: "Microsoft.AspNetCore.Cors.Infrastructure.CorsService", RequestId: "0HNLT9L9J02R2:00000007", RequestPath: "/users", ConnectionId: "0HNLT9L9J02R2" }

[14:37:16 INF] CORS policy execution successful. { EventId: { Id: 4, Name: "PolicySuccess" }, SourceContext: "Microsoft.AspNetCore.Cors.Infrastructure.CorsService", RequestId: "0HNLT9L9J02R3:00000007", RequestPath: "/departments", ConnectionId: "0HNLT9L9J02R3" }

[14:37:16 INF] CORS policy execution successful. { EventId: { Id: 4, Name: "PolicySuccess" }, SourceContext: "Microsoft.AspNetCore.Cors.Infrastructure.CorsService", RequestId: "0HNLT9L9J02R1:00000007", RequestPath: "/roles", ConnectionId: "0HNLT9L9J02R1" }

[14:37:16 INF] Executing endpoint 'HTTP: GET /departments' { EventId: { Name: "ExecutingEndpoint" }, SourceContext: "Microsoft.AspNetCore.Routing.EndpointMiddleware", RequestId: "0HNLT9L9J02R3:00000007", RequestPath: "/departments", ConnectionId: "0HNLT9L9J02R3" }

[14:37:16 INF] Executing endpoint 'HTTP: GET /users' { EventId: { Name: "ExecutingEndpoint" }, SourceContext: "Microsoft.AspNetCore.Routing.EndpointMiddleware", RequestId: "0HNLT9L9J02R2:00000007", RequestPath: "/users", ConnectionId: "0HNLT9L9J02R2" }

[14:37:16 INF] Handling GetDepartmentsQuery { SourceContext: "AppWeaver.Mediator.Behaviors.LoggingBehavior", RequestId: "0HNLT9L9J02R3:00000007", RequestPath: "/departments", ConnectionId: "0HNLT9L9J02R3" }

[14:37:16 INF] Executing endpoint 'HTTP: GET /roles' { EventId: { Name: "ExecutingEndpoint" }, SourceContext: "Microsoft.AspNetCore.Routing.EndpointMiddleware", RequestId: "0HNLT9L9J02R1:00000007", RequestPath: "/roles", ConnectionId: "0HNLT9L9J02R1" }

[14:37:16 INF] Handling GetUsersQuery { SourceContext: "AppWeaver.Mediator.Behaviors.LoggingBehavior", RequestId: "0HNLT9L9J02R2:00000007", RequestPath: "/users", ConnectionId: "0HNLT9L9J02R2" }

[14:37:16 INF] Handling GetRolesQuery { SourceContext: "AppWeaver.Mediator.Behaviors.LoggingBehavior", RequestId: "0HNLT9L9J02R1:00000007", RequestPath: "/roles", ConnectionId: "0HNLT9L9J02R1" }

[14:37:16 INF] Handled GetDepartmentsQuery { SourceContext: "AppWeaver.Mediator.Behaviors.LoggingBehavior", RequestId: "0HNLT9L9J02R3:00000007", RequestPath: "/departments", ConnectionId: "0HNLT9L9J02R3" }

[14:37:16 INF] Handled GetRolesQuery { SourceContext: "AppWeaver.Mediator.Behaviors.LoggingBehavior", RequestId: "0HNLT9L9J02R1:00000007", RequestPath: "/roles", ConnectionId: "0HNLT9L9J02R1" }

[14:37:16 INF] Handled GetUsersQuery { SourceContext: "AppWeaver.Mediator.Behaviors.LoggingBehavior", RequestId: "0HNLT9L9J02R2:00000007", RequestPath: "/users", ConnectionId: "0HNLT9L9J02R2" }

[14:37:16 INF] Executed endpoint 'HTTP: GET /roles' { EventId: { Id: 1, Name: "ExecutedEndpoint" }, SourceContext: "Microsoft.AspNetCore.Routing.EndpointMiddleware", RequestId: "0HNLT9L9J02R1:00000007", RequestPath: "/roles", ConnectionId: "0HNLT9L9J02R1" }

[14:37:16 INF] Setting HTTP status code 200. { EventId: { Id: 1, Name: "WritingResultAsStatusCode" }, SourceContext: "Microsoft.AspNetCore.Http.Result.OkObjectResult", RequestId: "0HNLT9L9J02R2:00000007", RequestPath: "/users", ConnectionId: "0HNLT9L9J02R2" }

[14:37:16 INF] Executed endpoint 'HTTP: GET /departments' { EventId: { Id: 1, Name: "ExecutedEndpoint" }, SourceContext: "Microsoft.AspNetCore.Routing.EndpointMiddleware", RequestId: "0HNLT9L9J02R3:00000007", RequestPath: "/departments", ConnectionId: "0HNLT9L9J02R3" }

[14:37:16 INF] Writing value of type 'List`1' as Json. { EventId: { Id: 3, Name: "WritingResultAsJson" }, SourceContext: "Microsoft.AspNetCore.Http.Result.OkObjectResult", RequestId: "0HNLT9L9J02R2:00000007", RequestPath: "/users", ConnectionId: "0HNLT9L9J02R2" }

[14:37:16 INF] Executed endpoint 'HTTP: GET /users' { EventId: { Id: 1, Name: "ExecutedEndpoint" }, SourceContext: "Microsoft.AspNetCore.Routing.EndpointMiddleware", RequestId: "0HNLT9L9J02R2:00000007", RequestPath: "/users", ConnectionId: "0HNLT9L9J02R2" }

[14:37:17 INF] CORS policy execution successful. { EventId: { Id: 4, Name: "PolicySuccess" }, SourceContext: "Microsoft.AspNetCore.Cors.Infrastructure.CorsService", RequestId: "0HNLT9L9J02R1:00000008", RequestPath: "/users", ConnectionId: "0HNLT9L9J02R1" }

[14:37:17 INF] CORS policy execution successful. { EventId: { Id: 4, Name: "PolicySuccess" }, SourceContext: "Microsoft.AspNetCore.Cors.Infrastructure.CorsService", RequestId: "0HNLT9L9J02R3:00000008", RequestPath: "/roles", ConnectionId: "0HNLT9L9J02R3" }

[14:37:17 INF] Executing endpoint 'HTTP: GET /users' { EventId: { Name: "ExecutingEndpoint" }, SourceContext: "Microsoft.AspNetCore.Routing.EndpointMiddleware", RequestId: "0HNLT9L9J02R1:00000008", RequestPath: "/users", ConnectionId: "0HNLT9L9J02R1" }

[14:37:17 INF] CORS policy execution successful. { EventId: { Id: 4, Name: "PolicySuccess" }, SourceContext: "Microsoft.AspNetCore.Cors.Infrastructure.CorsService", RequestId: "0HNLT9L9J02R2:00000008", RequestPath: "/departments", ConnectionId: "0HNLT9L9J02R2" }

[14:37:17 INF] Handling GetUsersQuery { SourceContext: "AppWeaver.Mediator.Behaviors.LoggingBehavior", RequestId: "0HNLT9L9J02R1:00000008", RequestPath: "/users", ConnectionId: "0HNLT9L9J02R1" }

[14:37:17 INF] Executing endpoint 'HTTP: GET /roles' { EventId: { Name: "ExecutingEndpoint" }, SourceContext: "Microsoft.AspNetCore.Routing.EndpointMiddleware", RequestId: "0HNLT9L9J02R3:00000008", RequestPath: "/roles", ConnectionId: "0HNLT9L9J02R3" }

[14:37:17 INF] Handling GetRolesQuery { SourceContext: "AppWeaver.Mediator.Behaviors.LoggingBehavior", RequestId: "0HNLT9L9J02R3:00000008", RequestPath: "/roles", ConnectionId: "0HNLT9L9J02R3" }

[14:37:17 INF] Executing endpoint 'HTTP: GET /departments' { EventId: { Name: "ExecutingEndpoint" }, SourceContext: "Microsoft.AspNetCore.Routing.EndpointMiddleware", RequestId: "0HNLT9L9J02R2:00000008", RequestPath: "/departments", ConnectionId: "0HNLT9L9J02R2" }

[14:37:17 INF] Handling GetDepartmentsQuery { SourceContext: "AppWeaver.Mediator.Behaviors.LoggingBehavior", RequestId: "0HNLT9L9J02R2:00000008", RequestPath: "/departments", ConnectionId: "0HNLT9L9J02R2" }

[14:37:17 INF] Handled GetDepartmentsQuery { SourceContext: "AppWeaver.Mediator.Behaviors.LoggingBehavior", RequestId: "0HNLT9L9J02R2:00000008", RequestPath: "/departments", ConnectionId: "0HNLT9L9J02R2" }

[14:37:17 INF] Handled GetRolesQuery { SourceContext: "AppWeaver.Mediator.Behaviors.LoggingBehavior", RequestId: "0HNLT9L9J02R3:00000008", RequestPath: "/roles", ConnectionId: "0HNLT9L9J02R3" }

[14:37:17 INF] Handled GetUsersQuery { SourceContext: "AppWeaver.Mediator.Behaviors.LoggingBehavior", RequestId: "0HNLT9L9J02R1:00000008", RequestPath: "/users", ConnectionId: "0HNLT9L9J02R1" }

[14:37:17 INF] Setting HTTP status code 200. { EventId: { Id: 1, Name: "WritingResultAsStatusCode" }, SourceContext: "Microsoft.AspNetCore.Http.Result.OkObjectResult", RequestId: "0HNLT9L9J02R1:00000008", RequestPath: "/users", ConnectionId: "0HNLT9L9J02R1" }

[14:37:17 INF] Executed endpoint 'HTTP: GET /roles' { EventId: { Id: 1, Name: "ExecutedEndpoint" }, SourceContext: "Microsoft.AspNetCore.Routing.EndpointMiddleware", RequestId: "0HNLT9L9J02R3:00000008", RequestPath: "/roles", ConnectionId: "0HNLT9L9J02R3" }

[14:37:17 INF] Writing value of type 'List`1' as Json. { EventId: { Id: 3, Name: "WritingResultAsJson" }, SourceContext: "Microsoft.AspNetCore.Http.Result.OkObjectResult", RequestId: "0HNLT9L9J02R1:00000008", RequestPath: "/users", ConnectionId: "0HNLT9L9J02R1" }

[14:37:17 INF] Executed endpoint 'HTTP: GET /users' { EventId: { Id: 1, Name: "ExecutedEndpoint" }, SourceContext: "Microsoft.AspNetCore.Routing.EndpointMiddleware", RequestId: "0HNLT9L9J02R1:00000008", RequestPath: "/users", ConnectionId: "0HNLT9L9J02R1" }

[14:37:17 INF] Executed endpoint 'HTTP: GET /departments' { EventId: { Id: 1, Name: "ExecutedEndpoint" }, SourceContext: "Microsoft.AspNetCore.Routing.EndpointMiddleware", RequestId: "0HNLT9L9J02R2:00000008", RequestPath: "/departments", ConnectionId: "0HNLT9L9J02R2" }

[14:41:19 INF] CORS policy execution successful. { EventId: { Id: 4, Name: "PolicySuccess" }, SourceContext: "Microsoft.AspNetCore.Cors.Infrastructure.CorsService", RequestId: "0HNLT9L9J02R4:00000001", RequestPath: "/users", ConnectionId: "0HNLT9L9J02R4" }

[14:41:19 INF] CORS policy execution successful. { EventId: { Id: 4, Name: "PolicySuccess" }, SourceContext: "Microsoft.AspNetCore.Cors.Infrastructure.CorsService", RequestId: "0HNLT9L9J02R5:00000001", RequestPath: "/roles", ConnectionId: "0HNLT9L9J02R5" }

[14:41:19 INF] CORS policy execution successful. { EventId: { Id: 4, Name: "PolicySuccess" }, SourceContext: "Microsoft.AspNetCore.Cors.Infrastructure.CorsService", RequestId: "0HNLT9L9J02R6:00000001", RequestPath: "/departments", ConnectionId: "0HNLT9L9J02R6" }

[14:41:19 INF] CORS policy execution successful. { EventId: { Id: 4, Name: "PolicySuccess" }, SourceContext: "Microsoft.AspNetCore.Cors.Infrastructure.CorsService", RequestId: "0HNLT9L9J02R5:00000002", RequestPath: "/users", ConnectionId: "0HNLT9L9J02R5" }

[14:41:19 INF] Executing endpoint 'HTTP: GET /users' { EventId: { Name: "ExecutingEndpoint" }, SourceContext: "Microsoft.AspNetCore.Routing.EndpointMiddleware", RequestId: "0HNLT9L9J02R5:00000002", RequestPath: "/users", ConnectionId: "0HNLT9L9J02R5" }

[14:41:19 INF] Handling GetUsersQuery { SourceContext: "AppWeaver.Mediator.Behaviors.LoggingBehavior", RequestId: "0HNLT9L9J02R5:00000002", RequestPath: "/users", ConnectionId: "0HNLT9L9J02R5" }

[14:41:19 INF] CORS policy execution successful. { EventId: { Id: 4, Name: "PolicySuccess" }, SourceContext: "Microsoft.AspNetCore.Cors.Infrastructure.CorsService", RequestId: "0HNLT9L9J02R6:00000002", RequestPath: "/roles", ConnectionId: "0HNLT9L9J02R6" }

[14:41:19 INF] CORS policy execution successful. { EventId: { Id: 4, Name: "PolicySuccess" }, SourceContext: "Microsoft.AspNetCore.Cors.Infrastructure.CorsService", RequestId: "0HNLT9L9J02R4:00000002", RequestPath: "/departments", ConnectionId: "0HNLT9L9J02R4" }

[14:41:19 INF] Executing endpoint 'HTTP: GET /departments' { EventId: { Name: "ExecutingEndpoint" }, SourceContext: "Microsoft.AspNetCore.Routing.EndpointMiddleware", RequestId: "0HNLT9L9J02R4:00000002", RequestPath: "/departments", ConnectionId: "0HNLT9L9J02R4" }

[14:41:19 INF] Handling GetDepartmentsQuery { SourceContext: "AppWeaver.Mediator.Behaviors.LoggingBehavior", RequestId: "0HNLT9L9J02R4:00000002", RequestPath: "/departments", ConnectionId: "0HNLT9L9J02R4" }

[14:41:19 INF] Executing endpoint 'HTTP: GET /roles' { EventId: { Name: "ExecutingEndpoint" }, SourceContext: "Microsoft.AspNetCore.Routing.EndpointMiddleware", RequestId: "0HNLT9L9J02R6:00000002", RequestPath: "/roles", ConnectionId: "0HNLT9L9J02R6" }

[14:41:19 INF] Handling GetRolesQuery { SourceContext: "AppWeaver.Mediator.Behaviors.LoggingBehavior", RequestId: "0HNLT9L9J02R6:00000002", RequestPath: "/roles", ConnectionId: "0HNLT9L9J02R6" }

[14:41:19 INF] Handled GetDepartmentsQuery { SourceContext: "AppWeaver.Mediator.Behaviors.LoggingBehavior", RequestId: "0HNLT9L9J02R4:00000002", RequestPath: "/departments", ConnectionId: "0HNLT9L9J02R4" }

[14:41:19 INF] Handled GetRolesQuery { SourceContext: "AppWeaver.Mediator.Behaviors.LoggingBehavior", RequestId: "0HNLT9L9J02R6:00000002", RequestPath: "/roles", ConnectionId: "0HNLT9L9J02R6" }

[14:41:19 INF] Executed endpoint 'HTTP: GET /roles' { EventId: { Id: 1, Name: "ExecutedEndpoint" }, SourceContext: "Microsoft.AspNetCore.Routing.EndpointMiddleware", RequestId: "0HNLT9L9J02R6:00000002", RequestPath: "/roles", ConnectionId: "0HNLT9L9J02R6" }

[14:41:19 INF] Executed endpoint 'HTTP: GET /departments' { EventId: { Id: 1, Name: "ExecutedEndpoint" }, SourceContext: "Microsoft.AspNetCore.Routing.EndpointMiddleware", RequestId: "0HNLT9L9J02R4:00000002", RequestPath: "/departments", ConnectionId: "0HNLT9L9J02R4" }

[14:41:19 INF] Handled GetUsersQuery { SourceContext: "AppWeaver.Mediator.Behaviors.LoggingBehavior", RequestId: "0HNLT9L9J02R5:00000002", RequestPath: "/users", ConnectionId: "0HNLT9L9J02R5" }

[14:41:19 INF] Setting HTTP status code 200. { EventId: { Id: 1, Name: "WritingResultAsStatusCode" }, SourceContext: "Microsoft.AspNetCore.Http.Result.OkObjectResult", RequestId: "0HNLT9L9J02R5:00000002", RequestPath: "/users", ConnectionId: "0HNLT9L9J02R5" }

[14:41:19 INF] Writing value of type 'List`1' as Json. { EventId: { Id: 3, Name: "WritingResultAsJson" }, SourceContext: "Microsoft.AspNetCore.Http.Result.OkObjectResult", RequestId: "0HNLT9L9J02R5:00000002", RequestPath: "/users", ConnectionId: "0HNLT9L9J02R5" }

[14:41:19 INF] Executed endpoint 'HTTP: GET /users' { EventId: { Id: 1, Name: "ExecutedEndpoint" }, SourceContext: "Microsoft.AspNetCore.Routing.EndpointMiddleware", RequestId: "0HNLT9L9J02R5:00000002", RequestPath: "/users", ConnectionId: "0HNLT9L9J02R5" }

[14:41:21 INF] CORS policy execution successful. { EventId: { Id: 4, Name: "PolicySuccess" }, SourceContext: "Microsoft.AspNetCore.Cors.Infrastructure.CorsService", RequestId: "0HNLT9L9J02R5:00000003", RequestPath: "/users", ConnectionId: "0HNLT9L9J02R5" }

[14:41:21 INF] Executing endpoint 'HTTP: GET /users' { EventId: { Name: "ExecutingEndpoint" }, SourceContext: "Microsoft.AspNetCore.Routing.EndpointMiddleware", RequestId: "0HNLT9L9J02R5:00000003", RequestPath: "/users", ConnectionId: "0HNLT9L9J02R5" }

[14:41:21 INF] CORS policy execution successful. { EventId: { Id: 4, Name: "PolicySuccess" }, SourceContext: "Microsoft.AspNetCore.Cors.Infrastructure.CorsService", RequestId: "0HNLT9L9J02R4:00000003", RequestPath: "/roles", ConnectionId: "0HNLT9L9J02R4" }

[14:41:21 INF] Handling GetUsersQuery { SourceContext: "AppWeaver.Mediator.Behaviors.LoggingBehavior", RequestId: "0HNLT9L9J02R5:00000003", RequestPath: "/users", ConnectionId: "0HNLT9L9J02R5" }

[14:41:21 INF] Executing endpoint 'HTTP: GET /roles' { EventId: { Name: "ExecutingEndpoint" }, SourceContext: "Microsoft.AspNetCore.Routing.EndpointMiddleware", RequestId: "0HNLT9L9J02R4:00000003", RequestPath: "/roles", ConnectionId: "0HNLT9L9J02R4" }

[14:41:21 INF] CORS policy execution successful. { EventId: { Id: 4, Name: "PolicySuccess" }, SourceContext: "Microsoft.AspNetCore.Cors.Infrastructure.CorsService", RequestId: "0HNLT9L9J02R6:00000003", RequestPath: "/departments", ConnectionId: "0HNLT9L9J02R6" }

[14:41:21 INF] Handling GetRolesQuery { SourceContext: "AppWeaver.Mediator.Behaviors.LoggingBehavior", RequestId: "0HNLT9L9J02R4:00000003", RequestPath: "/roles", ConnectionId: "0HNLT9L9J02R4" }

[14:41:21 INF] Executing endpoint 'HTTP: GET /departments' { EventId: { Name: "ExecutingEndpoint" }, SourceContext: "Microsoft.AspNetCore.Routing.EndpointMiddleware", RequestId: "0HNLT9L9J02R6:00000003", RequestPath: "/departments", ConnectionId: "0HNLT9L9J02R6" }

[14:41:21 INF] Handling GetDepartmentsQuery { SourceContext: "AppWeaver.Mediator.Behaviors.LoggingBehavior", RequestId: "0HNLT9L9J02R6:00000003", RequestPath: "/departments", ConnectionId: "0HNLT9L9J02R6" }

[14:41:21 INF] Handled GetRolesQuery { SourceContext: "AppWeaver.Mediator.Behaviors.LoggingBehavior", RequestId: "0HNLT9L9J02R4:00000003", RequestPath: "/roles", ConnectionId: "0HNLT9L9J02R4" }

[14:41:21 INF] Handled GetDepartmentsQuery { SourceContext: "AppWeaver.Mediator.Behaviors.LoggingBehavior", RequestId: "0HNLT9L9J02R6:00000003", RequestPath: "/departments", ConnectionId: "0HNLT9L9J02R6" }

[14:41:21 INF] Executed endpoint 'HTTP: GET /roles' { EventId: { Id: 1, Name: "ExecutedEndpoint" }, SourceContext: "Microsoft.AspNetCore.Routing.EndpointMiddleware", RequestId: "0HNLT9L9J02R4:00000003", RequestPath: "/roles", ConnectionId: "0HNLT9L9J02R4" }

[14:41:21 INF] Executed endpoint 'HTTP: GET /departments' { EventId: { Id: 1, Name: "ExecutedEndpoint" }, SourceContext: "Microsoft.AspNetCore.Routing.EndpointMiddleware", RequestId: "0HNLT9L9J02R6:00000003", RequestPath: "/departments", ConnectionId: "0HNLT9L9J02R6" }

[14:41:21 INF] Handled GetUsersQuery { SourceContext: "AppWeaver.Mediator.Behaviors.LoggingBehavior", RequestId: "0HNLT9L9J02R5:00000003", RequestPath: "/users", ConnectionId: "0HNLT9L9J02R5" }

[14:41:21 INF] Setting HTTP status code 200. { EventId: { Id: 1, Name: "WritingResultAsStatusCode" }, SourceContext: "Microsoft.AspNetCore.Http.Result.OkObjectResult", RequestId: "0HNLT9L9J02R5:00000003", RequestPath: "/users", ConnectionId: "0HNLT9L9J02R5" }

[14:41:21 INF] Writing value of type 'List`1' as Json. { EventId: { Id: 3, Name: "WritingResultAsJson" }, SourceContext: "Microsoft.AspNetCore.Http.Result.OkObjectResult", RequestId: "0HNLT9L9J02R5:00000003", RequestPath: "/users", ConnectionId: "0HNLT9L9J02R5" }

[14:41:21 INF] Executed endpoint 'HTTP: GET /users' { EventId: { Id: 1, Name: "ExecutedEndpoint" }, SourceContext: "Microsoft.AspNetCore.Routing.EndpointMiddleware", RequestId: "0HNLT9L9J02R5:00000003", RequestPath: "/users", ConnectionId: "0HNLT9L9J02R5" }

[14:41:23 INF] CORS policy execution successful. { EventId: { Id: 4, Name: "PolicySuccess" }, SourceContext: "Microsoft.AspNetCore.Cors.Infrastructure.CorsService", RequestId: "0HNLT9L9J02R5:00000004", RequestPath: "/users", ConnectionId: "0HNLT9L9J02R5" }

[14:41:23 INF] CORS policy execution successful. { EventId: { Id: 4, Name: "PolicySuccess" }, SourceContext: "Microsoft.AspNetCore.Cors.Infrastructure.CorsService", RequestId: "0HNLT9L9J02R6:00000004", RequestPath: "/roles", ConnectionId: "0HNLT9L9J02R6" }

[14:41:23 INF] CORS policy execution successful. { EventId: { Id: 4, Name: "PolicySuccess" }, SourceContext: "Microsoft.AspNetCore.Cors.Infrastructure.CorsService", RequestId: "0HNLT9L9J02R4:00000004", RequestPath: "/departments", ConnectionId: "0HNLT9L9J02R4" }

[14:41:23 INF] Executing endpoint 'HTTP: GET /users' { EventId: { Name: "ExecutingEndpoint" }, SourceContext: "Microsoft.AspNetCore.Routing.EndpointMiddleware", RequestId: "0HNLT9L9J02R5:00000004", RequestPath: "/users", ConnectionId: "0HNLT9L9J02R5" }

[14:41:23 INF] Executing endpoint 'HTTP: GET /roles' { EventId: { Name: "ExecutingEndpoint" }, SourceContext: "Microsoft.AspNetCore.Routing.EndpointMiddleware", RequestId: "0HNLT9L9J02R6:00000004", RequestPath: "/roles", ConnectionId: "0HNLT9L9J02R6" }

[14:41:23 INF] Executing endpoint 'HTTP: GET /departments' { EventId: { Name: "ExecutingEndpoint" }, SourceContext: "Microsoft.AspNetCore.Routing.EndpointMiddleware", RequestId: "0HNLT9L9J02R4:00000004", RequestPath: "/departments", ConnectionId: "0HNLT9L9J02R4" }

[14:41:23 INF] Handling GetRolesQuery { SourceContext: "AppWeaver.Mediator.Behaviors.LoggingBehavior", RequestId: "0HNLT9L9J02R6:00000004", RequestPath: "/roles", ConnectionId: "0HNLT9L9J02R6" }

[14:41:23 INF] Handling GetUsersQuery { SourceContext: "AppWeaver.Mediator.Behaviors.LoggingBehavior", RequestId: "0HNLT9L9J02R5:00000004", RequestPath: "/users", ConnectionId: "0HNLT9L9J02R5" }

[14:41:23 INF] Handling GetDepartmentsQuery { SourceContext: "AppWeaver.Mediator.Behaviors.LoggingBehavior", RequestId: "0HNLT9L9J02R4:00000004", RequestPath: "/departments", ConnectionId: "0HNLT9L9J02R4" }

[14:41:23 INF] Handled GetRolesQuery { SourceContext: "AppWeaver.Mediator.Behaviors.LoggingBehavior", RequestId: "0HNLT9L9J02R6:00000004", RequestPath: "/roles", ConnectionId: "0HNLT9L9J02R6" }

[14:41:23 INF] Handled GetDepartmentsQuery { SourceContext: "AppWeaver.Mediator.Behaviors.LoggingBehavior", RequestId: "0HNLT9L9J02R4:00000004", RequestPath: "/departments", ConnectionId: "0HNLT9L9J02R4" }

[14:41:23 INF] Executed endpoint 'HTTP: GET /roles' { EventId: { Id: 1, Name: "ExecutedEndpoint" }, SourceContext: "Microsoft.AspNetCore.Routing.EndpointMiddleware", RequestId: "0HNLT9L9J02R6:00000004", RequestPath: "/roles", ConnectionId: "0HNLT9L9J02R6" }

[14:41:23 INF] Executed endpoint 'HTTP: GET /departments' { EventId: { Id: 1, Name: "ExecutedEndpoint" }, SourceContext: "Microsoft.AspNetCore.Routing.EndpointMiddleware", RequestId: "0HNLT9L9J02R4:00000004", RequestPath: "/departments", ConnectionId: "0HNLT9L9J02R4" }

[14:41:23 INF] Handled GetUsersQuery { SourceContext: "AppWeaver.Mediator.Behaviors.LoggingBehavior", RequestId: "0HNLT9L9J02R5:00000004", RequestPath: "/users", ConnectionId: "0HNLT9L9J02R5" }

[14:41:23 INF] Setting HTTP status code 200. { EventId: { Id: 1, Name: "WritingResultAsStatusCode" }, SourceContext: "Microsoft.AspNetCore.Http.Result.OkObjectResult", RequestId: "0HNLT9L9J02R5:00000004", RequestPath: "/users", ConnectionId: "0HNLT9L9J02R5" }

[14:41:23 INF] Writing value of type 'List`1' as Json. { EventId: { Id: 3, Name: "WritingResultAsJson" }, SourceContext: "Microsoft.AspNetCore.Http.Result.OkObjectResult", RequestId: "0HNLT9L9J02R5:00000004", RequestPath: "/users", ConnectionId: "0HNLT9L9J02R5" }

[14:41:23 INF] Executed endpoint 'HTTP: GET /users' { EventId: { Id: 1, Name: "ExecutedEndpoint" }, SourceContext: "Microsoft.AspNetCore.Routing.EndpointMiddleware", RequestId: "0HNLT9L9J02R5:00000004", RequestPath: "/users", ConnectionId: "0HNLT9L9J02R5" }

[14:42:17 INF] CORS policy execution successful. { EventId: { Id: 4, Name: "PolicySuccess" }, SourceContext: "Microsoft.AspNetCore.Cors.Infrastructure.CorsService", RequestId: "0HNLT9L9J02R4:00000005", RequestPath: "/users", ConnectionId: "0HNLT9L9J02R4" }

[14:42:17 INF] CORS policy execution successful. { EventId: { Id: 4, Name: "PolicySuccess" }, SourceContext: "Microsoft.AspNetCore.Cors.Infrastructure.CorsService", RequestId: "0HNLT9L9J02R5:00000005", RequestPath: "/roles", ConnectionId: "0HNLT9L9J02R5" }

[14:42:17 INF] CORS policy execution successful. { EventId: { Id: 4, Name: "PolicySuccess" }, SourceContext: "Microsoft.AspNetCore.Cors.Infrastructure.CorsService", RequestId: "0HNLT9L9J02R6:00000005", RequestPath: "/departments", ConnectionId: "0HNLT9L9J02R6" }

[14:42:17 INF] CORS policy execution successful. { EventId: { Id: 4, Name: "PolicySuccess" }, SourceContext: "Microsoft.AspNetCore.Cors.Infrastructure.CorsService", RequestId: "0HNLT9L9J02R6:00000006", RequestPath: "/users", ConnectionId: "0HNLT9L9J02R6" }

[14:42:17 INF] Executing endpoint 'HTTP: GET /users' { EventId: { Name: "ExecutingEndpoint" }, SourceContext: "Microsoft.AspNetCore.Routing.EndpointMiddleware", RequestId: "0HNLT9L9J02R6:00000006", RequestPath: "/users", ConnectionId: "0HNLT9L9J02R6" }

[14:42:17 INF] Handling GetUsersQuery { SourceContext: "AppWeaver.Mediator.Behaviors.LoggingBehavior", RequestId: "0HNLT9L9J02R6:00000006", RequestPath: "/users", ConnectionId: "0HNLT9L9J02R6" }

[14:42:17 INF] CORS policy execution successful. { EventId: { Id: 4, Name: "PolicySuccess" }, SourceContext: "Microsoft.AspNetCore.Cors.Infrastructure.CorsService", RequestId: "0HNLT9L9J02R4:00000006", RequestPath: "/departments", ConnectionId: "0HNLT9L9J02R4" }

[14:42:17 INF] CORS policy execution successful. { EventId: { Id: 4, Name: "PolicySuccess" }, SourceContext: "Microsoft.AspNetCore.Cors.Infrastructure.CorsService", RequestId: "0HNLT9L9J02R5:00000006", RequestPath: "/roles", ConnectionId: "0HNLT9L9J02R5" }

[14:42:17 INF] Executing endpoint 'HTTP: GET /roles' { EventId: { Name: "ExecutingEndpoint" }, SourceContext: "Microsoft.AspNetCore.Routing.EndpointMiddleware", RequestId: "0HNLT9L9J02R5:00000006", RequestPath: "/roles", ConnectionId: "0HNLT9L9J02R5" }

[14:42:17 INF] Handling GetRolesQuery { SourceContext: "AppWeaver.Mediator.Behaviors.LoggingBehavior", RequestId: "0HNLT9L9J02R5:00000006", RequestPath: "/roles", ConnectionId: "0HNLT9L9J02R5" }

[14:42:17 INF] Executing endpoint 'HTTP: GET /departments' { EventId: { Name: "ExecutingEndpoint" }, SourceContext: "Microsoft.AspNetCore.Routing.EndpointMiddleware", RequestId: "0HNLT9L9J02R4:00000006", RequestPath: "/departments", ConnectionId: "0HNLT9L9J02R4" }

[14:42:17 INF] Handling GetDepartmentsQuery { SourceContext: "AppWeaver.Mediator.Behaviors.LoggingBehavior", RequestId: "0HNLT9L9J02R4:00000006", RequestPath: "/departments", ConnectionId: "0HNLT9L9J02R4" }

[14:42:17 INF] Handled GetRolesQuery { SourceContext: "AppWeaver.Mediator.Behaviors.LoggingBehavior", RequestId: "0HNLT9L9J02R5:00000006", RequestPath: "/roles", ConnectionId: "0HNLT9L9J02R5" }

[14:42:17 INF] Handled GetDepartmentsQuery { SourceContext: "AppWeaver.Mediator.Behaviors.LoggingBehavior", RequestId: "0HNLT9L9J02R4:00000006", RequestPath: "/departments", ConnectionId: "0HNLT9L9J02R4" }

[14:42:17 INF] Executed endpoint 'HTTP: GET /roles' { EventId: { Id: 1, Name: "ExecutedEndpoint" }, SourceContext: "Microsoft.AspNetCore.Routing.EndpointMiddleware", RequestId: "0HNLT9L9J02R5:00000006", RequestPath: "/roles", ConnectionId: "0HNLT9L9J02R5" }

[14:42:17 INF] Handled GetUsersQuery { SourceContext: "AppWeaver.Mediator.Behaviors.LoggingBehavior", RequestId: "0HNLT9L9J02R6:00000006", RequestPath: "/users", ConnectionId: "0HNLT9L9J02R6" }

[14:42:17 INF] Executed endpoint 'HTTP: GET /departments' { EventId: { Id: 1, Name: "ExecutedEndpoint" }, SourceContext: "Microsoft.AspNetCore.Routing.EndpointMiddleware", RequestId: "0HNLT9L9J02R4:00000006", RequestPath: "/departments", ConnectionId: "0HNLT9L9J02R4" }

[14:42:17 INF] Setting HTTP status code 200. { EventId: { Id: 1, Name: "WritingResultAsStatusCode" }, SourceContext: "Microsoft.AspNetCore.Http.Result.OkObjectResult", RequestId: "0HNLT9L9J02R6:00000006", RequestPath: "/users", ConnectionId: "0HNLT9L9J02R6" }

[14:42:17 INF] Writing value of type 'List`1' as Json. { EventId: { Id: 3, Name: "WritingResultAsJson" }, SourceContext: "Microsoft.AspNetCore.Http.Result.OkObjectResult", RequestId: "0HNLT9L9J02R6:00000006", RequestPath: "/users", ConnectionId: "0HNLT9L9J02R6" }

[14:42:17 INF] Executed endpoint 'HTTP: GET /users' { EventId: { Id: 1, Name: "ExecutedEndpoint" }, SourceContext: "Microsoft.AspNetCore.Routing.EndpointMiddleware", RequestId: "0HNLT9L9J02R6:00000006", RequestPath: "/users", ConnectionId: "0HNLT9L9J02R6" }

[14:42:19 INF] CORS policy execution successful. { EventId: { Id: 4, Name: "PolicySuccess" }, SourceContext: "Microsoft.AspNetCore.Cors.Infrastructure.CorsService", RequestId: "0HNLT9L9J02R4:00000007", RequestPath: "/users", ConnectionId: "0HNLT9L9J02R4" }

[14:42:19 INF] CORS policy execution successful. { EventId: { Id: 4, Name: "PolicySuccess" }, SourceContext: "Microsoft.AspNetCore.Cors.Infrastructure.CorsService", RequestId: "0HNLT9L9J02R5:00000007", RequestPath: "/roles", ConnectionId: "0HNLT9L9J02R5" }

[14:42:19 INF] CORS policy execution successful. { EventId: { Id: 4, Name: "PolicySuccess" }, SourceContext: "Microsoft.AspNetCore.Cors.Infrastructure.CorsService", RequestId: "0HNLT9L9J02R6:00000007", RequestPath: "/departments", ConnectionId: "0HNLT9L9J02R6" }

[14:42:19 INF] Executing endpoint 'HTTP: GET /users' { EventId: { Name: "ExecutingEndpoint" }, SourceContext: "Microsoft.AspNetCore.Routing.EndpointMiddleware", RequestId: "0HNLT9L9J02R4:00000007", RequestPath: "/users", ConnectionId: "0HNLT9L9J02R4" }

[14:42:19 INF] Executing endpoint 'HTTP: GET /roles' { EventId: { Name: "ExecutingEndpoint" }, SourceContext: "Microsoft.AspNetCore.Routing.EndpointMiddleware", RequestId: "0HNLT9L9J02R5:00000007", RequestPath: "/roles", ConnectionId: "0HNLT9L9J02R5" }

[14:42:19 INF] Handling GetRolesQuery { SourceContext: "AppWeaver.Mediator.Behaviors.LoggingBehavior", RequestId: "0HNLT9L9J02R5:00000007", RequestPath: "/roles", ConnectionId: "0HNLT9L9J02R5" }

[14:42:19 INF] Executing endpoint 'HTTP: GET /departments' { EventId: { Name: "ExecutingEndpoint" }, SourceContext: "Microsoft.AspNetCore.Routing.EndpointMiddleware", RequestId: "0HNLT9L9J02R6:00000007", RequestPath: "/departments", ConnectionId: "0HNLT9L9J02R6" }

[14:42:19 INF] Handling GetUsersQuery { SourceContext: "AppWeaver.Mediator.Behaviors.LoggingBehavior", RequestId: "0HNLT9L9J02R4:00000007", RequestPath: "/users", ConnectionId: "0HNLT9L9J02R4" }

[14:42:19 INF] Handling GetDepartmentsQuery { SourceContext: "AppWeaver.Mediator.Behaviors.LoggingBehavior", RequestId: "0HNLT9L9J02R6:00000007", RequestPath: "/departments", ConnectionId: "0HNLT9L9J02R6" }

[14:42:19 INF] Handled GetDepartmentsQuery { SourceContext: "AppWeaver.Mediator.Behaviors.LoggingBehavior", RequestId: "0HNLT9L9J02R6:00000007", RequestPath: "/departments", ConnectionId: "0HNLT9L9J02R6" }

[14:42:19 INF] Handled GetRolesQuery { SourceContext: "AppWeaver.Mediator.Behaviors.LoggingBehavior", RequestId: "0HNLT9L9J02R5:00000007", RequestPath: "/roles", ConnectionId: "0HNLT9L9J02R5" }

[14:42:19 INF] Executed endpoint 'HTTP: GET /departments' { EventId: { Id: 1, Name: "ExecutedEndpoint" }, SourceContext: "Microsoft.AspNetCore.Routing.EndpointMiddleware", RequestId: "0HNLT9L9J02R6:00000007", RequestPath: "/departments", ConnectionId: "0HNLT9L9J02R6" }

[14:42:19 INF] Executed endpoint 'HTTP: GET /roles' { EventId: { Id: 1, Name: "ExecutedEndpoint" }, SourceContext: "Microsoft.AspNetCore.Routing.EndpointMiddleware", RequestId: "0HNLT9L9J02R5:00000007", RequestPath: "/roles", ConnectionId: "0HNLT9L9J02R5" }

[14:42:19 INF] Handled GetUsersQuery { SourceContext: "AppWeaver.Mediator.Behaviors.LoggingBehavior", RequestId: "0HNLT9L9J02R4:00000007", RequestPath: "/users", ConnectionId: "0HNLT9L9J02R4" }

[14:42:19 INF] Setting HTTP status code 200. { EventId: { Id: 1, Name: "WritingResultAsStatusCode" }, SourceContext: "Microsoft.AspNetCore.Http.Result.OkObjectResult", RequestId: "0HNLT9L9J02R4:00000007", RequestPath: "/users", ConnectionId: "0HNLT9L9J02R4" }

[14:42:19 INF] Writing value of type 'List`1' as Json. { EventId: { Id: 3, Name: "WritingResultAsJson" }, SourceContext: "Microsoft.AspNetCore.Http.Result.OkObjectResult", RequestId: "0HNLT9L9J02R4:00000007", RequestPath: "/users", ConnectionId: "0HNLT9L9J02R4" }

[14:42:19 INF] Executed endpoint 'HTTP: GET /users' { EventId: { Id: 1, Name: "ExecutedEndpoint" }, SourceContext: "Microsoft.AspNetCore.Routing.EndpointMiddleware", RequestId: "0HNLT9L9J02R4:00000007", RequestPath: "/users", ConnectionId: "0HNLT9L9J02R4" }

[14:42:21 INF] CORS policy execution successful. { EventId: { Id: 4, Name: "PolicySuccess" }, SourceContext: "Microsoft.AspNetCore.Cors.Infrastructure.CorsService", RequestId: "0HNLT9L9J02R4:00000008", RequestPath: "/users", ConnectionId: "0HNLT9L9J02R4" }

[14:42:21 INF] CORS policy execution successful. { EventId: { Id: 4, Name: "PolicySuccess" }, SourceContext: "Microsoft.AspNetCore.Cors.Infrastructure.CorsService", RequestId: "0HNLT9L9J02R5:00000008", RequestPath: "/roles", ConnectionId: "0HNLT9L9J02R5" }

[14:42:21 INF] Executing endpoint 'HTTP: GET /users' { EventId: { Name: "ExecutingEndpoint" }, SourceContext: "Microsoft.AspNetCore.Routing.EndpointMiddleware", RequestId: "0HNLT9L9J02R4:00000008", RequestPath: "/users", ConnectionId: "0HNLT9L9J02R4" }

[14:42:21 INF] Handling GetUsersQuery { SourceContext: "AppWeaver.Mediator.Behaviors.LoggingBehavior", RequestId: "0HNLT9L9J02R4:00000008", RequestPath: "/users", ConnectionId: "0HNLT9L9J02R4" }

[14:42:21 INF] CORS policy execution successful. { EventId: { Id: 4, Name: "PolicySuccess" }, SourceContext: "Microsoft.AspNetCore.Cors.Infrastructure.CorsService", RequestId: "0HNLT9L9J02R6:00000008", RequestPath: "/departments", ConnectionId: "0HNLT9L9J02R6" }

[14:42:21 INF] Executing endpoint 'HTTP: GET /roles' { EventId: { Name: "ExecutingEndpoint" }, SourceContext: "Microsoft.AspNetCore.Routing.EndpointMiddleware", RequestId: "0HNLT9L9J02R5:00000008", RequestPath: "/roles", ConnectionId: "0HNLT9L9J02R5" }

[14:42:21 INF] Handling GetRolesQuery { SourceContext: "AppWeaver.Mediator.Behaviors.LoggingBehavior", RequestId: "0HNLT9L9J02R5:00000008", RequestPath: "/roles", ConnectionId: "0HNLT9L9J02R5" }

[14:42:21 INF] Executing endpoint 'HTTP: GET /departments' { EventId: { Name: "ExecutingEndpoint" }, SourceContext: "Microsoft.AspNetCore.Routing.EndpointMiddleware", RequestId: "0HNLT9L9J02R6:00000008", RequestPath: "/departments", ConnectionId: "0HNLT9L9J02R6" }

[14:42:21 INF] Handling GetDepartmentsQuery { SourceContext: "AppWeaver.Mediator.Behaviors.LoggingBehavior", RequestId: "0HNLT9L9J02R6:00000008", RequestPath: "/departments", ConnectionId: "0HNLT9L9J02R6" }

[14:42:21 INF] Handled GetRolesQuery { SourceContext: "AppWeaver.Mediator.Behaviors.LoggingBehavior", RequestId: "0HNLT9L9J02R5:00000008", RequestPath: "/roles", ConnectionId: "0HNLT9L9J02R5" }

[14:42:21 INF] Handled GetUsersQuery { SourceContext: "AppWeaver.Mediator.Behaviors.LoggingBehavior", RequestId: "0HNLT9L9J02R4:00000008", RequestPath: "/users", ConnectionId: "0HNLT9L9J02R4" }

[14:42:21 INF] Executed endpoint 'HTTP: GET /roles' { EventId: { Id: 1, Name: "ExecutedEndpoint" }, SourceContext: "Microsoft.AspNetCore.Routing.EndpointMiddleware", RequestId: "0HNLT9L9J02R5:00000008", RequestPath: "/roles", ConnectionId: "0HNLT9L9J02R5" }

[14:42:21 INF] Setting HTTP status code 200. { EventId: { Id: 1, Name: "WritingResultAsStatusCode" }, SourceContext: "Microsoft.AspNetCore.Http.Result.OkObjectResult", RequestId: "0HNLT9L9J02R4:00000008", RequestPath: "/users", ConnectionId: "0HNLT9L9J02R4" }

[14:42:21 INF] Writing value of type 'List`1' as Json. { EventId: { Id: 3, Name: "WritingResultAsJson" }, SourceContext: "Microsoft.AspNetCore.Http.Result.OkObjectResult", RequestId: "0HNLT9L9J02R4:00000008", RequestPath: "/users", ConnectionId: "0HNLT9L9J02R4" }

[14:42:21 INF] Executed endpoint 'HTTP: GET /users' { EventId: { Id: 1, Name: "ExecutedEndpoint" }, SourceContext: "Microsoft.AspNetCore.Routing.EndpointMiddleware", RequestId: "0HNLT9L9J02R4:00000008", RequestPath: "/users", ConnectionId: "0HNLT9L9J02R4" }

[14:42:21 INF] Handled GetDepartmentsQuery { SourceContext: "AppWeaver.Mediator.Behaviors.LoggingBehavior", RequestId: "0HNLT9L9J02R6:00000008", RequestPath: "/departments", ConnectionId: "0HNLT9L9J02R6" }

[14:42:21 INF] Executed endpoint 'HTTP: GET /departments' { EventId: { Id: 1, Name: "ExecutedEndpoint" }, SourceContext: "Microsoft.AspNetCore.Routing.EndpointMiddleware", RequestId: "0HNLT9L9J02R6:00000008", RequestPath: "/departments", ConnectionId: "0HNLT9L9J02R6" }

[14:42:24 INF] CORS policy execution successful. { EventId: { Id: 4, Name: "PolicySuccess" }, SourceContext: "Microsoft.AspNetCore.Cors.Infrastructure.CorsService", RequestId: "0HNLT9L9J02R6:00000009", RequestPath: "/users", ConnectionId: "0HNLT9L9J02R6" }

[14:42:24 INF] CORS policy execution successful. { EventId: { Id: 4, Name: "PolicySuccess" }, SourceContext: "Microsoft.AspNetCore.Cors.Infrastructure.CorsService", RequestId: "0HNLT9L9J02R5:00000009", RequestPath: "/roles", ConnectionId: "0HNLT9L9J02R5" }

[14:42:24 INF] CORS policy execution successful. { EventId: { Id: 4, Name: "PolicySuccess" }, SourceContext: "Microsoft.AspNetCore.Cors.Infrastructure.CorsService", RequestId: "0HNLT9L9J02R4:00000009", RequestPath: "/departments", ConnectionId: "0HNLT9L9J02R4" }

[14:42:24 INF] CORS policy execution successful. { EventId: { Id: 4, Name: "PolicySuccess" }, SourceContext: "Microsoft.AspNetCore.Cors.Infrastructure.CorsService", RequestId: "0HNLT9L9J02R6:0000000A", RequestPath: "/users", ConnectionId: "0HNLT9L9J02R6" }

[14:42:24 INF] Executing endpoint 'HTTP: GET /users' { EventId: { Name: "ExecutingEndpoint" }, SourceContext: "Microsoft.AspNetCore.Routing.EndpointMiddleware", RequestId: "0HNLT9L9J02R6:0000000A", RequestPath: "/users", ConnectionId: "0HNLT9L9J02R6" }

[14:42:24 INF] Handling GetUsersQuery { SourceContext: "AppWeaver.Mediator.Behaviors.LoggingBehavior", RequestId: "0HNLT9L9J02R6:0000000A", RequestPath: "/users", ConnectionId: "0HNLT9L9J02R6" }

[14:42:24 INF] CORS policy execution successful. { EventId: { Id: 4, Name: "PolicySuccess" }, SourceContext: "Microsoft.AspNetCore.Cors.Infrastructure.CorsService", RequestId: "0HNLT9L9J02R4:0000000A", RequestPath: "/roles", ConnectionId: "0HNLT9L9J02R4" }

[14:42:24 INF] Executing endpoint 'HTTP: GET /roles' { EventId: { Name: "ExecutingEndpoint" }, SourceContext: "Microsoft.AspNetCore.Routing.EndpointMiddleware", RequestId: "0HNLT9L9J02R4:0000000A", RequestPath: "/roles", ConnectionId: "0HNLT9L9J02R4" }

[14:42:24 INF] Handling GetRolesQuery { SourceContext: "AppWeaver.Mediator.Behaviors.LoggingBehavior", RequestId: "0HNLT9L9J02R4:0000000A", RequestPath: "/roles", ConnectionId: "0HNLT9L9J02R4" }

[14:42:24 INF] CORS policy execution successful. { EventId: { Id: 4, Name: "PolicySuccess" }, SourceContext: "Microsoft.AspNetCore.Cors.Infrastructure.CorsService", RequestId: "0HNLT9L9J02R5:0000000A", RequestPath: "/departments", ConnectionId: "0HNLT9L9J02R5" }

[14:42:24 INF] Executing endpoint 'HTTP: GET /departments' { EventId: { Name: "ExecutingEndpoint" }, SourceContext: "Microsoft.AspNetCore.Routing.EndpointMiddleware", RequestId: "0HNLT9L9J02R5:0000000A", RequestPath: "/departments", ConnectionId: "0HNLT9L9J02R5" }

[14:42:24 INF] Handling GetDepartmentsQuery { SourceContext: "AppWeaver.Mediator.Behaviors.LoggingBehavior", RequestId: "0HNLT9L9J02R5:0000000A", RequestPath: "/departments", ConnectionId: "0HNLT9L9J02R5" }

[14:42:24 INF] Handled GetRolesQuery { SourceContext: "AppWeaver.Mediator.Behaviors.LoggingBehavior", RequestId: "0HNLT9L9J02R4:0000000A", RequestPath: "/roles", ConnectionId: "0HNLT9L9J02R4" }

[14:42:24 INF] Handled GetUsersQuery { SourceContext: "AppWeaver.Mediator.Behaviors.LoggingBehavior", RequestId: "0HNLT9L9J02R6:0000000A", RequestPath: "/users", ConnectionId: "0HNLT9L9J02R6" }

[14:42:24 INF] Executed endpoint 'HTTP: GET /roles' { EventId: { Id: 1, Name: "ExecutedEndpoint" }, SourceContext: "Microsoft.AspNetCore.Routing.EndpointMiddleware", RequestId: "0HNLT9L9J02R4:0000000A", RequestPath: "/roles", ConnectionId: "0HNLT9L9J02R4" }

[14:42:24 INF] Setting HTTP status code 200. { EventId: { Id: 1, Name: "WritingResultAsStatusCode" }, SourceContext: "Microsoft.AspNetCore.Http.Result.OkObjectResult", RequestId: "0HNLT9L9J02R6:0000000A", RequestPath: "/users", ConnectionId: "0HNLT9L9J02R6" }

[14:42:24 INF] Writing value of type 'List`1' as Json. { EventId: { Id: 3, Name: "WritingResultAsJson" }, SourceContext: "Microsoft.AspNetCore.Http.Result.OkObjectResult", RequestId: "0HNLT9L9J02R6:0000000A", RequestPath: "/users", ConnectionId: "0HNLT9L9J02R6" }

[14:42:24 INF] Executed endpoint 'HTTP: GET /users' { EventId: { Id: 1, Name: "ExecutedEndpoint" }, SourceContext: "Microsoft.AspNetCore.Routing.EndpointMiddleware", RequestId: "0HNLT9L9J02R6:0000000A", RequestPath: "/users", ConnectionId: "0HNLT9L9J02R6" }

[14:42:24 INF] Handled GetDepartmentsQuery { SourceContext: "AppWeaver.Mediator.Behaviors.LoggingBehavior", RequestId: "0HNLT9L9J02R5:0000000A", RequestPath: "/departments", ConnectionId: "0HNLT9L9J02R5" }

[14:42:24 INF] Executed endpoint 'HTTP: GET /departments' { EventId: { Id: 1, Name: "ExecutedEndpoint" }, SourceContext: "Microsoft.AspNetCore.Routing.EndpointMiddleware", RequestId: "0HNLT9L9J02R5:0000000A", RequestPath: "/departments", ConnectionId: "0HNLT9L9J02R5" }

[14:42:26 INF] CORS policy execution successful. { EventId: { Id: 4, Name: "PolicySuccess" }, SourceContext: "Microsoft.AspNetCore.Cors.Infrastructure.CorsService", RequestId: "0HNLT9L9J02R5:0000000B", RequestPath: "/users", ConnectionId: "0HNLT9L9J02R5" }

[14:42:26 INF] CORS policy execution successful. { EventId: { Id: 4, Name: "PolicySuccess" }, SourceContext: "Microsoft.AspNetCore.Cors.Infrastructure.CorsService", RequestId: "0HNLT9L9J02R4:0000000B", RequestPath: "/roles", ConnectionId: "0HNLT9L9J02R4" }

[14:42:26 INF] Executing endpoint 'HTTP: GET /users' { EventId: { Name: "ExecutingEndpoint" }, SourceContext: "Microsoft.AspNetCore.Routing.EndpointMiddleware", RequestId: "0HNLT9L9J02R5:0000000B", RequestPath: "/users", ConnectionId: "0HNLT9L9J02R5" }

[14:42:26 INF] Executing endpoint 'HTTP: GET /roles' { EventId: { Name: "ExecutingEndpoint" }, SourceContext: "Microsoft.AspNetCore.Routing.EndpointMiddleware", RequestId: "0HNLT9L9J02R4:0000000B", RequestPath: "/roles", ConnectionId: "0HNLT9L9J02R4" }

[14:42:26 INF] Handling GetRolesQuery { SourceContext: "AppWeaver.Mediator.Behaviors.LoggingBehavior", RequestId: "0HNLT9L9J02R4:0000000B", RequestPath: "/roles", ConnectionId: "0HNLT9L9J02R4" }

[14:42:26 INF] Handling GetUsersQuery { SourceContext: "AppWeaver.Mediator.Behaviors.LoggingBehavior", RequestId: "0HNLT9L9J02R5:0000000B", RequestPath: "/users", ConnectionId: "0HNLT9L9J02R5" }

[14:42:26 INF] CORS policy execution successful. { EventId: { Id: 4, Name: "PolicySuccess" }, SourceContext: "Microsoft.AspNetCore.Cors.Infrastructure.CorsService", RequestId: "0HNLT9L9J02R6:0000000B", RequestPath: "/departments", ConnectionId: "0HNLT9L9J02R6" }

[14:42:26 INF] Executing endpoint 'HTTP: GET /departments' { EventId: { Name: "ExecutingEndpoint" }, SourceContext: "Microsoft.AspNetCore.Routing.EndpointMiddleware", RequestId: "0HNLT9L9J02R6:0000000B", RequestPath: "/departments", ConnectionId: "0HNLT9L9J02R6" }

[14:42:26 INF] Handling GetDepartmentsQuery { SourceContext: "AppWeaver.Mediator.Behaviors.LoggingBehavior", RequestId: "0HNLT9L9J02R6:0000000B", RequestPath: "/departments", ConnectionId: "0HNLT9L9J02R6" }

[14:42:26 INF] Handled GetRolesQuery { SourceContext: "AppWeaver.Mediator.Behaviors.LoggingBehavior", RequestId: "0HNLT9L9J02R4:0000000B", RequestPath: "/roles", ConnectionId: "0HNLT9L9J02R4" }

[14:42:26 INF] Handled GetUsersQuery { SourceContext: "AppWeaver.Mediator.Behaviors.LoggingBehavior", RequestId: "0HNLT9L9J02R5:0000000B", RequestPath: "/users", ConnectionId: "0HNLT9L9J02R5" }

[14:42:26 INF] Executed endpoint 'HTTP: GET /roles' { EventId: { Id: 1, Name: "ExecutedEndpoint" }, SourceContext: "Microsoft.AspNetCore.Routing.EndpointMiddleware", RequestId: "0HNLT9L9J02R4:0000000B", RequestPath: "/roles", ConnectionId: "0HNLT9L9J02R4" }

[14:42:26 INF] Setting HTTP status code 200. { EventId: { Id: 1, Name: "WritingResultAsStatusCode" }, SourceContext: "Microsoft.AspNetCore.Http.Result.OkObjectResult", RequestId: "0HNLT9L9J02R5:0000000B", RequestPath: "/users", ConnectionId: "0HNLT9L9J02R5" }

[14:42:26 INF] Handled GetDepartmentsQuery { SourceContext: "AppWeaver.Mediator.Behaviors.LoggingBehavior", RequestId: "0HNLT9L9J02R6:0000000B", RequestPath: "/departments", ConnectionId: "0HNLT9L9J02R6" }

[14:42:26 INF] Writing value of type 'List`1' as Json. { EventId: { Id: 3, Name: "WritingResultAsJson" }, SourceContext: "Microsoft.AspNetCore.Http.Result.OkObjectResult", RequestId: "0HNLT9L9J02R5:0000000B", RequestPath: "/users", ConnectionId: "0HNLT9L9J02R5" }

[14:42:26 INF] Executed endpoint 'HTTP: GET /departments' { EventId: { Id: 1, Name: "ExecutedEndpoint" }, SourceContext: "Microsoft.AspNetCore.Routing.EndpointMiddleware", RequestId: "0HNLT9L9J02R6:0000000B", RequestPath: "/departments", ConnectionId: "0HNLT9L9J02R6" }

[14:42:26 INF] Executed endpoint 'HTTP: GET /users' { EventId: { Id: 1, Name: "ExecutedEndpoint" }, SourceContext: "Microsoft.AspNetCore.Routing.EndpointMiddleware", RequestId: "0HNLT9L9J02R5:0000000B", RequestPath: "/users", ConnectionId: "0HNLT9L9J02R5" }

[14:43:20 INF] CORS policy execution successful. { EventId: { Id: 4, Name: "PolicySuccess" }, SourceContext: "Microsoft.AspNetCore.Cors.Infrastructure.CorsService", RequestId: "0HNLT9L9J02R6:0000000C", RequestPath: "/users", ConnectionId: "0HNLT9L9J02R6" }

[14:43:20 INF] CORS policy execution successful. { EventId: { Id: 4, Name: "PolicySuccess" }, SourceContext: "Microsoft.AspNetCore.Cors.Infrastructure.CorsService", RequestId: "0HNLT9L9J02R4:0000000C", RequestPath: "/roles", ConnectionId: "0HNLT9L9J02R4" }

[14:43:20 INF] CORS policy execution successful. { EventId: { Id: 4, Name: "PolicySuccess" }, SourceContext: "Microsoft.AspNetCore.Cors.Infrastructure.CorsService", RequestId: "0HNLT9L9J02R5:0000000C", RequestPath: "/departments", ConnectionId: "0HNLT9L9J02R5" }

[14:43:20 INF] CORS policy execution successful. { EventId: { Id: 4, Name: "PolicySuccess" }, SourceContext: "Microsoft.AspNetCore.Cors.Infrastructure.CorsService", RequestId: "0HNLT9L9J02R5:0000000D", RequestPath: "/users", ConnectionId: "0HNLT9L9J02R5" }

[14:43:20 INF] CORS policy execution successful. { EventId: { Id: 4, Name: "PolicySuccess" }, SourceContext: "Microsoft.AspNetCore.Cors.Infrastructure.CorsService", RequestId: "0HNLT9L9J02R4:0000000D", RequestPath: "/roles", ConnectionId: "0HNLT9L9J02R4" }

[14:43:20 INF] Executing endpoint 'HTTP: GET /users' { EventId: { Name: "ExecutingEndpoint" }, SourceContext: "Microsoft.AspNetCore.Routing.EndpointMiddleware", RequestId: "0HNLT9L9J02R5:0000000D", RequestPath: "/users", ConnectionId: "0HNLT9L9J02R5" }

[14:43:20 INF] Executing endpoint 'HTTP: GET /roles' { EventId: { Name: "ExecutingEndpoint" }, SourceContext: "Microsoft.AspNetCore.Routing.EndpointMiddleware", RequestId: "0HNLT9L9J02R4:0000000D", RequestPath: "/roles", ConnectionId: "0HNLT9L9J02R4" }

[14:43:20 INF] Handling GetRolesQuery { SourceContext: "AppWeaver.Mediator.Behaviors.LoggingBehavior", RequestId: "0HNLT9L9J02R4:0000000D", RequestPath: "/roles", ConnectionId: "0HNLT9L9J02R4" }

[14:43:20 INF] Handling GetUsersQuery { SourceContext: "AppWeaver.Mediator.Behaviors.LoggingBehavior", RequestId: "0HNLT9L9J02R5:0000000D", RequestPath: "/users", ConnectionId: "0HNLT9L9J02R5" }

[14:43:20 INF] CORS policy execution successful. { EventId: { Id: 4, Name: "PolicySuccess" }, SourceContext: "Microsoft.AspNetCore.Cors.Infrastructure.CorsService", RequestId: "0HNLT9L9J02R6:0000000D", RequestPath: "/departments", ConnectionId: "0HNLT9L9J02R6" }

[14:43:20 INF] Executing endpoint 'HTTP: GET /departments' { EventId: { Name: "ExecutingEndpoint" }, SourceContext: "Microsoft.AspNetCore.Routing.EndpointMiddleware", RequestId: "0HNLT9L9J02R6:0000000D", RequestPath: "/departments", ConnectionId: "0HNLT9L9J02R6" }

[14:43:20 INF] Handling GetDepartmentsQuery { SourceContext: "AppWeaver.Mediator.Behaviors.LoggingBehavior", RequestId: "0HNLT9L9J02R6:0000000D", RequestPath: "/departments", ConnectionId: "0HNLT9L9J02R6" }

[14:43:20 INF] Handled GetRolesQuery { SourceContext: "AppWeaver.Mediator.Behaviors.LoggingBehavior", RequestId: "0HNLT9L9J02R4:0000000D", RequestPath: "/roles", ConnectionId: "0HNLT9L9J02R4" }

[14:43:20 INF] Handled GetUsersQuery { SourceContext: "AppWeaver.Mediator.Behaviors.LoggingBehavior", RequestId: "0HNLT9L9J02R5:0000000D", RequestPath: "/users", ConnectionId: "0HNLT9L9J02R5" }

[14:43:20 INF] Handled GetDepartmentsQuery { SourceContext: "AppWeaver.Mediator.Behaviors.LoggingBehavior", RequestId: "0HNLT9L9J02R6:0000000D", RequestPath: "/departments", ConnectionId: "0HNLT9L9J02R6" }

[14:43:20 INF] Setting HTTP status code 200. { EventId: { Id: 1, Name: "WritingResultAsStatusCode" }, SourceContext: "Microsoft.AspNetCore.Http.Result.OkObjectResult", RequestId: "0HNLT9L9J02R5:0000000D", RequestPath: "/users", ConnectionId: "0HNLT9L9J02R5" }

[14:43:20 INF] Executed endpoint 'HTTP: GET /roles' { EventId: { Id: 1, Name: "ExecutedEndpoint" }, SourceContext: "Microsoft.AspNetCore.Routing.EndpointMiddleware", RequestId: "0HNLT9L9J02R4:0000000D", RequestPath: "/roles", ConnectionId: "0HNLT9L9J02R4" }

[14:43:20 INF] Writing value of type 'List`1' as Json. { EventId: { Id: 3, Name: "WritingResultAsJson" }, SourceContext: "Microsoft.AspNetCore.Http.Result.OkObjectResult", RequestId: "0HNLT9L9J02R5:0000000D", RequestPath: "/users", ConnectionId: "0HNLT9L9J02R5" }

[14:43:20 INF] Executed endpoint 'HTTP: GET /users' { EventId: { Id: 1, Name: "ExecutedEndpoint" }, SourceContext: "Microsoft.AspNetCore.Routing.EndpointMiddleware", RequestId: "0HNLT9L9J02R5:0000000D", RequestPath: "/users", ConnectionId: "0HNLT9L9J02R5" }

[14:43:20 INF] Executed endpoint 'HTTP: GET /departments' { EventId: { Id: 1, Name: "ExecutedEndpoint" }, SourceContext: "Microsoft.AspNetCore.Routing.EndpointMiddleware", RequestId: "0HNLT9L9J02R6:0000000D", RequestPath: "/departments", ConnectionId: "0HNLT9L9J02R6" }

[14:43:36 INF] CORS policy execution successful. { EventId: { Id: 4, Name: "PolicySuccess" }, SourceContext: "Microsoft.AspNetCore.Cors.Infrastructure.CorsService", RequestId: "0HNLT9L9J02R4:0000000E", RequestPath: "/users", ConnectionId: "0HNLT9L9J02R4" }

[14:43:36 INF] CORS policy execution successful. { EventId: { Id: 4, Name: "PolicySuccess" }, SourceContext: "Microsoft.AspNetCore.Cors.Infrastructure.CorsService", RequestId: "0HNLT9L9J02R5:0000000E", RequestPath: "/departments", ConnectionId: "0HNLT9L9J02R5" }

[14:43:36 INF] CORS policy execution successful. { EventId: { Id: 4, Name: "PolicySuccess" }, SourceContext: "Microsoft.AspNetCore.Cors.Infrastructure.CorsService", RequestId: "0HNLT9L9J02R6:0000000E", RequestPath: "/roles", ConnectionId: "0HNLT9L9J02R6" }

[14:43:36 INF] CORS policy execution successful. { EventId: { Id: 4, Name: "PolicySuccess" }, SourceContext: "Microsoft.AspNetCore.Cors.Infrastructure.CorsService", RequestId: "0HNLT9L9J02R4:0000000F", RequestPath: "/users", ConnectionId: "0HNLT9L9J02R4" }

[14:43:36 INF] Executing endpoint 'HTTP: GET /users' { EventId: { Name: "ExecutingEndpoint" }, SourceContext: "Microsoft.AspNetCore.Routing.EndpointMiddleware", RequestId: "0HNLT9L9J02R4:0000000F", RequestPath: "/users", ConnectionId: "0HNLT9L9J02R4" }

[14:43:36 INF] Handling GetUsersQuery { SourceContext: "AppWeaver.Mediator.Behaviors.LoggingBehavior", RequestId: "0HNLT9L9J02R4:0000000F", RequestPath: "/users", ConnectionId: "0HNLT9L9J02R4" }

[14:43:36 INF] CORS policy execution successful. { EventId: { Id: 4, Name: "PolicySuccess" }, SourceContext: "Microsoft.AspNetCore.Cors.Infrastructure.CorsService", RequestId: "0HNLT9L9J02R6:0000000F", RequestPath: "/departments", ConnectionId: "0HNLT9L9J02R6" }

[14:43:36 INF] CORS policy execution successful. { EventId: { Id: 4, Name: "PolicySuccess" }, SourceContext: "Microsoft.AspNetCore.Cors.Infrastructure.CorsService", RequestId: "0HNLT9L9J02R5:0000000F", RequestPath: "/roles", ConnectionId: "0HNLT9L9J02R5" }

[14:43:36 INF] Executing endpoint 'HTTP: GET /roles' { EventId: { Name: "ExecutingEndpoint" }, SourceContext: "Microsoft.AspNetCore.Routing.EndpointMiddleware", RequestId: "0HNLT9L9J02R5:0000000F", RequestPath: "/roles", ConnectionId: "0HNLT9L9J02R5" }

[14:43:36 INF] Executing endpoint 'HTTP: GET /departments' { EventId: { Name: "ExecutingEndpoint" }, SourceContext: "Microsoft.AspNetCore.Routing.EndpointMiddleware", RequestId: "0HNLT9L9J02R6:0000000F", RequestPath: "/departments", ConnectionId: "0HNLT9L9J02R6" }

[14:43:36 INF] Handling GetRolesQuery { SourceContext: "AppWeaver.Mediator.Behaviors.LoggingBehavior", RequestId: "0HNLT9L9J02R5:0000000F", RequestPath: "/roles", ConnectionId: "0HNLT9L9J02R5" }

[14:43:36 INF] Handling GetDepartmentsQuery { SourceContext: "AppWeaver.Mediator.Behaviors.LoggingBehavior", RequestId: "0HNLT9L9J02R6:0000000F", RequestPath: "/departments", ConnectionId: "0HNLT9L9J02R6" }

[14:43:36 INF] Handled GetUsersQuery { SourceContext: "AppWeaver.Mediator.Behaviors.LoggingBehavior", RequestId: "0HNLT9L9J02R4:0000000F", RequestPath: "/users", ConnectionId: "0HNLT9L9J02R4" }

[14:43:36 INF] Setting HTTP status code 200. { EventId: { Id: 1, Name: "WritingResultAsStatusCode" }, SourceContext: "Microsoft.AspNetCore.Http.Result.OkObjectResult", RequestId: "0HNLT9L9J02R4:0000000F", RequestPath: "/users", ConnectionId: "0HNLT9L9J02R4" }

[14:43:36 INF] Writing value of type 'List`1' as Json. { EventId: { Id: 3, Name: "WritingResultAsJson" }, SourceContext: "Microsoft.AspNetCore.Http.Result.OkObjectResult", RequestId: "0HNLT9L9J02R4:0000000F", RequestPath: "/users", ConnectionId: "0HNLT9L9J02R4" }

[14:43:36 INF] Executed endpoint 'HTTP: GET /users' { EventId: { Id: 1, Name: "ExecutedEndpoint" }, SourceContext: "Microsoft.AspNetCore.Routing.EndpointMiddleware", RequestId: "0HNLT9L9J02R4:0000000F", RequestPath: "/users", ConnectionId: "0HNLT9L9J02R4" }

[14:43:36 INF] Handled GetRolesQuery { SourceContext: "AppWeaver.Mediator.Behaviors.LoggingBehavior", RequestId: "0HNLT9L9J02R5:0000000F", RequestPath: "/roles", ConnectionId: "0HNLT9L9J02R5" }

[14:43:36 INF] Handled GetDepartmentsQuery { SourceContext: "AppWeaver.Mediator.Behaviors.LoggingBehavior", RequestId: "0HNLT9L9J02R6:0000000F", RequestPath: "/departments", ConnectionId: "0HNLT9L9J02R6" }

[14:43:36 INF] Executed endpoint 'HTTP: GET /roles' { EventId: { Id: 1, Name: "ExecutedEndpoint" }, SourceContext: "Microsoft.AspNetCore.Routing.EndpointMiddleware", RequestId: "0HNLT9L9J02R5:0000000F", RequestPath: "/roles", ConnectionId: "0HNLT9L9J02R5" }

[14:43:36 INF] Executed endpoint 'HTTP: GET /departments' { EventId: { Id: 1, Name: "ExecutedEndpoint" }, SourceContext: "Microsoft.AspNetCore.Routing.EndpointMiddleware", RequestId: "0HNLT9L9J02R6:0000000F", RequestPath: "/departments", ConnectionId: "0HNLT9L9J02R6" }

[15:37:54 INF] CORS policy execution successful. { EventId: { Id: 4, Name: "PolicySuccess" }, SourceContext: "Microsoft.AspNetCore.Cors.Infrastructure.CorsService", RequestId: "0HNLT9L9J02R7:00000001", RequestPath: "/departments", ConnectionId: "0HNLT9L9J02R7" }

[15:37:54 INF] CORS policy execution successful. { EventId: { Id: 4, Name: "PolicySuccess" }, SourceContext: "Microsoft.AspNetCore.Cors.Infrastructure.CorsService", RequestId: "0HNLT9L9J02R8:00000001", RequestPath: "/users", ConnectionId: "0HNLT9L9J02R8" }

[15:37:54 INF] CORS policy execution successful. { EventId: { Id: 4, Name: "PolicySuccess" }, SourceContext: "Microsoft.AspNetCore.Cors.Infrastructure.CorsService", RequestId: "0HNLT9L9J02R9:00000001", RequestPath: "/roles", ConnectionId: "0HNLT9L9J02R9" }

[15:37:54 INF] CORS policy execution successful. { EventId: { Id: 4, Name: "PolicySuccess" }, SourceContext: "Microsoft.AspNetCore.Cors.Infrastructure.CorsService", RequestId: "0HNLT9L9J02R9:00000002", RequestPath: "/users", ConnectionId: "0HNLT9L9J02R9" }

[15:37:54 INF] Executing endpoint 'HTTP: GET /users' { EventId: { Name: "ExecutingEndpoint" }, SourceContext: "Microsoft.AspNetCore.Routing.EndpointMiddleware", RequestId: "0HNLT9L9J02R9:00000002", RequestPath: "/users", ConnectionId: "0HNLT9L9J02R9" }

[15:37:54 INF] CORS policy execution successful. { EventId: { Id: 4, Name: "PolicySuccess" }, SourceContext: "Microsoft.AspNetCore.Cors.Infrastructure.CorsService", RequestId: "0HNLT9L9J02R8:00000002", RequestPath: "/roles", ConnectionId: "0HNLT9L9J02R8" }

[15:37:54 INF] Handling GetUsersQuery { SourceContext: "AppWeaver.Mediator.Behaviors.LoggingBehavior", RequestId: "0HNLT9L9J02R9:00000002", RequestPath: "/users", ConnectionId: "0HNLT9L9J02R9" }

[15:37:54 INF] Executing endpoint 'HTTP: GET /roles' { EventId: { Name: "ExecutingEndpoint" }, SourceContext: "Microsoft.AspNetCore.Routing.EndpointMiddleware", RequestId: "0HNLT9L9J02R8:00000002", RequestPath: "/roles", ConnectionId: "0HNLT9L9J02R8" }

[15:37:54 INF] Handling GetRolesQuery { SourceContext: "AppWeaver.Mediator.Behaviors.LoggingBehavior", RequestId: "0HNLT9L9J02R8:00000002", RequestPath: "/roles", ConnectionId: "0HNLT9L9J02R8" }

[15:37:54 INF] CORS policy execution successful. { EventId: { Id: 4, Name: "PolicySuccess" }, SourceContext: "Microsoft.AspNetCore.Cors.Infrastructure.CorsService", RequestId: "0HNLT9L9J02R7:00000002", RequestPath: "/departments", ConnectionId: "0HNLT9L9J02R7" }

[15:37:54 INF] Executing endpoint 'HTTP: GET /departments' { EventId: { Name: "ExecutingEndpoint" }, SourceContext: "Microsoft.AspNetCore.Routing.EndpointMiddleware", RequestId: "0HNLT9L9J02R7:00000002", RequestPath: "/departments", ConnectionId: "0HNLT9L9J02R7" }

[15:37:54 INF] Handling GetDepartmentsQuery { SourceContext: "AppWeaver.Mediator.Behaviors.LoggingBehavior", RequestId: "0HNLT9L9J02R7:00000002", RequestPath: "/departments", ConnectionId: "0HNLT9L9J02R7" }

[15:37:55 INF] Handled GetDepartmentsQuery { SourceContext: "AppWeaver.Mediator.Behaviors.LoggingBehavior", RequestId: "0HNLT9L9J02R7:00000002", RequestPath: "/departments", ConnectionId: "0HNLT9L9J02R7" }

[15:37:55 INF] Handled GetRolesQuery { SourceContext: "AppWeaver.Mediator.Behaviors.LoggingBehavior", RequestId: "0HNLT9L9J02R8:00000002", RequestPath: "/roles", ConnectionId: "0HNLT9L9J02R8" }

[15:37:55 INF] Executed endpoint 'HTTP: GET /roles' { EventId: { Id: 1, Name: "ExecutedEndpoint" }, SourceContext: "Microsoft.AspNetCore.Routing.EndpointMiddleware", RequestId: "0HNLT9L9J02R8:00000002", RequestPath: "/roles", ConnectionId: "0HNLT9L9J02R8" }

[15:37:55 INF] Executed endpoint 'HTTP: GET /departments' { EventId: { Id: 1, Name: "ExecutedEndpoint" }, SourceContext: "Microsoft.AspNetCore.Routing.EndpointMiddleware", RequestId: "0HNLT9L9J02R7:00000002", RequestPath: "/departments", ConnectionId: "0HNLT9L9J02R7" }

[15:37:55 INF] Handled GetUsersQuery { SourceContext: "AppWeaver.Mediator.Behaviors.LoggingBehavior", RequestId: "0HNLT9L9J02R9:00000002", RequestPath: "/users", ConnectionId: "0HNLT9L9J02R9" }

[15:37:55 INF] Setting HTTP status code 200. { EventId: { Id: 1, Name: "WritingResultAsStatusCode" }, SourceContext: "Microsoft.AspNetCore.Http.Result.OkObjectResult", RequestId: "0HNLT9L9J02R9:00000002", RequestPath: "/users", ConnectionId: "0HNLT9L9J02R9" }

[15:37:55 INF] Writing value of type 'List`1' as Json. { EventId: { Id: 3, Name: "WritingResultAsJson" }, SourceContext: "Microsoft.AspNetCore.Http.Result.OkObjectResult", RequestId: "0HNLT9L9J02R9:00000002", RequestPath: "/users", ConnectionId: "0HNLT9L9J02R9" }

[15:37:55 INF] Executed endpoint 'HTTP: GET /users' { EventId: { Id: 1, Name: "ExecutedEndpoint" }, SourceContext: "Microsoft.AspNetCore.Routing.EndpointMiddleware", RequestId: "0HNLT9L9J02R9:00000002", RequestPath: "/users", ConnectionId: "0HNLT9L9J02R9" }

[15:47:00 INF] Application is shutting down... { SourceContext: "Microsoft.Hosting.Lifetime" }

[15:48:05 INF] No migrations were applied. The database is already up to date. { EventId: { Id: 20405, Name: "Microsoft.EntityFrameworkCore.Migrations.MigrationsNotApplied" }, SourceContext: "Microsoft.EntityFrameworkCore.Migrations" }

[15:48:05 INF] No migrations were applied. The database is already up to date. { EventId: { Id: 20405, Name: "Microsoft.EntityFrameworkCore.Migrations.MigrationsNotApplied" }, SourceContext: "Microsoft.EntityFrameworkCore.Migrations" }

[15:48:06 INF] Registered 7 endpoints in 8,207 milliseconds. { EventId: { Id: 1, Name: "EndpointsRegistered" }, SourceContext: "FastEndpoints.StartupTimer" }

[15:48:07 INF] No validators found in the system! { EventId: { Id: 1, Name: "NoValidatorsFound" }, SourceContext: "FastEndpoints.Swagger.ValidationSchemaProcessor" }

[15:48:07 INF] User profile is available. Using 'C:\Users\MariyaAF\AppData\Local\ASP.NET\DataProtection-Keys' as key repository and Windows DPAPI to encrypt keys at rest. { EventId: { Id: 63, Name: "UsingProfileAsKeyRepositoryWithDPAPI" }, SourceContext: "Microsoft.AspNetCore.DataProtection.KeyManagement.XmlKeyManager" }

[15:48:08 WRN] The property 'AuditLog.Metadata' is a collection or enumeration type with a value converter but with no value comparer. Set a value comparer to ensure the collection/enumeration elements are compared correctly. { EventId: { Id: 10620, Name: "Microsoft.EntityFrameworkCore.Model.Validation.CollectionWithoutComparer" }, SourceContext: "Microsoft.EntityFrameworkCore.Model.Validation" }

[15:48:08 INF] No migrations were found in assembly 'BytesRewards.Service'. A migration needs to be added before the database can be updated. { EventId: { Id: 20406, Name: "Microsoft.EntityFrameworkCore.Migrations.MigrationsNotFound" }, SourceContext: "Microsoft.EntityFrameworkCore.Migrations" }

[15:48:08 INF] No migrations were applied. The database is already up to date. { EventId: { Id: 20405, Name: "Microsoft.EntityFrameworkCore.Migrations.MigrationsNotApplied" }, SourceContext: "Microsoft.EntityFrameworkCore.Migrations" }

[15:48:08 INF] Now listening on: http://localhost:55171 { EventId: { Id: 14, Name: "ListeningOnAddress" }, SourceContext: "Microsoft.Hosting.Lifetime" }

[15:48:08 INF] Application started. Press Ctrl+C to shut down. { SourceContext: "Microsoft.Hosting.Lifetime" }

[15:48:08 INF] Hosting environment: Development { SourceContext: "Microsoft.Hosting.Lifetime" }

[15:48:08 INF] Content root path: C:\Users\MariyaAF\Desktop\BytesRewards\BytesRewards\src\BytesRewards.Service { SourceContext: "Microsoft.Hosting.Lifetime" }

[15:48:56 INF] Executing endpoint 'HTTP: GET /' { EventId: { Name: "ExecutingEndpoint" }, SourceContext: "Microsoft.AspNetCore.Routing.EndpointMiddleware", RequestId: "0HNLTDEOJCUP9:00000001", RequestPath: "/", ConnectionId: "0HNLTDEOJCUP9" }

[15:48:56 INF] Executing RedirectResult, redirecting to /swagger. { EventId: { Id: 1, Name: "RedirectResultExecuting" }, SourceContext: "Microsoft.AspNetCore.Http.Result.RedirectResult", RequestId: "0HNLTDEOJCUP9:00000001", RequestPath: "/", ConnectionId: "0HNLTDEOJCUP9" }

[15:48:56 INF] Executed endpoint 'HTTP: GET /' { EventId: { Id: 1, Name: "ExecutedEndpoint" }, SourceContext: "Microsoft.AspNetCore.Routing.EndpointMiddleware", RequestId: "0HNLTDEOJCUP9:00000001", RequestPath: "/", ConnectionId: "0HNLTDEOJCUP9" }

[15:48:57 INF] No action descriptors found. This may indicate an incorrectly configured application or missing application parts. To learn more, visit https://aka.ms/aspnet/mvc/app-parts { EventId: { Id: 1, Name: "NoActionDescriptors" }, SourceContext: "Microsoft.AspNetCore.Mvc.Infrastructure.DefaultActionDescriptorCollectionProvider", RequestId: "0HNLTDEOJCUP9:00000004", RequestPath: "/swagger/v1/swagger.json", ConnectionId: "0HNLTDEOJCUP9" }

[16:11:15 INF] CORS policy execution successful. { EventId: { Id: 4, Name: "PolicySuccess" }, SourceContext: "Microsoft.AspNetCore.Cors.Infrastructure.CorsService", RequestId: "0HNLTDEOJCUPB:00000001", RequestPath: "/users", ConnectionId: "0HNLTDEOJCUPB" }

[16:11:15 INF] CORS policy execution successful. { EventId: { Id: 4, Name: "PolicySuccess" }, SourceContext: "Microsoft.AspNetCore.Cors.Infrastructure.CorsService", RequestId: "0HNLTDEOJCUPC:00000001", RequestPath: "/roles", ConnectionId: "0HNLTDEOJCUPC" }

[16:11:15 INF] CORS policy execution successful. { EventId: { Id: 4, Name: "PolicySuccess" }, SourceContext: "Microsoft.AspNetCore.Cors.Infrastructure.CorsService", RequestId: "0HNLTDEOJCUPD:00000001", RequestPath: "/departments", ConnectionId: "0HNLTDEOJCUPD" }

[16:11:15 INF] CORS policy execution successful. { EventId: { Id: 4, Name: "PolicySuccess" }, SourceContext: "Microsoft.AspNetCore.Cors.Infrastructure.CorsService", RequestId: "0HNLTDEOJCUPD:00000002", RequestPath: "/roles", ConnectionId: "0HNLTDEOJCUPD" }

[16:11:15 INF] CORS policy execution successful. { EventId: { Id: 4, Name: "PolicySuccess" }, SourceContext: "Microsoft.AspNetCore.Cors.Infrastructure.CorsService", RequestId: "0HNLTDEOJCUPC:00000002", RequestPath: "/departments", ConnectionId: "0HNLTDEOJCUPC" }

[16:11:15 INF] CORS policy execution successful. { EventId: { Id: 4, Name: "PolicySuccess" }, SourceContext: "Microsoft.AspNetCore.Cors.Infrastructure.CorsService", RequestId: "0HNLTDEOJCUPB:00000002", RequestPath: "/users", ConnectionId: "0HNLTDEOJCUPB" }

[16:11:15 INF] Failed to validate the token. { EventId: { Id: 1, Name: "TokenValidationFailed" }, SourceContext: "Microsoft.AspNetCore.Authentication.JwtBearer.JwtBearerHandler", RequestId: "0HNLTDEOJCUPD:00000002", RequestPath: "/roles", ConnectionId: "0HNLTDEOJCUPD" }

Microsoft.IdentityModel.Tokens.SecurityTokenExpiredException: IDX10223: Lifetime validation failed. The token is expired. ValidTo (UTC): '29-05-2026 10.29.00 AM', Current time (UTC): '29-05-2026 10.41.15 AM'.
   at Microsoft.IdentityModel.Tokens.ValidatorUtilities.ValidateLifetime(Nullable`1 notBefore, Nullable`1 expires, SecurityToken securityToken, TokenValidationParameters validationParameters)
   at Microsoft.IdentityModel.Tokens.Validators.ValidateLifetime(Nullable`1 notBefore, Nullable`1 expires, SecurityToken securityToken, TokenValidationParameters validationParameters)
   at Microsoft.IdentityModel.JsonWebTokens.JsonWebTokenHandler.ValidateTokenPayloadAsync(JsonWebToken jsonWebToken, TokenValidationParameters validationParameters, BaseConfiguration configuration)
   at Microsoft.IdentityModel.JsonWebTokens.JsonWebTokenHandler.ValidateJWSAsync(JsonWebToken jsonWebToken, TokenValidationParameters validationParameters, BaseConfiguration configuration)
[16:11:15 INF] Failed to validate the token. { EventId: { Id: 1, Name: "TokenValidationFailed" }, SourceContext: "Microsoft.AspNetCore.Authentication.JwtBearer.JwtBearerHandler", RequestId: "0HNLTDEOJCUPC:00000002", RequestPath: "/departments", ConnectionId: "0HNLTDEOJCUPC" }

Microsoft.IdentityModel.Tokens.SecurityTokenExpiredException: IDX10223: Lifetime validation failed. The token is expired. ValidTo (UTC): '29-05-2026 10.29.00 AM', Current time (UTC): '29-05-2026 10.41.15 AM'.
   at Microsoft.IdentityModel.Tokens.ValidatorUtilities.ValidateLifetime(Nullable`1 notBefore, Nullable`1 expires, SecurityToken securityToken, TokenValidationParameters validationParameters)
   at Microsoft.IdentityModel.Tokens.Validators.ValidateLifetime(Nullable`1 notBefore, Nullable`1 expires, SecurityToken securityToken, TokenValidationParameters validationParameters)
   at Microsoft.IdentityModel.JsonWebTokens.JsonWebTokenHandler.ValidateTokenPayloadAsync(JsonWebToken jsonWebToken, TokenValidationParameters validationParameters, BaseConfiguration configuration)
   at Microsoft.IdentityModel.JsonWebTokens.JsonWebTokenHandler.ValidateJWSAsync(JsonWebToken jsonWebToken, TokenValidationParameters validationParameters, BaseConfiguration configuration)
[16:11:15 INF] Failed to validate the token. { EventId: { Id: 1, Name: "TokenValidationFailed" }, SourceContext: "Microsoft.AspNetCore.Authentication.JwtBearer.JwtBearerHandler", RequestId: "0HNLTDEOJCUPB:00000002", RequestPath: "/users", ConnectionId: "0HNLTDEOJCUPB" }

Microsoft.IdentityModel.Tokens.SecurityTokenExpiredException: IDX10223: Lifetime validation failed. The token is expired. ValidTo (UTC): '29-05-2026 10.29.00 AM', Current time (UTC): '29-05-2026 10.41.15 AM'.
   at Microsoft.IdentityModel.Tokens.ValidatorUtilities.ValidateLifetime(Nullable`1 notBefore, Nullable`1 expires, SecurityToken securityToken, TokenValidationParameters validationParameters)
   at Microsoft.IdentityModel.Tokens.Validators.ValidateLifetime(Nullable`1 notBefore, Nullable`1 expires, SecurityToken securityToken, TokenValidationParameters validationParameters)
   at Microsoft.IdentityModel.JsonWebTokens.JsonWebTokenHandler.ValidateTokenPayloadAsync(JsonWebToken jsonWebToken, TokenValidationParameters validationParameters, BaseConfiguration configuration)
   at Microsoft.IdentityModel.JsonWebTokens.JsonWebTokenHandler.ValidateJWSAsync(JsonWebToken jsonWebToken, TokenValidationParameters validationParameters, BaseConfiguration configuration)
[16:11:15 INF] Bearer was not authenticated. Failure message: IDX10223: Lifetime validation failed. The token is expired. ValidTo (UTC): '29-05-2026 10.29.00 AM', Current time (UTC): '29-05-2026 10.41.15 AM'. { EventId: { Id: 7, Name: "AuthenticationSchemeNotAuthenticatedWithFailure" }, SourceContext: "Microsoft.AspNetCore.Authentication.JwtBearer.JwtBearerHandler", RequestId: "0HNLTDEOJCUPD:00000002", RequestPath: "/roles", ConnectionId: "0HNLTDEOJCUPD" }

[16:11:15 INF] Bearer was not authenticated. Failure message: IDX10223: Lifetime validation failed. The token is expired. ValidTo (UTC): '29-05-2026 10.29.00 AM', Current time (UTC): '29-05-2026 10.41.15 AM'. { EventId: { Id: 7, Name: "AuthenticationSchemeNotAuthenticatedWithFailure" }, SourceContext: "Microsoft.AspNetCore.Authentication.JwtBearer.JwtBearerHandler", RequestId: "0HNLTDEOJCUPC:00000002", RequestPath: "/departments", ConnectionId: "0HNLTDEOJCUPC" }

[16:11:15 INF] Bearer was not authenticated. Failure message: IDX10223: Lifetime validation failed. The token is expired. ValidTo (UTC): '29-05-2026 10.29.00 AM', Current time (UTC): '29-05-2026 10.41.15 AM'. { EventId: { Id: 7, Name: "AuthenticationSchemeNotAuthenticatedWithFailure" }, SourceContext: "Microsoft.AspNetCore.Authentication.JwtBearer.JwtBearerHandler", RequestId: "0HNLTDEOJCUPB:00000002", RequestPath: "/users", ConnectionId: "0HNLTDEOJCUPB" }

[16:11:15 INF] Executing endpoint 'HTTP: GET /departments' { EventId: { Name: "ExecutingEndpoint" }, SourceContext: "Microsoft.AspNetCore.Routing.EndpointMiddleware", RequestId: "0HNLTDEOJCUPC:00000002", RequestPath: "/departments", ConnectionId: "0HNLTDEOJCUPC" }

[16:11:15 INF] Executing endpoint 'HTTP: GET /roles' { EventId: { Name: "ExecutingEndpoint" }, SourceContext: "Microsoft.AspNetCore.Routing.EndpointMiddleware", RequestId: "0HNLTDEOJCUPD:00000002", RequestPath: "/roles", ConnectionId: "0HNLTDEOJCUPD" }

[16:11:15 INF] Authorization failed. These requirements were not met:
DenyAnonymousAuthorizationRequirement: Requires an authenticated user.
RolesAuthorizationRequirement:User.IsInRole must be true for one of the following roles: (admin) { EventId: { Id: 2, Name: "UserAuthorizationFailed" }, SourceContext: "Microsoft.AspNetCore.Authorization.DefaultAuthorizationService", RequestId: "0HNLTDEOJCUPB:00000002", RequestPath: "/users", ConnectionId: "0HNLTDEOJCUPB" }

[16:11:15 INF] AuthenticationScheme: Bearer was challenged. { EventId: { Id: 12, Name: "AuthenticationSchemeChallenged" }, SourceContext: "Microsoft.AspNetCore.Authentication.JwtBearer.JwtBearerHandler", RequestId: "0HNLTDEOJCUPB:00000002", RequestPath: "/users", ConnectionId: "0HNLTDEOJCUPB" }

[16:11:15 INF] Handling GetRolesQuery { SourceContext: "AppWeaver.Mediator.Behaviors.LoggingBehavior", RequestId: "0HNLTDEOJCUPD:00000002", RequestPath: "/roles", ConnectionId: "0HNLTDEOJCUPD" }

[16:11:15 INF] Handling GetDepartmentsQuery { SourceContext: "AppWeaver.Mediator.Behaviors.LoggingBehavior", RequestId: "0HNLTDEOJCUPC:00000002", RequestPath: "/departments", ConnectionId: "0HNLTDEOJCUPC" }

[16:11:15 INF] Handled GetDepartmentsQuery { SourceContext: "AppWeaver.Mediator.Behaviors.LoggingBehavior", RequestId: "0HNLTDEOJCUPC:00000002", RequestPath: "/departments", ConnectionId: "0HNLTDEOJCUPC" }

[16:11:15 INF] Handled GetRolesQuery { SourceContext: "AppWeaver.Mediator.Behaviors.LoggingBehavior", RequestId: "0HNLTDEOJCUPD:00000002", RequestPath: "/roles", ConnectionId: "0HNLTDEOJCUPD" }

[16:11:15 INF] Executed endpoint 'HTTP: GET /departments' { EventId: { Id: 1, Name: "ExecutedEndpoint" }, SourceContext: "Microsoft.AspNetCore.Routing.EndpointMiddleware", RequestId: "0HNLTDEOJCUPC:00000002", RequestPath: "/departments", ConnectionId: "0HNLTDEOJCUPC" }

[16:11:15 INF] Executed endpoint 'HTTP: GET /roles' { EventId: { Id: 1, Name: "ExecutedEndpoint" }, SourceContext: "Microsoft.AspNetCore.Routing.EndpointMiddleware", RequestId: "0HNLTDEOJCUPD:00000002", RequestPath: "/roles", ConnectionId: "0HNLTDEOJCUPD" }

[16:18:05 INF] CORS policy execution successful. { EventId: { Id: 4, Name: "PolicySuccess" }, SourceContext: "Microsoft.AspNetCore.Cors.Infrastructure.CorsService", RequestId: "0HNLTDEOJCUPE:00000001", RequestPath: "/users/26d450ef-cd95-4b12-81a4-d22cc16bc506", ConnectionId: "0HNLTDEOJCUPE" }

[16:18:05 INF] Failed to validate the token. { EventId: { Id: 1, Name: "TokenValidationFailed" }, SourceContext: "Microsoft.AspNetCore.Authentication.JwtBearer.JwtBearerHandler", RequestId: "0HNLTDEOJCUPE:00000001", RequestPath: "/users/26d450ef-cd95-4b12-81a4-d22cc16bc506", ConnectionId: "0HNLTDEOJCUPE" }

Microsoft.IdentityModel.Tokens.SecurityTokenExpiredException: IDX10223: Lifetime validation failed. The token is expired. ValidTo (UTC): '29-05-2026 6.16.54 AM', Current time (UTC): '29-05-2026 10.48.05 AM'.
   at Microsoft.IdentityModel.Tokens.ValidatorUtilities.ValidateLifetime(Nullable`1 notBefore, Nullable`1 expires, SecurityToken securityToken, TokenValidationParameters validationParameters)
   at Microsoft.IdentityModel.Tokens.Validators.ValidateLifetime(Nullable`1 notBefore, Nullable`1 expires, SecurityToken securityToken, TokenValidationParameters validationParameters)
   at Microsoft.IdentityModel.JsonWebTokens.JsonWebTokenHandler.ValidateTokenPayloadAsync(JsonWebToken jsonWebToken, TokenValidationParameters validationParameters, BaseConfiguration configuration)
   at Microsoft.IdentityModel.JsonWebTokens.JsonWebTokenHandler.ValidateJWSAsync(JsonWebToken jsonWebToken, TokenValidationParameters validationParameters, BaseConfiguration configuration)
[16:18:05 INF] Bearer was not authenticated. Failure message: IDX10223: Lifetime validation failed. The token is expired. ValidTo (UTC): '29-05-2026 6.16.54 AM', Current time (UTC): '29-05-2026 10.48.05 AM'. { EventId: { Id: 7, Name: "AuthenticationSchemeNotAuthenticatedWithFailure" }, SourceContext: "Microsoft.AspNetCore.Authentication.JwtBearer.JwtBearerHandler", RequestId: "0HNLTDEOJCUPE:00000001", RequestPath: "/users/26d450ef-cd95-4b12-81a4-d22cc16bc506", ConnectionId: "0HNLTDEOJCUPE" }

[16:18:05 INF] Authorization failed. These requirements were not met:
DenyAnonymousAuthorizationRequirement: Requires an authenticated user.
RolesAuthorizationRequirement:User.IsInRole must be true for one of the following roles: (admin) { EventId: { Id: 2, Name: "UserAuthorizationFailed" }, SourceContext: "Microsoft.AspNetCore.Authorization.DefaultAuthorizationService", RequestId: "0HNLTDEOJCUPE:00000001", RequestPath: "/users/26d450ef-cd95-4b12-81a4-d22cc16bc506", ConnectionId: "0HNLTDEOJCUPE" }

[16:18:05 INF] AuthenticationScheme: Bearer was challenged. { EventId: { Id: 12, Name: "AuthenticationSchemeChallenged" }, SourceContext: "Microsoft.AspNetCore.Authentication.JwtBearer.JwtBearerHandler", RequestId: "0HNLTDEOJCUPE:00000001", RequestPath: "/users/26d450ef-cd95-4b12-81a4-d22cc16bc506", ConnectionId: "0HNLTDEOJCUPE" }

[16:18:40 INF] CORS policy execution successful. { EventId: { Id: 4, Name: "PolicySuccess" }, SourceContext: "Microsoft.AspNetCore.Cors.Infrastructure.CorsService", RequestId: "0HNLTDEOJCUPF:00000001", RequestPath: "/roles", ConnectionId: "0HNLTDEOJCUPF" }

[16:18:40 INF] CORS policy execution successful. { EventId: { Id: 4, Name: "PolicySuccess" }, SourceContext: "Microsoft.AspNetCore.Cors.Infrastructure.CorsService", RequestId: "0HNLTDEOJCUPG:00000001", RequestPath: "/users", ConnectionId: "0HNLTDEOJCUPG" }

[16:18:40 INF] CORS policy execution successful. { EventId: { Id: 4, Name: "PolicySuccess" }, SourceContext: "Microsoft.AspNetCore.Cors.Infrastructure.CorsService", RequestId: "0HNLTDEOJCUPH:00000001", RequestPath: "/departments", ConnectionId: "0HNLTDEOJCUPH" }

[16:18:49 INF] CORS policy execution successful. { EventId: { Id: 4, Name: "PolicySuccess" }, SourceContext: "Microsoft.AspNetCore.Cors.Infrastructure.CorsService", RequestId: "0HNLTDEOJCUPH:00000002", RequestPath: "/users", ConnectionId: "0HNLTDEOJCUPH" }

[16:18:49 INF] CORS policy execution successful. { EventId: { Id: 4, Name: "PolicySuccess" }, SourceContext: "Microsoft.AspNetCore.Cors.Infrastructure.CorsService", RequestId: "0HNLTDEOJCUPG:00000002", RequestPath: "/departments", ConnectionId: "0HNLTDEOJCUPG" }

[16:18:49 INF] CORS policy execution successful. { EventId: { Id: 4, Name: "PolicySuccess" }, SourceContext: "Microsoft.AspNetCore.Cors.Infrastructure.CorsService", RequestId: "0HNLTDEOJCUPF:00000002", RequestPath: "/roles", ConnectionId: "0HNLTDEOJCUPF" }

[16:18:49 INF] Executing endpoint 'HTTP: GET /departments' { EventId: { Name: "ExecutingEndpoint" }, SourceContext: "Microsoft.AspNetCore.Routing.EndpointMiddleware", RequestId: "0HNLTDEOJCUPG:00000002", RequestPath: "/departments", ConnectionId: "0HNLTDEOJCUPG" }

[16:18:49 INF] Executing endpoint 'HTTP: GET /roles' { EventId: { Name: "ExecutingEndpoint" }, SourceContext: "Microsoft.AspNetCore.Routing.EndpointMiddleware", RequestId: "0HNLTDEOJCUPF:00000002", RequestPath: "/roles", ConnectionId: "0HNLTDEOJCUPF" }

[16:18:49 INF] Executing endpoint 'HTTP: GET /users' { EventId: { Name: "ExecutingEndpoint" }, SourceContext: "Microsoft.AspNetCore.Routing.EndpointMiddleware", RequestId: "0HNLTDEOJCUPH:00000002", RequestPath: "/users", ConnectionId: "0HNLTDEOJCUPH" }

[16:18:49 INF] Handling GetRolesQuery { SourceContext: "AppWeaver.Mediator.Behaviors.LoggingBehavior", RequestId: "0HNLTDEOJCUPF:00000002", RequestPath: "/roles", ConnectionId: "0HNLTDEOJCUPF" }

[16:18:49 INF] Handling GetDepartmentsQuery { SourceContext: "AppWeaver.Mediator.Behaviors.LoggingBehavior", RequestId: "0HNLTDEOJCUPG:00000002", RequestPath: "/departments", ConnectionId: "0HNLTDEOJCUPG" }

[16:18:49 INF] Handling GetUsersQuery { SourceContext: "AppWeaver.Mediator.Behaviors.LoggingBehavior", RequestId: "0HNLTDEOJCUPH:00000002", RequestPath: "/users", ConnectionId: "0HNLTDEOJCUPH" }

[16:18:49 ERR] Error handling GetRolesQuery { SourceContext: "AppWeaver.Mediator.Behaviors.LoggingBehavior", RequestId: "0HNLTDEOJCUPF:00000002", RequestPath: "/roles", ConnectionId: "0HNLTDEOJCUPF" }

System.OperationCanceledException: The operation was canceled.
   at System.Threading.CancellationToken.ThrowOperationCanceledException()
   at System.Threading.CancellationToken.ThrowIfCancellationRequested()
   at Npgsql.Internal.NpgsqlConnector.ConnectAsync(NpgsqlTimeout timeout, CancellationToken cancellationToken)
   at Npgsql.Internal.NpgsqlConnector.RawOpen(NpgsqlTimeout timeout, Boolean async, CancellationToken cancellationToken)
   at Npgsql.Internal.NpgsqlConnector.<Open>g__OpenCore|209_0(NpgsqlConnector conn, String username, SslMode sslMode, GssEncryptionMode gssEncMode, NpgsqlTimeout timeout, Boolean async, CancellationToken cancellationToken)
   at Npgsql.Internal.NpgsqlConnector.<Open>g__OpenCore|209_0(NpgsqlConnector conn, String username, SslMode sslMode, GssEncryptionMode gssEncMode, NpgsqlTimeout timeout, Boolean async, CancellationToken cancellationToken)
   at Npgsql.Internal.NpgsqlConnector.Open(NpgsqlTimeout timeout, Boolean async, CancellationToken cancellationToken)
   at Npgsql.PoolingDataSource.OpenNewConnector(NpgsqlConnection conn, NpgsqlTimeout timeout, Boolean async, CancellationToken cancellationToken)
   at Npgsql.PoolingDataSource.<Get>g__RentAsync|33_0(NpgsqlConnection conn, NpgsqlTimeout timeout, Boolean async, CancellationToken cancellationToken)
   at Npgsql.NpgsqlConnection.<Open>g__OpenAsync|42_0(Boolean async, CancellationToken cancellationToken)
   at Microsoft.EntityFrameworkCore.Storage.RelationalConnection.OpenInternalAsync(Boolean errorsExpected, CancellationToken cancellationToken)
   at Microsoft.EntityFrameworkCore.Storage.RelationalConnection.OpenInternalAsync(Boolean errorsExpected, CancellationToken cancellationToken)
   at Microsoft.EntityFrameworkCore.Storage.RelationalConnection.OpenAsync(CancellationToken cancellationToken, Boolean errorsExpected)
   at Microsoft.EntityFrameworkCore.Storage.RelationalCommand.ExecuteReaderAsync(RelationalCommandParameterObject parameterObject, CancellationToken cancellationToken)
   at Microsoft.EntityFrameworkCore.Query.Internal.SingleQueryingEnumerable`1.AsyncEnumerator.InitializeReaderAsync(AsyncEnumerator enumerator, CancellationToken cancellationToken)
   at Npgsql.EntityFrameworkCore.PostgreSQL.Storage.Internal.NpgsqlExecutionStrategy.ExecuteAsync[TState,TResult](TState state, Func`4 operation, Func`4 verifySucceeded, CancellationToken cancellationToken)
   at Microsoft.EntityFrameworkCore.Query.Internal.SingleQueryingEnumerable`1.AsyncEnumerator.MoveNextAsync()
   at Microsoft.EntityFrameworkCore.EntityFrameworkQueryableExtensions.ToListAsync[TSource](IQueryable`1 source, CancellationToken cancellationToken)
   at Microsoft.EntityFrameworkCore.EntityFrameworkQueryableExtensions.ToListAsync[TSource](IQueryable`1 source, CancellationToken cancellationToken)
   at BytesRewards.Service.Roles.Features.GetRoles.GetRolesQueryHandler.Handle(GetRolesQuery request, CancellationToken ct) in C:\Users\MariyaAF\Desktop\BytesRewards\BytesRewards\src\BytesRewards.Service\Roles\Features\GetRoles\GetRolesQueryHandler.cs:line 20
   at AppWeaver.Mediator.Behaviors.LoggingBehavior`2.Handle(TRequest request, CancellationToken ct, Next`1 next)
[16:18:49 ERR] Error handling GetDepartmentsQuery { SourceContext: "AppWeaver.Mediator.Behaviors.LoggingBehavior", RequestId: "0HNLTDEOJCUPG:00000002", RequestPath: "/departments", ConnectionId: "0HNLTDEOJCUPG" }

System.OperationCanceledException: The operation was canceled.
   at System.Net.NameResolutionPal.ProcessResult(SocketError errorCode, GetAddrInfoExContext* context)
   at System.Net.NameResolutionPal.GetAddressInfoExCallback(Int32 error, Int32 bytes, NativeOverlapped* overlapped)
   at Interop.Winsock.GetAddrInfoExCancel(IntPtr* lpHandle)
   at System.Net.NameResolutionPal.GetAddrInfoExState.<>c.<RegisterForCancellation>b__17_0(Object o)
   at System.Threading.CancellationTokenSource.ExecuteCallbackHandlers(Boolean throwOnFirstException)
   at System.Threading.CancellationTokenSource.ExecuteCallbackHandlers(Boolean throwOnFirstException)
   at Microsoft.AspNetCore.Server.Kestrel.Core.Internal.Http.HttpProtocol.CancelRequestAbortedTokenCallback()
   at System.Threading.ThreadPoolWorkQueue.Dispatch()
   at System.Threading.PortableThreadPool.WorkerThread.WorkerThreadStart()
   at System.Threading.Thread.StartCallback()
--- End of stack trace from previous location ---
   at System.Net.Dns.<GetAddrInfoWithTelemetryAsync>g__CompleteAsync|35_0[T](Task task, String hostName, Int64 startingTimeStamp)
   at Npgsql.Internal.NpgsqlConnector.ConnectAsync(NpgsqlTimeout timeout, CancellationToken cancellationToken)
   at Npgsql.Internal.NpgsqlConnector.RawOpen(NpgsqlTimeout timeout, Boolean async, CancellationToken cancellationToken)
   at Npgsql.Internal.NpgsqlConnector.<Open>g__OpenCore|209_0(NpgsqlConnector conn, String username, SslMode sslMode, GssEncryptionMode gssEncMode, NpgsqlTimeout timeout, Boolean async, CancellationToken cancellationToken)
   at Npgsql.Internal.NpgsqlConnector.<Open>g__OpenCore|209_0(NpgsqlConnector conn, String username, SslMode sslMode, GssEncryptionMode gssEncMode, NpgsqlTimeout timeout, Boolean async, CancellationToken cancellationToken)
   at Npgsql.Internal.NpgsqlConnector.Open(NpgsqlTimeout timeout, Boolean async, CancellationToken cancellationToken)
   at Npgsql.PoolingDataSource.OpenNewConnector(NpgsqlConnection conn, NpgsqlTimeout timeout, Boolean async, CancellationToken cancellationToken)
   at Npgsql.PoolingDataSource.<Get>g__RentAsync|33_0(NpgsqlConnection conn, NpgsqlTimeout timeout, Boolean async, CancellationToken cancellationToken)
   at Npgsql.NpgsqlConnection.<Open>g__OpenAsync|42_0(Boolean async, CancellationToken cancellationToken)
   at Microsoft.EntityFrameworkCore.Storage.RelationalConnection.OpenInternalAsync(Boolean errorsExpected, CancellationToken cancellationToken)
   at Microsoft.EntityFrameworkCore.Storage.RelationalConnection.OpenInternalAsync(Boolean errorsExpected, CancellationToken cancellationToken)
   at Microsoft.EntityFrameworkCore.Storage.RelationalConnection.OpenAsync(CancellationToken cancellationToken, Boolean errorsExpected)
   at Microsoft.EntityFrameworkCore.Storage.RelationalCommand.ExecuteReaderAsync(RelationalCommandParameterObject parameterObject, CancellationToken cancellationToken)
   at Microsoft.EntityFrameworkCore.Query.Internal.SingleQueryingEnumerable`1.AsyncEnumerator.InitializeReaderAsync(AsyncEnumerator enumerator, CancellationToken cancellationToken)
   at Npgsql.EntityFrameworkCore.PostgreSQL.Storage.Internal.NpgsqlExecutionStrategy.ExecuteAsync[TState,TResult](TState state, Func`4 operation, Func`4 verifySucceeded, CancellationToken cancellationToken)
   at Microsoft.EntityFrameworkCore.Query.Internal.SingleQueryingEnumerable`1.AsyncEnumerator.MoveNextAsync()
   at Microsoft.EntityFrameworkCore.EntityFrameworkQueryableExtensions.ToListAsync[TSource](IQueryable`1 source, CancellationToken cancellationToken)
   at Microsoft.EntityFrameworkCore.EntityFrameworkQueryableExtensions.ToListAsync[TSource](IQueryable`1 source, CancellationToken cancellationToken)
   at BytesRewards.Service.Departments.Features.GetDepartments.GetDepartmentsQueryHandler.Handle(GetDepartmentsQuery request, CancellationToken ct) in C:\Users\MariyaAF\Desktop\BytesRewards\BytesRewards\src\BytesRewards.Service\Departments\Features\GetDepartments\GetDepartmentsQueryHandler.cs:line 22
   at AppWeaver.Mediator.Behaviors.LoggingBehavior`2.Handle(TRequest request, CancellationToken ct, Next`1 next)
[16:18:49 INF] Executed endpoint 'HTTP: GET /roles' { EventId: { Id: 1, Name: "ExecutedEndpoint" }, SourceContext: "Microsoft.AspNetCore.Routing.EndpointMiddleware", RequestId: "0HNLTDEOJCUPF:00000002", RequestPath: "/roles", ConnectionId: "0HNLTDEOJCUPF" }

[16:18:49 INF] Executed endpoint 'HTTP: GET /departments' { EventId: { Id: 1, Name: "ExecutedEndpoint" }, SourceContext: "Microsoft.AspNetCore.Routing.EndpointMiddleware", RequestId: "0HNLTDEOJCUPG:00000002", RequestPath: "/departments", ConnectionId: "0HNLTDEOJCUPG" }

[16:18:49 ERR] Error handling GetUsersQuery { SourceContext: "AppWeaver.Mediator.Behaviors.LoggingBehavior", RequestId: "0HNLTDEOJCUPH:00000002", RequestPath: "/users", ConnectionId: "0HNLTDEOJCUPH" }

System.Threading.Tasks.TaskCanceledException: A task was canceled.
   at Npgsql.Internal.NpgsqlConnector.ConnectAsync(NpgsqlTimeout timeout, CancellationToken cancellationToken)
   at Npgsql.Internal.NpgsqlConnector.RawOpen(NpgsqlTimeout timeout, Boolean async, CancellationToken cancellationToken)
   at Npgsql.Internal.NpgsqlConnector.<Open>g__OpenCore|209_0(NpgsqlConnector conn, String username, SslMode sslMode, GssEncryptionMode gssEncMode, NpgsqlTimeout timeout, Boolean async, CancellationToken cancellationToken)
   at Npgsql.Internal.NpgsqlConnector.Open(NpgsqlTimeout timeout, Boolean async, CancellationToken cancellationToken)
   at Npgsql.PoolingDataSource.OpenNewConnector(NpgsqlConnection conn, NpgsqlTimeout timeout, Boolean async, CancellationToken cancellationToken)
   at Npgsql.PoolingDataSource.<Get>g__RentAsync|33_0(NpgsqlConnection conn, NpgsqlTimeout timeout, Boolean async, CancellationToken cancellationToken)
   at Npgsql.NpgsqlConnection.<Open>g__OpenAsync|42_0(Boolean async, CancellationToken cancellationToken)
   at Microsoft.EntityFrameworkCore.Storage.RelationalConnection.OpenInternalAsync(Boolean errorsExpected, CancellationToken cancellationToken)
   at Microsoft.EntityFrameworkCore.Storage.RelationalConnection.OpenInternalAsync(Boolean errorsExpected, CancellationToken cancellationToken)
   at Microsoft.EntityFrameworkCore.Storage.RelationalConnection.OpenAsync(CancellationToken cancellationToken, Boolean errorsExpected)
   at Microsoft.EntityFrameworkCore.Storage.RelationalCommand.ExecuteReaderAsync(RelationalCommandParameterObject parameterObject, CancellationToken cancellationToken)
   at Microsoft.EntityFrameworkCore.Query.Internal.SingleQueryingEnumerable`1.AsyncEnumerator.InitializeReaderAsync(AsyncEnumerator enumerator, CancellationToken cancellationToken)
   at Npgsql.EntityFrameworkCore.PostgreSQL.Storage.Internal.NpgsqlExecutionStrategy.ExecuteAsync[TState,TResult](TState state, Func`4 operation, Func`4 verifySucceeded, CancellationToken cancellationToken)
   at Microsoft.EntityFrameworkCore.Query.Internal.SingleQueryingEnumerable`1.AsyncEnumerator.MoveNextAsync()
   at Microsoft.EntityFrameworkCore.EntityFrameworkQueryableExtensions.ToListAsync[TSource](IQueryable`1 source, CancellationToken cancellationToken)
   at Microsoft.EntityFrameworkCore.EntityFrameworkQueryableExtensions.ToListAsync[TSource](IQueryable`1 source, CancellationToken cancellationToken)
   at BytesRewards.Service.Users.Features.GetUsers.GetUsersQueryHandler.Handle(GetUsersQuery request, CancellationToken ct) in C:\Users\MariyaAF\Desktop\BytesRewards\BytesRewards\src\BytesRewards.Service\Users\Features\GetUsers\GetUsersQueryHandler.cs:line 20
   at AppWeaver.Mediator.Behaviors.LoggingBehavior`2.Handle(TRequest request, CancellationToken ct, Next`1 next)
[16:18:49 INF] Executed endpoint 'HTTP: GET /users' { EventId: { Id: 1, Name: "ExecutedEndpoint" }, SourceContext: "Microsoft.AspNetCore.Routing.EndpointMiddleware", RequestId: "0HNLTDEOJCUPH:00000002", RequestPath: "/users", ConnectionId: "0HNLTDEOJCUPH" }

[16:19:47 INF] CORS policy execution successful. { EventId: { Id: 4, Name: "PolicySuccess" }, SourceContext: "Microsoft.AspNetCore.Cors.Infrastructure.CorsService", RequestId: "0HNLTDEOJCUPE:00000002", RequestPath: "/users/26d450ef-cd95-4b12-81a4-d22cc16bc506", ConnectionId: "0HNLTDEOJCUPE" }

[16:19:47 INF] Failed to validate the token. { EventId: { Id: 1, Name: "TokenValidationFailed" }, SourceContext: "Microsoft.AspNetCore.Authentication.JwtBearer.JwtBearerHandler", RequestId: "0HNLTDEOJCUPE:00000002", RequestPath: "/users/26d450ef-cd95-4b12-81a4-d22cc16bc506", ConnectionId: "0HNLTDEOJCUPE" }

Microsoft.IdentityModel.Tokens.SecurityTokenInvalidSignatureException: IDX10511: Signature validation failed. Keys tried: 'Microsoft.IdentityModel.Tokens.X509SecurityKey, KeyId: '6TWGdFbFhQ665SOY0R6ZNKf0p5_owpf21DD3ljNmunM', InternalId: '6qKDJHru25QC1xQyUFtDhyWxPJ0'. , KeyId: 6TWGdFbFhQ665SOY0R6ZNKf0p5_owpf21DD3ljNmunM
'. 
Number of keys in TokenValidationParameters: '0'. 
Number of keys in Configuration: '2'. 
Matched key was in 'Configuration'. 
kid: '6TWGdFbFhQ665SOY0R6ZNKf0p5_owpf21DD3ljNmunM'. 
Exceptions caught:
 '[PII of type 'System.Text.StringBuilder' is hidden. For more details, see https://aka.ms/IdentityModel/PII.]'.
token: '[PII of type 'Microsoft.IdentityModel.JsonWebTokens.JsonWebToken' is hidden. For more details, see https://aka.ms/IdentityModel/PII.]'. See https://aka.ms/IDX10511 for details.
   at Microsoft.IdentityModel.JsonWebTokens.JsonWebTokenHandler.ValidateSignature(JsonWebToken jwtToken, TokenValidationParameters validationParameters, BaseConfiguration configuration)
   at Microsoft.IdentityModel.JsonWebTokens.JsonWebTokenHandler.ValidateSignatureAndIssuerSecurityKey(JsonWebToken jsonWebToken, TokenValidationParameters validationParameters, BaseConfiguration configuration)
   at Microsoft.IdentityModel.JsonWebTokens.JsonWebTokenHandler.ValidateJWSAsync(JsonWebToken jsonWebToken, TokenValidationParameters validationParameters, BaseConfiguration configuration)
[16:19:47 INF] Bearer was not authenticated. Failure message: IDX10511: Signature validation failed. Keys tried: 'Microsoft.IdentityModel.Tokens.X509SecurityKey, KeyId: '6TWGdFbFhQ665SOY0R6ZNKf0p5_owpf21DD3ljNmunM', InternalId: '6qKDJHru25QC1xQyUFtDhyWxPJ0'. , KeyId: 6TWGdFbFhQ665SOY0R6ZNKf0p5_owpf21DD3ljNmunM
'. 
Number of keys in TokenValidationParameters: '0'. 
Number of keys in Configuration: '2'. 
Matched key was in 'Configuration'. 
kid: '6TWGdFbFhQ665SOY0R6ZNKf0p5_owpf21DD3ljNmunM'. 
Exceptions caught:
 '[PII of type 'System.Text.StringBuilder' is hidden. For more details, see https://aka.ms/IdentityModel/PII.]'.
token: '[PII of type 'Microsoft.IdentityModel.JsonWebTokens.JsonWebToken' is hidden. For more details, see https://aka.ms/IdentityModel/PII.]'. See https://aka.ms/IDX10511 for details. { EventId: { Id: 7, Name: "AuthenticationSchemeNotAuthenticatedWithFailure" }, SourceContext: "Microsoft.AspNetCore.Authentication.JwtBearer.JwtBearerHandler", RequestId: "0HNLTDEOJCUPE:00000002", RequestPath: "/users/26d450ef-cd95-4b12-81a4-d22cc16bc506", ConnectionId: "0HNLTDEOJCUPE" }

[16:19:47 INF] Authorization failed. These requirements were not met:
DenyAnonymousAuthorizationRequirement: Requires an authenticated user.
RolesAuthorizationRequirement:User.IsInRole must be true for one of the following roles: (admin) { EventId: { Id: 2, Name: "UserAuthorizationFailed" }, SourceContext: "Microsoft.AspNetCore.Authorization.DefaultAuthorizationService", RequestId: "0HNLTDEOJCUPE:00000002", RequestPath: "/users/26d450ef-cd95-4b12-81a4-d22cc16bc506", ConnectionId: "0HNLTDEOJCUPE" }

[16:19:47 INF] AuthenticationScheme: Bearer was challenged. { EventId: { Id: 12, Name: "AuthenticationSchemeChallenged" }, SourceContext: "Microsoft.AspNetCore.Authentication.JwtBearer.JwtBearerHandler", RequestId: "0HNLTDEOJCUPE:00000002", RequestPath: "/users/26d450ef-cd95-4b12-81a4-d22cc16bc506", ConnectionId: "0HNLTDEOJCUPE" }

[16:20:04 INF] CORS policy execution successful. { EventId: { Id: 4, Name: "PolicySuccess" }, SourceContext: "Microsoft.AspNetCore.Cors.Infrastructure.CorsService", RequestId: "0HNLTDEOJCUPE:00000003", RequestPath: "/users/26d450ef-cd95-4b12-81a4-d22cc16bc506", ConnectionId: "0HNLTDEOJCUPE" }

[16:20:04 INF] Failed to validate the token. { EventId: { Id: 1, Name: "TokenValidationFailed" }, SourceContext: "Microsoft.AspNetCore.Authentication.JwtBearer.JwtBearerHandler", RequestId: "0HNLTDEOJCUPE:00000003", RequestPath: "/users/26d450ef-cd95-4b12-81a4-d22cc16bc506", ConnectionId: "0HNLTDEOJCUPE" }

Microsoft.IdentityModel.Tokens.SecurityTokenInvalidSignatureException: IDX10511: Signature validation failed. Keys tried: 'Microsoft.IdentityModel.Tokens.X509SecurityKey, KeyId: '6TWGdFbFhQ665SOY0R6ZNKf0p5_owpf21DD3ljNmunM', InternalId: '6qKDJHru25QC1xQyUFtDhyWxPJ0'. , KeyId: 6TWGdFbFhQ665SOY0R6ZNKf0p5_owpf21DD3ljNmunM
'. 
Number of keys in TokenValidationParameters: '0'. 
Number of keys in Configuration: '2'. 
Matched key was in 'Configuration'. 
kid: '6TWGdFbFhQ665SOY0R6ZNKf0p5_owpf21DD3ljNmunM'. 
Exceptions caught:
 '[PII of type 'System.Text.StringBuilder' is hidden. For more details, see https://aka.ms/IdentityModel/PII.]'.
token: '[PII of type 'Microsoft.IdentityModel.JsonWebTokens.JsonWebToken' is hidden. For more details, see https://aka.ms/IdentityModel/PII.]'. See https://aka.ms/IDX10511 for details.
   at Microsoft.IdentityModel.JsonWebTokens.JsonWebTokenHandler.ValidateSignature(JsonWebToken jwtToken, TokenValidationParameters validationParameters, BaseConfiguration configuration)
   at Microsoft.IdentityModel.JsonWebTokens.JsonWebTokenHandler.ValidateSignatureAndIssuerSecurityKey(JsonWebToken jsonWebToken, TokenValidationParameters validationParameters, BaseConfiguration configuration)
   at Microsoft.IdentityModel.JsonWebTokens.JsonWebTokenHandler.ValidateJWSAsync(JsonWebToken jsonWebToken, TokenValidationParameters validationParameters, BaseConfiguration configuration)
[16:20:04 INF] Bearer was not authenticated. Failure message: IDX10511: Signature validation failed. Keys tried: 'Microsoft.IdentityModel.Tokens.X509SecurityKey, KeyId: '6TWGdFbFhQ665SOY0R6ZNKf0p5_owpf21DD3ljNmunM', InternalId: '6qKDJHru25QC1xQyUFtDhyWxPJ0'. , KeyId: 6TWGdFbFhQ665SOY0R6ZNKf0p5_owpf21DD3ljNmunM
'. 
Number of keys in TokenValidationParameters: '0'. 
Number of keys in Configuration: '2'. 
Matched key was in 'Configuration'. 
kid: '6TWGdFbFhQ665SOY0R6ZNKf0p5_owpf21DD3ljNmunM'. 
Exceptions caught:
 '[PII of type 'System.Text.StringBuilder' is hidden. For more details, see https://aka.ms/IdentityModel/PII.]'.
token: '[PII of type 'Microsoft.IdentityModel.JsonWebTokens.JsonWebToken' is hidden. For more details, see https://aka.ms/IdentityModel/PII.]'. See https://aka.ms/IDX10511 for details. { EventId: { Id: 7, Name: "AuthenticationSchemeNotAuthenticatedWithFailure" }, SourceContext: "Microsoft.AspNetCore.Authentication.JwtBearer.JwtBearerHandler", RequestId: "0HNLTDEOJCUPE:00000003", RequestPath: "/users/26d450ef-cd95-4b12-81a4-d22cc16bc506", ConnectionId: "0HNLTDEOJCUPE" }

[16:20:04 INF] Authorization failed. These requirements were not met:
DenyAnonymousAuthorizationRequirement: Requires an authenticated user.
RolesAuthorizationRequirement:User.IsInRole must be true for one of the following roles: (admin) { EventId: { Id: 2, Name: "UserAuthorizationFailed" }, SourceContext: "Microsoft.AspNetCore.Authorization.DefaultAuthorizationService", RequestId: "0HNLTDEOJCUPE:00000003", RequestPath: "/users/26d450ef-cd95-4b12-81a4-d22cc16bc506", ConnectionId: "0HNLTDEOJCUPE" }

[16:20:04 INF] AuthenticationScheme: Bearer was challenged. { EventId: { Id: 12, Name: "AuthenticationSchemeChallenged" }, SourceContext: "Microsoft.AspNetCore.Authentication.JwtBearer.JwtBearerHandler", RequestId: "0HNLTDEOJCUPE:00000003", RequestPath: "/users/26d450ef-cd95-4b12-81a4-d22cc16bc506", ConnectionId: "0HNLTDEOJCUPE" }

[16:22:28 INF] CORS policy execution successful. { EventId: { Id: 4, Name: "PolicySuccess" }, SourceContext: "Microsoft.AspNetCore.Cors.Infrastructure.CorsService", RequestId: "0HNLTDEOJCUPI:00000001", RequestPath: "/users/26d450ef-cd95-4b12-81a4-d22cc16bc506", ConnectionId: "0HNLTDEOJCUPI" }

[16:22:28 INF] Failed to validate the token. { EventId: { Id: 1, Name: "TokenValidationFailed" }, SourceContext: "Microsoft.AspNetCore.Authentication.JwtBearer.JwtBearerHandler", RequestId: "0HNLTDEOJCUPI:00000001", RequestPath: "/users/26d450ef-cd95-4b12-81a4-d22cc16bc506", ConnectionId: "0HNLTDEOJCUPI" }

System.ArgumentException: IDX14102: Unable to decode the header '[PII of type 'Microsoft.IdentityModel.Logging.SecurityArtifact' is hidden. For more details, see https://aka.ms/IdentityModel/PII.]' as Base64Url encoded string.
 ---> System.FormatException: IDX10400: Unable to decode: '[PII of type 'System.String' is hidden. For more details, see https://aka.ms/IdentityModel/PII.]' as Base64url encoded string.
   at Microsoft.IdentityModel.Tokens.Base64UrlEncoder.Decode(ReadOnlySpan`1 strSpan, Span`1 output)
   at Microsoft.IdentityModel.JsonWebTokens.JsonWebToken.CreateClaimSet(ReadOnlySpan`1 strSpan, Int32 startIndex, Int32 length, Boolean createHeaderClaimSet)
   at Microsoft.IdentityModel.JsonWebTokens.JsonWebToken.ReadToken(ReadOnlyMemory`1 encodedTokenMemory)
   --- End of inner exception stack trace ---
   at Microsoft.IdentityModel.JsonWebTokens.JsonWebToken.ReadToken(ReadOnlyMemory`1 encodedTokenMemory)
   at Microsoft.IdentityModel.JsonWebTokens.JsonWebToken..ctor(String jwtEncodedString, TryReadJwtClaim tryReadJwtClaim)
   at Microsoft.IdentityModel.JsonWebTokens.JsonWebTokenHandler.ReadToken(String token, TokenValidationParameters validationParameters)
[16:22:28 INF] Bearer was not authenticated. Failure message: IDX14102: Unable to decode the header '[PII of type 'Microsoft.IdentityModel.Logging.SecurityArtifact' is hidden. For more details, see https://aka.ms/IdentityModel/PII.]' as Base64Url encoded string. { EventId: { Id: 7, Name: "AuthenticationSchemeNotAuthenticatedWithFailure" }, SourceContext: "Microsoft.AspNetCore.Authentication.JwtBearer.JwtBearerHandler", RequestId: "0HNLTDEOJCUPI:00000001", RequestPath: "/users/26d450ef-cd95-4b12-81a4-d22cc16bc506", ConnectionId: "0HNLTDEOJCUPI" }

[16:22:28 INF] Authorization failed. These requirements were not met:
DenyAnonymousAuthorizationRequirement: Requires an authenticated user.
RolesAuthorizationRequirement:User.IsInRole must be true for one of the following roles: (admin) { EventId: { Id: 2, Name: "UserAuthorizationFailed" }, SourceContext: "Microsoft.AspNetCore.Authorization.DefaultAuthorizationService", RequestId: "0HNLTDEOJCUPI:00000001", RequestPath: "/users/26d450ef-cd95-4b12-81a4-d22cc16bc506", ConnectionId: "0HNLTDEOJCUPI" }

[16:22:28 INF] AuthenticationScheme: Bearer was challenged. { EventId: { Id: 12, Name: "AuthenticationSchemeChallenged" }, SourceContext: "Microsoft.AspNetCore.Authentication.JwtBearer.JwtBearerHandler", RequestId: "0HNLTDEOJCUPI:00000001", RequestPath: "/users/26d450ef-cd95-4b12-81a4-d22cc16bc506", ConnectionId: "0HNLTDEOJCUPI" }

[16:23:05 INF] CORS policy execution successful. { EventId: { Id: 4, Name: "PolicySuccess" }, SourceContext: "Microsoft.AspNetCore.Cors.Infrastructure.CorsService", RequestId: "0HNLTDEOJCUPI:00000002", RequestPath: "/users/26d450ef-cd95-4b12-81a4-d22cc16bc506", ConnectionId: "0HNLTDEOJCUPI" }

[16:23:05 INF] Failed to validate the token. { EventId: { Id: 1, Name: "TokenValidationFailed" }, SourceContext: "Microsoft.AspNetCore.Authentication.JwtBearer.JwtBearerHandler", RequestId: "0HNLTDEOJCUPI:00000002", RequestPath: "/users/26d450ef-cd95-4b12-81a4-d22cc16bc506", ConnectionId: "0HNLTDEOJCUPI" }

System.ArgumentException: IDX14102: Unable to decode the header '[PII of type 'Microsoft.IdentityModel.Logging.SecurityArtifact' is hidden. For more details, see https://aka.ms/IdentityModel/PII.]' as Base64Url encoded string.
 ---> System.FormatException: IDX10400: Unable to decode: '[PII of type 'System.String' is hidden. For more details, see https://aka.ms/IdentityModel/PII.]' as Base64url encoded string.
   at Microsoft.IdentityModel.Tokens.Base64UrlEncoder.Decode(ReadOnlySpan`1 strSpan, Span`1 output)
   at Microsoft.IdentityModel.JsonWebTokens.JsonWebToken.CreateClaimSet(ReadOnlySpan`1 strSpan, Int32 startIndex, Int32 length, Boolean createHeaderClaimSet)
   at Microsoft.IdentityModel.JsonWebTokens.JsonWebToken.ReadToken(ReadOnlyMemory`1 encodedTokenMemory)
   --- End of inner exception stack trace ---
   at Microsoft.IdentityModel.JsonWebTokens.JsonWebToken.ReadToken(ReadOnlyMemory`1 encodedTokenMemory)
   at Microsoft.IdentityModel.JsonWebTokens.JsonWebToken..ctor(String jwtEncodedString, TryReadJwtClaim tryReadJwtClaim)
   at Microsoft.IdentityModel.JsonWebTokens.JsonWebTokenHandler.ReadToken(String token, TokenValidationParameters validationParameters)
[16:23:05 INF] Bearer was not authenticated. Failure message: IDX14102: Unable to decode the header '[PII of type 'Microsoft.IdentityModel.Logging.SecurityArtifact' is hidden. For more details, see https://aka.ms/IdentityModel/PII.]' as Base64Url encoded string. { EventId: { Id: 7, Name: "AuthenticationSchemeNotAuthenticatedWithFailure" }, SourceContext: "Microsoft.AspNetCore.Authentication.JwtBearer.JwtBearerHandler", RequestId: "0HNLTDEOJCUPI:00000002", RequestPath: "/users/26d450ef-cd95-4b12-81a4-d22cc16bc506", ConnectionId: "0HNLTDEOJCUPI" }

[16:23:05 INF] Authorization failed. These requirements were not met:
DenyAnonymousAuthorizationRequirement: Requires an authenticated user.
RolesAuthorizationRequirement:User.IsInRole must be true for one of the following roles: (admin) { EventId: { Id: 2, Name: "UserAuthorizationFailed" }, SourceContext: "Microsoft.AspNetCore.Authorization.DefaultAuthorizationService", RequestId: "0HNLTDEOJCUPI:00000002", RequestPath: "/users/26d450ef-cd95-4b12-81a4-d22cc16bc506", ConnectionId: "0HNLTDEOJCUPI" }

[16:23:05 INF] AuthenticationScheme: Bearer was challenged. { EventId: { Id: 12, Name: "AuthenticationSchemeChallenged" }, SourceContext: "Microsoft.AspNetCore.Authentication.JwtBearer.JwtBearerHandler", RequestId: "0HNLTDEOJCUPI:00000002", RequestPath: "/users/26d450ef-cd95-4b12-81a4-d22cc16bc506", ConnectionId: "0HNLTDEOJCUPI" }

[16:24:45 INF] CORS policy execution successful. { EventId: { Id: 4, Name: "PolicySuccess" }, SourceContext: "Microsoft.AspNetCore.Cors.Infrastructure.CorsService", RequestId: "0HNLTDEOJCUPI:00000003", RequestPath: "/users/26d450ef-cd95-4b12-81a4-d22cc16bc506", ConnectionId: "0HNLTDEOJCUPI" }

[16:24:45 INF] Executing endpoint 'HTTP: PUT /users/{id}' { EventId: { Name: "ExecutingEndpoint" }, SourceContext: "Microsoft.AspNetCore.Routing.EndpointMiddleware", RequestId: "0HNLTDEOJCUPI:00000003", RequestPath: "/users/26d450ef-cd95-4b12-81a4-d22cc16bc506", ConnectionId: "0HNLTDEOJCUPI" }

[16:24:45 INF] Executed endpoint 'HTTP: PUT /users/{id}' { EventId: { Id: 1, Name: "ExecutedEndpoint" }, SourceContext: "Microsoft.AspNetCore.Routing.EndpointMiddleware", RequestId: "0HNLTDEOJCUPI:00000003", RequestPath: "/users/26d450ef-cd95-4b12-81a4-d22cc16bc506", ConnectionId: "0HNLTDEOJCUPI" }

[16:29:34 INF] CORS policy execution successful. { EventId: { Id: 4, Name: "PolicySuccess" }, SourceContext: "Microsoft.AspNetCore.Cors.Infrastructure.CorsService", RequestId: "0HNLTDEOJCUPJ:00000001", RequestPath: "/users/26d450ef-cd95-4b12-81a4-d22cc16bc506", ConnectionId: "0HNLTDEOJCUPJ" }

[16:29:34 INF] Executing endpoint 'HTTP: PUT /users/{id}' { EventId: { Name: "ExecutingEndpoint" }, SourceContext: "Microsoft.AspNetCore.Routing.EndpointMiddleware", RequestId: "0HNLTDEOJCUPJ:00000001", RequestPath: "/users/26d450ef-cd95-4b12-81a4-d22cc16bc506", ConnectionId: "0HNLTDEOJCUPJ" }

[16:29:34 INF] Handling UpdateUserCommand { SourceContext: "AppWeaver.Mediator.Behaviors.LoggingBehavior", RequestId: "0HNLTDEOJCUPJ:00000001", RequestPath: "/users/26d450ef-cd95-4b12-81a4-d22cc16bc506", ConnectionId: "0HNLTDEOJCUPJ" }

[16:29:35 WRN] The property 'AuditLog.Metadata' is a collection or enumeration type with a value converter but with no value comparer. Set a value comparer to ensure the collection/enumeration elements are compared correctly. { EventId: { Id: 10620, Name: "Microsoft.EntityFrameworkCore.Model.Validation.CollectionWithoutComparer" }, SourceContext: "Microsoft.EntityFrameworkCore.Model.Validation", RequestId: "0HNLTDEOJCUPJ:00000001", RequestPath: "/users/26d450ef-cd95-4b12-81a4-d22cc16bc506", ConnectionId: "0HNLTDEOJCUPJ" }

[16:29:35 INF] Handled UpdateUserCommand { SourceContext: "AppWeaver.Mediator.Behaviors.LoggingBehavior", RequestId: "0HNLTDEOJCUPJ:00000001", RequestPath: "/users/26d450ef-cd95-4b12-81a4-d22cc16bc506", ConnectionId: "0HNLTDEOJCUPJ" }

[16:29:35 INF] Setting HTTP status code 200. { EventId: { Id: 1, Name: "WritingResultAsStatusCode" }, SourceContext: "Microsoft.AspNetCore.Http.Result.OkObjectResult", RequestId: "0HNLTDEOJCUPJ:00000001", RequestPath: "/users/26d450ef-cd95-4b12-81a4-d22cc16bc506", ConnectionId: "0HNLTDEOJCUPJ" }

[16:29:35 INF] Writing value of type 'Boolean' as Json. { EventId: { Id: 3, Name: "WritingResultAsJson" }, SourceContext: "Microsoft.AspNetCore.Http.Result.OkObjectResult", RequestId: "0HNLTDEOJCUPJ:00000001", RequestPath: "/users/26d450ef-cd95-4b12-81a4-d22cc16bc506", ConnectionId: "0HNLTDEOJCUPJ" }

[16:29:35 INF] Executed endpoint 'HTTP: PUT /users/{id}' { EventId: { Id: 1, Name: "ExecutedEndpoint" }, SourceContext: "Microsoft.AspNetCore.Routing.EndpointMiddleware", RequestId: "0HNLTDEOJCUPJ:00000001", RequestPath: "/users/26d450ef-cd95-4b12-81a4-d22cc16bc506", ConnectionId: "0HNLTDEOJCUPJ" }

[16:29:46 INF] CORS policy execution successful. { EventId: { Id: 4, Name: "PolicySuccess" }, SourceContext: "Microsoft.AspNetCore.Cors.Infrastructure.CorsService", RequestId: "0HNLTDEOJCUPK:00000001", RequestPath: "/users", ConnectionId: "0HNLTDEOJCUPK" }

[16:29:46 INF] CORS policy execution successful. { EventId: { Id: 4, Name: "PolicySuccess" }, SourceContext: "Microsoft.AspNetCore.Cors.Infrastructure.CorsService", RequestId: "0HNLTDEOJCUPL:00000001", RequestPath: "/roles", ConnectionId: "0HNLTDEOJCUPL" }

[16:29:46 INF] CORS policy execution successful. { EventId: { Id: 4, Name: "PolicySuccess" }, SourceContext: "Microsoft.AspNetCore.Cors.Infrastructure.CorsService", RequestId: "0HNLTDEOJCUPM:00000001", RequestPath: "/departments", ConnectionId: "0HNLTDEOJCUPM" }

[16:29:46 INF] CORS policy execution successful. { EventId: { Id: 4, Name: "PolicySuccess" }, SourceContext: "Microsoft.AspNetCore.Cors.Infrastructure.CorsService", RequestId: "0HNLTDEOJCUPM:00000002", RequestPath: "/roles", ConnectionId: "0HNLTDEOJCUPM" }

[16:29:46 INF] CORS policy execution successful. { EventId: { Id: 4, Name: "PolicySuccess" }, SourceContext: "Microsoft.AspNetCore.Cors.Infrastructure.CorsService", RequestId: "0HNLTDEOJCUPL:00000002", RequestPath: "/departments", ConnectionId: "0HNLTDEOJCUPL" }

[16:29:46 INF] CORS policy execution successful. { EventId: { Id: 4, Name: "PolicySuccess" }, SourceContext: "Microsoft.AspNetCore.Cors.Infrastructure.CorsService", RequestId: "0HNLTDEOJCUPK:00000002", RequestPath: "/users", ConnectionId: "0HNLTDEOJCUPK" }

[16:29:46 INF] Executing endpoint 'HTTP: GET /departments' { EventId: { Name: "ExecutingEndpoint" }, SourceContext: "Microsoft.AspNetCore.Routing.EndpointMiddleware", RequestId: "0HNLTDEOJCUPL:00000002", RequestPath: "/departments", ConnectionId: "0HNLTDEOJCUPL" }

[16:29:46 INF] Executing endpoint 'HTTP: GET /roles' { EventId: { Name: "ExecutingEndpoint" }, SourceContext: "Microsoft.AspNetCore.Routing.EndpointMiddleware", RequestId: "0HNLTDEOJCUPM:00000002", RequestPath: "/roles", ConnectionId: "0HNLTDEOJCUPM" }

[16:29:46 INF] Executing endpoint 'HTTP: GET /users' { EventId: { Name: "ExecutingEndpoint" }, SourceContext: "Microsoft.AspNetCore.Routing.EndpointMiddleware", RequestId: "0HNLTDEOJCUPK:00000002", RequestPath: "/users", ConnectionId: "0HNLTDEOJCUPK" }

[16:29:46 INF] Handling GetDepartmentsQuery { SourceContext: "AppWeaver.Mediator.Behaviors.LoggingBehavior", RequestId: "0HNLTDEOJCUPL:00000002", RequestPath: "/departments", ConnectionId: "0HNLTDEOJCUPL" }

[16:29:46 INF] Handling GetRolesQuery { SourceContext: "AppWeaver.Mediator.Behaviors.LoggingBehavior", RequestId: "0HNLTDEOJCUPM:00000002", RequestPath: "/roles", ConnectionId: "0HNLTDEOJCUPM" }

[16:29:46 INF] Handling GetUsersQuery { SourceContext: "AppWeaver.Mediator.Behaviors.LoggingBehavior", RequestId: "0HNLTDEOJCUPK:00000002", RequestPath: "/users", ConnectionId: "0HNLTDEOJCUPK" }

[16:29:46 INF] Handled GetUsersQuery { SourceContext: "AppWeaver.Mediator.Behaviors.LoggingBehavior", RequestId: "0HNLTDEOJCUPK:00000002", RequestPath: "/users", ConnectionId: "0HNLTDEOJCUPK" }

[16:29:46 INF] Setting HTTP status code 200. { EventId: { Id: 1, Name: "WritingResultAsStatusCode" }, SourceContext: "Microsoft.AspNetCore.Http.Result.OkObjectResult", RequestId: "0HNLTDEOJCUPK:00000002", RequestPath: "/users", ConnectionId: "0HNLTDEOJCUPK" }

[16:29:46 INF] Writing value of type 'List`1' as Json. { EventId: { Id: 3, Name: "WritingResultAsJson" }, SourceContext: "Microsoft.AspNetCore.Http.Result.OkObjectResult", RequestId: "0HNLTDEOJCUPK:00000002", RequestPath: "/users", ConnectionId: "0HNLTDEOJCUPK" }

[16:29:46 INF] Executed endpoint 'HTTP: GET /users' { EventId: { Id: 1, Name: "ExecutedEndpoint" }, SourceContext: "Microsoft.AspNetCore.Routing.EndpointMiddleware", RequestId: "0HNLTDEOJCUPK:00000002", RequestPath: "/users", ConnectionId: "0HNLTDEOJCUPK" }

[16:29:46 INF] Handled GetRolesQuery { SourceContext: "AppWeaver.Mediator.Behaviors.LoggingBehavior", RequestId: "0HNLTDEOJCUPM:00000002", RequestPath: "/roles", ConnectionId: "0HNLTDEOJCUPM" }

[16:29:46 INF] Handled GetDepartmentsQuery { SourceContext: "AppWeaver.Mediator.Behaviors.LoggingBehavior", RequestId: "0HNLTDEOJCUPL:00000002", RequestPath: "/departments", ConnectionId: "0HNLTDEOJCUPL" }

[16:29:46 INF] Executed endpoint 'HTTP: GET /roles' { EventId: { Id: 1, Name: "ExecutedEndpoint" }, SourceContext: "Microsoft.AspNetCore.Routing.EndpointMiddleware", RequestId: "0HNLTDEOJCUPM:00000002", RequestPath: "/roles", ConnectionId: "0HNLTDEOJCUPM" }

[16:29:46 INF] Executed endpoint 'HTTP: GET /departments' { EventId: { Id: 1, Name: "ExecutedEndpoint" }, SourceContext: "Microsoft.AspNetCore.Routing.EndpointMiddleware", RequestId: "0HNLTDEOJCUPL:00000002", RequestPath: "/departments", ConnectionId: "0HNLTDEOJCUPL" }

[16:34:45 INF] CORS policy execution successful. { EventId: { Id: 4, Name: "PolicySuccess" }, SourceContext: "Microsoft.AspNetCore.Cors.Infrastructure.CorsService", RequestId: "0HNLTDEOJCUPN:00000001", RequestPath: "/roles", ConnectionId: "0HNLTDEOJCUPN" }

[16:34:45 INF] CORS policy execution successful. { EventId: { Id: 4, Name: "PolicySuccess" }, SourceContext: "Microsoft.AspNetCore.Cors.Infrastructure.CorsService", RequestId: "0HNLTDEOJCUPO:00000001", RequestPath: "/users", ConnectionId: "0HNLTDEOJCUPO" }

[16:34:45 INF] CORS policy execution successful. { EventId: { Id: 4, Name: "PolicySuccess" }, SourceContext: "Microsoft.AspNetCore.Cors.Infrastructure.CorsService", RequestId: "0HNLTDEOJCUPP:00000001", RequestPath: "/departments", ConnectionId: "0HNLTDEOJCUPP" }

[16:34:45 INF] CORS policy execution successful. { EventId: { Id: 4, Name: "PolicySuccess" }, SourceContext: "Microsoft.AspNetCore.Cors.Infrastructure.CorsService", RequestId: "0HNLTDEOJCUPP:00000002", RequestPath: "/users", ConnectionId: "0HNLTDEOJCUPP" }

[16:34:45 INF] CORS policy execution successful. { EventId: { Id: 4, Name: "PolicySuccess" }, SourceContext: "Microsoft.AspNetCore.Cors.Infrastructure.CorsService", RequestId: "0HNLTDEOJCUPO:00000002", RequestPath: "/roles", ConnectionId: "0HNLTDEOJCUPO" }

[16:34:45 INF] CORS policy execution successful. { EventId: { Id: 4, Name: "PolicySuccess" }, SourceContext: "Microsoft.AspNetCore.Cors.Infrastructure.CorsService", RequestId: "0HNLTDEOJCUPN:00000002", RequestPath: "/departments", ConnectionId: "0HNLTDEOJCUPN" }

[16:34:45 INF] Executing endpoint 'HTTP: GET /users' { EventId: { Name: "ExecutingEndpoint" }, SourceContext: "Microsoft.AspNetCore.Routing.EndpointMiddleware", RequestId: "0HNLTDEOJCUPP:00000002", RequestPath: "/users", ConnectionId: "0HNLTDEOJCUPP" }

[16:34:45 INF] Executing endpoint 'HTTP: GET /roles' { EventId: { Name: "ExecutingEndpoint" }, SourceContext: "Microsoft.AspNetCore.Routing.EndpointMiddleware", RequestId: "0HNLTDEOJCUPO:00000002", RequestPath: "/roles", ConnectionId: "0HNLTDEOJCUPO" }

[16:34:45 INF] Handling GetRolesQuery { SourceContext: "AppWeaver.Mediator.Behaviors.LoggingBehavior", RequestId: "0HNLTDEOJCUPO:00000002", RequestPath: "/roles", ConnectionId: "0HNLTDEOJCUPO" }

[16:34:45 INF] Executing endpoint 'HTTP: GET /departments' { EventId: { Name: "ExecutingEndpoint" }, SourceContext: "Microsoft.AspNetCore.Routing.EndpointMiddleware", RequestId: "0HNLTDEOJCUPN:00000002", RequestPath: "/departments", ConnectionId: "0HNLTDEOJCUPN" }

[16:34:45 INF] Handling GetDepartmentsQuery { SourceContext: "AppWeaver.Mediator.Behaviors.LoggingBehavior", RequestId: "0HNLTDEOJCUPN:00000002", RequestPath: "/departments", ConnectionId: "0HNLTDEOJCUPN" }

[16:34:45 INF] Handling GetUsersQuery { SourceContext: "AppWeaver.Mediator.Behaviors.LoggingBehavior", RequestId: "0HNLTDEOJCUPP:00000002", RequestPath: "/users", ConnectionId: "0HNLTDEOJCUPP" }

[16:34:45 INF] Handled GetRolesQuery { SourceContext: "AppWeaver.Mediator.Behaviors.LoggingBehavior", RequestId: "0HNLTDEOJCUPO:00000002", RequestPath: "/roles", ConnectionId: "0HNLTDEOJCUPO" }

[16:34:45 INF] Handled GetDepartmentsQuery { SourceContext: "AppWeaver.Mediator.Behaviors.LoggingBehavior", RequestId: "0HNLTDEOJCUPN:00000002", RequestPath: "/departments", ConnectionId: "0HNLTDEOJCUPN" }

[16:34:45 INF] Executed endpoint 'HTTP: GET /roles' { EventId: { Id: 1, Name: "ExecutedEndpoint" }, SourceContext: "Microsoft.AspNetCore.Routing.EndpointMiddleware", RequestId: "0HNLTDEOJCUPO:00000002", RequestPath: "/roles", ConnectionId: "0HNLTDEOJCUPO" }

[16:34:45 INF] Executed endpoint 'HTTP: GET /departments' { EventId: { Id: 1, Name: "ExecutedEndpoint" }, SourceContext: "Microsoft.AspNetCore.Routing.EndpointMiddleware", RequestId: "0HNLTDEOJCUPN:00000002", RequestPath: "/departments", ConnectionId: "0HNLTDEOJCUPN" }

[16:34:45 INF] Handled GetUsersQuery { SourceContext: "AppWeaver.Mediator.Behaviors.LoggingBehavior", RequestId: "0HNLTDEOJCUPP:00000002", RequestPath: "/users", ConnectionId: "0HNLTDEOJCUPP" }

[16:34:45 INF] Setting HTTP status code 200. { EventId: { Id: 1, Name: "WritingResultAsStatusCode" }, SourceContext: "Microsoft.AspNetCore.Http.Result.OkObjectResult", RequestId: "0HNLTDEOJCUPP:00000002", RequestPath: "/users", ConnectionId: "0HNLTDEOJCUPP" }

[16:34:45 INF] Writing value of type 'List`1' as Json. { EventId: { Id: 3, Name: "WritingResultAsJson" }, SourceContext: "Microsoft.AspNetCore.Http.Result.OkObjectResult", RequestId: "0HNLTDEOJCUPP:00000002", RequestPath: "/users", ConnectionId: "0HNLTDEOJCUPP" }

[16:34:45 INF] Executed endpoint 'HTTP: GET /users' { EventId: { Id: 1, Name: "ExecutedEndpoint" }, SourceContext: "Microsoft.AspNetCore.Routing.EndpointMiddleware", RequestId: "0HNLTDEOJCUPP:00000002", RequestPath: "/users", ConnectionId: "0HNLTDEOJCUPP" }

[16:36:17 INF] CORS policy execution successful. { EventId: { Id: 4, Name: "PolicySuccess" }, SourceContext: "Microsoft.AspNetCore.Cors.Infrastructure.CorsService", RequestId: "0HNLTDEOJCUPP:00000003", RequestPath: "/users", ConnectionId: "0HNLTDEOJCUPP" }

[16:36:17 INF] CORS policy execution successful. { EventId: { Id: 4, Name: "PolicySuccess" }, SourceContext: "Microsoft.AspNetCore.Cors.Infrastructure.CorsService", RequestId: "0HNLTDEOJCUPO:00000003", RequestPath: "/roles", ConnectionId: "0HNLTDEOJCUPO" }

[16:36:17 INF] CORS policy execution successful. { EventId: { Id: 4, Name: "PolicySuccess" }, SourceContext: "Microsoft.AspNetCore.Cors.Infrastructure.CorsService", RequestId: "0HNLTDEOJCUPP:00000004", RequestPath: "/departments", ConnectionId: "0HNLTDEOJCUPP" }

[16:36:17 INF] CORS policy execution successful. { EventId: { Id: 4, Name: "PolicySuccess" }, SourceContext: "Microsoft.AspNetCore.Cors.Infrastructure.CorsService", RequestId: "0HNLTDEOJCUPN:00000003", RequestPath: "/users", ConnectionId: "0HNLTDEOJCUPN" }

[16:36:17 INF] Executing endpoint 'HTTP: GET /users' { EventId: { Name: "ExecutingEndpoint" }, SourceContext: "Microsoft.AspNetCore.Routing.EndpointMiddleware", RequestId: "0HNLTDEOJCUPN:00000003", RequestPath: "/users", ConnectionId: "0HNLTDEOJCUPN" }

[16:36:17 INF] Handling GetUsersQuery { SourceContext: "AppWeaver.Mediator.Behaviors.LoggingBehavior", RequestId: "0HNLTDEOJCUPN:00000003", RequestPath: "/users", ConnectionId: "0HNLTDEOJCUPN" }

[16:36:17 INF] CORS policy execution successful. { EventId: { Id: 4, Name: "PolicySuccess" }, SourceContext: "Microsoft.AspNetCore.Cors.Infrastructure.CorsService", RequestId: "0HNLTDEOJCUPO:00000004", RequestPath: "/roles", ConnectionId: "0HNLTDEOJCUPO" }

[16:36:17 INF] Executing endpoint 'HTTP: GET /roles' { EventId: { Name: "ExecutingEndpoint" }, SourceContext: "Microsoft.AspNetCore.Routing.EndpointMiddleware", RequestId: "0HNLTDEOJCUPO:00000004", RequestPath: "/roles", ConnectionId: "0HNLTDEOJCUPO" }

[16:36:17 INF] CORS policy execution successful. { EventId: { Id: 4, Name: "PolicySuccess" }, SourceContext: "Microsoft.AspNetCore.Cors.Infrastructure.CorsService", RequestId: "0HNLTDEOJCUPP:00000005", RequestPath: "/departments", ConnectionId: "0HNLTDEOJCUPP" }

[16:36:17 INF] Handling GetRolesQuery { SourceContext: "AppWeaver.Mediator.Behaviors.LoggingBehavior", RequestId: "0HNLTDEOJCUPO:00000004", RequestPath: "/roles", ConnectionId: "0HNLTDEOJCUPO" }

[16:36:17 INF] Executing endpoint 'HTTP: GET /departments' { EventId: { Name: "ExecutingEndpoint" }, SourceContext: "Microsoft.AspNetCore.Routing.EndpointMiddleware", RequestId: "0HNLTDEOJCUPP:00000005", RequestPath: "/departments", ConnectionId: "0HNLTDEOJCUPP" }

[16:36:17 INF] Handling GetDepartmentsQuery { SourceContext: "AppWeaver.Mediator.Behaviors.LoggingBehavior", RequestId: "0HNLTDEOJCUPP:00000005", RequestPath: "/departments", ConnectionId: "0HNLTDEOJCUPP" }

[16:36:17 INF] Handled GetDepartmentsQuery { SourceContext: "AppWeaver.Mediator.Behaviors.LoggingBehavior", RequestId: "0HNLTDEOJCUPP:00000005", RequestPath: "/departments", ConnectionId: "0HNLTDEOJCUPP" }

[16:36:17 INF] Handled GetRolesQuery { SourceContext: "AppWeaver.Mediator.Behaviors.LoggingBehavior", RequestId: "0HNLTDEOJCUPO:00000004", RequestPath: "/roles", ConnectionId: "0HNLTDEOJCUPO" }

[16:36:17 INF] Executed endpoint 'HTTP: GET /departments' { EventId: { Id: 1, Name: "ExecutedEndpoint" }, SourceContext: "Microsoft.AspNetCore.Routing.EndpointMiddleware", RequestId: "0HNLTDEOJCUPP:00000005", RequestPath: "/departments", ConnectionId: "0HNLTDEOJCUPP" }

[16:36:17 INF] Executed endpoint 'HTTP: GET /roles' { EventId: { Id: 1, Name: "ExecutedEndpoint" }, SourceContext: "Microsoft.AspNetCore.Routing.EndpointMiddleware", RequestId: "0HNLTDEOJCUPO:00000004", RequestPath: "/roles", ConnectionId: "0HNLTDEOJCUPO" }

[16:36:17 INF] Handled GetUsersQuery { SourceContext: "AppWeaver.Mediator.Behaviors.LoggingBehavior", RequestId: "0HNLTDEOJCUPN:00000003", RequestPath: "/users", ConnectionId: "0HNLTDEOJCUPN" }

[16:36:17 INF] Setting HTTP status code 200. { EventId: { Id: 1, Name: "WritingResultAsStatusCode" }, SourceContext: "Microsoft.AspNetCore.Http.Result.OkObjectResult", RequestId: "0HNLTDEOJCUPN:00000003", RequestPath: "/users", ConnectionId: "0HNLTDEOJCUPN" }

[16:36:17 INF] Writing value of type 'List`1' as Json. { EventId: { Id: 3, Name: "WritingResultAsJson" }, SourceContext: "Microsoft.AspNetCore.Http.Result.OkObjectResult", RequestId: "0HNLTDEOJCUPN:00000003", RequestPath: "/users", ConnectionId: "0HNLTDEOJCUPN" }

[16:36:17 INF] Executed endpoint 'HTTP: GET /users' { EventId: { Id: 1, Name: "ExecutedEndpoint" }, SourceContext: "Microsoft.AspNetCore.Routing.EndpointMiddleware", RequestId: "0HNLTDEOJCUPN:00000003", RequestPath: "/users", ConnectionId: "0HNLTDEOJCUPN" }

[16:36:29 INF] CORS policy execution successful. { EventId: { Id: 4, Name: "PolicySuccess" }, SourceContext: "Microsoft.AspNetCore.Cors.Infrastructure.CorsService", RequestId: "0HNLTDEOJCUPP:00000006", RequestPath: "/users", ConnectionId: "0HNLTDEOJCUPP" }

[16:36:29 INF] CORS policy execution successful. { EventId: { Id: 4, Name: "PolicySuccess" }, SourceContext: "Microsoft.AspNetCore.Cors.Infrastructure.CorsService", RequestId: "0HNLTDEOJCUPN:00000004", RequestPath: "/users", ConnectionId: "0HNLTDEOJCUPN" }

[16:36:29 INF] CORS policy execution successful. { EventId: { Id: 4, Name: "PolicySuccess" }, SourceContext: "Microsoft.AspNetCore.Cors.Infrastructure.CorsService", RequestId: "0HNLTDEOJCUPP:00000007", RequestPath: "/roles", ConnectionId: "0HNLTDEOJCUPP" }

[16:36:29 INF] CORS policy execution successful. { EventId: { Id: 4, Name: "PolicySuccess" }, SourceContext: "Microsoft.AspNetCore.Cors.Infrastructure.CorsService", RequestId: "0HNLTDEOJCUPO:00000005", RequestPath: "/departments", ConnectionId: "0HNLTDEOJCUPO" }

[16:36:29 INF] Executing endpoint 'HTTP: GET /users' { EventId: { Name: "ExecutingEndpoint" }, SourceContext: "Microsoft.AspNetCore.Routing.EndpointMiddleware", RequestId: "0HNLTDEOJCUPN:00000004", RequestPath: "/users", ConnectionId: "0HNLTDEOJCUPN" }

[16:36:29 INF] Handling GetUsersQuery { SourceContext: "AppWeaver.Mediator.Behaviors.LoggingBehavior", RequestId: "0HNLTDEOJCUPN:00000004", RequestPath: "/users", ConnectionId: "0HNLTDEOJCUPN" }

[16:36:29 INF] CORS policy execution successful. { EventId: { Id: 4, Name: "PolicySuccess" }, SourceContext: "Microsoft.AspNetCore.Cors.Infrastructure.CorsService", RequestId: "0HNLTDEOJCUPO:00000006", RequestPath: "/roles", ConnectionId: "0HNLTDEOJCUPO" }

[16:36:29 INF] CORS policy execution successful. { EventId: { Id: 4, Name: "PolicySuccess" }, SourceContext: "Microsoft.AspNetCore.Cors.Infrastructure.CorsService", RequestId: "0HNLTDEOJCUPP:00000008", RequestPath: "/departments", ConnectionId: "0HNLTDEOJCUPP" }

[16:36:29 INF] Executing endpoint 'HTTP: GET /roles' { EventId: { Name: "ExecutingEndpoint" }, SourceContext: "Microsoft.AspNetCore.Routing.EndpointMiddleware", RequestId: "0HNLTDEOJCUPO:00000006", RequestPath: "/roles", ConnectionId: "0HNLTDEOJCUPO" }

[16:36:29 INF] Executing endpoint 'HTTP: GET /departments' { EventId: { Name: "ExecutingEndpoint" }, SourceContext: "Microsoft.AspNetCore.Routing.EndpointMiddleware", RequestId: "0HNLTDEOJCUPP:00000008", RequestPath: "/departments", ConnectionId: "0HNLTDEOJCUPP" }

[16:36:29 INF] Handling GetRolesQuery { SourceContext: "AppWeaver.Mediator.Behaviors.LoggingBehavior", RequestId: "0HNLTDEOJCUPO:00000006", RequestPath: "/roles", ConnectionId: "0HNLTDEOJCUPO" }

[16:36:29 INF] Handling GetDepartmentsQuery { SourceContext: "AppWeaver.Mediator.Behaviors.LoggingBehavior", RequestId: "0HNLTDEOJCUPP:00000008", RequestPath: "/departments", ConnectionId: "0HNLTDEOJCUPP" }

[16:36:29 INF] Handled GetUsersQuery { SourceContext: "AppWeaver.Mediator.Behaviors.LoggingBehavior", RequestId: "0HNLTDEOJCUPN:00000004", RequestPath: "/users", ConnectionId: "0HNLTDEOJCUPN" }

[16:36:29 INF] Setting HTTP status code 200. { EventId: { Id: 1, Name: "WritingResultAsStatusCode" }, SourceContext: "Microsoft.AspNetCore.Http.Result.OkObjectResult", RequestId: "0HNLTDEOJCUPN:00000004", RequestPath: "/users", ConnectionId: "0HNLTDEOJCUPN" }

[16:36:29 INF] Handled GetRolesQuery { SourceContext: "AppWeaver.Mediator.Behaviors.LoggingBehavior", RequestId: "0HNLTDEOJCUPO:00000006", RequestPath: "/roles", ConnectionId: "0HNLTDEOJCUPO" }

[16:36:29 INF] Writing value of type 'List`1' as Json. { EventId: { Id: 3, Name: "WritingResultAsJson" }, SourceContext: "Microsoft.AspNetCore.Http.Result.OkObjectResult", RequestId: "0HNLTDEOJCUPN:00000004", RequestPath: "/users", ConnectionId: "0HNLTDEOJCUPN" }

[16:36:29 INF] Executed endpoint 'HTTP: GET /roles' { EventId: { Id: 1, Name: "ExecutedEndpoint" }, SourceContext: "Microsoft.AspNetCore.Routing.EndpointMiddleware", RequestId: "0HNLTDEOJCUPO:00000006", RequestPath: "/roles", ConnectionId: "0HNLTDEOJCUPO" }

[16:36:29 INF] Executed endpoint 'HTTP: GET /users' { EventId: { Id: 1, Name: "ExecutedEndpoint" }, SourceContext: "Microsoft.AspNetCore.Routing.EndpointMiddleware", RequestId: "0HNLTDEOJCUPN:00000004", RequestPath: "/users", ConnectionId: "0HNLTDEOJCUPN" }

[16:36:29 INF] Handled GetDepartmentsQuery { SourceContext: "AppWeaver.Mediator.Behaviors.LoggingBehavior", RequestId: "0HNLTDEOJCUPP:00000008", RequestPath: "/departments", ConnectionId: "0HNLTDEOJCUPP" }

[16:36:29 INF] Executed endpoint 'HTTP: GET /departments' { EventId: { Id: 1, Name: "ExecutedEndpoint" }, SourceContext: "Microsoft.AspNetCore.Routing.EndpointMiddleware", RequestId: "0HNLTDEOJCUPP:00000008", RequestPath: "/departments", ConnectionId: "0HNLTDEOJCUPP" }

[16:37:28 INF] CORS policy execution successful. { EventId: { Id: 4, Name: "PolicySuccess" }, SourceContext: "Microsoft.AspNetCore.Cors.Infrastructure.CorsService", RequestId: "0HNLTDEOJCUPP:00000009", RequestPath: "/users", ConnectionId: "0HNLTDEOJCUPP" }

[16:37:28 INF] CORS policy execution successful. { EventId: { Id: 4, Name: "PolicySuccess" }, SourceContext: "Microsoft.AspNetCore.Cors.Infrastructure.CorsService", RequestId: "0HNLTDEOJCUPP:0000000A", RequestPath: "/roles", ConnectionId: "0HNLTDEOJCUPP" }

[16:37:28 INF] CORS policy execution successful. { EventId: { Id: 4, Name: "PolicySuccess" }, SourceContext: "Microsoft.AspNetCore.Cors.Infrastructure.CorsService", RequestId: "0HNLTDEOJCUPO:00000007", RequestPath: "/users", ConnectionId: "0HNLTDEOJCUPO" }

[16:37:28 INF] CORS policy execution successful. { EventId: { Id: 4, Name: "PolicySuccess" }, SourceContext: "Microsoft.AspNetCore.Cors.Infrastructure.CorsService", RequestId: "0HNLTDEOJCUPN:00000005", RequestPath: "/departments", ConnectionId: "0HNLTDEOJCUPN" }

[16:37:28 INF] Executing endpoint 'HTTP: GET /users' { EventId: { Name: "ExecutingEndpoint" }, SourceContext: "Microsoft.AspNetCore.Routing.EndpointMiddleware", RequestId: "0HNLTDEOJCUPO:00000007", RequestPath: "/users", ConnectionId: "0HNLTDEOJCUPO" }

[16:37:28 INF] Handling GetUsersQuery { SourceContext: "AppWeaver.Mediator.Behaviors.LoggingBehavior", RequestId: "0HNLTDEOJCUPO:00000007", RequestPath: "/users", ConnectionId: "0HNLTDEOJCUPO" }

[16:37:28 INF] CORS policy execution successful. { EventId: { Id: 4, Name: "PolicySuccess" }, SourceContext: "Microsoft.AspNetCore.Cors.Infrastructure.CorsService", RequestId: "0HNLTDEOJCUPP:0000000B", RequestPath: "/departments", ConnectionId: "0HNLTDEOJCUPP" }

[16:37:28 INF] CORS policy execution successful. { EventId: { Id: 4, Name: "PolicySuccess" }, SourceContext: "Microsoft.AspNetCore.Cors.Infrastructure.CorsService", RequestId: "0HNLTDEOJCUPN:00000006", RequestPath: "/roles", ConnectionId: "0HNLTDEOJCUPN" }

[16:37:28 INF] Executing endpoint 'HTTP: GET /roles' { EventId: { Name: "ExecutingEndpoint" }, SourceContext: "Microsoft.AspNetCore.Routing.EndpointMiddleware", RequestId: "0HNLTDEOJCUPN:00000006", RequestPath: "/roles", ConnectionId: "0HNLTDEOJCUPN" }

[16:37:28 INF] Executing endpoint 'HTTP: GET /departments' { EventId: { Name: "ExecutingEndpoint" }, SourceContext: "Microsoft.AspNetCore.Routing.EndpointMiddleware", RequestId: "0HNLTDEOJCUPP:0000000B", RequestPath: "/departments", ConnectionId: "0HNLTDEOJCUPP" }

[16:37:28 INF] Handling GetRolesQuery { SourceContext: "AppWeaver.Mediator.Behaviors.LoggingBehavior", RequestId: "0HNLTDEOJCUPN:00000006", RequestPath: "/roles", ConnectionId: "0HNLTDEOJCUPN" }

[16:37:28 INF] Handling GetDepartmentsQuery { SourceContext: "AppWeaver.Mediator.Behaviors.LoggingBehavior", RequestId: "0HNLTDEOJCUPP:0000000B", RequestPath: "/departments", ConnectionId: "0HNLTDEOJCUPP" }

[16:37:28 INF] Handled GetRolesQuery { SourceContext: "AppWeaver.Mediator.Behaviors.LoggingBehavior", RequestId: "0HNLTDEOJCUPN:00000006", RequestPath: "/roles", ConnectionId: "0HNLTDEOJCUPN" }

[16:37:28 INF] Handled GetUsersQuery { SourceContext: "AppWeaver.Mediator.Behaviors.LoggingBehavior", RequestId: "0HNLTDEOJCUPO:00000007", RequestPath: "/users", ConnectionId: "0HNLTDEOJCUPO" }

[16:37:28 INF] Handled GetDepartmentsQuery { SourceContext: "AppWeaver.Mediator.Behaviors.LoggingBehavior", RequestId: "0HNLTDEOJCUPP:0000000B", RequestPath: "/departments", ConnectionId: "0HNLTDEOJCUPP" }

[16:37:28 INF] Setting HTTP status code 200. { EventId: { Id: 1, Name: "WritingResultAsStatusCode" }, SourceContext: "Microsoft.AspNetCore.Http.Result.OkObjectResult", RequestId: "0HNLTDEOJCUPO:00000007", RequestPath: "/users", ConnectionId: "0HNLTDEOJCUPO" }

[16:37:28 INF] Writing value of type 'List`1' as Json. { EventId: { Id: 3, Name: "WritingResultAsJson" }, SourceContext: "Microsoft.AspNetCore.Http.Result.OkObjectResult", RequestId: "0HNLTDEOJCUPO:00000007", RequestPath: "/users", ConnectionId: "0HNLTDEOJCUPO" }

[16:37:28 INF] Executed endpoint 'HTTP: GET /departments' { EventId: { Id: 1, Name: "ExecutedEndpoint" }, SourceContext: "Microsoft.AspNetCore.Routing.EndpointMiddleware", RequestId: "0HNLTDEOJCUPP:0000000B", RequestPath: "/departments", ConnectionId: "0HNLTDEOJCUPP" }

[16:37:28 INF] Executed endpoint 'HTTP: GET /users' { EventId: { Id: 1, Name: "ExecutedEndpoint" }, SourceContext: "Microsoft.AspNetCore.Routing.EndpointMiddleware", RequestId: "0HNLTDEOJCUPO:00000007", RequestPath: "/users", ConnectionId: "0HNLTDEOJCUPO" }

[16:37:28 INF] Executed endpoint 'HTTP: GET /roles' { EventId: { Id: 1, Name: "ExecutedEndpoint" }, SourceContext: "Microsoft.AspNetCore.Routing.EndpointMiddleware", RequestId: "0HNLTDEOJCUPN:00000006", RequestPath: "/roles", ConnectionId: "0HNLTDEOJCUPN" }

[16:37:39 INF] CORS policy execution successful. { EventId: { Id: 4, Name: "PolicySuccess" }, SourceContext: "Microsoft.AspNetCore.Cors.Infrastructure.CorsService", RequestId: "0HNLTDEOJCUPN:00000007", RequestPath: "/users", ConnectionId: "0HNLTDEOJCUPN" }

[16:37:39 INF] CORS policy execution successful. { EventId: { Id: 4, Name: "PolicySuccess" }, SourceContext: "Microsoft.AspNetCore.Cors.Infrastructure.CorsService", RequestId: "0HNLTDEOJCUPN:00000008", RequestPath: "/users", ConnectionId: "0HNLTDEOJCUPN" }

[16:37:39 INF] Executing endpoint 'HTTP: GET /users' { EventId: { Name: "ExecutingEndpoint" }, SourceContext: "Microsoft.AspNetCore.Routing.EndpointMiddleware", RequestId: "0HNLTDEOJCUPN:00000008", RequestPath: "/users", ConnectionId: "0HNLTDEOJCUPN" }

[16:37:39 INF] Handling GetUsersQuery { SourceContext: "AppWeaver.Mediator.Behaviors.LoggingBehavior", RequestId: "0HNLTDEOJCUPN:00000008", RequestPath: "/users", ConnectionId: "0HNLTDEOJCUPN" }

[16:37:39 INF] CORS policy execution successful. { EventId: { Id: 4, Name: "PolicySuccess" }, SourceContext: "Microsoft.AspNetCore.Cors.Infrastructure.CorsService", RequestId: "0HNLTDEOJCUPP:0000000C", RequestPath: "/roles", ConnectionId: "0HNLTDEOJCUPP" }

[16:37:39 INF] CORS policy execution successful. { EventId: { Id: 4, Name: "PolicySuccess" }, SourceContext: "Microsoft.AspNetCore.Cors.Infrastructure.CorsService", RequestId: "0HNLTDEOJCUPO:00000008", RequestPath: "/departments", ConnectionId: "0HNLTDEOJCUPO" }

[16:37:39 INF] Handled GetUsersQuery { SourceContext: "AppWeaver.Mediator.Behaviors.LoggingBehavior", RequestId: "0HNLTDEOJCUPN:00000008", RequestPath: "/users", ConnectionId: "0HNLTDEOJCUPN" }

[16:37:39 INF] CORS policy execution successful. { EventId: { Id: 4, Name: "PolicySuccess" }, SourceContext: "Microsoft.AspNetCore.Cors.Infrastructure.CorsService", RequestId: "0HNLTDEOJCUPP:0000000D", RequestPath: "/departments", ConnectionId: "0HNLTDEOJCUPP" }

[16:37:39 INF] CORS policy execution successful. { EventId: { Id: 4, Name: "PolicySuccess" }, SourceContext: "Microsoft.AspNetCore.Cors.Infrastructure.CorsService", RequestId: "0HNLTDEOJCUPO:00000009", RequestPath: "/roles", ConnectionId: "0HNLTDEOJCUPO" }

[16:37:39 INF] Setting HTTP status code 200. { EventId: { Id: 1, Name: "WritingResultAsStatusCode" }, SourceContext: "Microsoft.AspNetCore.Http.Result.OkObjectResult", RequestId: "0HNLTDEOJCUPN:00000008", RequestPath: "/users", ConnectionId: "0HNLTDEOJCUPN" }

[16:37:39 INF] Writing value of type 'List`1' as Json. { EventId: { Id: 3, Name: "WritingResultAsJson" }, SourceContext: "Microsoft.AspNetCore.Http.Result.OkObjectResult", RequestId: "0HNLTDEOJCUPN:00000008", RequestPath: "/users", ConnectionId: "0HNLTDEOJCUPN" }

[16:37:39 INF] Executed endpoint 'HTTP: GET /users' { EventId: { Id: 1, Name: "ExecutedEndpoint" }, SourceContext: "Microsoft.AspNetCore.Routing.EndpointMiddleware", RequestId: "0HNLTDEOJCUPN:00000008", RequestPath: "/users", ConnectionId: "0HNLTDEOJCUPN" }

[16:37:39 INF] Executing endpoint 'HTTP: GET /roles' { EventId: { Name: "ExecutingEndpoint" }, SourceContext: "Microsoft.AspNetCore.Routing.EndpointMiddleware", RequestId: "0HNLTDEOJCUPO:00000009", RequestPath: "/roles", ConnectionId: "0HNLTDEOJCUPO" }

[16:37:39 INF] Executing endpoint 'HTTP: GET /departments' { EventId: { Name: "ExecutingEndpoint" }, SourceContext: "Microsoft.AspNetCore.Routing.EndpointMiddleware", RequestId: "0HNLTDEOJCUPP:0000000D", RequestPath: "/departments", ConnectionId: "0HNLTDEOJCUPP" }

[16:37:39 INF] Handling GetRolesQuery { SourceContext: "AppWeaver.Mediator.Behaviors.LoggingBehavior", RequestId: "0HNLTDEOJCUPO:00000009", RequestPath: "/roles", ConnectionId: "0HNLTDEOJCUPO" }

[16:37:39 INF] Handling GetDepartmentsQuery { SourceContext: "AppWeaver.Mediator.Behaviors.LoggingBehavior", RequestId: "0HNLTDEOJCUPP:0000000D", RequestPath: "/departments", ConnectionId: "0HNLTDEOJCUPP" }

[16:37:39 INF] Handled GetRolesQuery { SourceContext: "AppWeaver.Mediator.Behaviors.LoggingBehavior", RequestId: "0HNLTDEOJCUPO:00000009", RequestPath: "/roles", ConnectionId: "0HNLTDEOJCUPO" }

[16:37:39 INF] Handled GetDepartmentsQuery { SourceContext: "AppWeaver.Mediator.Behaviors.LoggingBehavior", RequestId: "0HNLTDEOJCUPP:0000000D", RequestPath: "/departments", ConnectionId: "0HNLTDEOJCUPP" }

[16:37:39 INF] Executed endpoint 'HTTP: GET /roles' { EventId: { Id: 1, Name: "ExecutedEndpoint" }, SourceContext: "Microsoft.AspNetCore.Routing.EndpointMiddleware", RequestId: "0HNLTDEOJCUPO:00000009", RequestPath: "/roles", ConnectionId: "0HNLTDEOJCUPO" }

[16:37:39 INF] Executed endpoint 'HTTP: GET /departments' { EventId: { Id: 1, Name: "ExecutedEndpoint" }, SourceContext: "Microsoft.AspNetCore.Routing.EndpointMiddleware", RequestId: "0HNLTDEOJCUPP:0000000D", RequestPath: "/departments", ConnectionId: "0HNLTDEOJCUPP" }

[16:37:58 INF] CORS policy execution successful. { EventId: { Id: 4, Name: "PolicySuccess" }, SourceContext: "Microsoft.AspNetCore.Cors.Infrastructure.CorsService", RequestId: "0HNLTDEOJCUPO:0000000A", RequestPath: "/users", ConnectionId: "0HNLTDEOJCUPO" }

[16:37:58 INF] CORS policy execution successful. { EventId: { Id: 4, Name: "PolicySuccess" }, SourceContext: "Microsoft.AspNetCore.Cors.Infrastructure.CorsService", RequestId: "0HNLTDEOJCUPP:0000000E", RequestPath: "/roles", ConnectionId: "0HNLTDEOJCUPP" }

[16:37:58 INF] CORS policy execution successful. { EventId: { Id: 4, Name: "PolicySuccess" }, SourceContext: "Microsoft.AspNetCore.Cors.Infrastructure.CorsService", RequestId: "0HNLTDEOJCUPN:00000009", RequestPath: "/departments", ConnectionId: "0HNLTDEOJCUPN" }

[16:37:58 INF] CORS policy execution successful. { EventId: { Id: 4, Name: "PolicySuccess" }, SourceContext: "Microsoft.AspNetCore.Cors.Infrastructure.CorsService", RequestId: "0HNLTDEOJCUPP:0000000F", RequestPath: "/users", ConnectionId: "0HNLTDEOJCUPP" }

[16:37:58 INF] Executing endpoint 'HTTP: GET /users' { EventId: { Name: "ExecutingEndpoint" }, SourceContext: "Microsoft.AspNetCore.Routing.EndpointMiddleware", RequestId: "0HNLTDEOJCUPP:0000000F", RequestPath: "/users", ConnectionId: "0HNLTDEOJCUPP" }

[16:37:58 INF] Handling GetUsersQuery { SourceContext: "AppWeaver.Mediator.Behaviors.LoggingBehavior", RequestId: "0HNLTDEOJCUPP:0000000F", RequestPath: "/users", ConnectionId: "0HNLTDEOJCUPP" }

[16:37:58 INF] CORS policy execution successful. { EventId: { Id: 4, Name: "PolicySuccess" }, SourceContext: "Microsoft.AspNetCore.Cors.Infrastructure.CorsService", RequestId: "0HNLTDEOJCUPN:0000000A", RequestPath: "/roles", ConnectionId: "0HNLTDEOJCUPN" }

[16:37:58 INF] Executing endpoint 'HTTP: GET /roles' { EventId: { Name: "ExecutingEndpoint" }, SourceContext: "Microsoft.AspNetCore.Routing.EndpointMiddleware", RequestId: "0HNLTDEOJCUPN:0000000A", RequestPath: "/roles", ConnectionId: "0HNLTDEOJCUPN" }

[16:37:58 INF] Handling GetRolesQuery { SourceContext: "AppWeaver.Mediator.Behaviors.LoggingBehavior", RequestId: "0HNLTDEOJCUPN:0000000A", RequestPath: "/roles", ConnectionId: "0HNLTDEOJCUPN" }

[16:37:58 INF] CORS policy execution successful. { EventId: { Id: 4, Name: "PolicySuccess" }, SourceContext: "Microsoft.AspNetCore.Cors.Infrastructure.CorsService", RequestId: "0HNLTDEOJCUPO:0000000B", RequestPath: "/departments", ConnectionId: "0HNLTDEOJCUPO" }

[16:37:58 INF] Executing endpoint 'HTTP: GET /departments' { EventId: { Name: "ExecutingEndpoint" }, SourceContext: "Microsoft.AspNetCore.Routing.EndpointMiddleware", RequestId: "0HNLTDEOJCUPO:0000000B", RequestPath: "/departments", ConnectionId: "0HNLTDEOJCUPO" }

[16:37:58 INF] Handling GetDepartmentsQuery { SourceContext: "AppWeaver.Mediator.Behaviors.LoggingBehavior", RequestId: "0HNLTDEOJCUPO:0000000B", RequestPath: "/departments", ConnectionId: "0HNLTDEOJCUPO" }

[16:37:58 INF] Handled GetUsersQuery { SourceContext: "AppWeaver.Mediator.Behaviors.LoggingBehavior", RequestId: "0HNLTDEOJCUPP:0000000F", RequestPath: "/users", ConnectionId: "0HNLTDEOJCUPP" }

[16:37:58 INF] Setting HTTP status code 200. { EventId: { Id: 1, Name: "WritingResultAsStatusCode" }, SourceContext: "Microsoft.AspNetCore.Http.Result.OkObjectResult", RequestId: "0HNLTDEOJCUPP:0000000F", RequestPath: "/users", ConnectionId: "0HNLTDEOJCUPP" }

[16:37:58 INF] Handled GetRolesQuery { SourceContext: "AppWeaver.Mediator.Behaviors.LoggingBehavior", RequestId: "0HNLTDEOJCUPN:0000000A", RequestPath: "/roles", ConnectionId: "0HNLTDEOJCUPN" }

[16:37:58 INF] Writing value of type 'List`1' as Json. { EventId: { Id: 3, Name: "WritingResultAsJson" }, SourceContext: "Microsoft.AspNetCore.Http.Result.OkObjectResult", RequestId: "0HNLTDEOJCUPP:0000000F", RequestPath: "/users", ConnectionId: "0HNLTDEOJCUPP" }

[16:37:58 INF] Executed endpoint 'HTTP: GET /users' { EventId: { Id: 1, Name: "ExecutedEndpoint" }, SourceContext: "Microsoft.AspNetCore.Routing.EndpointMiddleware", RequestId: "0HNLTDEOJCUPP:0000000F", RequestPath: "/users", ConnectionId: "0HNLTDEOJCUPP" }

[16:37:58 INF] Executed endpoint 'HTTP: GET /roles' { EventId: { Id: 1, Name: "ExecutedEndpoint" }, SourceContext: "Microsoft.AspNetCore.Routing.EndpointMiddleware", RequestId: "0HNLTDEOJCUPN:0000000A", RequestPath: "/roles", ConnectionId: "0HNLTDEOJCUPN" }

[16:37:58 INF] Handled GetDepartmentsQuery { SourceContext: "AppWeaver.Mediator.Behaviors.LoggingBehavior", RequestId: "0HNLTDEOJCUPO:0000000B", RequestPath: "/departments", ConnectionId: "0HNLTDEOJCUPO" }

[16:37:58 INF] Executed endpoint 'HTTP: GET /departments' { EventId: { Id: 1, Name: "ExecutedEndpoint" }, SourceContext: "Microsoft.AspNetCore.Routing.EndpointMiddleware", RequestId: "0HNLTDEOJCUPO:0000000B", RequestPath: "/departments", ConnectionId: "0HNLTDEOJCUPO" }

[16:40:10 INF] CORS policy execution successful. { EventId: { Id: 4, Name: "PolicySuccess" }, SourceContext: "Microsoft.AspNetCore.Cors.Infrastructure.CorsService", RequestId: "0HNLTDEOJCUPQ:00000001", RequestPath: "/users", ConnectionId: "0HNLTDEOJCUPQ" }

[16:40:10 INF] CORS policy execution successful. { EventId: { Id: 4, Name: "PolicySuccess" }, SourceContext: "Microsoft.AspNetCore.Cors.Infrastructure.CorsService", RequestId: "0HNLTDEOJCUPR:00000001", RequestPath: "/departments", ConnectionId: "0HNLTDEOJCUPR" }

[16:40:10 INF] CORS policy execution successful. { EventId: { Id: 4, Name: "PolicySuccess" }, SourceContext: "Microsoft.AspNetCore.Cors.Infrastructure.CorsService", RequestId: "0HNLTDEOJCUPS:00000001", RequestPath: "/roles", ConnectionId: "0HNLTDEOJCUPS" }

[16:40:10 INF] CORS policy execution successful. { EventId: { Id: 4, Name: "PolicySuccess" }, SourceContext: "Microsoft.AspNetCore.Cors.Infrastructure.CorsService", RequestId: "0HNLTDEOJCUPS:00000002", RequestPath: "/users", ConnectionId: "0HNLTDEOJCUPS" }

[16:40:10 INF] CORS policy execution successful. { EventId: { Id: 4, Name: "PolicySuccess" }, SourceContext: "Microsoft.AspNetCore.Cors.Infrastructure.CorsService", RequestId: "0HNLTDEOJCUPR:00000002", RequestPath: "/departments", ConnectionId: "0HNLTDEOJCUPR" }

[16:40:10 INF] CORS policy execution successful. { EventId: { Id: 4, Name: "PolicySuccess" }, SourceContext: "Microsoft.AspNetCore.Cors.Infrastructure.CorsService", RequestId: "0HNLTDEOJCUPQ:00000002", RequestPath: "/roles", ConnectionId: "0HNLTDEOJCUPQ" }

[16:40:10 INF] Executing endpoint 'HTTP: GET /roles' { EventId: { Name: "ExecutingEndpoint" }, SourceContext: "Microsoft.AspNetCore.Routing.EndpointMiddleware", RequestId: "0HNLTDEOJCUPQ:00000002", RequestPath: "/roles", ConnectionId: "0HNLTDEOJCUPQ" }

[16:40:10 INF] Executing endpoint 'HTTP: GET /departments' { EventId: { Name: "ExecutingEndpoint" }, SourceContext: "Microsoft.AspNetCore.Routing.EndpointMiddleware", RequestId: "0HNLTDEOJCUPR:00000002", RequestPath: "/departments", ConnectionId: "0HNLTDEOJCUPR" }

[16:40:10 INF] Handling GetRolesQuery { SourceContext: "AppWeaver.Mediator.Behaviors.LoggingBehavior", RequestId: "0HNLTDEOJCUPQ:00000002", RequestPath: "/roles", ConnectionId: "0HNLTDEOJCUPQ" }

[16:40:10 INF] Handling GetDepartmentsQuery { SourceContext: "AppWeaver.Mediator.Behaviors.LoggingBehavior", RequestId: "0HNLTDEOJCUPR:00000002", RequestPath: "/departments", ConnectionId: "0HNLTDEOJCUPR" }

[16:40:10 INF] Executing endpoint 'HTTP: GET /users' { EventId: { Name: "ExecutingEndpoint" }, SourceContext: "Microsoft.AspNetCore.Routing.EndpointMiddleware", RequestId: "0HNLTDEOJCUPS:00000002", RequestPath: "/users", ConnectionId: "0HNLTDEOJCUPS" }

[16:40:10 INF] Handling GetUsersQuery { SourceContext: "AppWeaver.Mediator.Behaviors.LoggingBehavior", RequestId: "0HNLTDEOJCUPS:00000002", RequestPath: "/users", ConnectionId: "0HNLTDEOJCUPS" }

[16:40:10 INF] Handled GetDepartmentsQuery { SourceContext: "AppWeaver.Mediator.Behaviors.LoggingBehavior", RequestId: "0HNLTDEOJCUPR:00000002", RequestPath: "/departments", ConnectionId: "0HNLTDEOJCUPR" }

[16:40:10 INF] Executed endpoint 'HTTP: GET /departments' { EventId: { Id: 1, Name: "ExecutedEndpoint" }, SourceContext: "Microsoft.AspNetCore.Routing.EndpointMiddleware", RequestId: "0HNLTDEOJCUPR:00000002", RequestPath: "/departments", ConnectionId: "0HNLTDEOJCUPR" }

[16:40:10 INF] Handled GetRolesQuery { SourceContext: "AppWeaver.Mediator.Behaviors.LoggingBehavior", RequestId: "0HNLTDEOJCUPQ:00000002", RequestPath: "/roles", ConnectionId: "0HNLTDEOJCUPQ" }

[16:40:10 INF] Handled GetUsersQuery { SourceContext: "AppWeaver.Mediator.Behaviors.LoggingBehavior", RequestId: "0HNLTDEOJCUPS:00000002", RequestPath: "/users", ConnectionId: "0HNLTDEOJCUPS" }

[16:40:10 INF] Executed endpoint 'HTTP: GET /roles' { EventId: { Id: 1, Name: "ExecutedEndpoint" }, SourceContext: "Microsoft.AspNetCore.Routing.EndpointMiddleware", RequestId: "0HNLTDEOJCUPQ:00000002", RequestPath: "/roles", ConnectionId: "0HNLTDEOJCUPQ" }

[16:40:10 INF] Setting HTTP status code 200. { EventId: { Id: 1, Name: "WritingResultAsStatusCode" }, SourceContext: "Microsoft.AspNetCore.Http.Result.OkObjectResult", RequestId: "0HNLTDEOJCUPS:00000002", RequestPath: "/users", ConnectionId: "0HNLTDEOJCUPS" }

[16:40:10 INF] Writing value of type 'List`1' as Json. { EventId: { Id: 3, Name: "WritingResultAsJson" }, SourceContext: "Microsoft.AspNetCore.Http.Result.OkObjectResult", RequestId: "0HNLTDEOJCUPS:00000002", RequestPath: "/users", ConnectionId: "0HNLTDEOJCUPS" }

[16:40:10 INF] Executed endpoint 'HTTP: GET /users' { EventId: { Id: 1, Name: "ExecutedEndpoint" }, SourceContext: "Microsoft.AspNetCore.Routing.EndpointMiddleware", RequestId: "0HNLTDEOJCUPS:00000002", RequestPath: "/users", ConnectionId: "0HNLTDEOJCUPS" }

[16:41:09 INF] CORS policy execution successful. { EventId: { Id: 4, Name: "PolicySuccess" }, SourceContext: "Microsoft.AspNetCore.Cors.Infrastructure.CorsService", RequestId: "0HNLTDEOJCUPQ:00000003", RequestPath: "/roles", ConnectionId: "0HNLTDEOJCUPQ" }

[16:41:09 INF] CORS policy execution successful. { EventId: { Id: 4, Name: "PolicySuccess" }, SourceContext: "Microsoft.AspNetCore.Cors.Infrastructure.CorsService", RequestId: "0HNLTDEOJCUPR:00000003", RequestPath: "/departments", ConnectionId: "0HNLTDEOJCUPR" }

[16:41:09 INF] CORS policy execution successful. { EventId: { Id: 4, Name: "PolicySuccess" }, SourceContext: "Microsoft.AspNetCore.Cors.Infrastructure.CorsService", RequestId: "0HNLTDEOJCUPS:00000003", RequestPath: "/users", ConnectionId: "0HNLTDEOJCUPS" }

[16:41:09 INF] CORS policy execution successful. { EventId: { Id: 4, Name: "PolicySuccess" }, SourceContext: "Microsoft.AspNetCore.Cors.Infrastructure.CorsService", RequestId: "0HNLTDEOJCUPQ:00000004", RequestPath: "/users", ConnectionId: "0HNLTDEOJCUPQ" }

[16:41:09 INF] CORS policy execution successful. { EventId: { Id: 4, Name: "PolicySuccess" }, SourceContext: "Microsoft.AspNetCore.Cors.Infrastructure.CorsService", RequestId: "0HNLTDEOJCUPR:00000004", RequestPath: "/departments", ConnectionId: "0HNLTDEOJCUPR" }

[16:41:09 INF] CORS policy execution successful. { EventId: { Id: 4, Name: "PolicySuccess" }, SourceContext: "Microsoft.AspNetCore.Cors.Infrastructure.CorsService", RequestId: "0HNLTDEOJCUPS:00000004", RequestPath: "/roles", ConnectionId: "0HNLTDEOJCUPS" }

[16:41:09 INF] Executing endpoint 'HTTP: GET /users' { EventId: { Name: "ExecutingEndpoint" }, SourceContext: "Microsoft.AspNetCore.Routing.EndpointMiddleware", RequestId: "0HNLTDEOJCUPQ:00000004", RequestPath: "/users", ConnectionId: "0HNLTDEOJCUPQ" }

[16:41:09 INF] Executing endpoint 'HTTP: GET /departments' { EventId: { Name: "ExecutingEndpoint" }, SourceContext: "Microsoft.AspNetCore.Routing.EndpointMiddleware", RequestId: "0HNLTDEOJCUPR:00000004", RequestPath: "/departments", ConnectionId: "0HNLTDEOJCUPR" }

[16:41:09 INF] Handling GetDepartmentsQuery { SourceContext: "AppWeaver.Mediator.Behaviors.LoggingBehavior", RequestId: "0HNLTDEOJCUPR:00000004", RequestPath: "/departments", ConnectionId: "0HNLTDEOJCUPR" }

[16:41:09 INF] Handling GetUsersQuery { SourceContext: "AppWeaver.Mediator.Behaviors.LoggingBehavior", RequestId: "0HNLTDEOJCUPQ:00000004", RequestPath: "/users", ConnectionId: "0HNLTDEOJCUPQ" }

[16:41:09 INF] Executing endpoint 'HTTP: GET /roles' { EventId: { Name: "ExecutingEndpoint" }, SourceContext: "Microsoft.AspNetCore.Routing.EndpointMiddleware", RequestId: "0HNLTDEOJCUPS:00000004", RequestPath: "/roles", ConnectionId: "0HNLTDEOJCUPS" }

[16:41:09 INF] Handling GetRolesQuery { SourceContext: "AppWeaver.Mediator.Behaviors.LoggingBehavior", RequestId: "0HNLTDEOJCUPS:00000004", RequestPath: "/roles", ConnectionId: "0HNLTDEOJCUPS" }

[16:41:09 INF] Handled GetRolesQuery { SourceContext: "AppWeaver.Mediator.Behaviors.LoggingBehavior", RequestId: "0HNLTDEOJCUPS:00000004", RequestPath: "/roles", ConnectionId: "0HNLTDEOJCUPS" }

[16:41:09 INF] Handled GetDepartmentsQuery { SourceContext: "AppWeaver.Mediator.Behaviors.LoggingBehavior", RequestId: "0HNLTDEOJCUPR:00000004", RequestPath: "/departments", ConnectionId: "0HNLTDEOJCUPR" }

[16:41:09 INF] Handled GetUsersQuery { SourceContext: "AppWeaver.Mediator.Behaviors.LoggingBehavior", RequestId: "0HNLTDEOJCUPQ:00000004", RequestPath: "/users", ConnectionId: "0HNLTDEOJCUPQ" }

[16:41:09 INF] Executed endpoint 'HTTP: GET /roles' { EventId: { Id: 1, Name: "ExecutedEndpoint" }, SourceContext: "Microsoft.AspNetCore.Routing.EndpointMiddleware", RequestId: "0HNLTDEOJCUPS:00000004", RequestPath: "/roles", ConnectionId: "0HNLTDEOJCUPS" }

[16:41:09 INF] Executed endpoint 'HTTP: GET /departments' { EventId: { Id: 1, Name: "ExecutedEndpoint" }, SourceContext: "Microsoft.AspNetCore.Routing.EndpointMiddleware", RequestId: "0HNLTDEOJCUPR:00000004", RequestPath: "/departments", ConnectionId: "0HNLTDEOJCUPR" }

[16:41:09 INF] Setting HTTP status code 200. { EventId: { Id: 1, Name: "WritingResultAsStatusCode" }, SourceContext: "Microsoft.AspNetCore.Http.Result.OkObjectResult", RequestId: "0HNLTDEOJCUPQ:00000004", RequestPath: "/users", ConnectionId: "0HNLTDEOJCUPQ" }

[16:41:09 INF] Writing value of type 'List`1' as Json. { EventId: { Id: 3, Name: "WritingResultAsJson" }, SourceContext: "Microsoft.AspNetCore.Http.Result.OkObjectResult", RequestId: "0HNLTDEOJCUPQ:00000004", RequestPath: "/users", ConnectionId: "0HNLTDEOJCUPQ" }

[16:41:09 INF] Executed endpoint 'HTTP: GET /users' { EventId: { Id: 1, Name: "ExecutedEndpoint" }, SourceContext: "Microsoft.AspNetCore.Routing.EndpointMiddleware", RequestId: "0HNLTDEOJCUPQ:00000004", RequestPath: "/users", ConnectionId: "0HNLTDEOJCUPQ" }

[16:42:58 INF] CORS policy execution successful. { EventId: { Id: 4, Name: "PolicySuccess" }, SourceContext: "Microsoft.AspNetCore.Cors.Infrastructure.CorsService", RequestId: "0HNLTDEOJCUPT:00000001", RequestPath: "/roles", ConnectionId: "0HNLTDEOJCUPT" }

[16:42:58 INF] CORS policy execution successful. { EventId: { Id: 4, Name: "PolicySuccess" }, SourceContext: "Microsoft.AspNetCore.Cors.Infrastructure.CorsService", RequestId: "0HNLTDEOJCUPU:00000001", RequestPath: "/users", ConnectionId: "0HNLTDEOJCUPU" }

[16:42:58 INF] CORS policy execution successful. { EventId: { Id: 4, Name: "PolicySuccess" }, SourceContext: "Microsoft.AspNetCore.Cors.Infrastructure.CorsService", RequestId: "0HNLTDEOJCUPV:00000001", RequestPath: "/departments", ConnectionId: "0HNLTDEOJCUPV" }

[16:42:58 INF] CORS policy execution successful. { EventId: { Id: 4, Name: "PolicySuccess" }, SourceContext: "Microsoft.AspNetCore.Cors.Infrastructure.CorsService", RequestId: "0HNLTDEOJCUPU:00000002", RequestPath: "/roles", ConnectionId: "0HNLTDEOJCUPU" }

[16:42:58 INF] CORS policy execution successful. { EventId: { Id: 4, Name: "PolicySuccess" }, SourceContext: "Microsoft.AspNetCore.Cors.Infrastructure.CorsService", RequestId: "0HNLTDEOJCUPV:00000002", RequestPath: "/users", ConnectionId: "0HNLTDEOJCUPV" }

[16:42:58 INF] Executing endpoint 'HTTP: GET /roles' { EventId: { Name: "ExecutingEndpoint" }, SourceContext: "Microsoft.AspNetCore.Routing.EndpointMiddleware", RequestId: "0HNLTDEOJCUPU:00000002", RequestPath: "/roles", ConnectionId: "0HNLTDEOJCUPU" }

[16:42:58 INF] Handling GetRolesQuery { SourceContext: "AppWeaver.Mediator.Behaviors.LoggingBehavior", RequestId: "0HNLTDEOJCUPU:00000002", RequestPath: "/roles", ConnectionId: "0HNLTDEOJCUPU" }

[16:42:58 INF] CORS policy execution successful. { EventId: { Id: 4, Name: "PolicySuccess" }, SourceContext: "Microsoft.AspNetCore.Cors.Infrastructure.CorsService", RequestId: "0HNLTDEOJCUPT:00000002", RequestPath: "/departments", ConnectionId: "0HNLTDEOJCUPT" }

[16:42:58 INF] Executing endpoint 'HTTP: GET /departments' { EventId: { Name: "ExecutingEndpoint" }, SourceContext: "Microsoft.AspNetCore.Routing.EndpointMiddleware", RequestId: "0HNLTDEOJCUPT:00000002", RequestPath: "/departments", ConnectionId: "0HNLTDEOJCUPT" }

[16:42:58 INF] Executing endpoint 'HTTP: GET /users' { EventId: { Name: "ExecutingEndpoint" }, SourceContext: "Microsoft.AspNetCore.Routing.EndpointMiddleware", RequestId: "0HNLTDEOJCUPV:00000002", RequestPath: "/users", ConnectionId: "0HNLTDEOJCUPV" }

[16:42:58 INF] Handling GetDepartmentsQuery { SourceContext: "AppWeaver.Mediator.Behaviors.LoggingBehavior", RequestId: "0HNLTDEOJCUPT:00000002", RequestPath: "/departments", ConnectionId: "0HNLTDEOJCUPT" }

[16:42:58 INF] Handling GetUsersQuery { SourceContext: "AppWeaver.Mediator.Behaviors.LoggingBehavior", RequestId: "0HNLTDEOJCUPV:00000002", RequestPath: "/users", ConnectionId: "0HNLTDEOJCUPV" }

[16:42:58 INF] Handled GetRolesQuery { SourceContext: "AppWeaver.Mediator.Behaviors.LoggingBehavior", RequestId: "0HNLTDEOJCUPU:00000002", RequestPath: "/roles", ConnectionId: "0HNLTDEOJCUPU" }

[16:42:58 INF] Executed endpoint 'HTTP: GET /roles' { EventId: { Id: 1, Name: "ExecutedEndpoint" }, SourceContext: "Microsoft.AspNetCore.Routing.EndpointMiddleware", RequestId: "0HNLTDEOJCUPU:00000002", RequestPath: "/roles", ConnectionId: "0HNLTDEOJCUPU" }

[16:42:58 INF] Handled GetDepartmentsQuery { SourceContext: "AppWeaver.Mediator.Behaviors.LoggingBehavior", RequestId: "0HNLTDEOJCUPT:00000002", RequestPath: "/departments", ConnectionId: "0HNLTDEOJCUPT" }

[16:42:58 INF] Executed endpoint 'HTTP: GET /departments' { EventId: { Id: 1, Name: "ExecutedEndpoint" }, SourceContext: "Microsoft.AspNetCore.Routing.EndpointMiddleware", RequestId: "0HNLTDEOJCUPT:00000002", RequestPath: "/departments", ConnectionId: "0HNLTDEOJCUPT" }

[16:42:58 INF] Handled GetUsersQuery { SourceContext: "AppWeaver.Mediator.Behaviors.LoggingBehavior", RequestId: "0HNLTDEOJCUPV:00000002", RequestPath: "/users", ConnectionId: "0HNLTDEOJCUPV" }

[16:42:58 INF] Setting HTTP status code 200. { EventId: { Id: 1, Name: "WritingResultAsStatusCode" }, SourceContext: "Microsoft.AspNetCore.Http.Result.OkObjectResult", RequestId: "0HNLTDEOJCUPV:00000002", RequestPath: "/users", ConnectionId: "0HNLTDEOJCUPV" }

[16:42:58 INF] Writing value of type 'List`1' as Json. { EventId: { Id: 3, Name: "WritingResultAsJson" }, SourceContext: "Microsoft.AspNetCore.Http.Result.OkObjectResult", RequestId: "0HNLTDEOJCUPV:00000002", RequestPath: "/users", ConnectionId: "0HNLTDEOJCUPV" }

[16:42:58 INF] Executed endpoint 'HTTP: GET /users' { EventId: { Id: 1, Name: "ExecutedEndpoint" }, SourceContext: "Microsoft.AspNetCore.Routing.EndpointMiddleware", RequestId: "0HNLTDEOJCUPV:00000002", RequestPath: "/users", ConnectionId: "0HNLTDEOJCUPV" }

[16:47:04 INF] CORS policy execution successful. { EventId: { Id: 4, Name: "PolicySuccess" }, SourceContext: "Microsoft.AspNetCore.Cors.Infrastructure.CorsService", RequestId: "0HNLTDEOJCUQ0:00000001", RequestPath: "/departments", ConnectionId: "0HNLTDEOJCUQ0" }

[16:47:04 INF] CORS policy execution successful. { EventId: { Id: 4, Name: "PolicySuccess" }, SourceContext: "Microsoft.AspNetCore.Cors.Infrastructure.CorsService", RequestId: "0HNLTDEOJCUQ1:00000001", RequestPath: "/users", ConnectionId: "0HNLTDEOJCUQ1" }

[16:47:04 INF] CORS policy execution successful. { EventId: { Id: 4, Name: "PolicySuccess" }, SourceContext: "Microsoft.AspNetCore.Cors.Infrastructure.CorsService", RequestId: "0HNLTDEOJCUQ2:00000001", RequestPath: "/roles", ConnectionId: "0HNLTDEOJCUQ2" }

[16:47:04 INF] CORS policy execution successful. { EventId: { Id: 4, Name: "PolicySuccess" }, SourceContext: "Microsoft.AspNetCore.Cors.Infrastructure.CorsService", RequestId: "0HNLTDEOJCUQ1:00000002", RequestPath: "/users", ConnectionId: "0HNLTDEOJCUQ1" }

[16:47:04 INF] CORS policy execution successful. { EventId: { Id: 4, Name: "PolicySuccess" }, SourceContext: "Microsoft.AspNetCore.Cors.Infrastructure.CorsService", RequestId: "0HNLTDEOJCUQ0:00000002", RequestPath: "/roles", ConnectionId: "0HNLTDEOJCUQ0" }

[16:47:04 INF] CORS policy execution successful. { EventId: { Id: 4, Name: "PolicySuccess" }, SourceContext: "Microsoft.AspNetCore.Cors.Infrastructure.CorsService", RequestId: "0HNLTDEOJCUQ2:00000002", RequestPath: "/departments", ConnectionId: "0HNLTDEOJCUQ2" }

[16:47:04 INF] Executing endpoint 'HTTP: GET /roles' { EventId: { Name: "ExecutingEndpoint" }, SourceContext: "Microsoft.AspNetCore.Routing.EndpointMiddleware", RequestId: "0HNLTDEOJCUQ0:00000002", RequestPath: "/roles", ConnectionId: "0HNLTDEOJCUQ0" }

[16:47:04 INF] Executing endpoint 'HTTP: GET /departments' { EventId: { Name: "ExecutingEndpoint" }, SourceContext: "Microsoft.AspNetCore.Routing.EndpointMiddleware", RequestId: "0HNLTDEOJCUQ2:00000002", RequestPath: "/departments", ConnectionId: "0HNLTDEOJCUQ2" }

[16:47:04 INF] Executing endpoint 'HTTP: GET /users' { EventId: { Name: "ExecutingEndpoint" }, SourceContext: "Microsoft.AspNetCore.Routing.EndpointMiddleware", RequestId: "0HNLTDEOJCUQ1:00000002", RequestPath: "/users", ConnectionId: "0HNLTDEOJCUQ1" }

[16:47:04 INF] Handling GetRolesQuery { SourceContext: "AppWeaver.Mediator.Behaviors.LoggingBehavior", RequestId: "0HNLTDEOJCUQ0:00000002", RequestPath: "/roles", ConnectionId: "0HNLTDEOJCUQ0" }

[16:47:04 INF] Handling GetDepartmentsQuery { SourceContext: "AppWeaver.Mediator.Behaviors.LoggingBehavior", RequestId: "0HNLTDEOJCUQ2:00000002", RequestPath: "/departments", ConnectionId: "0HNLTDEOJCUQ2" }

[16:47:04 INF] Handling GetUsersQuery { SourceContext: "AppWeaver.Mediator.Behaviors.LoggingBehavior", RequestId: "0HNLTDEOJCUQ1:00000002", RequestPath: "/users", ConnectionId: "0HNLTDEOJCUQ1" }

[16:47:04 INF] Handled GetRolesQuery { SourceContext: "AppWeaver.Mediator.Behaviors.LoggingBehavior", RequestId: "0HNLTDEOJCUQ0:00000002", RequestPath: "/roles", ConnectionId: "0HNLTDEOJCUQ0" }

[16:47:04 INF] Executed endpoint 'HTTP: GET /roles' { EventId: { Id: 1, Name: "ExecutedEndpoint" }, SourceContext: "Microsoft.AspNetCore.Routing.EndpointMiddleware", RequestId: "0HNLTDEOJCUQ0:00000002", RequestPath: "/roles", ConnectionId: "0HNLTDEOJCUQ0" }

[16:47:04 INF] Handled GetUsersQuery { SourceContext: "AppWeaver.Mediator.Behaviors.LoggingBehavior", RequestId: "0HNLTDEOJCUQ1:00000002", RequestPath: "/users", ConnectionId: "0HNLTDEOJCUQ1" }

[16:47:04 INF] Setting HTTP status code 200. { EventId: { Id: 1, Name: "WritingResultAsStatusCode" }, SourceContext: "Microsoft.AspNetCore.Http.Result.OkObjectResult", RequestId: "0HNLTDEOJCUQ1:00000002", RequestPath: "/users", ConnectionId: "0HNLTDEOJCUQ1" }

[16:47:04 INF] Writing value of type 'List`1' as Json. { EventId: { Id: 3, Name: "WritingResultAsJson" }, SourceContext: "Microsoft.AspNetCore.Http.Result.OkObjectResult", RequestId: "0HNLTDEOJCUQ1:00000002", RequestPath: "/users", ConnectionId: "0HNLTDEOJCUQ1" }

[16:47:04 INF] Executed endpoint 'HTTP: GET /users' { EventId: { Id: 1, Name: "ExecutedEndpoint" }, SourceContext: "Microsoft.AspNetCore.Routing.EndpointMiddleware", RequestId: "0HNLTDEOJCUQ1:00000002", RequestPath: "/users", ConnectionId: "0HNLTDEOJCUQ1" }

[16:47:04 INF] Handled GetDepartmentsQuery { SourceContext: "AppWeaver.Mediator.Behaviors.LoggingBehavior", RequestId: "0HNLTDEOJCUQ2:00000002", RequestPath: "/departments", ConnectionId: "0HNLTDEOJCUQ2" }

[16:47:04 INF] Executed endpoint 'HTTP: GET /departments' { EventId: { Id: 1, Name: "ExecutedEndpoint" }, SourceContext: "Microsoft.AspNetCore.Routing.EndpointMiddleware", RequestId: "0HNLTDEOJCUQ2:00000002", RequestPath: "/departments", ConnectionId: "0HNLTDEOJCUQ2" }

[16:52:29 INF] CORS policy execution successful. { EventId: { Id: 4, Name: "PolicySuccess" }, SourceContext: "Microsoft.AspNetCore.Cors.Infrastructure.CorsService", RequestId: "0HNLTDEOJCUQ3:00000001", RequestPath: "/users", ConnectionId: "0HNLTDEOJCUQ3" }

[16:52:29 INF] CORS policy execution successful. { EventId: { Id: 4, Name: "PolicySuccess" }, SourceContext: "Microsoft.AspNetCore.Cors.Infrastructure.CorsService", RequestId: "0HNLTDEOJCUQ4:00000001", RequestPath: "/roles", ConnectionId: "0HNLTDEOJCUQ4" }

[16:52:29 INF] CORS policy execution successful. { EventId: { Id: 4, Name: "PolicySuccess" }, SourceContext: "Microsoft.AspNetCore.Cors.Infrastructure.CorsService", RequestId: "0HNLTDEOJCUQ5:00000001", RequestPath: "/departments", ConnectionId: "0HNLTDEOJCUQ5" }

[16:52:29 INF] CORS policy execution successful. { EventId: { Id: 4, Name: "PolicySuccess" }, SourceContext: "Microsoft.AspNetCore.Cors.Infrastructure.CorsService", RequestId: "0HNLTDEOJCUQ5:00000002", RequestPath: "/users", ConnectionId: "0HNLTDEOJCUQ5" }

[16:52:29 INF] CORS policy execution successful. { EventId: { Id: 4, Name: "PolicySuccess" }, SourceContext: "Microsoft.AspNetCore.Cors.Infrastructure.CorsService", RequestId: "0HNLTDEOJCUQ4:00000002", RequestPath: "/roles", ConnectionId: "0HNLTDEOJCUQ4" }

[16:52:29 INF] Executing endpoint 'HTTP: GET /roles' { EventId: { Name: "ExecutingEndpoint" }, SourceContext: "Microsoft.AspNetCore.Routing.EndpointMiddleware", RequestId: "0HNLTDEOJCUQ4:00000002", RequestPath: "/roles", ConnectionId: "0HNLTDEOJCUQ4" }

[16:52:29 INF] Executing endpoint 'HTTP: GET /users' { EventId: { Name: "ExecutingEndpoint" }, SourceContext: "Microsoft.AspNetCore.Routing.EndpointMiddleware", RequestId: "0HNLTDEOJCUQ5:00000002", RequestPath: "/users", ConnectionId: "0HNLTDEOJCUQ5" }

[16:52:29 INF] Handling GetRolesQuery { SourceContext: "AppWeaver.Mediator.Behaviors.LoggingBehavior", RequestId: "0HNLTDEOJCUQ4:00000002", RequestPath: "/roles", ConnectionId: "0HNLTDEOJCUQ4" }

[16:52:29 INF] CORS policy execution successful. { EventId: { Id: 4, Name: "PolicySuccess" }, SourceContext: "Microsoft.AspNetCore.Cors.Infrastructure.CorsService", RequestId: "0HNLTDEOJCUQ3:00000002", RequestPath: "/departments", ConnectionId: "0HNLTDEOJCUQ3" }

[16:52:29 INF] Handling GetUsersQuery { SourceContext: "AppWeaver.Mediator.Behaviors.LoggingBehavior", RequestId: "0HNLTDEOJCUQ5:00000002", RequestPath: "/users", ConnectionId: "0HNLTDEOJCUQ5" }

[16:52:29 INF] Executing endpoint 'HTTP: GET /departments' { EventId: { Name: "ExecutingEndpoint" }, SourceContext: "Microsoft.AspNetCore.Routing.EndpointMiddleware", RequestId: "0HNLTDEOJCUQ3:00000002", RequestPath: "/departments", ConnectionId: "0HNLTDEOJCUQ3" }

[16:52:29 INF] Handling GetDepartmentsQuery { SourceContext: "AppWeaver.Mediator.Behaviors.LoggingBehavior", RequestId: "0HNLTDEOJCUQ3:00000002", RequestPath: "/departments", ConnectionId: "0HNLTDEOJCUQ3" }

[16:52:29 INF] Handled GetDepartmentsQuery { SourceContext: "AppWeaver.Mediator.Behaviors.LoggingBehavior", RequestId: "0HNLTDEOJCUQ3:00000002", RequestPath: "/departments", ConnectionId: "0HNLTDEOJCUQ3" }

[16:52:29 INF] Executed endpoint 'HTTP: GET /departments' { EventId: { Id: 1, Name: "ExecutedEndpoint" }, SourceContext: "Microsoft.AspNetCore.Routing.EndpointMiddleware", RequestId: "0HNLTDEOJCUQ3:00000002", RequestPath: "/departments", ConnectionId: "0HNLTDEOJCUQ3" }

[16:52:29 INF] Handled GetRolesQuery { SourceContext: "AppWeaver.Mediator.Behaviors.LoggingBehavior", RequestId: "0HNLTDEOJCUQ4:00000002", RequestPath: "/roles", ConnectionId: "0HNLTDEOJCUQ4" }

[16:52:29 INF] Executed endpoint 'HTTP: GET /roles' { EventId: { Id: 1, Name: "ExecutedEndpoint" }, SourceContext: "Microsoft.AspNetCore.Routing.EndpointMiddleware", RequestId: "0HNLTDEOJCUQ4:00000002", RequestPath: "/roles", ConnectionId: "0HNLTDEOJCUQ4" }

[16:52:29 INF] Handled GetUsersQuery { SourceContext: "AppWeaver.Mediator.Behaviors.LoggingBehavior", RequestId: "0HNLTDEOJCUQ5:00000002", RequestPath: "/users", ConnectionId: "0HNLTDEOJCUQ5" }

[16:52:29 INF] Setting HTTP status code 200. { EventId: { Id: 1, Name: "WritingResultAsStatusCode" }, SourceContext: "Microsoft.AspNetCore.Http.Result.OkObjectResult", RequestId: "0HNLTDEOJCUQ5:00000002", RequestPath: "/users", ConnectionId: "0HNLTDEOJCUQ5" }

[16:52:29 INF] Writing value of type 'List`1' as Json. { EventId: { Id: 3, Name: "WritingResultAsJson" }, SourceContext: "Microsoft.AspNetCore.Http.Result.OkObjectResult", RequestId: "0HNLTDEOJCUQ5:00000002", RequestPath: "/users", ConnectionId: "0HNLTDEOJCUQ5" }

[16:52:29 INF] Executed endpoint 'HTTP: GET /users' { EventId: { Id: 1, Name: "ExecutedEndpoint" }, SourceContext: "Microsoft.AspNetCore.Routing.EndpointMiddleware", RequestId: "0HNLTDEOJCUQ5:00000002", RequestPath: "/users", ConnectionId: "0HNLTDEOJCUQ5" }

[16:52:53 INF] CORS policy execution successful. { EventId: { Id: 4, Name: "PolicySuccess" }, SourceContext: "Microsoft.AspNetCore.Cors.Infrastructure.CorsService", RequestId: "0HNLTDEOJCUQ5:00000003", RequestPath: "/users", ConnectionId: "0HNLTDEOJCUQ5" }

[16:52:53 INF] CORS policy execution successful. { EventId: { Id: 4, Name: "PolicySuccess" }, SourceContext: "Microsoft.AspNetCore.Cors.Infrastructure.CorsService", RequestId: "0HNLTDEOJCUQ3:00000003", RequestPath: "/departments", ConnectionId: "0HNLTDEOJCUQ3" }

[16:52:53 INF] CORS policy execution successful. { EventId: { Id: 4, Name: "PolicySuccess" }, SourceContext: "Microsoft.AspNetCore.Cors.Infrastructure.CorsService", RequestId: "0HNLTDEOJCUQ4:00000003", RequestPath: "/roles", ConnectionId: "0HNLTDEOJCUQ4" }

[16:52:53 INF] CORS policy execution successful. { EventId: { Id: 4, Name: "PolicySuccess" }, SourceContext: "Microsoft.AspNetCore.Cors.Infrastructure.CorsService", RequestId: "0HNLTDEOJCUQ3:00000004", RequestPath: "/users", ConnectionId: "0HNLTDEOJCUQ3" }

[16:52:53 INF] Executing endpoint 'HTTP: GET /users' { EventId: { Name: "ExecutingEndpoint" }, SourceContext: "Microsoft.AspNetCore.Routing.EndpointMiddleware", RequestId: "0HNLTDEOJCUQ3:00000004", RequestPath: "/users", ConnectionId: "0HNLTDEOJCUQ3" }

[16:52:53 INF] Handling GetUsersQuery { SourceContext: "AppWeaver.Mediator.Behaviors.LoggingBehavior", RequestId: "0HNLTDEOJCUQ3:00000004", RequestPath: "/users", ConnectionId: "0HNLTDEOJCUQ3" }

[16:52:53 INF] CORS policy execution successful. { EventId: { Id: 4, Name: "PolicySuccess" }, SourceContext: "Microsoft.AspNetCore.Cors.Infrastructure.CorsService", RequestId: "0HNLTDEOJCUQ4:00000004", RequestPath: "/roles", ConnectionId: "0HNLTDEOJCUQ4" }

[16:52:53 INF] CORS policy execution successful. { EventId: { Id: 4, Name: "PolicySuccess" }, SourceContext: "Microsoft.AspNetCore.Cors.Infrastructure.CorsService", RequestId: "0HNLTDEOJCUQ5:00000004", RequestPath: "/departments", ConnectionId: "0HNLTDEOJCUQ5" }

[16:52:53 INF] Executing endpoint 'HTTP: GET /roles' { EventId: { Name: "ExecutingEndpoint" }, SourceContext: "Microsoft.AspNetCore.Routing.EndpointMiddleware", RequestId: "0HNLTDEOJCUQ4:00000004", RequestPath: "/roles", ConnectionId: "0HNLTDEOJCUQ4" }

[16:52:53 INF] Handling GetRolesQuery { SourceContext: "AppWeaver.Mediator.Behaviors.LoggingBehavior", RequestId: "0HNLTDEOJCUQ4:00000004", RequestPath: "/roles", ConnectionId: "0HNLTDEOJCUQ4" }

[16:52:53 INF] Executing endpoint 'HTTP: GET /departments' { EventId: { Name: "ExecutingEndpoint" }, SourceContext: "Microsoft.AspNetCore.Routing.EndpointMiddleware", RequestId: "0HNLTDEOJCUQ5:00000004", RequestPath: "/departments", ConnectionId: "0HNLTDEOJCUQ5" }

[16:52:53 INF] Handling GetDepartmentsQuery { SourceContext: "AppWeaver.Mediator.Behaviors.LoggingBehavior", RequestId: "0HNLTDEOJCUQ5:00000004", RequestPath: "/departments", ConnectionId: "0HNLTDEOJCUQ5" }

[16:52:53 INF] Handled GetRolesQuery { SourceContext: "AppWeaver.Mediator.Behaviors.LoggingBehavior", RequestId: "0HNLTDEOJCUQ4:00000004", RequestPath: "/roles", ConnectionId: "0HNLTDEOJCUQ4" }

[16:52:53 INF] Handled GetDepartmentsQuery { SourceContext: "AppWeaver.Mediator.Behaviors.LoggingBehavior", RequestId: "0HNLTDEOJCUQ5:00000004", RequestPath: "/departments", ConnectionId: "0HNLTDEOJCUQ5" }

[16:52:53 INF] Executed endpoint 'HTTP: GET /roles' { EventId: { Id: 1, Name: "ExecutedEndpoint" }, SourceContext: "Microsoft.AspNetCore.Routing.EndpointMiddleware", RequestId: "0HNLTDEOJCUQ4:00000004", RequestPath: "/roles", ConnectionId: "0HNLTDEOJCUQ4" }

[16:52:53 INF] Executed endpoint 'HTTP: GET /departments' { EventId: { Id: 1, Name: "ExecutedEndpoint" }, SourceContext: "Microsoft.AspNetCore.Routing.EndpointMiddleware", RequestId: "0HNLTDEOJCUQ5:00000004", RequestPath: "/departments", ConnectionId: "0HNLTDEOJCUQ5" }

[16:52:53 INF] Handled GetUsersQuery { SourceContext: "AppWeaver.Mediator.Behaviors.LoggingBehavior", RequestId: "0HNLTDEOJCUQ3:00000004", RequestPath: "/users", ConnectionId: "0HNLTDEOJCUQ3" }

[16:52:53 INF] Setting HTTP status code 200. { EventId: { Id: 1, Name: "WritingResultAsStatusCode" }, SourceContext: "Microsoft.AspNetCore.Http.Result.OkObjectResult", RequestId: "0HNLTDEOJCUQ3:00000004", RequestPath: "/users", ConnectionId: "0HNLTDEOJCUQ3" }

[16:52:53 INF] Writing value of type 'List`1' as Json. { EventId: { Id: 3, Name: "WritingResultAsJson" }, SourceContext: "Microsoft.AspNetCore.Http.Result.OkObjectResult", RequestId: "0HNLTDEOJCUQ3:00000004", RequestPath: "/users", ConnectionId: "0HNLTDEOJCUQ3" }

[16:52:53 INF] Executed endpoint 'HTTP: GET /users' { EventId: { Id: 1, Name: "ExecutedEndpoint" }, SourceContext: "Microsoft.AspNetCore.Routing.EndpointMiddleware", RequestId: "0HNLTDEOJCUQ3:00000004", RequestPath: "/users", ConnectionId: "0HNLTDEOJCUQ3" }

[17:09:20 INF] CORS policy execution successful. { EventId: { Id: 4, Name: "PolicySuccess" }, SourceContext: "Microsoft.AspNetCore.Cors.Infrastructure.CorsService", RequestId: "0HNLTDEOJCUQ6:00000001", RequestPath: "/users", ConnectionId: "0HNLTDEOJCUQ6" }

[17:09:20 INF] CORS policy execution successful. { EventId: { Id: 4, Name: "PolicySuccess" }, SourceContext: "Microsoft.AspNetCore.Cors.Infrastructure.CorsService", RequestId: "0HNLTDEOJCUQ7:00000001", RequestPath: "/roles", ConnectionId: "0HNLTDEOJCUQ7" }

[17:09:20 INF] CORS policy execution successful. { EventId: { Id: 4, Name: "PolicySuccess" }, SourceContext: "Microsoft.AspNetCore.Cors.Infrastructure.CorsService", RequestId: "0HNLTDEOJCUQ8:00000001", RequestPath: "/departments", ConnectionId: "0HNLTDEOJCUQ8" }

[17:09:20 INF] CORS policy execution successful. { EventId: { Id: 4, Name: "PolicySuccess" }, SourceContext: "Microsoft.AspNetCore.Cors.Infrastructure.CorsService", RequestId: "0HNLTDEOJCUQ7:00000002", RequestPath: "/users", ConnectionId: "0HNLTDEOJCUQ7" }

[17:09:20 INF] Executing endpoint 'HTTP: GET /users' { EventId: { Name: "ExecutingEndpoint" }, SourceContext: "Microsoft.AspNetCore.Routing.EndpointMiddleware", RequestId: "0HNLTDEOJCUQ7:00000002", RequestPath: "/users", ConnectionId: "0HNLTDEOJCUQ7" }

[17:09:20 INF] Handling GetUsersQuery { SourceContext: "AppWeaver.Mediator.Behaviors.LoggingBehavior", RequestId: "0HNLTDEOJCUQ7:00000002", RequestPath: "/users", ConnectionId: "0HNLTDEOJCUQ7" }

[17:09:20 INF] CORS policy execution successful. { EventId: { Id: 4, Name: "PolicySuccess" }, SourceContext: "Microsoft.AspNetCore.Cors.Infrastructure.CorsService", RequestId: "0HNLTDEOJCUQ6:00000002", RequestPath: "/roles", ConnectionId: "0HNLTDEOJCUQ6" }

[17:09:20 INF] CORS policy execution successful. { EventId: { Id: 4, Name: "PolicySuccess" }, SourceContext: "Microsoft.AspNetCore.Cors.Infrastructure.CorsService", RequestId: "0HNLTDEOJCUQ8:00000002", RequestPath: "/departments", ConnectionId: "0HNLTDEOJCUQ8" }

[17:09:20 INF] Executing endpoint 'HTTP: GET /roles' { EventId: { Name: "ExecutingEndpoint" }, SourceContext: "Microsoft.AspNetCore.Routing.EndpointMiddleware", RequestId: "0HNLTDEOJCUQ6:00000002", RequestPath: "/roles", ConnectionId: "0HNLTDEOJCUQ6" }

[17:09:20 INF] Executing endpoint 'HTTP: GET /departments' { EventId: { Name: "ExecutingEndpoint" }, SourceContext: "Microsoft.AspNetCore.Routing.EndpointMiddleware", RequestId: "0HNLTDEOJCUQ8:00000002", RequestPath: "/departments", ConnectionId: "0HNLTDEOJCUQ8" }

[17:09:20 INF] Handling GetRolesQuery { SourceContext: "AppWeaver.Mediator.Behaviors.LoggingBehavior", RequestId: "0HNLTDEOJCUQ6:00000002", RequestPath: "/roles", ConnectionId: "0HNLTDEOJCUQ6" }

[17:09:20 INF] Handling GetDepartmentsQuery { SourceContext: "AppWeaver.Mediator.Behaviors.LoggingBehavior", RequestId: "0HNLTDEOJCUQ8:00000002", RequestPath: "/departments", ConnectionId: "0HNLTDEOJCUQ8" }

[17:37:22 ERR] An error occurred using the connection to database 'bytesrewards-db' on server 'tcp://localhost:55168'. { EventId: { Id: 20004, Name: "Microsoft.EntityFrameworkCore.Database.Connection.ConnectionError" }, SourceContext: "Microsoft.EntityFrameworkCore.Database.Connection", RequestId: "0HNLTDEOJCUQ8:00000002", RequestPath: "/departments", ConnectionId: "0HNLTDEOJCUQ8" }

[17:37:22 ERR] An error occurred using the connection to database 'bytesrewards-db' on server 'tcp://localhost:55168'. { EventId: { Id: 20004, Name: "Microsoft.EntityFrameworkCore.Database.Connection.ConnectionError" }, SourceContext: "Microsoft.EntityFrameworkCore.Database.Connection", RequestId: "0HNLTDEOJCUQ6:00000002", RequestPath: "/roles", ConnectionId: "0HNLTDEOJCUQ6" }

[17:37:22 ERR] An error occurred using the connection to database 'bytesrewards-db' on server 'tcp://localhost:55168'. { EventId: { Id: 20004, Name: "Microsoft.EntityFrameworkCore.Database.Connection.ConnectionError" }, SourceContext: "Microsoft.EntityFrameworkCore.Database.Connection", RequestId: "0HNLTDEOJCUQ7:00000002", RequestPath: "/users", ConnectionId: "0HNLTDEOJCUQ7" }

[17:37:23 ERR] An exception occurred while iterating over the results of a query for context type 'BytesRewards.Service.Infrastructure.ApplicationDbContext'.
System.InvalidOperationException: An exception has been raised that is likely due to a transient failure.
 ---> Npgsql.NpgsqlException (0x80004005): The operation has timed out
 ---> System.TimeoutException: The operation has timed out.
   at Npgsql.ThrowHelper.ThrowNpgsqlExceptionWithInnerTimeoutException(String message)
   at Npgsql.Util.NpgsqlTimeout.Check()
   at Npgsql.Util.NpgsqlTimeout.CheckAndGetTimeLeft()
   at Npgsql.Internal.NpgsqlConnector.ConnectAsync(NpgsqlTimeout timeout, CancellationToken cancellationToken)
   at Npgsql.Internal.NpgsqlConnector.RawOpen(NpgsqlTimeout timeout, Boolean async, CancellationToken cancellationToken)
   at Npgsql.Internal.NpgsqlConnector.<Open>g__OpenCore|209_0(NpgsqlConnector conn, String username, SslMode sslMode, GssEncryptionMode gssEncMode, NpgsqlTimeout timeout, Boolean async, CancellationToken cancellationToken)
   at Npgsql.Internal.NpgsqlConnector.<Open>g__OpenCore|209_0(NpgsqlConnector conn, String username, SslMode sslMode, GssEncryptionMode gssEncMode, NpgsqlTimeout timeout, Boolean async, CancellationToken cancellationToken)
   at Npgsql.Internal.NpgsqlConnector.Open(NpgsqlTimeout timeout, Boolean async, CancellationToken cancellationToken)
   at Npgsql.PoolingDataSource.OpenNewConnector(NpgsqlConnection conn, NpgsqlTimeout timeout, Boolean async, CancellationToken cancellationToken)
   at Npgsql.PoolingDataSource.<Get>g__RentAsync|33_0(NpgsqlConnection conn, NpgsqlTimeout timeout, Boolean async, CancellationToken cancellationToken)
   at Npgsql.NpgsqlConnection.<Open>g__OpenAsync|42_0(Boolean async, CancellationToken cancellationToken)
   at Microsoft.EntityFrameworkCore.Storage.RelationalConnection.OpenInternalAsync(Boolean errorsExpected, CancellationToken cancellationToken)
   at Microsoft.EntityFrameworkCore.Storage.RelationalConnection.OpenInternalAsync(Boolean errorsExpected, CancellationToken cancellationToken)
   at Microsoft.EntityFrameworkCore.Storage.RelationalConnection.OpenAsync(CancellationToken cancellationToken, Boolean errorsExpected)
   at Microsoft.EntityFrameworkCore.Storage.RelationalCommand.ExecuteReaderAsync(RelationalCommandParameterObject parameterObject, CancellationToken cancellationToken)
   at Microsoft.EntityFrameworkCore.Query.Internal.SingleQueryingEnumerable`1.AsyncEnumerator.InitializeReaderAsync(AsyncEnumerator enumerator, CancellationToken cancellationToken)
   at Npgsql.EntityFrameworkCore.PostgreSQL.Storage.Internal.NpgsqlExecutionStrategy.ExecuteAsync[TState,TResult](TState state, Func`4 operation, Func`4 verifySucceeded, CancellationToken cancellationToken)
   --- End of inner exception stack trace ---
   at Npgsql.EntityFrameworkCore.PostgreSQL.Storage.Internal.NpgsqlExecutionStrategy.ExecuteAsync[TState,TResult](TState state, Func`4 operation, Func`4 verifySucceeded, CancellationToken cancellationToken)
   at Microsoft.EntityFrameworkCore.Query.Internal.SingleQueryingEnumerable`1.AsyncEnumerator.MoveNextAsync() { EventId: { Id: 10100, Name: "Microsoft.EntityFrameworkCore.Query.QueryIterationFailed" }, SourceContext: "Microsoft.EntityFrameworkCore.Query", RequestId: "0HNLTDEOJCUQ7:00000002", RequestPath: "/users", ConnectionId: "0HNLTDEOJCUQ7" }

System.InvalidOperationException: An exception has been raised that is likely due to a transient failure.
 ---> Npgsql.NpgsqlException (0x80004005): The operation has timed out
 ---> System.TimeoutException: The operation has timed out.
   at Npgsql.ThrowHelper.ThrowNpgsqlExceptionWithInnerTimeoutException(String message)
   at Npgsql.Util.NpgsqlTimeout.Check()
   at Npgsql.Util.NpgsqlTimeout.CheckAndGetTimeLeft()
   at Npgsql.Internal.NpgsqlConnector.ConnectAsync(NpgsqlTimeout timeout, CancellationToken cancellationToken)
   at Npgsql.Internal.NpgsqlConnector.RawOpen(NpgsqlTimeout timeout, Boolean async, CancellationToken cancellationToken)
   at Npgsql.Internal.NpgsqlConnector.<Open>g__OpenCore|209_0(NpgsqlConnector conn, String username, SslMode sslMode, GssEncryptionMode gssEncMode, NpgsqlTimeout timeout, Boolean async, CancellationToken cancellationToken)
   at Npgsql.Internal.NpgsqlConnector.<Open>g__OpenCore|209_0(NpgsqlConnector conn, String username, SslMode sslMode, GssEncryptionMode gssEncMode, NpgsqlTimeout timeout, Boolean async, CancellationToken cancellationToken)
   at Npgsql.Internal.NpgsqlConnector.Open(NpgsqlTimeout timeout, Boolean async, CancellationToken cancellationToken)
   at Npgsql.PoolingDataSource.OpenNewConnector(NpgsqlConnection conn, NpgsqlTimeout timeout, Boolean async, CancellationToken cancellationToken)
   at Npgsql.PoolingDataSource.<Get>g__RentAsync|33_0(NpgsqlConnection conn, NpgsqlTimeout timeout, Boolean async, CancellationToken cancellationToken)
   at Npgsql.NpgsqlConnection.<Open>g__OpenAsync|42_0(Boolean async, CancellationToken cancellationToken)
   at Microsoft.EntityFrameworkCore.Storage.RelationalConnection.OpenInternalAsync(Boolean errorsExpected, CancellationToken cancellationToken)
   at Microsoft.EntityFrameworkCore.Storage.RelationalConnection.OpenInternalAsync(Boolean errorsExpected, CancellationToken cancellationToken)
   at Microsoft.EntityFrameworkCore.Storage.RelationalConnection.OpenAsync(CancellationToken cancellationToken, Boolean errorsExpected)
   at Microsoft.EntityFrameworkCore.Storage.RelationalCommand.ExecuteReaderAsync(RelationalCommandParameterObject parameterObject, CancellationToken cancellationToken)
   at Microsoft.EntityFrameworkCore.Query.Internal.SingleQueryingEnumerable`1.AsyncEnumerator.InitializeReaderAsync(AsyncEnumerator enumerator, CancellationToken cancellationToken)
   at Npgsql.EntityFrameworkCore.PostgreSQL.Storage.Internal.NpgsqlExecutionStrategy.ExecuteAsync[TState,TResult](TState state, Func`4 operation, Func`4 verifySucceeded, CancellationToken cancellationToken)
   --- End of inner exception stack trace ---
   at Npgsql.EntityFrameworkCore.PostgreSQL.Storage.Internal.NpgsqlExecutionStrategy.ExecuteAsync[TState,TResult](TState state, Func`4 operation, Func`4 verifySucceeded, CancellationToken cancellationToken)
   at Microsoft.EntityFrameworkCore.Query.Internal.SingleQueryingEnumerable`1.AsyncEnumerator.MoveNextAsync()
[17:37:23 ERR] Error handling GetUsersQuery { SourceContext: "AppWeaver.Mediator.Behaviors.LoggingBehavior", RequestId: "0HNLTDEOJCUQ7:00000002", RequestPath: "/users", ConnectionId: "0HNLTDEOJCUQ7" }

System.InvalidOperationException: An exception has been raised that is likely due to a transient failure.
 ---> Npgsql.NpgsqlException (0x80004005): The operation has timed out
 ---> System.TimeoutException: The operation has timed out.
   at Npgsql.ThrowHelper.ThrowNpgsqlExceptionWithInnerTimeoutException(String message)
   at Npgsql.Util.NpgsqlTimeout.Check()
   at Npgsql.Util.NpgsqlTimeout.CheckAndGetTimeLeft()
   at Npgsql.Internal.NpgsqlConnector.ConnectAsync(NpgsqlTimeout timeout, CancellationToken cancellationToken)
   at Npgsql.Internal.NpgsqlConnector.RawOpen(NpgsqlTimeout timeout, Boolean async, CancellationToken cancellationToken)
   at Npgsql.Internal.NpgsqlConnector.<Open>g__OpenCore|209_0(NpgsqlConnector conn, String username, SslMode sslMode, GssEncryptionMode gssEncMode, NpgsqlTimeout timeout, Boolean async, CancellationToken cancellationToken)
   at Npgsql.Internal.NpgsqlConnector.<Open>g__OpenCore|209_0(NpgsqlConnector conn, String username, SslMode sslMode, GssEncryptionMode gssEncMode, NpgsqlTimeout timeout, Boolean async, CancellationToken cancellationToken)
   at Npgsql.Internal.NpgsqlConnector.Open(NpgsqlTimeout timeout, Boolean async, CancellationToken cancellationToken)
   at Npgsql.PoolingDataSource.OpenNewConnector(NpgsqlConnection conn, NpgsqlTimeout timeout, Boolean async, CancellationToken cancellationToken)
   at Npgsql.PoolingDataSource.<Get>g__RentAsync|33_0(NpgsqlConnection conn, NpgsqlTimeout timeout, Boolean async, CancellationToken cancellationToken)
   at Npgsql.NpgsqlConnection.<Open>g__OpenAsync|42_0(Boolean async, CancellationToken cancellationToken)
   at Microsoft.EntityFrameworkCore.Storage.RelationalConnection.OpenInternalAsync(Boolean errorsExpected, CancellationToken cancellationToken)
   at Microsoft.EntityFrameworkCore.Storage.RelationalConnection.OpenInternalAsync(Boolean errorsExpected, CancellationToken cancellationToken)
   at Microsoft.EntityFrameworkCore.Storage.RelationalConnection.OpenAsync(CancellationToken cancellationToken, Boolean errorsExpected)
   at Microsoft.EntityFrameworkCore.Storage.RelationalCommand.ExecuteReaderAsync(RelationalCommandParameterObject parameterObject, CancellationToken cancellationToken)
   at Microsoft.EntityFrameworkCore.Query.Internal.SingleQueryingEnumerable`1.AsyncEnumerator.InitializeReaderAsync(AsyncEnumerator enumerator, CancellationToken cancellationToken)
   at Npgsql.EntityFrameworkCore.PostgreSQL.Storage.Internal.NpgsqlExecutionStrategy.ExecuteAsync[TState,TResult](TState state, Func`4 operation, Func`4 verifySucceeded, CancellationToken cancellationToken)
   --- End of inner exception stack trace ---
   at Npgsql.EntityFrameworkCore.PostgreSQL.Storage.Internal.NpgsqlExecutionStrategy.ExecuteAsync[TState,TResult](TState state, Func`4 operation, Func`4 verifySucceeded, CancellationToken cancellationToken)
   at Microsoft.EntityFrameworkCore.Query.Internal.SingleQueryingEnumerable`1.AsyncEnumerator.MoveNextAsync()
   at Microsoft.EntityFrameworkCore.EntityFrameworkQueryableExtensions.ToListAsync[TSource](IQueryable`1 source, CancellationToken cancellationToken)
   at Microsoft.EntityFrameworkCore.EntityFrameworkQueryableExtensions.ToListAsync[TSource](IQueryable`1 source, CancellationToken cancellationToken)
   at BytesRewards.Service.Users.Features.GetUsers.GetUsersQueryHandler.Handle(GetUsersQuery request, CancellationToken ct) in C:\Users\MariyaAF\Desktop\BytesRewards\BytesRewards\src\BytesRewards.Service\Users\Features\GetUsers\GetUsersQueryHandler.cs:line 20
   at AppWeaver.Mediator.Behaviors.LoggingBehavior`2.Handle(TRequest request, CancellationToken ct, Next`1 next)
[17:37:23 ERR] An exception occurred while iterating over the results of a query for context type 'BytesRewards.Service.Infrastructure.ApplicationDbContext'.
System.InvalidOperationException: An exception has been raised that is likely due to a transient failure.
 ---> Npgsql.NpgsqlException (0x80004005): The operation has timed out
 ---> System.TimeoutException: The operation has timed out.
   at Npgsql.ThrowHelper.ThrowNpgsqlExceptionWithInnerTimeoutException(String message)
   at Npgsql.Util.NpgsqlTimeout.Check()
   at Npgsql.Util.NpgsqlTimeout.CheckAndGetTimeLeft()
   at Npgsql.Internal.NpgsqlConnector.ConnectAsync(NpgsqlTimeout timeout, CancellationToken cancellationToken)
   at Npgsql.Internal.NpgsqlConnector.RawOpen(NpgsqlTimeout timeout, Boolean async, CancellationToken cancellationToken)
   at Npgsql.Internal.NpgsqlConnector.<Open>g__OpenCore|209_0(NpgsqlConnector conn, String username, SslMode sslMode, GssEncryptionMode gssEncMode, NpgsqlTimeout timeout, Boolean async, CancellationToken cancellationToken)
   at Npgsql.Internal.NpgsqlConnector.<Open>g__OpenCore|209_0(NpgsqlConnector conn, String username, SslMode sslMode, GssEncryptionMode gssEncMode, NpgsqlTimeout timeout, Boolean async, CancellationToken cancellationToken)
   at Npgsql.Internal.NpgsqlConnector.Open(NpgsqlTimeout timeout, Boolean async, CancellationToken cancellationToken)
   at Npgsql.PoolingDataSource.OpenNewConnector(NpgsqlConnection conn, NpgsqlTimeout timeout, Boolean async, CancellationToken cancellationToken)
   at Npgsql.PoolingDataSource.<Get>g__RentAsync|33_0(NpgsqlConnection conn, NpgsqlTimeout timeout, Boolean async, CancellationToken cancellationToken)
   at Npgsql.NpgsqlConnection.<Open>g__OpenAsync|42_0(Boolean async, CancellationToken cancellationToken)
   at Microsoft.EntityFrameworkCore.Storage.RelationalConnection.OpenInternalAsync(Boolean errorsExpected, CancellationToken cancellationToken)
   at Microsoft.EntityFrameworkCore.Storage.RelationalConnection.OpenInternalAsync(Boolean errorsExpected, CancellationToken cancellationToken)
   at Microsoft.EntityFrameworkCore.Storage.RelationalConnection.OpenAsync(CancellationToken cancellationToken, Boolean errorsExpected)
   at Microsoft.EntityFrameworkCore.Storage.RelationalCommand.ExecuteReaderAsync(RelationalCommandParameterObject parameterObject, CancellationToken cancellationToken)
   at Microsoft.EntityFrameworkCore.Query.Internal.SingleQueryingEnumerable`1.AsyncEnumerator.InitializeReaderAsync(AsyncEnumerator enumerator, CancellationToken cancellationToken)
   at Npgsql.EntityFrameworkCore.PostgreSQL.Storage.Internal.NpgsqlExecutionStrategy.ExecuteAsync[TState,TResult](TState state, Func`4 operation, Func`4 verifySucceeded, CancellationToken cancellationToken)
   --- End of inner exception stack trace ---
   at Npgsql.EntityFrameworkCore.PostgreSQL.Storage.Internal.NpgsqlExecutionStrategy.ExecuteAsync[TState,TResult](TState state, Func`4 operation, Func`4 verifySucceeded, CancellationToken cancellationToken)
   at Microsoft.EntityFrameworkCore.Query.Internal.SingleQueryingEnumerable`1.AsyncEnumerator.MoveNextAsync() { EventId: { Id: 10100, Name: "Microsoft.EntityFrameworkCore.Query.QueryIterationFailed" }, SourceContext: "Microsoft.EntityFrameworkCore.Query", RequestId: "0HNLTDEOJCUQ6:00000002", RequestPath: "/roles", ConnectionId: "0HNLTDEOJCUQ6" }

System.InvalidOperationException: An exception has been raised that is likely due to a transient failure.
 ---> Npgsql.NpgsqlException (0x80004005): The operation has timed out
 ---> System.TimeoutException: The operation has timed out.
   at Npgsql.ThrowHelper.ThrowNpgsqlExceptionWithInnerTimeoutException(String message)
   at Npgsql.Util.NpgsqlTimeout.Check()
   at Npgsql.Util.NpgsqlTimeout.CheckAndGetTimeLeft()
   at Npgsql.Internal.NpgsqlConnector.ConnectAsync(NpgsqlTimeout timeout, CancellationToken cancellationToken)
   at Npgsql.Internal.NpgsqlConnector.RawOpen(NpgsqlTimeout timeout, Boolean async, CancellationToken cancellationToken)
   at Npgsql.Internal.NpgsqlConnector.<Open>g__OpenCore|209_0(NpgsqlConnector conn, String username, SslMode sslMode, GssEncryptionMode gssEncMode, NpgsqlTimeout timeout, Boolean async, CancellationToken cancellationToken)
   at Npgsql.Internal.NpgsqlConnector.<Open>g__OpenCore|209_0(NpgsqlConnector conn, String username, SslMode sslMode, GssEncryptionMode gssEncMode, NpgsqlTimeout timeout, Boolean async, CancellationToken cancellationToken)
   at Npgsql.Internal.NpgsqlConnector.Open(NpgsqlTimeout timeout, Boolean async, CancellationToken cancellationToken)
   at Npgsql.PoolingDataSource.OpenNewConnector(NpgsqlConnection conn, NpgsqlTimeout timeout, Boolean async, CancellationToken cancellationToken)
   at Npgsql.PoolingDataSource.<Get>g__RentAsync|33_0(NpgsqlConnection conn, NpgsqlTimeout timeout, Boolean async, CancellationToken cancellationToken)
   at Npgsql.NpgsqlConnection.<Open>g__OpenAsync|42_0(Boolean async, CancellationToken cancellationToken)
   at Microsoft.EntityFrameworkCore.Storage.RelationalConnection.OpenInternalAsync(Boolean errorsExpected, CancellationToken cancellationToken)
   at Microsoft.EntityFrameworkCore.Storage.RelationalConnection.OpenInternalAsync(Boolean errorsExpected, CancellationToken cancellationToken)
   at Microsoft.EntityFrameworkCore.Storage.RelationalConnection.OpenAsync(CancellationToken cancellationToken, Boolean errorsExpected)
   at Microsoft.EntityFrameworkCore.Storage.RelationalCommand.ExecuteReaderAsync(RelationalCommandParameterObject parameterObject, CancellationToken cancellationToken)
   at Microsoft.EntityFrameworkCore.Query.Internal.SingleQueryingEnumerable`1.AsyncEnumerator.InitializeReaderAsync(AsyncEnumerator enumerator, CancellationToken cancellationToken)
   at Npgsql.EntityFrameworkCore.PostgreSQL.Storage.Internal.NpgsqlExecutionStrategy.ExecuteAsync[TState,TResult](TState state, Func`4 operation, Func`4 verifySucceeded, CancellationToken cancellationToken)
   --- End of inner exception stack trace ---
   at Npgsql.EntityFrameworkCore.PostgreSQL.Storage.Internal.NpgsqlExecutionStrategy.ExecuteAsync[TState,TResult](TState state, Func`4 operation, Func`4 verifySucceeded, CancellationToken cancellationToken)
   at Microsoft.EntityFrameworkCore.Query.Internal.SingleQueryingEnumerable`1.AsyncEnumerator.MoveNextAsync()
[17:37:23 ERR] An exception occurred while iterating over the results of a query for context type 'BytesRewards.Service.Infrastructure.ApplicationDbContext'.
System.InvalidOperationException: An exception has been raised that is likely due to a transient failure.
 ---> Npgsql.NpgsqlException (0x80004005): The operation has timed out
 ---> System.TimeoutException: The operation has timed out.
   at Npgsql.ThrowHelper.ThrowNpgsqlExceptionWithInnerTimeoutException(String message)
   at Npgsql.Util.NpgsqlTimeout.Check()
   at Npgsql.Util.NpgsqlTimeout.CheckAndGetTimeLeft()
   at Npgsql.Internal.NpgsqlConnector.ConnectAsync(NpgsqlTimeout timeout, CancellationToken cancellationToken)
   at Npgsql.Internal.NpgsqlConnector.RawOpen(NpgsqlTimeout timeout, Boolean async, CancellationToken cancellationToken)
   at Npgsql.Internal.NpgsqlConnector.<Open>g__OpenCore|209_0(NpgsqlConnector conn, String username, SslMode sslMode, GssEncryptionMode gssEncMode, NpgsqlTimeout timeout, Boolean async, CancellationToken cancellationToken)
   at Npgsql.Internal.NpgsqlConnector.<Open>g__OpenCore|209_0(NpgsqlConnector conn, String username, SslMode sslMode, GssEncryptionMode gssEncMode, NpgsqlTimeout timeout, Boolean async, CancellationToken cancellationToken)
   at Npgsql.Internal.NpgsqlConnector.Open(NpgsqlTimeout timeout, Boolean async, CancellationToken cancellationToken)
   at Npgsql.PoolingDataSource.OpenNewConnector(NpgsqlConnection conn, NpgsqlTimeout timeout, Boolean async, CancellationToken cancellationToken)
   at Npgsql.PoolingDataSource.<Get>g__RentAsync|33_0(NpgsqlConnection conn, NpgsqlTimeout timeout, Boolean async, CancellationToken cancellationToken)
   at Npgsql.NpgsqlConnection.<Open>g__OpenAsync|42_0(Boolean async, CancellationToken cancellationToken)
   at Microsoft.EntityFrameworkCore.Storage.RelationalConnection.OpenInternalAsync(Boolean errorsExpected, CancellationToken cancellationToken)
   at Microsoft.EntityFrameworkCore.Storage.RelationalConnection.OpenInternalAsync(Boolean errorsExpected, CancellationToken cancellationToken)
   at Microsoft.EntityFrameworkCore.Storage.RelationalConnection.OpenAsync(CancellationToken cancellationToken, Boolean errorsExpected)
   at Microsoft.EntityFrameworkCore.Storage.RelationalCommand.ExecuteReaderAsync(RelationalCommandParameterObject parameterObject, CancellationToken cancellationToken)
   at Microsoft.EntityFrameworkCore.Query.Internal.SingleQueryingEnumerable`1.AsyncEnumerator.InitializeReaderAsync(AsyncEnumerator enumerator, CancellationToken cancellationToken)
   at Npgsql.EntityFrameworkCore.PostgreSQL.Storage.Internal.NpgsqlExecutionStrategy.ExecuteAsync[TState,TResult](TState state, Func`4 operation, Func`4 verifySucceeded, CancellationToken cancellationToken)
   --- End of inner exception stack trace ---
   at Npgsql.EntityFrameworkCore.PostgreSQL.Storage.Internal.NpgsqlExecutionStrategy.ExecuteAsync[TState,TResult](TState state, Func`4 operation, Func`4 verifySucceeded, CancellationToken cancellationToken)
   at Microsoft.EntityFrameworkCore.Query.Internal.SingleQueryingEnumerable`1.AsyncEnumerator.MoveNextAsync() { EventId: { Id: 10100, Name: "Microsoft.EntityFrameworkCore.Query.QueryIterationFailed" }, SourceContext: "Microsoft.EntityFrameworkCore.Query", RequestId: "0HNLTDEOJCUQ8:00000002", RequestPath: "/departments", ConnectionId: "0HNLTDEOJCUQ8" }

System.InvalidOperationException: An exception has been raised that is likely due to a transient failure.
 ---> Npgsql.NpgsqlException (0x80004005): The operation has timed out
 ---> System.TimeoutException: The operation has timed out.
   at Npgsql.ThrowHelper.ThrowNpgsqlExceptionWithInnerTimeoutException(String message)
   at Npgsql.Util.NpgsqlTimeout.Check()
   at Npgsql.Util.NpgsqlTimeout.CheckAndGetTimeLeft()
   at Npgsql.Internal.NpgsqlConnector.ConnectAsync(NpgsqlTimeout timeout, CancellationToken cancellationToken)
   at Npgsql.Internal.NpgsqlConnector.RawOpen(NpgsqlTimeout timeout, Boolean async, CancellationToken cancellationToken)
   at Npgsql.Internal.NpgsqlConnector.<Open>g__OpenCore|209_0(NpgsqlConnector conn, String username, SslMode sslMode, GssEncryptionMode gssEncMode, NpgsqlTimeout timeout, Boolean async, CancellationToken cancellationToken)
   at Npgsql.Internal.NpgsqlConnector.<Open>g__OpenCore|209_0(NpgsqlConnector conn, String username, SslMode sslMode, GssEncryptionMode gssEncMode, NpgsqlTimeout timeout, Boolean async, CancellationToken cancellationToken)
   at Npgsql.Internal.NpgsqlConnector.Open(NpgsqlTimeout timeout, Boolean async, CancellationToken cancellationToken)
   at Npgsql.PoolingDataSource.OpenNewConnector(NpgsqlConnection conn, NpgsqlTimeout timeout, Boolean async, CancellationToken cancellationToken)
   at Npgsql.PoolingDataSource.<Get>g__RentAsync|33_0(NpgsqlConnection conn, NpgsqlTimeout timeout, Boolean async, CancellationToken cancellationToken)
   at Npgsql.NpgsqlConnection.<Open>g__OpenAsync|42_0(Boolean async, CancellationToken cancellationToken)
   at Microsoft.EntityFrameworkCore.Storage.RelationalConnection.OpenInternalAsync(Boolean errorsExpected, CancellationToken cancellationToken)
   at Microsoft.EntityFrameworkCore.Storage.RelationalConnection.OpenInternalAsync(Boolean errorsExpected, CancellationToken cancellationToken)
   at Microsoft.EntityFrameworkCore.Storage.RelationalConnection.OpenAsync(CancellationToken cancellationToken, Boolean errorsExpected)
   at Microsoft.EntityFrameworkCore.Storage.RelationalCommand.ExecuteReaderAsync(RelationalCommandParameterObject parameterObject, CancellationToken cancellationToken)
   at Microsoft.EntityFrameworkCore.Query.Internal.SingleQueryingEnumerable`1.AsyncEnumerator.InitializeReaderAsync(AsyncEnumerator enumerator, CancellationToken cancellationToken)
   at Npgsql.EntityFrameworkCore.PostgreSQL.Storage.Internal.NpgsqlExecutionStrategy.ExecuteAsync[TState,TResult](TState state, Func`4 operation, Func`4 verifySucceeded, CancellationToken cancellationToken)
   --- End of inner exception stack trace ---
   at Npgsql.EntityFrameworkCore.PostgreSQL.Storage.Internal.NpgsqlExecutionStrategy.ExecuteAsync[TState,TResult](TState state, Func`4 operation, Func`4 verifySucceeded, CancellationToken cancellationToken)
   at Microsoft.EntityFrameworkCore.Query.Internal.SingleQueryingEnumerable`1.AsyncEnumerator.MoveNextAsync()
[17:37:23 INF] Executed endpoint 'HTTP: GET /users' { EventId: { Id: 1, Name: "ExecutedEndpoint" }, SourceContext: "Microsoft.AspNetCore.Routing.EndpointMiddleware", RequestId: "0HNLTDEOJCUQ7:00000002", RequestPath: "/users", ConnectionId: "0HNLTDEOJCUQ7" }

[17:37:23 ERR] Error handling GetDepartmentsQuery { SourceContext: "AppWeaver.Mediator.Behaviors.LoggingBehavior", RequestId: "0HNLTDEOJCUQ8:00000002", RequestPath: "/departments", ConnectionId: "0HNLTDEOJCUQ8" }

System.InvalidOperationException: An exception has been raised that is likely due to a transient failure.
 ---> Npgsql.NpgsqlException (0x80004005): The operation has timed out
 ---> System.TimeoutException: The operation has timed out.
   at Npgsql.ThrowHelper.ThrowNpgsqlExceptionWithInnerTimeoutException(String message)
   at Npgsql.Util.NpgsqlTimeout.Check()
   at Npgsql.Util.NpgsqlTimeout.CheckAndGetTimeLeft()
   at Npgsql.Internal.NpgsqlConnector.ConnectAsync(NpgsqlTimeout timeout, CancellationToken cancellationToken)
   at Npgsql.Internal.NpgsqlConnector.RawOpen(NpgsqlTimeout timeout, Boolean async, CancellationToken cancellationToken)
   at Npgsql.Internal.NpgsqlConnector.<Open>g__OpenCore|209_0(NpgsqlConnector conn, String username, SslMode sslMode, GssEncryptionMode gssEncMode, NpgsqlTimeout timeout, Boolean async, CancellationToken cancellationToken)
   at Npgsql.Internal.NpgsqlConnector.<Open>g__OpenCore|209_0(NpgsqlConnector conn, String username, SslMode sslMode, GssEncryptionMode gssEncMode, NpgsqlTimeout timeout, Boolean async, CancellationToken cancellationToken)
   at Npgsql.Internal.NpgsqlConnector.Open(NpgsqlTimeout timeout, Boolean async, CancellationToken cancellationToken)
   at Npgsql.PoolingDataSource.OpenNewConnector(NpgsqlConnection conn, NpgsqlTimeout timeout, Boolean async, CancellationToken cancellationToken)
   at Npgsql.PoolingDataSource.<Get>g__RentAsync|33_0(NpgsqlConnection conn, NpgsqlTimeout timeout, Boolean async, CancellationToken cancellationToken)
   at Npgsql.NpgsqlConnection.<Open>g__OpenAsync|42_0(Boolean async, CancellationToken cancellationToken)
   at Microsoft.EntityFrameworkCore.Storage.RelationalConnection.OpenInternalAsync(Boolean errorsExpected, CancellationToken cancellationToken)
   at Microsoft.EntityFrameworkCore.Storage.RelationalConnection.OpenInternalAsync(Boolean errorsExpected, CancellationToken cancellationToken)
   at Microsoft.EntityFrameworkCore.Storage.RelationalConnection.OpenAsync(CancellationToken cancellationToken, Boolean errorsExpected)
   at Microsoft.EntityFrameworkCore.Storage.RelationalCommand.ExecuteReaderAsync(RelationalCommandParameterObject parameterObject, CancellationToken cancellationToken)
   at Microsoft.EntityFrameworkCore.Query.Internal.SingleQueryingEnumerable`1.AsyncEnumerator.InitializeReaderAsync(AsyncEnumerator enumerator, CancellationToken cancellationToken)
   at Npgsql.EntityFrameworkCore.PostgreSQL.Storage.Internal.NpgsqlExecutionStrategy.ExecuteAsync[TState,TResult](TState state, Func`4 operation, Func`4 verifySucceeded, CancellationToken cancellationToken)
   --- End of inner exception stack trace ---
   at Npgsql.EntityFrameworkCore.PostgreSQL.Storage.Internal.NpgsqlExecutionStrategy.ExecuteAsync[TState,TResult](TState state, Func`4 operation, Func`4 verifySucceeded, CancellationToken cancellationToken)
   at Microsoft.EntityFrameworkCore.Query.Internal.SingleQueryingEnumerable`1.AsyncEnumerator.MoveNextAsync()
   at Microsoft.EntityFrameworkCore.EntityFrameworkQueryableExtensions.ToListAsync[TSource](IQueryable`1 source, CancellationToken cancellationToken)
   at Microsoft.EntityFrameworkCore.EntityFrameworkQueryableExtensions.ToListAsync[TSource](IQueryable`1 source, CancellationToken cancellationToken)
   at BytesRewards.Service.Departments.Features.GetDepartments.GetDepartmentsQueryHandler.Handle(GetDepartmentsQuery request, CancellationToken ct) in C:\Users\MariyaAF\Desktop\BytesRewards\BytesRewards\src\BytesRewards.Service\Departments\Features\GetDepartments\GetDepartmentsQueryHandler.cs:line 22
   at AppWeaver.Mediator.Behaviors.LoggingBehavior`2.Handle(TRequest request, CancellationToken ct, Next`1 next)
[17:37:23 ERR] Error handling GetRolesQuery { SourceContext: "AppWeaver.Mediator.Behaviors.LoggingBehavior", RequestId: "0HNLTDEOJCUQ6:00000002", RequestPath: "/roles", ConnectionId: "0HNLTDEOJCUQ6" }

System.InvalidOperationException: An exception has been raised that is likely due to a transient failure.
 ---> Npgsql.NpgsqlException (0x80004005): The operation has timed out
 ---> System.TimeoutException: The operation has timed out.
   at Npgsql.ThrowHelper.ThrowNpgsqlExceptionWithInnerTimeoutException(String message)
   at Npgsql.Util.NpgsqlTimeout.Check()
   at Npgsql.Util.NpgsqlTimeout.CheckAndGetTimeLeft()
   at Npgsql.Internal.NpgsqlConnector.ConnectAsync(NpgsqlTimeout timeout, CancellationToken cancellationToken)
   at Npgsql.Internal.NpgsqlConnector.RawOpen(NpgsqlTimeout timeout, Boolean async, CancellationToken cancellationToken)
   at Npgsql.Internal.NpgsqlConnector.<Open>g__OpenCore|209_0(NpgsqlConnector conn, String username, SslMode sslMode, GssEncryptionMode gssEncMode, NpgsqlTimeout timeout, Boolean async, CancellationToken cancellationToken)
   at Npgsql.Internal.NpgsqlConnector.<Open>g__OpenCore|209_0(NpgsqlConnector conn, String username, SslMode sslMode, GssEncryptionMode gssEncMode, NpgsqlTimeout timeout, Boolean async, CancellationToken cancellationToken)
   at Npgsql.Internal.NpgsqlConnector.Open(NpgsqlTimeout timeout, Boolean async, CancellationToken cancellationToken)
   at Npgsql.PoolingDataSource.OpenNewConnector(NpgsqlConnection conn, NpgsqlTimeout timeout, Boolean async, CancellationToken cancellationToken)
   at Npgsql.PoolingDataSource.<Get>g__RentAsync|33_0(NpgsqlConnection conn, NpgsqlTimeout timeout, Boolean async, CancellationToken cancellationToken)
   at Npgsql.NpgsqlConnection.<Open>g__OpenAsync|42_0(Boolean async, CancellationToken cancellationToken)
   at Microsoft.EntityFrameworkCore.Storage.RelationalConnection.OpenInternalAsync(Boolean errorsExpected, CancellationToken cancellationToken)
   at Microsoft.EntityFrameworkCore.Storage.RelationalConnection.OpenInternalAsync(Boolean errorsExpected, CancellationToken cancellationToken)
   at Microsoft.EntityFrameworkCore.Storage.RelationalConnection.OpenAsync(CancellationToken cancellationToken, Boolean errorsExpected)
   at Microsoft.EntityFrameworkCore.Storage.RelationalCommand.ExecuteReaderAsync(RelationalCommandParameterObject parameterObject, CancellationToken cancellationToken)
   at Microsoft.EntityFrameworkCore.Query.Internal.SingleQueryingEnumerable`1.AsyncEnumerator.InitializeReaderAsync(AsyncEnumerator enumerator, CancellationToken cancellationToken)
   at Npgsql.EntityFrameworkCore.PostgreSQL.Storage.Internal.NpgsqlExecutionStrategy.ExecuteAsync[TState,TResult](TState state, Func`4 operation, Func`4 verifySucceeded, CancellationToken cancellationToken)
   --- End of inner exception stack trace ---
   at Npgsql.EntityFrameworkCore.PostgreSQL.Storage.Internal.NpgsqlExecutionStrategy.ExecuteAsync[TState,TResult](TState state, Func`4 operation, Func`4 verifySucceeded, CancellationToken cancellationToken)
   at Microsoft.EntityFrameworkCore.Query.Internal.SingleQueryingEnumerable`1.AsyncEnumerator.MoveNextAsync()
   at Microsoft.EntityFrameworkCore.EntityFrameworkQueryableExtensions.ToListAsync[TSource](IQueryable`1 source, CancellationToken cancellationToken)
   at Microsoft.EntityFrameworkCore.EntityFrameworkQueryableExtensions.ToListAsync[TSource](IQueryable`1 source, CancellationToken cancellationToken)
   at BytesRewards.Service.Roles.Features.GetRoles.GetRolesQueryHandler.Handle(GetRolesQuery request, CancellationToken ct) in C:\Users\MariyaAF\Desktop\BytesRewards\BytesRewards\src\BytesRewards.Service\Roles\Features\GetRoles\GetRolesQueryHandler.cs:line 20
   at AppWeaver.Mediator.Behaviors.LoggingBehavior`2.Handle(TRequest request, CancellationToken ct, Next`1 next)
[17:37:23 INF] Executed endpoint 'HTTP: GET /departments' { EventId: { Id: 1, Name: "ExecutedEndpoint" }, SourceContext: "Microsoft.AspNetCore.Routing.EndpointMiddleware", RequestId: "0HNLTDEOJCUQ8:00000002", RequestPath: "/departments", ConnectionId: "0HNLTDEOJCUQ8" }

[17:37:23 INF] Executed endpoint 'HTTP: GET /roles' { EventId: { Id: 1, Name: "ExecutedEndpoint" }, SourceContext: "Microsoft.AspNetCore.Routing.EndpointMiddleware", RequestId: "0HNLTDEOJCUQ6:00000002", RequestPath: "/roles", ConnectionId: "0HNLTDEOJCUQ6" }

[17:37:30 INF] CORS policy execution successful. { EventId: { Id: 4, Name: "PolicySuccess" }, SourceContext: "Microsoft.AspNetCore.Cors.Infrastructure.CorsService", RequestId: "0HNLTDEOJCUQ9:00000001", RequestPath: "/users", ConnectionId: "0HNLTDEOJCUQ9" }

[17:37:30 INF] CORS policy execution successful. { EventId: { Id: 4, Name: "PolicySuccess" }, SourceContext: "Microsoft.AspNetCore.Cors.Infrastructure.CorsService", RequestId: "0HNLTDEOJCUQ9:00000002", RequestPath: "/users", ConnectionId: "0HNLTDEOJCUQ9" }

[17:37:30 INF] CORS policy execution successful. { EventId: { Id: 4, Name: "PolicySuccess" }, SourceContext: "Microsoft.AspNetCore.Cors.Infrastructure.CorsService", RequestId: "0HNLTDEOJCUQA:00000001", RequestPath: "/roles", ConnectionId: "0HNLTDEOJCUQA" }

[17:37:30 INF] Executing endpoint 'HTTP: GET /users' { EventId: { Name: "ExecutingEndpoint" }, SourceContext: "Microsoft.AspNetCore.Routing.EndpointMiddleware", RequestId: "0HNLTDEOJCUQ9:00000002", RequestPath: "/users", ConnectionId: "0HNLTDEOJCUQ9" }

[17:37:30 INF] Handling GetUsersQuery { SourceContext: "AppWeaver.Mediator.Behaviors.LoggingBehavior", RequestId: "0HNLTDEOJCUQ9:00000002", RequestPath: "/users", ConnectionId: "0HNLTDEOJCUQ9" }

[17:37:30 INF] CORS policy execution successful. { EventId: { Id: 4, Name: "PolicySuccess" }, SourceContext: "Microsoft.AspNetCore.Cors.Infrastructure.CorsService", RequestId: "0HNLTDEOJCUQA:00000002", RequestPath: "/departments", ConnectionId: "0HNLTDEOJCUQA" }

[17:37:30 INF] CORS policy execution successful. { EventId: { Id: 4, Name: "PolicySuccess" }, SourceContext: "Microsoft.AspNetCore.Cors.Infrastructure.CorsService", RequestId: "0HNLTDEOJCUQB:00000001", RequestPath: "/roles", ConnectionId: "0HNLTDEOJCUQB" }

[17:37:30 INF] Executing endpoint 'HTTP: GET /roles' { EventId: { Name: "ExecutingEndpoint" }, SourceContext: "Microsoft.AspNetCore.Routing.EndpointMiddleware", RequestId: "0HNLTDEOJCUQB:00000001", RequestPath: "/roles", ConnectionId: "0HNLTDEOJCUQB" }

[17:37:30 INF] CORS policy execution successful. { EventId: { Id: 4, Name: "PolicySuccess" }, SourceContext: "Microsoft.AspNetCore.Cors.Infrastructure.CorsService", RequestId: "0HNLTDEOJCUQA:00000003", RequestPath: "/departments", ConnectionId: "0HNLTDEOJCUQA" }

[17:37:30 INF] Handling GetRolesQuery { SourceContext: "AppWeaver.Mediator.Behaviors.LoggingBehavior", RequestId: "0HNLTDEOJCUQB:00000001", RequestPath: "/roles", ConnectionId: "0HNLTDEOJCUQB" }

[17:37:30 INF] Executing endpoint 'HTTP: GET /departments' { EventId: { Name: "ExecutingEndpoint" }, SourceContext: "Microsoft.AspNetCore.Routing.EndpointMiddleware", RequestId: "0HNLTDEOJCUQA:00000003", RequestPath: "/departments", ConnectionId: "0HNLTDEOJCUQA" }

[17:37:30 INF] Handling GetDepartmentsQuery { SourceContext: "AppWeaver.Mediator.Behaviors.LoggingBehavior", RequestId: "0HNLTDEOJCUQA:00000003", RequestPath: "/departments", ConnectionId: "0HNLTDEOJCUQA" }

[17:37:30 INF] Handled GetUsersQuery { SourceContext: "AppWeaver.Mediator.Behaviors.LoggingBehavior", RequestId: "0HNLTDEOJCUQ9:00000002", RequestPath: "/users", ConnectionId: "0HNLTDEOJCUQ9" }

[17:37:30 INF] Setting HTTP status code 200. { EventId: { Id: 1, Name: "WritingResultAsStatusCode" }, SourceContext: "Microsoft.AspNetCore.Http.Result.OkObjectResult", RequestId: "0HNLTDEOJCUQ9:00000002", RequestPath: "/users", ConnectionId: "0HNLTDEOJCUQ9" }

[17:37:30 INF] Writing value of type 'List`1' as Json. { EventId: { Id: 3, Name: "WritingResultAsJson" }, SourceContext: "Microsoft.AspNetCore.Http.Result.OkObjectResult", RequestId: "0HNLTDEOJCUQ9:00000002", RequestPath: "/users", ConnectionId: "0HNLTDEOJCUQ9" }

[17:37:30 INF] Executed endpoint 'HTTP: GET /users' { EventId: { Id: 1, Name: "ExecutedEndpoint" }, SourceContext: "Microsoft.AspNetCore.Routing.EndpointMiddleware", RequestId: "0HNLTDEOJCUQ9:00000002", RequestPath: "/users", ConnectionId: "0HNLTDEOJCUQ9" }

[17:37:30 INF] Handled GetDepartmentsQuery { SourceContext: "AppWeaver.Mediator.Behaviors.LoggingBehavior", RequestId: "0HNLTDEOJCUQA:00000003", RequestPath: "/departments", ConnectionId: "0HNLTDEOJCUQA" }

[17:37:30 INF] Executed endpoint 'HTTP: GET /departments' { EventId: { Id: 1, Name: "ExecutedEndpoint" }, SourceContext: "Microsoft.AspNetCore.Routing.EndpointMiddleware", RequestId: "0HNLTDEOJCUQA:00000003", RequestPath: "/departments", ConnectionId: "0HNLTDEOJCUQA" }

[17:37:30 INF] Handled GetRolesQuery { SourceContext: "AppWeaver.Mediator.Behaviors.LoggingBehavior", RequestId: "0HNLTDEOJCUQB:00000001", RequestPath: "/roles", ConnectionId: "0HNLTDEOJCUQB" }

[17:37:30 INF] Executed endpoint 'HTTP: GET /roles' { EventId: { Id: 1, Name: "ExecutedEndpoint" }, SourceContext: "Microsoft.AspNetCore.Routing.EndpointMiddleware", RequestId: "0HNLTDEOJCUQB:00000001", RequestPath: "/roles", ConnectionId: "0HNLTDEOJCUQB" }

[17:38:42 INF] CORS policy execution successful. { EventId: { Id: 4, Name: "PolicySuccess" }, SourceContext: "Microsoft.AspNetCore.Cors.Infrastructure.CorsService", RequestId: "0HNLTDEOJCUQB:00000002", RequestPath: "/users", ConnectionId: "0HNLTDEOJCUQB" }

[17:38:42 INF] CORS policy execution successful. { EventId: { Id: 4, Name: "PolicySuccess" }, SourceContext: "Microsoft.AspNetCore.Cors.Infrastructure.CorsService", RequestId: "0HNLTDEOJCUQ9:00000003", RequestPath: "/departments", ConnectionId: "0HNLTDEOJCUQ9" }

[17:38:42 INF] CORS policy execution successful. { EventId: { Id: 4, Name: "PolicySuccess" }, SourceContext: "Microsoft.AspNetCore.Cors.Infrastructure.CorsService", RequestId: "0HNLTDEOJCUQA:00000004", RequestPath: "/roles", ConnectionId: "0HNLTDEOJCUQA" }

[17:38:42 INF] CORS policy execution successful. { EventId: { Id: 4, Name: "PolicySuccess" }, SourceContext: "Microsoft.AspNetCore.Cors.Infrastructure.CorsService", RequestId: "0HNLTDEOJCUQA:00000005", RequestPath: "/users", ConnectionId: "0HNLTDEOJCUQA" }

[17:38:42 INF] CORS policy execution successful. { EventId: { Id: 4, Name: "PolicySuccess" }, SourceContext: "Microsoft.AspNetCore.Cors.Infrastructure.CorsService", RequestId: "0HNLTDEOJCUQ9:00000004", RequestPath: "/departments", ConnectionId: "0HNLTDEOJCUQ9" }

[17:38:42 INF] CORS policy execution successful. { EventId: { Id: 4, Name: "PolicySuccess" }, SourceContext: "Microsoft.AspNetCore.Cors.Infrastructure.CorsService", RequestId: "0HNLTDEOJCUQB:00000003", RequestPath: "/roles", ConnectionId: "0HNLTDEOJCUQB" }

[17:38:42 INF] Executing endpoint 'HTTP: GET /departments' { EventId: { Name: "ExecutingEndpoint" }, SourceContext: "Microsoft.AspNetCore.Routing.EndpointMiddleware", RequestId: "0HNLTDEOJCUQ9:00000004", RequestPath: "/departments", ConnectionId: "0HNLTDEOJCUQ9" }

[17:38:42 INF] Executing endpoint 'HTTP: GET /roles' { EventId: { Name: "ExecutingEndpoint" }, SourceContext: "Microsoft.AspNetCore.Routing.EndpointMiddleware", RequestId: "0HNLTDEOJCUQB:00000003", RequestPath: "/roles", ConnectionId: "0HNLTDEOJCUQB" }

[17:38:42 INF] Executing endpoint 'HTTP: GET /users' { EventId: { Name: "ExecutingEndpoint" }, SourceContext: "Microsoft.AspNetCore.Routing.EndpointMiddleware", RequestId: "0HNLTDEOJCUQA:00000005", RequestPath: "/users", ConnectionId: "0HNLTDEOJCUQA" }

[17:38:42 INF] Handling GetDepartmentsQuery { SourceContext: "AppWeaver.Mediator.Behaviors.LoggingBehavior", RequestId: "0HNLTDEOJCUQ9:00000004", RequestPath: "/departments", ConnectionId: "0HNLTDEOJCUQ9" }

[17:38:42 INF] Handling GetRolesQuery { SourceContext: "AppWeaver.Mediator.Behaviors.LoggingBehavior", RequestId: "0HNLTDEOJCUQB:00000003", RequestPath: "/roles", ConnectionId: "0HNLTDEOJCUQB" }

[17:38:42 INF] Handling GetUsersQuery { SourceContext: "AppWeaver.Mediator.Behaviors.LoggingBehavior", RequestId: "0HNLTDEOJCUQA:00000005", RequestPath: "/users", ConnectionId: "0HNLTDEOJCUQA" }

[17:38:42 INF] Handled GetRolesQuery { SourceContext: "AppWeaver.Mediator.Behaviors.LoggingBehavior", RequestId: "0HNLTDEOJCUQB:00000003", RequestPath: "/roles", ConnectionId: "0HNLTDEOJCUQB" }

[17:38:42 INF] Handled GetDepartmentsQuery { SourceContext: "AppWeaver.Mediator.Behaviors.LoggingBehavior", RequestId: "0HNLTDEOJCUQ9:00000004", RequestPath: "/departments", ConnectionId: "0HNLTDEOJCUQ9" }

[17:38:42 INF] Executed endpoint 'HTTP: GET /roles' { EventId: { Id: 1, Name: "ExecutedEndpoint" }, SourceContext: "Microsoft.AspNetCore.Routing.EndpointMiddleware", RequestId: "0HNLTDEOJCUQB:00000003", RequestPath: "/roles", ConnectionId: "0HNLTDEOJCUQB" }

[17:38:42 INF] Executed endpoint 'HTTP: GET /departments' { EventId: { Id: 1, Name: "ExecutedEndpoint" }, SourceContext: "Microsoft.AspNetCore.Routing.EndpointMiddleware", RequestId: "0HNLTDEOJCUQ9:00000004", RequestPath: "/departments", ConnectionId: "0HNLTDEOJCUQ9" }

[17:38:42 INF] Handled GetUsersQuery { SourceContext: "AppWeaver.Mediator.Behaviors.LoggingBehavior", RequestId: "0HNLTDEOJCUQA:00000005", RequestPath: "/users", ConnectionId: "0HNLTDEOJCUQA" }

[17:38:42 INF] Setting HTTP status code 200. { EventId: { Id: 1, Name: "WritingResultAsStatusCode" }, SourceContext: "Microsoft.AspNetCore.Http.Result.OkObjectResult", RequestId: "0HNLTDEOJCUQA:00000005", RequestPath: "/users", ConnectionId: "0HNLTDEOJCUQA" }

[17:38:42 INF] Writing value of type 'List`1' as Json. { EventId: { Id: 3, Name: "WritingResultAsJson" }, SourceContext: "Microsoft.AspNetCore.Http.Result.OkObjectResult", RequestId: "0HNLTDEOJCUQA:00000005", RequestPath: "/users", ConnectionId: "0HNLTDEOJCUQA" }

[17:38:42 INF] Executed endpoint 'HTTP: GET /users' { EventId: { Id: 1, Name: "ExecutedEndpoint" }, SourceContext: "Microsoft.AspNetCore.Routing.EndpointMiddleware", RequestId: "0HNLTDEOJCUQA:00000005", RequestPath: "/users", ConnectionId: "0HNLTDEOJCUQA" }

[17:40:55 INF] CORS policy execution successful. { EventId: { Id: 4, Name: "PolicySuccess" }, SourceContext: "Microsoft.AspNetCore.Cors.Infrastructure.CorsService", RequestId: "0HNLTDEOJCUQC:00000001", RequestPath: "/departments", ConnectionId: "0HNLTDEOJCUQC" }

[17:40:55 INF] CORS policy execution successful. { EventId: { Id: 4, Name: "PolicySuccess" }, SourceContext: "Microsoft.AspNetCore.Cors.Infrastructure.CorsService", RequestId: "0HNLTDEOJCUQD:00000001", RequestPath: "/roles", ConnectionId: "0HNLTDEOJCUQD" }

[17:40:55 INF] CORS policy execution successful. { EventId: { Id: 4, Name: "PolicySuccess" }, SourceContext: "Microsoft.AspNetCore.Cors.Infrastructure.CorsService", RequestId: "0HNLTDEOJCUQE:00000001", RequestPath: "/users", ConnectionId: "0HNLTDEOJCUQE" }

[17:40:55 INF] CORS policy execution successful. { EventId: { Id: 4, Name: "PolicySuccess" }, SourceContext: "Microsoft.AspNetCore.Cors.Infrastructure.CorsService", RequestId: "0HNLTDEOJCUQC:00000002", RequestPath: "/users", ConnectionId: "0HNLTDEOJCUQC" }

[17:40:55 INF] CORS policy execution successful. { EventId: { Id: 4, Name: "PolicySuccess" }, SourceContext: "Microsoft.AspNetCore.Cors.Infrastructure.CorsService", RequestId: "0HNLTDEOJCUQE:00000002", RequestPath: "/roles", ConnectionId: "0HNLTDEOJCUQE" }

[17:40:55 INF] CORS policy execution successful. { EventId: { Id: 4, Name: "PolicySuccess" }, SourceContext: "Microsoft.AspNetCore.Cors.Infrastructure.CorsService", RequestId: "0HNLTDEOJCUQD:00000002", RequestPath: "/departments", ConnectionId: "0HNLTDEOJCUQD" }

[17:40:55 INF] Executing endpoint 'HTTP: GET /roles' { EventId: { Name: "ExecutingEndpoint" }, SourceContext: "Microsoft.AspNetCore.Routing.EndpointMiddleware", RequestId: "0HNLTDEOJCUQE:00000002", RequestPath: "/roles", ConnectionId: "0HNLTDEOJCUQE" }

[17:40:55 INF] Executing endpoint 'HTTP: GET /users' { EventId: { Name: "ExecutingEndpoint" }, SourceContext: "Microsoft.AspNetCore.Routing.EndpointMiddleware", RequestId: "0HNLTDEOJCUQC:00000002", RequestPath: "/users", ConnectionId: "0HNLTDEOJCUQC" }

[17:40:55 INF] Executing endpoint 'HTTP: GET /departments' { EventId: { Name: "ExecutingEndpoint" }, SourceContext: "Microsoft.AspNetCore.Routing.EndpointMiddleware", RequestId: "0HNLTDEOJCUQD:00000002", RequestPath: "/departments", ConnectionId: "0HNLTDEOJCUQD" }

[17:40:55 INF] Handling GetRolesQuery { SourceContext: "AppWeaver.Mediator.Behaviors.LoggingBehavior", RequestId: "0HNLTDEOJCUQE:00000002", RequestPath: "/roles", ConnectionId: "0HNLTDEOJCUQE" }

[17:40:55 INF] Handling GetDepartmentsQuery { SourceContext: "AppWeaver.Mediator.Behaviors.LoggingBehavior", RequestId: "0HNLTDEOJCUQD:00000002", RequestPath: "/departments", ConnectionId: "0HNLTDEOJCUQD" }

[17:40:55 INF] Handling GetUsersQuery { SourceContext: "AppWeaver.Mediator.Behaviors.LoggingBehavior", RequestId: "0HNLTDEOJCUQC:00000002", RequestPath: "/users", ConnectionId: "0HNLTDEOJCUQC" }

[17:40:55 INF] Handled GetDepartmentsQuery { SourceContext: "AppWeaver.Mediator.Behaviors.LoggingBehavior", RequestId: "0HNLTDEOJCUQD:00000002", RequestPath: "/departments", ConnectionId: "0HNLTDEOJCUQD" }

[17:40:55 INF] Handled GetRolesQuery { SourceContext: "AppWeaver.Mediator.Behaviors.LoggingBehavior", RequestId: "0HNLTDEOJCUQE:00000002", RequestPath: "/roles", ConnectionId: "0HNLTDEOJCUQE" }

[17:40:55 INF] Handled GetUsersQuery { SourceContext: "AppWeaver.Mediator.Behaviors.LoggingBehavior", RequestId: "0HNLTDEOJCUQC:00000002", RequestPath: "/users", ConnectionId: "0HNLTDEOJCUQC" }

[17:40:55 INF] Executed endpoint 'HTTP: GET /departments' { EventId: { Id: 1, Name: "ExecutedEndpoint" }, SourceContext: "Microsoft.AspNetCore.Routing.EndpointMiddleware", RequestId: "0HNLTDEOJCUQD:00000002", RequestPath: "/departments", ConnectionId: "0HNLTDEOJCUQD" }

[17:40:55 INF] Executed endpoint 'HTTP: GET /roles' { EventId: { Id: 1, Name: "ExecutedEndpoint" }, SourceContext: "Microsoft.AspNetCore.Routing.EndpointMiddleware", RequestId: "0HNLTDEOJCUQE:00000002", RequestPath: "/roles", ConnectionId: "0HNLTDEOJCUQE" }

[17:40:55 INF] Setting HTTP status code 200. { EventId: { Id: 1, Name: "WritingResultAsStatusCode" }, SourceContext: "Microsoft.AspNetCore.Http.Result.OkObjectResult", RequestId: "0HNLTDEOJCUQC:00000002", RequestPath: "/users", ConnectionId: "0HNLTDEOJCUQC" }

[17:40:55 INF] Writing value of type 'List`1' as Json. { EventId: { Id: 3, Name: "WritingResultAsJson" }, SourceContext: "Microsoft.AspNetCore.Http.Result.OkObjectResult", RequestId: "0HNLTDEOJCUQC:00000002", RequestPath: "/users", ConnectionId: "0HNLTDEOJCUQC" }

[17:40:55 INF] Executed endpoint 'HTTP: GET /users' { EventId: { Id: 1, Name: "ExecutedEndpoint" }, SourceContext: "Microsoft.AspNetCore.Routing.EndpointMiddleware", RequestId: "0HNLTDEOJCUQC:00000002", RequestPath: "/users", ConnectionId: "0HNLTDEOJCUQC" }

[17:41:03 INF] CORS policy execution successful. { EventId: { Id: 4, Name: "PolicySuccess" }, SourceContext: "Microsoft.AspNetCore.Cors.Infrastructure.CorsService", RequestId: "0HNLTDEOJCUQE:00000003", RequestPath: "/roles", ConnectionId: "0HNLTDEOJCUQE" }

[17:41:03 INF] CORS policy execution successful. { EventId: { Id: 4, Name: "PolicySuccess" }, SourceContext: "Microsoft.AspNetCore.Cors.Infrastructure.CorsService", RequestId: "0HNLTDEOJCUQD:00000003", RequestPath: "/users", ConnectionId: "0HNLTDEOJCUQD" }

[17:41:03 INF] CORS policy execution successful. { EventId: { Id: 4, Name: "PolicySuccess" }, SourceContext: "Microsoft.AspNetCore.Cors.Infrastructure.CorsService", RequestId: "0HNLTDEOJCUQC:00000003", RequestPath: "/departments", ConnectionId: "0HNLTDEOJCUQC" }

[17:41:03 INF] CORS policy execution successful. { EventId: { Id: 4, Name: "PolicySuccess" }, SourceContext: "Microsoft.AspNetCore.Cors.Infrastructure.CorsService", RequestId: "0HNLTDEOJCUQC:00000004", RequestPath: "/users", ConnectionId: "0HNLTDEOJCUQC" }

[17:41:03 INF] CORS policy execution successful. { EventId: { Id: 4, Name: "PolicySuccess" }, SourceContext: "Microsoft.AspNetCore.Cors.Infrastructure.CorsService", RequestId: "0HNLTDEOJCUQD:00000004", RequestPath: "/roles", ConnectionId: "0HNLTDEOJCUQD" }

[17:41:03 INF] Executing endpoint 'HTTP: GET /users' { EventId: { Name: "ExecutingEndpoint" }, SourceContext: "Microsoft.AspNetCore.Routing.EndpointMiddleware", RequestId: "0HNLTDEOJCUQC:00000004", RequestPath: "/users", ConnectionId: "0HNLTDEOJCUQC" }

[17:41:03 INF] CORS policy execution successful. { EventId: { Id: 4, Name: "PolicySuccess" }, SourceContext: "Microsoft.AspNetCore.Cors.Infrastructure.CorsService", RequestId: "0HNLTDEOJCUQE:00000004", RequestPath: "/departments", ConnectionId: "0HNLTDEOJCUQE" }

[17:41:03 INF] Executing endpoint 'HTTP: GET /roles' { EventId: { Name: "ExecutingEndpoint" }, SourceContext: "Microsoft.AspNetCore.Routing.EndpointMiddleware", RequestId: "0HNLTDEOJCUQD:00000004", RequestPath: "/roles", ConnectionId: "0HNLTDEOJCUQD" }

[17:41:03 INF] Executing endpoint 'HTTP: GET /departments' { EventId: { Name: "ExecutingEndpoint" }, SourceContext: "Microsoft.AspNetCore.Routing.EndpointMiddleware", RequestId: "0HNLTDEOJCUQE:00000004", RequestPath: "/departments", ConnectionId: "0HNLTDEOJCUQE" }

[17:41:03 INF] Handling GetUsersQuery { SourceContext: "AppWeaver.Mediator.Behaviors.LoggingBehavior", RequestId: "0HNLTDEOJCUQC:00000004", RequestPath: "/users", ConnectionId: "0HNLTDEOJCUQC" }

[17:41:03 INF] Handling GetDepartmentsQuery { SourceContext: "AppWeaver.Mediator.Behaviors.LoggingBehavior", RequestId: "0HNLTDEOJCUQE:00000004", RequestPath: "/departments", ConnectionId: "0HNLTDEOJCUQE" }

[17:41:03 INF] Handling GetRolesQuery { SourceContext: "AppWeaver.Mediator.Behaviors.LoggingBehavior", RequestId: "0HNLTDEOJCUQD:00000004", RequestPath: "/roles", ConnectionId: "0HNLTDEOJCUQD" }

[17:41:03 INF] Handled GetDepartmentsQuery { SourceContext: "AppWeaver.Mediator.Behaviors.LoggingBehavior", RequestId: "0HNLTDEOJCUQE:00000004", RequestPath: "/departments", ConnectionId: "0HNLTDEOJCUQE" }

[17:41:03 INF] Handled GetRolesQuery { SourceContext: "AppWeaver.Mediator.Behaviors.LoggingBehavior", RequestId: "0HNLTDEOJCUQD:00000004", RequestPath: "/roles", ConnectionId: "0HNLTDEOJCUQD" }

[17:41:03 INF] Executed endpoint 'HTTP: GET /roles' { EventId: { Id: 1, Name: "ExecutedEndpoint" }, SourceContext: "Microsoft.AspNetCore.Routing.EndpointMiddleware", RequestId: "0HNLTDEOJCUQD:00000004", RequestPath: "/roles", ConnectionId: "0HNLTDEOJCUQD" }

[17:41:03 INF] Executed endpoint 'HTTP: GET /departments' { EventId: { Id: 1, Name: "ExecutedEndpoint" }, SourceContext: "Microsoft.AspNetCore.Routing.EndpointMiddleware", RequestId: "0HNLTDEOJCUQE:00000004", RequestPath: "/departments", ConnectionId: "0HNLTDEOJCUQE" }

[17:41:03 INF] Handled GetUsersQuery { SourceContext: "AppWeaver.Mediator.Behaviors.LoggingBehavior", RequestId: "0HNLTDEOJCUQC:00000004", RequestPath: "/users", ConnectionId: "0HNLTDEOJCUQC" }

[17:41:03 INF] Setting HTTP status code 200. { EventId: { Id: 1, Name: "WritingResultAsStatusCode" }, SourceContext: "Microsoft.AspNetCore.Http.Result.OkObjectResult", RequestId: "0HNLTDEOJCUQC:00000004", RequestPath: "/users", ConnectionId: "0HNLTDEOJCUQC" }

[17:41:03 INF] Writing value of type 'List`1' as Json. { EventId: { Id: 3, Name: "WritingResultAsJson" }, SourceContext: "Microsoft.AspNetCore.Http.Result.OkObjectResult", RequestId: "0HNLTDEOJCUQC:00000004", RequestPath: "/users", ConnectionId: "0HNLTDEOJCUQC" }

[17:41:03 INF] Executed endpoint 'HTTP: GET /users' { EventId: { Id: 1, Name: "ExecutedEndpoint" }, SourceContext: "Microsoft.AspNetCore.Routing.EndpointMiddleware", RequestId: "0HNLTDEOJCUQC:00000004", RequestPath: "/users", ConnectionId: "0HNLTDEOJCUQC" }

[17:41:27 INF] CORS policy execution successful. { EventId: { Id: 4, Name: "PolicySuccess" }, SourceContext: "Microsoft.AspNetCore.Cors.Infrastructure.CorsService", RequestId: "0HNLTDEOJCUQC:00000005", RequestPath: "/users", ConnectionId: "0HNLTDEOJCUQC" }

[17:41:27 INF] CORS policy execution successful. { EventId: { Id: 4, Name: "PolicySuccess" }, SourceContext: "Microsoft.AspNetCore.Cors.Infrastructure.CorsService", RequestId: "0HNLTDEOJCUQD:00000005", RequestPath: "/roles", ConnectionId: "0HNLTDEOJCUQD" }

[17:41:27 INF] CORS policy execution successful. { EventId: { Id: 4, Name: "PolicySuccess" }, SourceContext: "Microsoft.AspNetCore.Cors.Infrastructure.CorsService", RequestId: "0HNLTDEOJCUQE:00000005", RequestPath: "/departments", ConnectionId: "0HNLTDEOJCUQE" }

[17:41:27 INF] CORS policy execution successful. { EventId: { Id: 4, Name: "PolicySuccess" }, SourceContext: "Microsoft.AspNetCore.Cors.Infrastructure.CorsService", RequestId: "0HNLTDEOJCUQE:00000006", RequestPath: "/users", ConnectionId: "0HNLTDEOJCUQE" }

[17:41:27 INF] CORS policy execution successful. { EventId: { Id: 4, Name: "PolicySuccess" }, SourceContext: "Microsoft.AspNetCore.Cors.Infrastructure.CorsService", RequestId: "0HNLTDEOJCUQD:00000006", RequestPath: "/roles", ConnectionId: "0HNLTDEOJCUQD" }

[17:41:27 INF] CORS policy execution successful. { EventId: { Id: 4, Name: "PolicySuccess" }, SourceContext: "Microsoft.AspNetCore.Cors.Infrastructure.CorsService", RequestId: "0HNLTDEOJCUQC:00000006", RequestPath: "/departments", ConnectionId: "0HNLTDEOJCUQC" }

[17:41:27 INF] Executing endpoint 'HTTP: GET /departments' { EventId: { Name: "ExecutingEndpoint" }, SourceContext: "Microsoft.AspNetCore.Routing.EndpointMiddleware", RequestId: "0HNLTDEOJCUQC:00000006", RequestPath: "/departments", ConnectionId: "0HNLTDEOJCUQC" }

[17:41:27 INF] Executing endpoint 'HTTP: GET /roles' { EventId: { Name: "ExecutingEndpoint" }, SourceContext: "Microsoft.AspNetCore.Routing.EndpointMiddleware", RequestId: "0HNLTDEOJCUQD:00000006", RequestPath: "/roles", ConnectionId: "0HNLTDEOJCUQD" }

[17:41:27 INF] Executing endpoint 'HTTP: GET /users' { EventId: { Name: "ExecutingEndpoint" }, SourceContext: "Microsoft.AspNetCore.Routing.EndpointMiddleware", RequestId: "0HNLTDEOJCUQE:00000006", RequestPath: "/users", ConnectionId: "0HNLTDEOJCUQE" }

[17:41:27 INF] Handling GetDepartmentsQuery { SourceContext: "AppWeaver.Mediator.Behaviors.LoggingBehavior", RequestId: "0HNLTDEOJCUQC:00000006", RequestPath: "/departments", ConnectionId: "0HNLTDEOJCUQC" }

[17:41:27 INF] Handling GetRolesQuery { SourceContext: "AppWeaver.Mediator.Behaviors.LoggingBehavior", RequestId: "0HNLTDEOJCUQD:00000006", RequestPath: "/roles", ConnectionId: "0HNLTDEOJCUQD" }

[17:41:27 INF] Handling GetUsersQuery { SourceContext: "AppWeaver.Mediator.Behaviors.LoggingBehavior", RequestId: "0HNLTDEOJCUQE:00000006", RequestPath: "/users", ConnectionId: "0HNLTDEOJCUQE" }

[17:41:27 INF] Handled GetDepartmentsQuery { SourceContext: "AppWeaver.Mediator.Behaviors.LoggingBehavior", RequestId: "0HNLTDEOJCUQC:00000006", RequestPath: "/departments", ConnectionId: "0HNLTDEOJCUQC" }

[17:41:27 INF] Handled GetRolesQuery { SourceContext: "AppWeaver.Mediator.Behaviors.LoggingBehavior", RequestId: "0HNLTDEOJCUQD:00000006", RequestPath: "/roles", ConnectionId: "0HNLTDEOJCUQD" }

[17:41:27 INF] Executed endpoint 'HTTP: GET /departments' { EventId: { Id: 1, Name: "ExecutedEndpoint" }, SourceContext: "Microsoft.AspNetCore.Routing.EndpointMiddleware", RequestId: "0HNLTDEOJCUQC:00000006", RequestPath: "/departments", ConnectionId: "0HNLTDEOJCUQC" }

[17:41:27 INF] Handled GetUsersQuery { SourceContext: "AppWeaver.Mediator.Behaviors.LoggingBehavior", RequestId: "0HNLTDEOJCUQE:00000006", RequestPath: "/users", ConnectionId: "0HNLTDEOJCUQE" }

[17:41:27 INF] Executed endpoint 'HTTP: GET /roles' { EventId: { Id: 1, Name: "ExecutedEndpoint" }, SourceContext: "Microsoft.AspNetCore.Routing.EndpointMiddleware", RequestId: "0HNLTDEOJCUQD:00000006", RequestPath: "/roles", ConnectionId: "0HNLTDEOJCUQD" }

[17:41:27 INF] Setting HTTP status code 200. { EventId: { Id: 1, Name: "WritingResultAsStatusCode" }, SourceContext: "Microsoft.AspNetCore.Http.Result.OkObjectResult", RequestId: "0HNLTDEOJCUQE:00000006", RequestPath: "/users", ConnectionId: "0HNLTDEOJCUQE" }

[17:41:27 INF] Writing value of type 'List`1' as Json. { EventId: { Id: 3, Name: "WritingResultAsJson" }, SourceContext: "Microsoft.AspNetCore.Http.Result.OkObjectResult", RequestId: "0HNLTDEOJCUQE:00000006", RequestPath: "/users", ConnectionId: "0HNLTDEOJCUQE" }

[17:41:27 INF] Executed endpoint 'HTTP: GET /users' { EventId: { Id: 1, Name: "ExecutedEndpoint" }, SourceContext: "Microsoft.AspNetCore.Routing.EndpointMiddleware", RequestId: "0HNLTDEOJCUQE:00000006", RequestPath: "/users", ConnectionId: "0HNLTDEOJCUQE" }

[17:43:03 INF] CORS policy execution successful. { EventId: { Id: 4, Name: "PolicySuccess" }, SourceContext: "Microsoft.AspNetCore.Cors.Infrastructure.CorsService", RequestId: "0HNLTDEOJCUQC:00000007", RequestPath: "/users", ConnectionId: "0HNLTDEOJCUQC" }

[17:43:03 INF] CORS policy execution successful. { EventId: { Id: 4, Name: "PolicySuccess" }, SourceContext: "Microsoft.AspNetCore.Cors.Infrastructure.CorsService", RequestId: "0HNLTDEOJCUQD:00000007", RequestPath: "/roles", ConnectionId: "0HNLTDEOJCUQD" }

[17:43:03 INF] CORS policy execution successful. { EventId: { Id: 4, Name: "PolicySuccess" }, SourceContext: "Microsoft.AspNetCore.Cors.Infrastructure.CorsService", RequestId: "0HNLTDEOJCUQE:00000007", RequestPath: "/departments", ConnectionId: "0HNLTDEOJCUQE" }

[17:43:03 INF] CORS policy execution successful. { EventId: { Id: 4, Name: "PolicySuccess" }, SourceContext: "Microsoft.AspNetCore.Cors.Infrastructure.CorsService", RequestId: "0HNLTDEOJCUQE:00000008", RequestPath: "/users", ConnectionId: "0HNLTDEOJCUQE" }

[17:43:03 INF] CORS policy execution successful. { EventId: { Id: 4, Name: "PolicySuccess" }, SourceContext: "Microsoft.AspNetCore.Cors.Infrastructure.CorsService", RequestId: "0HNLTDEOJCUQC:00000008", RequestPath: "/departments", ConnectionId: "0HNLTDEOJCUQC" }

[17:43:03 INF] Executing endpoint 'HTTP: GET /users' { EventId: { Name: "ExecutingEndpoint" }, SourceContext: "Microsoft.AspNetCore.Routing.EndpointMiddleware", RequestId: "0HNLTDEOJCUQE:00000008", RequestPath: "/users", ConnectionId: "0HNLTDEOJCUQE" }

[17:43:03 INF] Executing endpoint 'HTTP: GET /departments' { EventId: { Name: "ExecutingEndpoint" }, SourceContext: "Microsoft.AspNetCore.Routing.EndpointMiddleware", RequestId: "0HNLTDEOJCUQC:00000008", RequestPath: "/departments", ConnectionId: "0HNLTDEOJCUQC" }

[17:43:03 INF] CORS policy execution successful. { EventId: { Id: 4, Name: "PolicySuccess" }, SourceContext: "Microsoft.AspNetCore.Cors.Infrastructure.CorsService", RequestId: "0HNLTDEOJCUQD:00000008", RequestPath: "/roles", ConnectionId: "0HNLTDEOJCUQD" }

[17:43:03 INF] Handling GetDepartmentsQuery { SourceContext: "AppWeaver.Mediator.Behaviors.LoggingBehavior", RequestId: "0HNLTDEOJCUQC:00000008", RequestPath: "/departments", ConnectionId: "0HNLTDEOJCUQC" }

[17:43:03 INF] Handling GetUsersQuery { SourceContext: "AppWeaver.Mediator.Behaviors.LoggingBehavior", RequestId: "0HNLTDEOJCUQE:00000008", RequestPath: "/users", ConnectionId: "0HNLTDEOJCUQE" }

[17:43:03 INF] Executing endpoint 'HTTP: GET /roles' { EventId: { Name: "ExecutingEndpoint" }, SourceContext: "Microsoft.AspNetCore.Routing.EndpointMiddleware", RequestId: "0HNLTDEOJCUQD:00000008", RequestPath: "/roles", ConnectionId: "0HNLTDEOJCUQD" }

[17:43:03 INF] Handling GetRolesQuery { SourceContext: "AppWeaver.Mediator.Behaviors.LoggingBehavior", RequestId: "0HNLTDEOJCUQD:00000008", RequestPath: "/roles", ConnectionId: "0HNLTDEOJCUQD" }

[17:43:03 INF] Handled GetDepartmentsQuery { SourceContext: "AppWeaver.Mediator.Behaviors.LoggingBehavior", RequestId: "0HNLTDEOJCUQC:00000008", RequestPath: "/departments", ConnectionId: "0HNLTDEOJCUQC" }

[17:43:03 INF] Handled GetRolesQuery { SourceContext: "AppWeaver.Mediator.Behaviors.LoggingBehavior", RequestId: "0HNLTDEOJCUQD:00000008", RequestPath: "/roles", ConnectionId: "0HNLTDEOJCUQD" }

[17:43:03 INF] Executed endpoint 'HTTP: GET /departments' { EventId: { Id: 1, Name: "ExecutedEndpoint" }, SourceContext: "Microsoft.AspNetCore.Routing.EndpointMiddleware", RequestId: "0HNLTDEOJCUQC:00000008", RequestPath: "/departments", ConnectionId: "0HNLTDEOJCUQC" }

[17:43:03 INF] Executed endpoint 'HTTP: GET /roles' { EventId: { Id: 1, Name: "ExecutedEndpoint" }, SourceContext: "Microsoft.AspNetCore.Routing.EndpointMiddleware", RequestId: "0HNLTDEOJCUQD:00000008", RequestPath: "/roles", ConnectionId: "0HNLTDEOJCUQD" }

[17:43:03 INF] Handled GetUsersQuery { SourceContext: "AppWeaver.Mediator.Behaviors.LoggingBehavior", RequestId: "0HNLTDEOJCUQE:00000008", RequestPath: "/users", ConnectionId: "0HNLTDEOJCUQE" }

[17:43:03 INF] Setting HTTP status code 200. { EventId: { Id: 1, Name: "WritingResultAsStatusCode" }, SourceContext: "Microsoft.AspNetCore.Http.Result.OkObjectResult", RequestId: "0HNLTDEOJCUQE:00000008", RequestPath: "/users", ConnectionId: "0HNLTDEOJCUQE" }

[17:43:03 INF] Writing value of type 'List`1' as Json. { EventId: { Id: 3, Name: "WritingResultAsJson" }, SourceContext: "Microsoft.AspNetCore.Http.Result.OkObjectResult", RequestId: "0HNLTDEOJCUQE:00000008", RequestPath: "/users", ConnectionId: "0HNLTDEOJCUQE" }

[17:43:03 INF] Executed endpoint 'HTTP: GET /users' { EventId: { Id: 1, Name: "ExecutedEndpoint" }, SourceContext: "Microsoft.AspNetCore.Routing.EndpointMiddleware", RequestId: "0HNLTDEOJCUQE:00000008", RequestPath: "/users", ConnectionId: "0HNLTDEOJCUQE" }

[17:43:04 INF] CORS policy execution successful. { EventId: { Id: 4, Name: "PolicySuccess" }, SourceContext: "Microsoft.AspNetCore.Cors.Infrastructure.CorsService", RequestId: "0HNLTDEOJCUQE:00000009", RequestPath: "/users", ConnectionId: "0HNLTDEOJCUQE" }

[17:43:04 INF] CORS policy execution successful. { EventId: { Id: 4, Name: "PolicySuccess" }, SourceContext: "Microsoft.AspNetCore.Cors.Infrastructure.CorsService", RequestId: "0HNLTDEOJCUQD:00000009", RequestPath: "/roles", ConnectionId: "0HNLTDEOJCUQD" }

[17:43:04 INF] CORS policy execution successful. { EventId: { Id: 4, Name: "PolicySuccess" }, SourceContext: "Microsoft.AspNetCore.Cors.Infrastructure.CorsService", RequestId: "0HNLTDEOJCUQC:00000009", RequestPath: "/departments", ConnectionId: "0HNLTDEOJCUQC" }

[17:43:04 INF] Executing endpoint 'HTTP: GET /roles' { EventId: { Name: "ExecutingEndpoint" }, SourceContext: "Microsoft.AspNetCore.Routing.EndpointMiddleware", RequestId: "0HNLTDEOJCUQD:00000009", RequestPath: "/roles", ConnectionId: "0HNLTDEOJCUQD" }

[17:43:04 INF] Executing endpoint 'HTTP: GET /users' { EventId: { Name: "ExecutingEndpoint" }, SourceContext: "Microsoft.AspNetCore.Routing.EndpointMiddleware", RequestId: "0HNLTDEOJCUQE:00000009", RequestPath: "/users", ConnectionId: "0HNLTDEOJCUQE" }

[17:43:04 INF] Executing endpoint 'HTTP: GET /departments' { EventId: { Name: "ExecutingEndpoint" }, SourceContext: "Microsoft.AspNetCore.Routing.EndpointMiddleware", RequestId: "0HNLTDEOJCUQC:00000009", RequestPath: "/departments", ConnectionId: "0HNLTDEOJCUQC" }

[17:43:04 INF] Handling GetRolesQuery { SourceContext: "AppWeaver.Mediator.Behaviors.LoggingBehavior", RequestId: "0HNLTDEOJCUQD:00000009", RequestPath: "/roles", ConnectionId: "0HNLTDEOJCUQD" }

[17:43:04 INF] Handling GetDepartmentsQuery { SourceContext: "AppWeaver.Mediator.Behaviors.LoggingBehavior", RequestId: "0HNLTDEOJCUQC:00000009", RequestPath: "/departments", ConnectionId: "0HNLTDEOJCUQC" }

[17:43:04 INF] Handling GetUsersQuery { SourceContext: "AppWeaver.Mediator.Behaviors.LoggingBehavior", RequestId: "0HNLTDEOJCUQE:00000009", RequestPath: "/users", ConnectionId: "0HNLTDEOJCUQE" }

[17:43:04 INF] Handled GetDepartmentsQuery { SourceContext: "AppWeaver.Mediator.Behaviors.LoggingBehavior", RequestId: "0HNLTDEOJCUQC:00000009", RequestPath: "/departments", ConnectionId: "0HNLTDEOJCUQC" }

[17:43:04 INF] Handled GetRolesQuery { SourceContext: "AppWeaver.Mediator.Behaviors.LoggingBehavior", RequestId: "0HNLTDEOJCUQD:00000009", RequestPath: "/roles", ConnectionId: "0HNLTDEOJCUQD" }

[17:43:04 INF] Executed endpoint 'HTTP: GET /roles' { EventId: { Id: 1, Name: "ExecutedEndpoint" }, SourceContext: "Microsoft.AspNetCore.Routing.EndpointMiddleware", RequestId: "0HNLTDEOJCUQD:00000009", RequestPath: "/roles", ConnectionId: "0HNLTDEOJCUQD" }

[17:43:04 INF] Executed endpoint 'HTTP: GET /departments' { EventId: { Id: 1, Name: "ExecutedEndpoint" }, SourceContext: "Microsoft.AspNetCore.Routing.EndpointMiddleware", RequestId: "0HNLTDEOJCUQC:00000009", RequestPath: "/departments", ConnectionId: "0HNLTDEOJCUQC" }

[17:43:04 INF] Handled GetUsersQuery { SourceContext: "AppWeaver.Mediator.Behaviors.LoggingBehavior", RequestId: "0HNLTDEOJCUQE:00000009", RequestPath: "/users", ConnectionId: "0HNLTDEOJCUQE" }

[17:43:04 INF] Setting HTTP status code 200. { EventId: { Id: 1, Name: "WritingResultAsStatusCode" }, SourceContext: "Microsoft.AspNetCore.Http.Result.OkObjectResult", RequestId: "0HNLTDEOJCUQE:00000009", RequestPath: "/users", ConnectionId: "0HNLTDEOJCUQE" }

[17:43:04 INF] Writing value of type 'List`1' as Json. { EventId: { Id: 3, Name: "WritingResultAsJson" }, SourceContext: "Microsoft.AspNetCore.Http.Result.OkObjectResult", RequestId: "0HNLTDEOJCUQE:00000009", RequestPath: "/users", ConnectionId: "0HNLTDEOJCUQE" }

[17:43:04 INF] Executed endpoint 'HTTP: GET /users' { EventId: { Id: 1, Name: "ExecutedEndpoint" }, SourceContext: "Microsoft.AspNetCore.Routing.EndpointMiddleware", RequestId: "0HNLTDEOJCUQE:00000009", RequestPath: "/users", ConnectionId: "0HNLTDEOJCUQE" }

[17:46:56 INF] Application is shutting down... { SourceContext: "Microsoft.Hosting.Lifetime" }

[17:47:46 INF] No migrations were applied. The database is already up to date. { EventId: { Id: 20405, Name: "Microsoft.EntityFrameworkCore.Migrations.MigrationsNotApplied" }, SourceContext: "Microsoft.EntityFrameworkCore.Migrations" }

[17:47:46 INF] No migrations were applied. The database is already up to date. { EventId: { Id: 20405, Name: "Microsoft.EntityFrameworkCore.Migrations.MigrationsNotApplied" }, SourceContext: "Microsoft.EntityFrameworkCore.Migrations" }

[17:47:47 INF] Registered 7 endpoints in 6,462 milliseconds. { EventId: { Id: 1, Name: "EndpointsRegistered" }, SourceContext: "FastEndpoints.StartupTimer" }

[17:47:48 INF] No validators found in the system! { EventId: { Id: 1, Name: "NoValidatorsFound" }, SourceContext: "FastEndpoints.Swagger.ValidationSchemaProcessor" }

[17:47:48 INF] User profile is available. Using 'C:\Users\MariyaAF\AppData\Local\ASP.NET\DataProtection-Keys' as key repository and Windows DPAPI to encrypt keys at rest. { EventId: { Id: 63, Name: "UsingProfileAsKeyRepositoryWithDPAPI" }, SourceContext: "Microsoft.AspNetCore.DataProtection.KeyManagement.XmlKeyManager" }

[17:47:48 WRN] The property 'AuditLog.Metadata' is a collection or enumeration type with a value converter but with no value comparer. Set a value comparer to ensure the collection/enumeration elements are compared correctly. { EventId: { Id: 10620, Name: "Microsoft.EntityFrameworkCore.Model.Validation.CollectionWithoutComparer" }, SourceContext: "Microsoft.EntityFrameworkCore.Model.Validation" }

[17:47:48 INF] No migrations were found in assembly 'BytesRewards.Service'. A migration needs to be added before the database can be updated. { EventId: { Id: 20406, Name: "Microsoft.EntityFrameworkCore.Migrations.MigrationsNotFound" }, SourceContext: "Microsoft.EntityFrameworkCore.Migrations" }

[17:47:48 INF] No migrations were applied. The database is already up to date. { EventId: { Id: 20405, Name: "Microsoft.EntityFrameworkCore.Migrations.MigrationsNotApplied" }, SourceContext: "Microsoft.EntityFrameworkCore.Migrations" }

[17:47:48 INF] Now listening on: http://localhost:61573 { EventId: { Id: 14, Name: "ListeningOnAddress" }, SourceContext: "Microsoft.Hosting.Lifetime" }

[17:47:48 INF] Application started. Press Ctrl+C to shut down. { SourceContext: "Microsoft.Hosting.Lifetime" }

[17:47:48 INF] Hosting environment: Development { SourceContext: "Microsoft.Hosting.Lifetime" }

[17:47:48 INF] Content root path: C:\Users\MariyaAF\Desktop\BytesRewards\BytesRewards\src\BytesRewards.Service { SourceContext: "Microsoft.Hosting.Lifetime" }

[17:47:49 INF] CORS policy execution successful. { EventId: { Id: 4, Name: "PolicySuccess" }, SourceContext: "Microsoft.AspNetCore.Cors.Infrastructure.CorsService", RequestId: "0HNLTFH67RCU4:00000001", RequestPath: "/roles", ConnectionId: "0HNLTFH67RCU4" }

[17:47:49 INF] CORS policy execution successful. { EventId: { Id: 4, Name: "PolicySuccess" }, SourceContext: "Microsoft.AspNetCore.Cors.Infrastructure.CorsService", RequestId: "0HNLTFH67RCU4:00000002", RequestPath: "/roles", ConnectionId: "0HNLTFH67RCU4" }

[17:47:49 INF] Executing endpoint 'HTTP: GET /roles' { EventId: { Name: "ExecutingEndpoint" }, SourceContext: "Microsoft.AspNetCore.Routing.EndpointMiddleware", RequestId: "0HNLTFH67RCU4:00000002", RequestPath: "/roles", ConnectionId: "0HNLTFH67RCU4" }

[17:47:49 INF] Handling GetRolesQuery { SourceContext: "AppWeaver.Mediator.Behaviors.LoggingBehavior", RequestId: "0HNLTFH67RCU4:00000002", RequestPath: "/roles", ConnectionId: "0HNLTFH67RCU4" }

[17:47:49 INF] Handled GetRolesQuery { SourceContext: "AppWeaver.Mediator.Behaviors.LoggingBehavior", RequestId: "0HNLTFH67RCU4:00000002", RequestPath: "/roles", ConnectionId: "0HNLTFH67RCU4" }

[17:47:49 INF] Executed endpoint 'HTTP: GET /roles' { EventId: { Id: 1, Name: "ExecutedEndpoint" }, SourceContext: "Microsoft.AspNetCore.Routing.EndpointMiddleware", RequestId: "0HNLTFH67RCU4:00000002", RequestPath: "/roles", ConnectionId: "0HNLTFH67RCU4" }

[17:47:50 INF] CORS policy execution successful. { EventId: { Id: 4, Name: "PolicySuccess" }, SourceContext: "Microsoft.AspNetCore.Cors.Infrastructure.CorsService", RequestId: "0HNLTFH67RCU5:00000001", RequestPath: "/departments", ConnectionId: "0HNLTFH67RCU5" }

[17:47:50 INF] CORS policy execution successful. { EventId: { Id: 4, Name: "PolicySuccess" }, SourceContext: "Microsoft.AspNetCore.Cors.Infrastructure.CorsService", RequestId: "0HNLTFH67RCU5:00000002", RequestPath: "/departments", ConnectionId: "0HNLTFH67RCU5" }

[17:47:50 INF] Executing endpoint 'HTTP: GET /departments' { EventId: { Name: "ExecutingEndpoint" }, SourceContext: "Microsoft.AspNetCore.Routing.EndpointMiddleware", RequestId: "0HNLTFH67RCU5:00000002", RequestPath: "/departments", ConnectionId: "0HNLTFH67RCU5" }

[17:47:50 INF] Handling GetDepartmentsQuery { SourceContext: "AppWeaver.Mediator.Behaviors.LoggingBehavior", RequestId: "0HNLTFH67RCU5:00000002", RequestPath: "/departments", ConnectionId: "0HNLTFH67RCU5" }

[17:47:50 INF] Handled GetDepartmentsQuery { SourceContext: "AppWeaver.Mediator.Behaviors.LoggingBehavior", RequestId: "0HNLTFH67RCU5:00000002", RequestPath: "/departments", ConnectionId: "0HNLTFH67RCU5" }

[17:47:50 INF] Executed endpoint 'HTTP: GET /departments' { EventId: { Id: 1, Name: "ExecutedEndpoint" }, SourceContext: "Microsoft.AspNetCore.Routing.EndpointMiddleware", RequestId: "0HNLTFH67RCU5:00000002", RequestPath: "/departments", ConnectionId: "0HNLTFH67RCU5" }

[17:47:50 INF] CORS policy execution successful. { EventId: { Id: 4, Name: "PolicySuccess" }, SourceContext: "Microsoft.AspNetCore.Cors.Infrastructure.CorsService", RequestId: "0HNLTFH67RCU6:00000001", RequestPath: "/users", ConnectionId: "0HNLTFH67RCU6" }

[17:47:50 INF] CORS policy execution successful. { EventId: { Id: 4, Name: "PolicySuccess" }, SourceContext: "Microsoft.AspNetCore.Cors.Infrastructure.CorsService", RequestId: "0HNLTFH67RCU6:00000002", RequestPath: "/users", ConnectionId: "0HNLTFH67RCU6" }

[17:47:50 INF] Executing endpoint 'HTTP: GET /users' { EventId: { Name: "ExecutingEndpoint" }, SourceContext: "Microsoft.AspNetCore.Routing.EndpointMiddleware", RequestId: "0HNLTFH67RCU6:00000002", RequestPath: "/users", ConnectionId: "0HNLTFH67RCU6" }

[17:47:50 INF] Handling GetUsersQuery { SourceContext: "AppWeaver.Mediator.Behaviors.LoggingBehavior", RequestId: "0HNLTFH67RCU6:00000002", RequestPath: "/users", ConnectionId: "0HNLTFH67RCU6" }

[17:47:50 INF] Handled GetUsersQuery { SourceContext: "AppWeaver.Mediator.Behaviors.LoggingBehavior", RequestId: "0HNLTFH67RCU6:00000002", RequestPath: "/users", ConnectionId: "0HNLTFH67RCU6" }

[17:47:50 INF] Setting HTTP status code 200. { EventId: { Id: 1, Name: "WritingResultAsStatusCode" }, SourceContext: "Microsoft.AspNetCore.Http.Result.OkObjectResult", RequestId: "0HNLTFH67RCU6:00000002", RequestPath: "/users", ConnectionId: "0HNLTFH67RCU6" }

[17:47:50 INF] Writing value of type 'List`1' as Json. { EventId: { Id: 3, Name: "WritingResultAsJson" }, SourceContext: "Microsoft.AspNetCore.Http.Result.OkObjectResult", RequestId: "0HNLTFH67RCU6:00000002", RequestPath: "/users", ConnectionId: "0HNLTFH67RCU6" }

[17:47:50 INF] Executed endpoint 'HTTP: GET /users' { EventId: { Id: 1, Name: "ExecutedEndpoint" }, SourceContext: "Microsoft.AspNetCore.Routing.EndpointMiddleware", RequestId: "0HNLTFH67RCU6:00000002", RequestPath: "/users", ConnectionId: "0HNLTFH67RCU6" }

[17:48:18 INF] CORS policy execution successful. { EventId: { Id: 4, Name: "PolicySuccess" }, SourceContext: "Microsoft.AspNetCore.Cors.Infrastructure.CorsService", RequestId: "0HNLTFH67RCU5:00000003", RequestPath: "/roles", ConnectionId: "0HNLTFH67RCU5" }

[17:48:18 INF] CORS policy execution successful. { EventId: { Id: 4, Name: "PolicySuccess" }, SourceContext: "Microsoft.AspNetCore.Cors.Infrastructure.CorsService", RequestId: "0HNLTFH67RCU6:00000003", RequestPath: "/users", ConnectionId: "0HNLTFH67RCU6" }

[17:48:18 INF] CORS policy execution successful. { EventId: { Id: 4, Name: "PolicySuccess" }, SourceContext: "Microsoft.AspNetCore.Cors.Infrastructure.CorsService", RequestId: "0HNLTFH67RCU4:00000003", RequestPath: "/departments", ConnectionId: "0HNLTFH67RCU4" }

[17:48:18 INF] CORS policy execution successful. { EventId: { Id: 4, Name: "PolicySuccess" }, SourceContext: "Microsoft.AspNetCore.Cors.Infrastructure.CorsService", RequestId: "0HNLTFH67RCU4:00000004", RequestPath: "/roles", ConnectionId: "0HNLTFH67RCU4" }

[17:48:18 INF] CORS policy execution successful. { EventId: { Id: 4, Name: "PolicySuccess" }, SourceContext: "Microsoft.AspNetCore.Cors.Infrastructure.CorsService", RequestId: "0HNLTFH67RCU6:00000004", RequestPath: "/users", ConnectionId: "0HNLTFH67RCU6" }

[17:48:18 INF] CORS policy execution successful. { EventId: { Id: 4, Name: "PolicySuccess" }, SourceContext: "Microsoft.AspNetCore.Cors.Infrastructure.CorsService", RequestId: "0HNLTFH67RCU5:00000004", RequestPath: "/departments", ConnectionId: "0HNLTFH67RCU5" }

[17:48:18 INF] Executing endpoint 'HTTP: GET /departments' { EventId: { Name: "ExecutingEndpoint" }, SourceContext: "Microsoft.AspNetCore.Routing.EndpointMiddleware", RequestId: "0HNLTFH67RCU5:00000004", RequestPath: "/departments", ConnectionId: "0HNLTFH67RCU5" }

[17:48:18 INF] Executing endpoint 'HTTP: GET /roles' { EventId: { Name: "ExecutingEndpoint" }, SourceContext: "Microsoft.AspNetCore.Routing.EndpointMiddleware", RequestId: "0HNLTFH67RCU4:00000004", RequestPath: "/roles", ConnectionId: "0HNLTFH67RCU4" }

[17:48:18 INF] Handling GetRolesQuery { SourceContext: "AppWeaver.Mediator.Behaviors.LoggingBehavior", RequestId: "0HNLTFH67RCU4:00000004", RequestPath: "/roles", ConnectionId: "0HNLTFH67RCU4" }

[17:48:18 INF] Handling GetDepartmentsQuery { SourceContext: "AppWeaver.Mediator.Behaviors.LoggingBehavior", RequestId: "0HNLTFH67RCU5:00000004", RequestPath: "/departments", ConnectionId: "0HNLTFH67RCU5" }

[17:48:18 INF] Executing endpoint 'HTTP: GET /users' { EventId: { Name: "ExecutingEndpoint" }, SourceContext: "Microsoft.AspNetCore.Routing.EndpointMiddleware", RequestId: "0HNLTFH67RCU6:00000004", RequestPath: "/users", ConnectionId: "0HNLTFH67RCU6" }

[17:48:18 INF] Handling GetUsersQuery { SourceContext: "AppWeaver.Mediator.Behaviors.LoggingBehavior", RequestId: "0HNLTFH67RCU6:00000004", RequestPath: "/users", ConnectionId: "0HNLTFH67RCU6" }

[17:48:18 INF] Handled GetDepartmentsQuery { SourceContext: "AppWeaver.Mediator.Behaviors.LoggingBehavior", RequestId: "0HNLTFH67RCU5:00000004", RequestPath: "/departments", ConnectionId: "0HNLTFH67RCU5" }

[17:48:18 INF] Executed endpoint 'HTTP: GET /departments' { EventId: { Id: 1, Name: "ExecutedEndpoint" }, SourceContext: "Microsoft.AspNetCore.Routing.EndpointMiddleware", RequestId: "0HNLTFH67RCU5:00000004", RequestPath: "/departments", ConnectionId: "0HNLTFH67RCU5" }

[17:48:18 INF] Handled GetRolesQuery { SourceContext: "AppWeaver.Mediator.Behaviors.LoggingBehavior", RequestId: "0HNLTFH67RCU4:00000004", RequestPath: "/roles", ConnectionId: "0HNLTFH67RCU4" }

[17:48:18 INF] Handled GetUsersQuery { SourceContext: "AppWeaver.Mediator.Behaviors.LoggingBehavior", RequestId: "0HNLTFH67RCU6:00000004", RequestPath: "/users", ConnectionId: "0HNLTFH67RCU6" }

[17:48:18 INF] Executed endpoint 'HTTP: GET /roles' { EventId: { Id: 1, Name: "ExecutedEndpoint" }, SourceContext: "Microsoft.AspNetCore.Routing.EndpointMiddleware", RequestId: "0HNLTFH67RCU4:00000004", RequestPath: "/roles", ConnectionId: "0HNLTFH67RCU4" }

[17:48:18 INF] Setting HTTP status code 200. { EventId: { Id: 1, Name: "WritingResultAsStatusCode" }, SourceContext: "Microsoft.AspNetCore.Http.Result.OkObjectResult", RequestId: "0HNLTFH67RCU6:00000004", RequestPath: "/users", ConnectionId: "0HNLTFH67RCU6" }

[17:48:18 INF] Writing value of type 'List`1' as Json. { EventId: { Id: 3, Name: "WritingResultAsJson" }, SourceContext: "Microsoft.AspNetCore.Http.Result.OkObjectResult", RequestId: "0HNLTFH67RCU6:00000004", RequestPath: "/users", ConnectionId: "0HNLTFH67RCU6" }

[17:48:18 INF] Executed endpoint 'HTTP: GET /users' { EventId: { Id: 1, Name: "ExecutedEndpoint" }, SourceContext: "Microsoft.AspNetCore.Routing.EndpointMiddleware", RequestId: "0HNLTFH67RCU6:00000004", RequestPath: "/users", ConnectionId: "0HNLTFH67RCU6" }

[17:49:10 INF] CORS policy execution successful. { EventId: { Id: 4, Name: "PolicySuccess" }, SourceContext: "Microsoft.AspNetCore.Cors.Infrastructure.CorsService", RequestId: "0HNLTFH67RCU6:00000005", RequestPath: "/users", ConnectionId: "0HNLTFH67RCU6" }

[17:49:10 INF] CORS policy execution successful. { EventId: { Id: 4, Name: "PolicySuccess" }, SourceContext: "Microsoft.AspNetCore.Cors.Infrastructure.CorsService", RequestId: "0HNLTFH67RCU4:00000005", RequestPath: "/roles", ConnectionId: "0HNLTFH67RCU4" }

[17:49:10 INF] CORS policy execution successful. { EventId: { Id: 4, Name: "PolicySuccess" }, SourceContext: "Microsoft.AspNetCore.Cors.Infrastructure.CorsService", RequestId: "0HNLTFH67RCU5:00000005", RequestPath: "/departments", ConnectionId: "0HNLTFH67RCU5" }

[17:49:10 INF] CORS policy execution successful. { EventId: { Id: 4, Name: "PolicySuccess" }, SourceContext: "Microsoft.AspNetCore.Cors.Infrastructure.CorsService", RequestId: "0HNLTFH67RCU5:00000006", RequestPath: "/users", ConnectionId: "0HNLTFH67RCU5" }

[17:49:10 INF] CORS policy execution successful. { EventId: { Id: 4, Name: "PolicySuccess" }, SourceContext: "Microsoft.AspNetCore.Cors.Infrastructure.CorsService", RequestId: "0HNLTFH67RCU4:00000006", RequestPath: "/roles", ConnectionId: "0HNLTFH67RCU4" }

[17:49:10 INF] CORS policy execution successful. { EventId: { Id: 4, Name: "PolicySuccess" }, SourceContext: "Microsoft.AspNetCore.Cors.Infrastructure.CorsService", RequestId: "0HNLTFH67RCU6:00000006", RequestPath: "/departments", ConnectionId: "0HNLTFH67RCU6" }

[17:49:10 INF] Executing endpoint 'HTTP: GET /roles' { EventId: { Name: "ExecutingEndpoint" }, SourceContext: "Microsoft.AspNetCore.Routing.EndpointMiddleware", RequestId: "0HNLTFH67RCU4:00000006", RequestPath: "/roles", ConnectionId: "0HNLTFH67RCU4" }

[17:49:10 INF] Executing endpoint 'HTTP: GET /departments' { EventId: { Name: "ExecutingEndpoint" }, SourceContext: "Microsoft.AspNetCore.Routing.EndpointMiddleware", RequestId: "0HNLTFH67RCU6:00000006", RequestPath: "/departments", ConnectionId: "0HNLTFH67RCU6" }

[17:49:10 INF] Handling GetDepartmentsQuery { SourceContext: "AppWeaver.Mediator.Behaviors.LoggingBehavior", RequestId: "0HNLTFH67RCU6:00000006", RequestPath: "/departments", ConnectionId: "0HNLTFH67RCU6" }

[17:49:10 INF] Handling GetRolesQuery { SourceContext: "AppWeaver.Mediator.Behaviors.LoggingBehavior", RequestId: "0HNLTFH67RCU4:00000006", RequestPath: "/roles", ConnectionId: "0HNLTFH67RCU4" }

[17:49:10 INF] Executing endpoint 'HTTP: GET /users' { EventId: { Name: "ExecutingEndpoint" }, SourceContext: "Microsoft.AspNetCore.Routing.EndpointMiddleware", RequestId: "0HNLTFH67RCU5:00000006", RequestPath: "/users", ConnectionId: "0HNLTFH67RCU5" }

[17:49:10 INF] Handling GetUsersQuery { SourceContext: "AppWeaver.Mediator.Behaviors.LoggingBehavior", RequestId: "0HNLTFH67RCU5:00000006", RequestPath: "/users", ConnectionId: "0HNLTFH67RCU5" }

[17:49:10 INF] Handled GetDepartmentsQuery { SourceContext: "AppWeaver.Mediator.Behaviors.LoggingBehavior", RequestId: "0HNLTFH67RCU6:00000006", RequestPath: "/departments", ConnectionId: "0HNLTFH67RCU6" }

[17:49:10 INF] Executed endpoint 'HTTP: GET /departments' { EventId: { Id: 1, Name: "ExecutedEndpoint" }, SourceContext: "Microsoft.AspNetCore.Routing.EndpointMiddleware", RequestId: "0HNLTFH67RCU6:00000006", RequestPath: "/departments", ConnectionId: "0HNLTFH67RCU6" }

[17:49:10 INF] Handled GetRolesQuery { SourceContext: "AppWeaver.Mediator.Behaviors.LoggingBehavior", RequestId: "0HNLTFH67RCU4:00000006", RequestPath: "/roles", ConnectionId: "0HNLTFH67RCU4" }

[17:49:10 INF] Executed endpoint 'HTTP: GET /roles' { EventId: { Id: 1, Name: "ExecutedEndpoint" }, SourceContext: "Microsoft.AspNetCore.Routing.EndpointMiddleware", RequestId: "0HNLTFH67RCU4:00000006", RequestPath: "/roles", ConnectionId: "0HNLTFH67RCU4" }

[17:49:10 INF] Handled GetUsersQuery { SourceContext: "AppWeaver.Mediator.Behaviors.LoggingBehavior", RequestId: "0HNLTFH67RCU5:00000006", RequestPath: "/users", ConnectionId: "0HNLTFH67RCU5" }

[17:49:10 INF] Setting HTTP status code 200. { EventId: { Id: 1, Name: "WritingResultAsStatusCode" }, SourceContext: "Microsoft.AspNetCore.Http.Result.OkObjectResult", RequestId: "0HNLTFH67RCU5:00000006", RequestPath: "/users", ConnectionId: "0HNLTFH67RCU5" }

[17:49:10 INF] Writing value of type 'List`1' as Json. { EventId: { Id: 3, Name: "WritingResultAsJson" }, SourceContext: "Microsoft.AspNetCore.Http.Result.OkObjectResult", RequestId: "0HNLTFH67RCU5:00000006", RequestPath: "/users", ConnectionId: "0HNLTFH67RCU5" }

[17:49:10 INF] Executed endpoint 'HTTP: GET /users' { EventId: { Id: 1, Name: "ExecutedEndpoint" }, SourceContext: "Microsoft.AspNetCore.Routing.EndpointMiddleware", RequestId: "0HNLTFH67RCU5:00000006", RequestPath: "/users", ConnectionId: "0HNLTFH67RCU5" }

[17:49:37 INF] CORS policy execution successful. { EventId: { Id: 4, Name: "PolicySuccess" }, SourceContext: "Microsoft.AspNetCore.Cors.Infrastructure.CorsService", RequestId: "0HNLTFH67RCU4:00000007", RequestPath: "/users", ConnectionId: "0HNLTFH67RCU4" }

[17:49:37 INF] CORS policy execution successful. { EventId: { Id: 4, Name: "PolicySuccess" }, SourceContext: "Microsoft.AspNetCore.Cors.Infrastructure.CorsService", RequestId: "0HNLTFH67RCU5:00000007", RequestPath: "/roles", ConnectionId: "0HNLTFH67RCU5" }

[17:49:37 INF] CORS policy execution successful. { EventId: { Id: 4, Name: "PolicySuccess" }, SourceContext: "Microsoft.AspNetCore.Cors.Infrastructure.CorsService", RequestId: "0HNLTFH67RCU6:00000007", RequestPath: "/departments", ConnectionId: "0HNLTFH67RCU6" }

[17:49:37 INF] CORS policy execution successful. { EventId: { Id: 4, Name: "PolicySuccess" }, SourceContext: "Microsoft.AspNetCore.Cors.Infrastructure.CorsService", RequestId: "0HNLTFH67RCU6:00000008", RequestPath: "/users", ConnectionId: "0HNLTFH67RCU6" }

[17:49:37 INF] CORS policy execution successful. { EventId: { Id: 4, Name: "PolicySuccess" }, SourceContext: "Microsoft.AspNetCore.Cors.Infrastructure.CorsService", RequestId: "0HNLTFH67RCU5:00000008", RequestPath: "/roles", ConnectionId: "0HNLTFH67RCU5" }

[17:49:37 INF] CORS policy execution successful. { EventId: { Id: 4, Name: "PolicySuccess" }, SourceContext: "Microsoft.AspNetCore.Cors.Infrastructure.CorsService", RequestId: "0HNLTFH67RCU4:00000008", RequestPath: "/departments", ConnectionId: "0HNLTFH67RCU4" }

[17:49:37 INF] Executing endpoint 'HTTP: GET /roles' { EventId: { Name: "ExecutingEndpoint" }, SourceContext: "Microsoft.AspNetCore.Routing.EndpointMiddleware", RequestId: "0HNLTFH67RCU5:00000008", RequestPath: "/roles", ConnectionId: "0HNLTFH67RCU5" }

[17:49:37 INF] Executing endpoint 'HTTP: GET /departments' { EventId: { Name: "ExecutingEndpoint" }, SourceContext: "Microsoft.AspNetCore.Routing.EndpointMiddleware", RequestId: "0HNLTFH67RCU4:00000008", RequestPath: "/departments", ConnectionId: "0HNLTFH67RCU4" }

[17:49:37 INF] Executing endpoint 'HTTP: GET /users' { EventId: { Name: "ExecutingEndpoint" }, SourceContext: "Microsoft.AspNetCore.Routing.EndpointMiddleware", RequestId: "0HNLTFH67RCU6:00000008", RequestPath: "/users", ConnectionId: "0HNLTFH67RCU6" }

[17:49:37 INF] Handling GetDepartmentsQuery { SourceContext: "AppWeaver.Mediator.Behaviors.LoggingBehavior", RequestId: "0HNLTFH67RCU4:00000008", RequestPath: "/departments", ConnectionId: "0HNLTFH67RCU4" }

[17:49:37 INF] Handling GetRolesQuery { SourceContext: "AppWeaver.Mediator.Behaviors.LoggingBehavior", RequestId: "0HNLTFH67RCU5:00000008", RequestPath: "/roles", ConnectionId: "0HNLTFH67RCU5" }

[17:49:37 INF] Handling GetUsersQuery { SourceContext: "AppWeaver.Mediator.Behaviors.LoggingBehavior", RequestId: "0HNLTFH67RCU6:00000008", RequestPath: "/users", ConnectionId: "0HNLTFH67RCU6" }

[17:49:37 INF] Handled GetDepartmentsQuery { SourceContext: "AppWeaver.Mediator.Behaviors.LoggingBehavior", RequestId: "0HNLTFH67RCU4:00000008", RequestPath: "/departments", ConnectionId: "0HNLTFH67RCU4" }

[17:49:37 INF] Handled GetRolesQuery { SourceContext: "AppWeaver.Mediator.Behaviors.LoggingBehavior", RequestId: "0HNLTFH67RCU5:00000008", RequestPath: "/roles", ConnectionId: "0HNLTFH67RCU5" }

[17:49:37 INF] Handled GetUsersQuery { SourceContext: "AppWeaver.Mediator.Behaviors.LoggingBehavior", RequestId: "0HNLTFH67RCU6:00000008", RequestPath: "/users", ConnectionId: "0HNLTFH67RCU6" }

[17:49:37 INF] Setting HTTP status code 200. { EventId: { Id: 1, Name: "WritingResultAsStatusCode" }, SourceContext: "Microsoft.AspNetCore.Http.Result.OkObjectResult", RequestId: "0HNLTFH67RCU6:00000008", RequestPath: "/users", ConnectionId: "0HNLTFH67RCU6" }

[17:49:37 INF] Executed endpoint 'HTTP: GET /roles' { EventId: { Id: 1, Name: "ExecutedEndpoint" }, SourceContext: "Microsoft.AspNetCore.Routing.EndpointMiddleware", RequestId: "0HNLTFH67RCU5:00000008", RequestPath: "/roles", ConnectionId: "0HNLTFH67RCU5" }

[17:49:37 INF] Writing value of type 'List`1' as Json. { EventId: { Id: 3, Name: "WritingResultAsJson" }, SourceContext: "Microsoft.AspNetCore.Http.Result.OkObjectResult", RequestId: "0HNLTFH67RCU6:00000008", RequestPath: "/users", ConnectionId: "0HNLTFH67RCU6" }

[17:49:37 INF] Executed endpoint 'HTTP: GET /departments' { EventId: { Id: 1, Name: "ExecutedEndpoint" }, SourceContext: "Microsoft.AspNetCore.Routing.EndpointMiddleware", RequestId: "0HNLTFH67RCU4:00000008", RequestPath: "/departments", ConnectionId: "0HNLTFH67RCU4" }

[17:49:37 INF] Executed endpoint 'HTTP: GET /users' { EventId: { Id: 1, Name: "ExecutedEndpoint" }, SourceContext: "Microsoft.AspNetCore.Routing.EndpointMiddleware", RequestId: "0HNLTFH67RCU6:00000008", RequestPath: "/users", ConnectionId: "0HNLTFH67RCU6" }

[17:53:04 INF] Application is shutting down... { SourceContext: "Microsoft.Hosting.Lifetime" }

[17:53:19 INF] No migrations were applied. The database is already up to date. { EventId: { Id: 20405, Name: "Microsoft.EntityFrameworkCore.Migrations.MigrationsNotApplied" }, SourceContext: "Microsoft.EntityFrameworkCore.Migrations" }

[17:53:19 INF] No migrations were applied. The database is already up to date. { EventId: { Id: 20405, Name: "Microsoft.EntityFrameworkCore.Migrations.MigrationsNotApplied" }, SourceContext: "Microsoft.EntityFrameworkCore.Migrations" }

[17:53:19 INF] Registered 8 endpoints in 3,508 milliseconds. { EventId: { Id: 1, Name: "EndpointsRegistered" }, SourceContext: "FastEndpoints.StartupTimer" }

[17:53:19 INF] No validators found in the system! { EventId: { Id: 1, Name: "NoValidatorsFound" }, SourceContext: "FastEndpoints.Swagger.ValidationSchemaProcessor" }

[17:53:19 INF] User profile is available. Using 'C:\Users\MariyaAF\AppData\Local\ASP.NET\DataProtection-Keys' as key repository and Windows DPAPI to encrypt keys at rest. { EventId: { Id: 63, Name: "UsingProfileAsKeyRepositoryWithDPAPI" }, SourceContext: "Microsoft.AspNetCore.DataProtection.KeyManagement.XmlKeyManager" }

[17:53:20 WRN] The property 'AuditLog.Metadata' is a collection or enumeration type with a value converter but with no value comparer. Set a value comparer to ensure the collection/enumeration elements are compared correctly. { EventId: { Id: 10620, Name: "Microsoft.EntityFrameworkCore.Model.Validation.CollectionWithoutComparer" }, SourceContext: "Microsoft.EntityFrameworkCore.Model.Validation" }

[17:53:20 INF] No migrations were found in assembly 'BytesRewards.Service'. A migration needs to be added before the database can be updated. { EventId: { Id: 20406, Name: "Microsoft.EntityFrameworkCore.Migrations.MigrationsNotFound" }, SourceContext: "Microsoft.EntityFrameworkCore.Migrations" }

[17:53:20 INF] No migrations were applied. The database is already up to date. { EventId: { Id: 20405, Name: "Microsoft.EntityFrameworkCore.Migrations.MigrationsNotApplied" }, SourceContext: "Microsoft.EntityFrameworkCore.Migrations" }

[17:53:20 INF] Now listening on: http://localhost:52677 { EventId: { Id: 14, Name: "ListeningOnAddress" }, SourceContext: "Microsoft.Hosting.Lifetime" }

[17:53:20 INF] Application started. Press Ctrl+C to shut down. { SourceContext: "Microsoft.Hosting.Lifetime" }

[17:53:20 INF] Hosting environment: Development { SourceContext: "Microsoft.Hosting.Lifetime" }

[17:53:20 INF] Content root path: C:\Users\MariyaAF\Desktop\BytesRewards\BytesRewards\src\BytesRewards.Service { SourceContext: "Microsoft.Hosting.Lifetime" }

[17:53:55 INF] No action descriptors found. This may indicate an incorrectly configured application or missing application parts. To learn more, visit https://aka.ms/aspnet/mvc/app-parts { EventId: { Id: 1, Name: "NoActionDescriptors" }, SourceContext: "Microsoft.AspNetCore.Mvc.Infrastructure.DefaultActionDescriptorCollectionProvider", RequestId: "0HNLTFKJE7N96:00000002", RequestPath: "/swagger/v1/swagger.json", ConnectionId: "0HNLTFKJE7N96" }

[17:55:58 INF] Application is shutting down... { SourceContext: "Microsoft.Hosting.Lifetime" }

[17:56:14 INF] No migrations were applied. The database is already up to date. { EventId: { Id: 20405, Name: "Microsoft.EntityFrameworkCore.Migrations.MigrationsNotApplied" }, SourceContext: "Microsoft.EntityFrameworkCore.Migrations" }

[17:56:14 INF] No migrations were applied. The database is already up to date. { EventId: { Id: 20405, Name: "Microsoft.EntityFrameworkCore.Migrations.MigrationsNotApplied" }, SourceContext: "Microsoft.EntityFrameworkCore.Migrations" }

[17:56:15 INF] Registered 7 endpoints in 3,775 milliseconds. { EventId: { Id: 1, Name: "EndpointsRegistered" }, SourceContext: "FastEndpoints.StartupTimer" }

[17:56:15 INF] No validators found in the system! { EventId: { Id: 1, Name: "NoValidatorsFound" }, SourceContext: "FastEndpoints.Swagger.ValidationSchemaProcessor" }

[17:56:15 INF] User profile is available. Using 'C:\Users\MariyaAF\AppData\Local\ASP.NET\DataProtection-Keys' as key repository and Windows DPAPI to encrypt keys at rest. { EventId: { Id: 63, Name: "UsingProfileAsKeyRepositoryWithDPAPI" }, SourceContext: "Microsoft.AspNetCore.DataProtection.KeyManagement.XmlKeyManager" }

[17:56:15 WRN] The property 'AuditLog.Metadata' is a collection or enumeration type with a value converter but with no value comparer. Set a value comparer to ensure the collection/enumeration elements are compared correctly. { EventId: { Id: 10620, Name: "Microsoft.EntityFrameworkCore.Model.Validation.CollectionWithoutComparer" }, SourceContext: "Microsoft.EntityFrameworkCore.Model.Validation" }

[17:56:15 INF] No migrations were found in assembly 'BytesRewards.Service'. A migration needs to be added before the database can be updated. { EventId: { Id: 20406, Name: "Microsoft.EntityFrameworkCore.Migrations.MigrationsNotFound" }, SourceContext: "Microsoft.EntityFrameworkCore.Migrations" }

[17:56:15 INF] No migrations were applied. The database is already up to date. { EventId: { Id: 20405, Name: "Microsoft.EntityFrameworkCore.Migrations.MigrationsNotApplied" }, SourceContext: "Microsoft.EntityFrameworkCore.Migrations" }

[17:56:15 INF] Now listening on: http://localhost:57096 { EventId: { Id: 14, Name: "ListeningOnAddress" }, SourceContext: "Microsoft.Hosting.Lifetime" }

[17:56:15 INF] Application started. Press Ctrl+C to shut down. { SourceContext: "Microsoft.Hosting.Lifetime" }

[17:56:15 INF] Hosting environment: Development { SourceContext: "Microsoft.Hosting.Lifetime" }

[17:56:15 INF] Content root path: C:\Users\MariyaAF\Desktop\BytesRewards\BytesRewards\src\BytesRewards.Service { SourceContext: "Microsoft.Hosting.Lifetime" }

[17:56:54 INF] Executing endpoint 'HTTP: GET /' { EventId: { Name: "ExecutingEndpoint" }, SourceContext: "Microsoft.AspNetCore.Routing.EndpointMiddleware", RequestId: "0HNLTFM8K8QD1:00000001", RequestPath: "/", ConnectionId: "0HNLTFM8K8QD1" }

[17:56:54 INF] Executing RedirectResult, redirecting to /swagger. { EventId: { Id: 1, Name: "RedirectResultExecuting" }, SourceContext: "Microsoft.AspNetCore.Http.Result.RedirectResult", RequestId: "0HNLTFM8K8QD1:00000001", RequestPath: "/", ConnectionId: "0HNLTFM8K8QD1" }

[17:56:54 INF] Executed endpoint 'HTTP: GET /' { EventId: { Id: 1, Name: "ExecutedEndpoint" }, SourceContext: "Microsoft.AspNetCore.Routing.EndpointMiddleware", RequestId: "0HNLTFM8K8QD1:00000001", RequestPath: "/", ConnectionId: "0HNLTFM8K8QD1" }

[17:56:54 INF] No action descriptors found. This may indicate an incorrectly configured application or missing application parts. To learn more, visit https://aka.ms/aspnet/mvc/app-parts { EventId: { Id: 1, Name: "NoActionDescriptors" }, SourceContext: "Microsoft.AspNetCore.Mvc.Infrastructure.DefaultActionDescriptorCollectionProvider", RequestId: "0HNLTFM8K8QD1:00000004", RequestPath: "/swagger/v1/swagger.json", ConnectionId: "0HNLTFM8K8QD1" }

[17:57:49 INF] CORS policy execution successful. { EventId: { Id: 4, Name: "PolicySuccess" }, SourceContext: "Microsoft.AspNetCore.Cors.Infrastructure.CorsService", RequestId: "0HNLTFM8K8QD1:00000005", RequestPath: "/roles", ConnectionId: "0HNLTFM8K8QD1" }

[17:57:49 INF] Failed to validate the token. { EventId: { Id: 1, Name: "TokenValidationFailed" }, SourceContext: "Microsoft.AspNetCore.Authentication.JwtBearer.JwtBearerHandler", RequestId: "0HNLTFM8K8QD1:00000005", RequestPath: "/roles", ConnectionId: "0HNLTFM8K8QD1" }

Microsoft.IdentityModel.Tokens.SecurityTokenExpiredException: IDX10223: Lifetime validation failed. The token is expired. ValidTo (UTC): '29-05-2026 10.55.45 AM', Current time (UTC): '29-05-2026 12.27.49 PM'.
   at Microsoft.IdentityModel.Tokens.ValidatorUtilities.ValidateLifetime(Nullable`1 notBefore, Nullable`1 expires, SecurityToken securityToken, TokenValidationParameters validationParameters)
   at Microsoft.IdentityModel.Tokens.Validators.ValidateLifetime(Nullable`1 notBefore, Nullable`1 expires, SecurityToken securityToken, TokenValidationParameters validationParameters)
   at Microsoft.IdentityModel.JsonWebTokens.JsonWebTokenHandler.ValidateTokenPayloadAsync(JsonWebToken jsonWebToken, TokenValidationParameters validationParameters, BaseConfiguration configuration)
   at Microsoft.IdentityModel.JsonWebTokens.JsonWebTokenHandler.ValidateJWSAsync(JsonWebToken jsonWebToken, TokenValidationParameters validationParameters, BaseConfiguration configuration)
[17:57:49 INF] Bearer was not authenticated. Failure message: IDX10223: Lifetime validation failed. The token is expired. ValidTo (UTC): '29-05-2026 10.55.45 AM', Current time (UTC): '29-05-2026 12.27.49 PM'. { EventId: { Id: 7, Name: "AuthenticationSchemeNotAuthenticatedWithFailure" }, SourceContext: "Microsoft.AspNetCore.Authentication.JwtBearer.JwtBearerHandler", RequestId: "0HNLTFM8K8QD1:00000005", RequestPath: "/roles", ConnectionId: "0HNLTFM8K8QD1" }

[17:57:49 INF] Authorization failed. These requirements were not met:
DenyAnonymousAuthorizationRequirement: Requires an authenticated user.
RolesAuthorizationRequirement:User.IsInRole must be true for one of the following roles: (admin) { EventId: { Id: 2, Name: "UserAuthorizationFailed" }, SourceContext: "Microsoft.AspNetCore.Authorization.DefaultAuthorizationService", RequestId: "0HNLTFM8K8QD1:00000005", RequestPath: "/roles", ConnectionId: "0HNLTFM8K8QD1" }

[17:57:49 INF] AuthenticationScheme: Bearer was challenged. { EventId: { Id: 12, Name: "AuthenticationSchemeChallenged" }, SourceContext: "Microsoft.AspNetCore.Authentication.JwtBearer.JwtBearerHandler", RequestId: "0HNLTFM8K8QD1:00000005", RequestPath: "/roles", ConnectionId: "0HNLTFM8K8QD1" }

[17:58:46 INF] CORS policy execution successful. { EventId: { Id: 4, Name: "PolicySuccess" }, SourceContext: "Microsoft.AspNetCore.Cors.Infrastructure.CorsService", RequestId: "0HNLTFM8K8QD1:00000006", RequestPath: "/roles", ConnectionId: "0HNLTFM8K8QD1" }

[17:58:46 INF] Executing endpoint 'HTTP: POST /roles' { EventId: { Name: "ExecutingEndpoint" }, SourceContext: "Microsoft.AspNetCore.Routing.EndpointMiddleware", RequestId: "0HNLTFM8K8QD1:00000006", RequestPath: "/roles", ConnectionId: "0HNLTFM8K8QD1" }

[17:58:46 INF] Handling AddRoleCommand { SourceContext: "AppWeaver.Mediator.Behaviors.LoggingBehavior", RequestId: "0HNLTFM8K8QD1:00000006", RequestPath: "/roles", ConnectionId: "0HNLTFM8K8QD1" }

[17:58:47 WRN] The property 'AuditLog.Metadata' is a collection or enumeration type with a value converter but with no value comparer. Set a value comparer to ensure the collection/enumeration elements are compared correctly. { EventId: { Id: 10620, Name: "Microsoft.EntityFrameworkCore.Model.Validation.CollectionWithoutComparer" }, SourceContext: "Microsoft.EntityFrameworkCore.Model.Validation", RequestId: "0HNLTFM8K8QD1:00000006", RequestPath: "/roles", ConnectionId: "0HNLTFM8K8QD1" }

[17:58:47 INF] Handled AddRoleCommand { SourceContext: "AppWeaver.Mediator.Behaviors.LoggingBehavior", RequestId: "0HNLTFM8K8QD1:00000006", RequestPath: "/roles", ConnectionId: "0HNLTFM8K8QD1" }

[17:58:47 INF] Setting HTTP status code 200. { EventId: { Id: 1, Name: "WritingResultAsStatusCode" }, SourceContext: "Microsoft.AspNetCore.Http.Result.OkObjectResult", RequestId: "0HNLTFM8K8QD1:00000006", RequestPath: "/roles", ConnectionId: "0HNLTFM8K8QD1" }

[17:58:47 INF] Writing value of type 'Guid' as Json. { EventId: { Id: 3, Name: "WritingResultAsJson" }, SourceContext: "Microsoft.AspNetCore.Http.Result.OkObjectResult", RequestId: "0HNLTFM8K8QD1:00000006", RequestPath: "/roles", ConnectionId: "0HNLTFM8K8QD1" }

[17:58:47 INF] Executed endpoint 'HTTP: POST /roles' { EventId: { Id: 1, Name: "ExecutedEndpoint" }, SourceContext: "Microsoft.AspNetCore.Routing.EndpointMiddleware", RequestId: "0HNLTFM8K8QD1:00000006", RequestPath: "/roles", ConnectionId: "0HNLTFM8K8QD1" }

[17:58:55 INF] CORS policy execution successful. { EventId: { Id: 4, Name: "PolicySuccess" }, SourceContext: "Microsoft.AspNetCore.Cors.Infrastructure.CorsService", RequestId: "0HNLTFM8K8QD3:00000001", RequestPath: "/roles", ConnectionId: "0HNLTFM8K8QD3" }

[17:58:55 INF] CORS policy execution successful. { EventId: { Id: 4, Name: "PolicySuccess" }, SourceContext: "Microsoft.AspNetCore.Cors.Infrastructure.CorsService", RequestId: "0HNLTFM8K8QD4:00000001", RequestPath: "/users", ConnectionId: "0HNLTFM8K8QD4" }

[17:58:55 INF] CORS policy execution successful. { EventId: { Id: 4, Name: "PolicySuccess" }, SourceContext: "Microsoft.AspNetCore.Cors.Infrastructure.CorsService", RequestId: "0HNLTFM8K8QD5:00000001", RequestPath: "/departments", ConnectionId: "0HNLTFM8K8QD5" }

[17:58:55 INF] CORS policy execution successful. { EventId: { Id: 4, Name: "PolicySuccess" }, SourceContext: "Microsoft.AspNetCore.Cors.Infrastructure.CorsService", RequestId: "0HNLTFM8K8QD5:00000002", RequestPath: "/departments", ConnectionId: "0HNLTFM8K8QD5" }

[17:58:55 INF] CORS policy execution successful. { EventId: { Id: 4, Name: "PolicySuccess" }, SourceContext: "Microsoft.AspNetCore.Cors.Infrastructure.CorsService", RequestId: "0HNLTFM8K8QD3:00000002", RequestPath: "/users", ConnectionId: "0HNLTFM8K8QD3" }

[17:58:55 INF] CORS policy execution successful. { EventId: { Id: 4, Name: "PolicySuccess" }, SourceContext: "Microsoft.AspNetCore.Cors.Infrastructure.CorsService", RequestId: "0HNLTFM8K8QD4:00000002", RequestPath: "/roles", ConnectionId: "0HNLTFM8K8QD4" }

[17:58:55 INF] Executing endpoint 'HTTP: GET /departments' { EventId: { Name: "ExecutingEndpoint" }, SourceContext: "Microsoft.AspNetCore.Routing.EndpointMiddleware", RequestId: "0HNLTFM8K8QD5:00000002", RequestPath: "/departments", ConnectionId: "0HNLTFM8K8QD5" }

[17:58:55 INF] Executing endpoint 'HTTP: GET /roles' { EventId: { Name: "ExecutingEndpoint" }, SourceContext: "Microsoft.AspNetCore.Routing.EndpointMiddleware", RequestId: "0HNLTFM8K8QD4:00000002", RequestPath: "/roles", ConnectionId: "0HNLTFM8K8QD4" }

[17:58:55 INF] Executing endpoint 'HTTP: GET /users' { EventId: { Name: "ExecutingEndpoint" }, SourceContext: "Microsoft.AspNetCore.Routing.EndpointMiddleware", RequestId: "0HNLTFM8K8QD3:00000002", RequestPath: "/users", ConnectionId: "0HNLTFM8K8QD3" }

[17:58:55 INF] Handling GetDepartmentsQuery { SourceContext: "AppWeaver.Mediator.Behaviors.LoggingBehavior", RequestId: "0HNLTFM8K8QD5:00000002", RequestPath: "/departments", ConnectionId: "0HNLTFM8K8QD5" }

[17:58:55 INF] Handling GetRolesQuery { SourceContext: "AppWeaver.Mediator.Behaviors.LoggingBehavior", RequestId: "0HNLTFM8K8QD4:00000002", RequestPath: "/roles", ConnectionId: "0HNLTFM8K8QD4" }

[17:58:55 INF] Handling GetUsersQuery { SourceContext: "AppWeaver.Mediator.Behaviors.LoggingBehavior", RequestId: "0HNLTFM8K8QD3:00000002", RequestPath: "/users", ConnectionId: "0HNLTFM8K8QD3" }

[17:58:55 INF] Handled GetRolesQuery { SourceContext: "AppWeaver.Mediator.Behaviors.LoggingBehavior", RequestId: "0HNLTFM8K8QD4:00000002", RequestPath: "/roles", ConnectionId: "0HNLTFM8K8QD4" }

[17:58:55 INF] Executed endpoint 'HTTP: GET /roles' { EventId: { Id: 1, Name: "ExecutedEndpoint" }, SourceContext: "Microsoft.AspNetCore.Routing.EndpointMiddleware", RequestId: "0HNLTFM8K8QD4:00000002", RequestPath: "/roles", ConnectionId: "0HNLTFM8K8QD4" }

[17:58:55 INF] Handled GetDepartmentsQuery { SourceContext: "AppWeaver.Mediator.Behaviors.LoggingBehavior", RequestId: "0HNLTFM8K8QD5:00000002", RequestPath: "/departments", ConnectionId: "0HNLTFM8K8QD5" }

[17:58:55 INF] Executed endpoint 'HTTP: GET /departments' { EventId: { Id: 1, Name: "ExecutedEndpoint" }, SourceContext: "Microsoft.AspNetCore.Routing.EndpointMiddleware", RequestId: "0HNLTFM8K8QD5:00000002", RequestPath: "/departments", ConnectionId: "0HNLTFM8K8QD5" }

[17:58:55 INF] Handled GetUsersQuery { SourceContext: "AppWeaver.Mediator.Behaviors.LoggingBehavior", RequestId: "0HNLTFM8K8QD3:00000002", RequestPath: "/users", ConnectionId: "0HNLTFM8K8QD3" }

[17:58:55 INF] Setting HTTP status code 200. { EventId: { Id: 1, Name: "WritingResultAsStatusCode" }, SourceContext: "Microsoft.AspNetCore.Http.Result.OkObjectResult", RequestId: "0HNLTFM8K8QD3:00000002", RequestPath: "/users", ConnectionId: "0HNLTFM8K8QD3" }

[17:58:55 INF] Writing value of type 'List`1' as Json. { EventId: { Id: 3, Name: "WritingResultAsJson" }, SourceContext: "Microsoft.AspNetCore.Http.Result.OkObjectResult", RequestId: "0HNLTFM8K8QD3:00000002", RequestPath: "/users", ConnectionId: "0HNLTFM8K8QD3" }

[17:58:55 INF] Executed endpoint 'HTTP: GET /users' { EventId: { Id: 1, Name: "ExecutedEndpoint" }, SourceContext: "Microsoft.AspNetCore.Routing.EndpointMiddleware", RequestId: "0HNLTFM8K8QD3:00000002", RequestPath: "/users", ConnectionId: "0HNLTFM8K8QD3" }

[17:59:04 INF] CORS policy execution successful. { EventId: { Id: 4, Name: "PolicySuccess" }, SourceContext: "Microsoft.AspNetCore.Cors.Infrastructure.CorsService", RequestId: "0HNLTFM8K8QD4:00000003", RequestPath: "/departments", ConnectionId: "0HNLTFM8K8QD4" }

[17:59:04 INF] CORS policy execution successful. { EventId: { Id: 4, Name: "PolicySuccess" }, SourceContext: "Microsoft.AspNetCore.Cors.Infrastructure.CorsService", RequestId: "0HNLTFM8K8QD3:00000003", RequestPath: "/users", ConnectionId: "0HNLTFM8K8QD3" }

[17:59:04 INF] CORS policy execution successful. { EventId: { Id: 4, Name: "PolicySuccess" }, SourceContext: "Microsoft.AspNetCore.Cors.Infrastructure.CorsService", RequestId: "0HNLTFM8K8QD5:00000003", RequestPath: "/roles", ConnectionId: "0HNLTFM8K8QD5" }

[17:59:04 INF] CORS policy execution successful. { EventId: { Id: 4, Name: "PolicySuccess" }, SourceContext: "Microsoft.AspNetCore.Cors.Infrastructure.CorsService", RequestId: "0HNLTFM8K8QD3:00000004", RequestPath: "/users", ConnectionId: "0HNLTFM8K8QD3" }

[17:59:04 INF] CORS policy execution successful. { EventId: { Id: 4, Name: "PolicySuccess" }, SourceContext: "Microsoft.AspNetCore.Cors.Infrastructure.CorsService", RequestId: "0HNLTFM8K8QD4:00000004", RequestPath: "/roles", ConnectionId: "0HNLTFM8K8QD4" }

[17:59:04 INF] CORS policy execution successful. { EventId: { Id: 4, Name: "PolicySuccess" }, SourceContext: "Microsoft.AspNetCore.Cors.Infrastructure.CorsService", RequestId: "0HNLTFM8K8QD5:00000004", RequestPath: "/departments", ConnectionId: "0HNLTFM8K8QD5" }

[17:59:04 INF] Executing endpoint 'HTTP: GET /roles' { EventId: { Name: "ExecutingEndpoint" }, SourceContext: "Microsoft.AspNetCore.Routing.EndpointMiddleware", RequestId: "0HNLTFM8K8QD4:00000004", RequestPath: "/roles", ConnectionId: "0HNLTFM8K8QD4" }

[17:59:04 INF] Executing endpoint 'HTTP: GET /departments' { EventId: { Name: "ExecutingEndpoint" }, SourceContext: "Microsoft.AspNetCore.Routing.EndpointMiddleware", RequestId: "0HNLTFM8K8QD5:00000004", RequestPath: "/departments", ConnectionId: "0HNLTFM8K8QD5" }

[17:59:04 INF] Executing endpoint 'HTTP: GET /users' { EventId: { Name: "ExecutingEndpoint" }, SourceContext: "Microsoft.AspNetCore.Routing.EndpointMiddleware", RequestId: "0HNLTFM8K8QD3:00000004", RequestPath: "/users", ConnectionId: "0HNLTFM8K8QD3" }

[17:59:04 INF] Handling GetRolesQuery { SourceContext: "AppWeaver.Mediator.Behaviors.LoggingBehavior", RequestId: "0HNLTFM8K8QD4:00000004", RequestPath: "/roles", ConnectionId: "0HNLTFM8K8QD4" }

[17:59:04 INF] Handling GetDepartmentsQuery { SourceContext: "AppWeaver.Mediator.Behaviors.LoggingBehavior", RequestId: "0HNLTFM8K8QD5:00000004", RequestPath: "/departments", ConnectionId: "0HNLTFM8K8QD5" }

[17:59:04 INF] Handling GetUsersQuery { SourceContext: "AppWeaver.Mediator.Behaviors.LoggingBehavior", RequestId: "0HNLTFM8K8QD3:00000004", RequestPath: "/users", ConnectionId: "0HNLTFM8K8QD3" }

[17:59:04 INF] Handled GetRolesQuery { SourceContext: "AppWeaver.Mediator.Behaviors.LoggingBehavior", RequestId: "0HNLTFM8K8QD4:00000004", RequestPath: "/roles", ConnectionId: "0HNLTFM8K8QD4" }

[17:59:04 INF] Executed endpoint 'HTTP: GET /roles' { EventId: { Id: 1, Name: "ExecutedEndpoint" }, SourceContext: "Microsoft.AspNetCore.Routing.EndpointMiddleware", RequestId: "0HNLTFM8K8QD4:00000004", RequestPath: "/roles", ConnectionId: "0HNLTFM8K8QD4" }

[17:59:04 INF] Handled GetUsersQuery { SourceContext: "AppWeaver.Mediator.Behaviors.LoggingBehavior", RequestId: "0HNLTFM8K8QD3:00000004", RequestPath: "/users", ConnectionId: "0HNLTFM8K8QD3" }

[17:59:04 INF] Setting HTTP status code 200. { EventId: { Id: 1, Name: "WritingResultAsStatusCode" }, SourceContext: "Microsoft.AspNetCore.Http.Result.OkObjectResult", RequestId: "0HNLTFM8K8QD3:00000004", RequestPath: "/users", ConnectionId: "0HNLTFM8K8QD3" }

[17:59:04 INF] Writing value of type 'List`1' as Json. { EventId: { Id: 3, Name: "WritingResultAsJson" }, SourceContext: "Microsoft.AspNetCore.Http.Result.OkObjectResult", RequestId: "0HNLTFM8K8QD3:00000004", RequestPath: "/users", ConnectionId: "0HNLTFM8K8QD3" }

[17:59:04 INF] Executed endpoint 'HTTP: GET /users' { EventId: { Id: 1, Name: "ExecutedEndpoint" }, SourceContext: "Microsoft.AspNetCore.Routing.EndpointMiddleware", RequestId: "0HNLTFM8K8QD3:00000004", RequestPath: "/users", ConnectionId: "0HNLTFM8K8QD3" }

[17:59:04 INF] Handled GetDepartmentsQuery { SourceContext: "AppWeaver.Mediator.Behaviors.LoggingBehavior", RequestId: "0HNLTFM8K8QD5:00000004", RequestPath: "/departments", ConnectionId: "0HNLTFM8K8QD5" }

[17:59:04 INF] Executed endpoint 'HTTP: GET /departments' { EventId: { Id: 1, Name: "ExecutedEndpoint" }, SourceContext: "Microsoft.AspNetCore.Routing.EndpointMiddleware", RequestId: "0HNLTFM8K8QD5:00000004", RequestPath: "/departments", ConnectionId: "0HNLTFM8K8QD5" }

[18:30:07 INF] CORS policy execution successful. { EventId: { Id: 4, Name: "PolicySuccess" }, SourceContext: "Microsoft.AspNetCore.Cors.Infrastructure.CorsService", RequestId: "0HNLTFM8K8QD8:00000001", RequestPath: "/roles", ConnectionId: "0HNLTFM8K8QD8" }

[18:30:07 INF] CORS policy execution successful. { EventId: { Id: 4, Name: "PolicySuccess" }, SourceContext: "Microsoft.AspNetCore.Cors.Infrastructure.CorsService", RequestId: "0HNLTFM8K8QD9:00000001", RequestPath: "/departments", ConnectionId: "0HNLTFM8K8QD9" }

[18:30:07 INF] CORS policy execution successful. { EventId: { Id: 4, Name: "PolicySuccess" }, SourceContext: "Microsoft.AspNetCore.Cors.Infrastructure.CorsService", RequestId: "0HNLTFM8K8QDA:00000001", RequestPath: "/users", ConnectionId: "0HNLTFM8K8QDA" }

[18:30:07 INF] CORS policy execution successful. { EventId: { Id: 4, Name: "PolicySuccess" }, SourceContext: "Microsoft.AspNetCore.Cors.Infrastructure.CorsService", RequestId: "0HNLTFM8K8QDA:00000002", RequestPath: "/departments", ConnectionId: "0HNLTFM8K8QDA" }

[18:30:07 INF] CORS policy execution successful. { EventId: { Id: 4, Name: "PolicySuccess" }, SourceContext: "Microsoft.AspNetCore.Cors.Infrastructure.CorsService", RequestId: "0HNLTFM8K8QD8:00000002", RequestPath: "/users", ConnectionId: "0HNLTFM8K8QD8" }

[18:30:07 INF] CORS policy execution successful. { EventId: { Id: 4, Name: "PolicySuccess" }, SourceContext: "Microsoft.AspNetCore.Cors.Infrastructure.CorsService", RequestId: "0HNLTFM8K8QD9:00000002", RequestPath: "/roles", ConnectionId: "0HNLTFM8K8QD9" }

[18:30:07 INF] Executing endpoint 'HTTP: GET /departments' { EventId: { Name: "ExecutingEndpoint" }, SourceContext: "Microsoft.AspNetCore.Routing.EndpointMiddleware", RequestId: "0HNLTFM8K8QDA:00000002", RequestPath: "/departments", ConnectionId: "0HNLTFM8K8QDA" }

[18:30:07 INF] Executing endpoint 'HTTP: GET /users' { EventId: { Name: "ExecutingEndpoint" }, SourceContext: "Microsoft.AspNetCore.Routing.EndpointMiddleware", RequestId: "0HNLTFM8K8QD8:00000002", RequestPath: "/users", ConnectionId: "0HNLTFM8K8QD8" }

[18:30:07 INF] Executing endpoint 'HTTP: GET /roles' { EventId: { Name: "ExecutingEndpoint" }, SourceContext: "Microsoft.AspNetCore.Routing.EndpointMiddleware", RequestId: "0HNLTFM8K8QD9:00000002", RequestPath: "/roles", ConnectionId: "0HNLTFM8K8QD9" }

[18:30:07 INF] Handling GetUsersQuery { SourceContext: "AppWeaver.Mediator.Behaviors.LoggingBehavior", RequestId: "0HNLTFM8K8QD8:00000002", RequestPath: "/users", ConnectionId: "0HNLTFM8K8QD8" }

[18:30:07 INF] Handling GetDepartmentsQuery { SourceContext: "AppWeaver.Mediator.Behaviors.LoggingBehavior", RequestId: "0HNLTFM8K8QDA:00000002", RequestPath: "/departments", ConnectionId: "0HNLTFM8K8QDA" }

[18:30:07 INF] Handling GetRolesQuery { SourceContext: "AppWeaver.Mediator.Behaviors.LoggingBehavior", RequestId: "0HNLTFM8K8QD9:00000002", RequestPath: "/roles", ConnectionId: "0HNLTFM8K8QD9" }

[18:30:07 INF] Handled GetRolesQuery { SourceContext: "AppWeaver.Mediator.Behaviors.LoggingBehavior", RequestId: "0HNLTFM8K8QD9:00000002", RequestPath: "/roles", ConnectionId: "0HNLTFM8K8QD9" }

[18:30:07 INF] Handled GetDepartmentsQuery { SourceContext: "AppWeaver.Mediator.Behaviors.LoggingBehavior", RequestId: "0HNLTFM8K8QDA:00000002", RequestPath: "/departments", ConnectionId: "0HNLTFM8K8QDA" }

[18:30:07 INF] Executed endpoint 'HTTP: GET /departments' { EventId: { Id: 1, Name: "ExecutedEndpoint" }, SourceContext: "Microsoft.AspNetCore.Routing.EndpointMiddleware", RequestId: "0HNLTFM8K8QDA:00000002", RequestPath: "/departments", ConnectionId: "0HNLTFM8K8QDA" }

[18:30:07 INF] Executed endpoint 'HTTP: GET /roles' { EventId: { Id: 1, Name: "ExecutedEndpoint" }, SourceContext: "Microsoft.AspNetCore.Routing.EndpointMiddleware", RequestId: "0HNLTFM8K8QD9:00000002", RequestPath: "/roles", ConnectionId: "0HNLTFM8K8QD9" }

[18:30:07 INF] Handled GetUsersQuery { SourceContext: "AppWeaver.Mediator.Behaviors.LoggingBehavior", RequestId: "0HNLTFM8K8QD8:00000002", RequestPath: "/users", ConnectionId: "0HNLTFM8K8QD8" }

[18:30:07 INF] Setting HTTP status code 200. { EventId: { Id: 1, Name: "WritingResultAsStatusCode" }, SourceContext: "Microsoft.AspNetCore.Http.Result.OkObjectResult", RequestId: "0HNLTFM8K8QD8:00000002", RequestPath: "/users", ConnectionId: "0HNLTFM8K8QD8" }

[18:30:07 INF] Writing value of type 'List`1' as Json. { EventId: { Id: 3, Name: "WritingResultAsJson" }, SourceContext: "Microsoft.AspNetCore.Http.Result.OkObjectResult", RequestId: "0HNLTFM8K8QD8:00000002", RequestPath: "/users", ConnectionId: "0HNLTFM8K8QD8" }

[18:30:07 INF] Executed endpoint 'HTTP: GET /users' { EventId: { Id: 1, Name: "ExecutedEndpoint" }, SourceContext: "Microsoft.AspNetCore.Routing.EndpointMiddleware", RequestId: "0HNLTFM8K8QD8:00000002", RequestPath: "/users", ConnectionId: "0HNLTFM8K8QD8" }

[18:30:10 INF] CORS policy execution successful. { EventId: { Id: 4, Name: "PolicySuccess" }, SourceContext: "Microsoft.AspNetCore.Cors.Infrastructure.CorsService", RequestId: "0HNLTFM8K8QD8:00000003", RequestPath: "/roles", ConnectionId: "0HNLTFM8K8QD8" }

[18:30:10 INF] Executing endpoint 'HTTP: GET /roles' { EventId: { Name: "ExecutingEndpoint" }, SourceContext: "Microsoft.AspNetCore.Routing.EndpointMiddleware", RequestId: "0HNLTFM8K8QD8:00000003", RequestPath: "/roles", ConnectionId: "0HNLTFM8K8QD8" }

[18:30:10 INF] Handling GetRolesQuery { SourceContext: "AppWeaver.Mediator.Behaviors.LoggingBehavior", RequestId: "0HNLTFM8K8QD8:00000003", RequestPath: "/roles", ConnectionId: "0HNLTFM8K8QD8" }

[18:30:10 INF] Handled GetRolesQuery { SourceContext: "AppWeaver.Mediator.Behaviors.LoggingBehavior", RequestId: "0HNLTFM8K8QD8:00000003", RequestPath: "/roles", ConnectionId: "0HNLTFM8K8QD8" }

[18:30:10 INF] Executed endpoint 'HTTP: GET /roles' { EventId: { Id: 1, Name: "ExecutedEndpoint" }, SourceContext: "Microsoft.AspNetCore.Routing.EndpointMiddleware", RequestId: "0HNLTFM8K8QD8:00000003", RequestPath: "/roles", ConnectionId: "0HNLTFM8K8QD8" }

[18:30:14 INF] CORS policy execution successful. { EventId: { Id: 4, Name: "PolicySuccess" }, SourceContext: "Microsoft.AspNetCore.Cors.Infrastructure.CorsService", RequestId: "0HNLTFM8K8QD8:00000004", RequestPath: "/users", ConnectionId: "0HNLTFM8K8QD8" }

[18:30:14 INF] CORS policy execution successful. { EventId: { Id: 4, Name: "PolicySuccess" }, SourceContext: "Microsoft.AspNetCore.Cors.Infrastructure.CorsService", RequestId: "0HNLTFM8K8QD9:00000003", RequestPath: "/roles", ConnectionId: "0HNLTFM8K8QD9" }

[18:30:14 INF] CORS policy execution successful. { EventId: { Id: 4, Name: "PolicySuccess" }, SourceContext: "Microsoft.AspNetCore.Cors.Infrastructure.CorsService", RequestId: "0HNLTFM8K8QDA:00000003", RequestPath: "/departments", ConnectionId: "0HNLTFM8K8QDA" }

[18:30:14 INF] CORS policy execution successful. { EventId: { Id: 4, Name: "PolicySuccess" }, SourceContext: "Microsoft.AspNetCore.Cors.Infrastructure.CorsService", RequestId: "0HNLTFM8K8QDA:00000004", RequestPath: "/users", ConnectionId: "0HNLTFM8K8QDA" }

[18:30:14 INF] CORS policy execution successful. { EventId: { Id: 4, Name: "PolicySuccess" }, SourceContext: "Microsoft.AspNetCore.Cors.Infrastructure.CorsService", RequestId: "0HNLTFM8K8QD9:00000004", RequestPath: "/departments", ConnectionId: "0HNLTFM8K8QD9" }

[18:30:14 INF] CORS policy execution successful. { EventId: { Id: 4, Name: "PolicySuccess" }, SourceContext: "Microsoft.AspNetCore.Cors.Infrastructure.CorsService", RequestId: "0HNLTFM8K8QD8:00000005", RequestPath: "/roles", ConnectionId: "0HNLTFM8K8QD8" }

[18:30:14 INF] Executing endpoint 'HTTP: GET /users' { EventId: { Name: "ExecutingEndpoint" }, SourceContext: "Microsoft.AspNetCore.Routing.EndpointMiddleware", RequestId: "0HNLTFM8K8QDA:00000004", RequestPath: "/users", ConnectionId: "0HNLTFM8K8QDA" }

[18:30:14 INF] Executing endpoint 'HTTP: GET /departments' { EventId: { Name: "ExecutingEndpoint" }, SourceContext: "Microsoft.AspNetCore.Routing.EndpointMiddleware", RequestId: "0HNLTFM8K8QD9:00000004", RequestPath: "/departments", ConnectionId: "0HNLTFM8K8QD9" }

[18:30:14 INF] Executing endpoint 'HTTP: GET /roles' { EventId: { Name: "ExecutingEndpoint" }, SourceContext: "Microsoft.AspNetCore.Routing.EndpointMiddleware", RequestId: "0HNLTFM8K8QD8:00000005", RequestPath: "/roles", ConnectionId: "0HNLTFM8K8QD8" }

[18:30:14 INF] Handling GetDepartmentsQuery { SourceContext: "AppWeaver.Mediator.Behaviors.LoggingBehavior", RequestId: "0HNLTFM8K8QD9:00000004", RequestPath: "/departments", ConnectionId: "0HNLTFM8K8QD9" }

[18:30:14 INF] Handling GetUsersQuery { SourceContext: "AppWeaver.Mediator.Behaviors.LoggingBehavior", RequestId: "0HNLTFM8K8QDA:00000004", RequestPath: "/users", ConnectionId: "0HNLTFM8K8QDA" }

[18:30:14 INF] Handling GetRolesQuery { SourceContext: "AppWeaver.Mediator.Behaviors.LoggingBehavior", RequestId: "0HNLTFM8K8QD8:00000005", RequestPath: "/roles", ConnectionId: "0HNLTFM8K8QD8" }

[18:30:14 INF] Handled GetDepartmentsQuery { SourceContext: "AppWeaver.Mediator.Behaviors.LoggingBehavior", RequestId: "0HNLTFM8K8QD9:00000004", RequestPath: "/departments", ConnectionId: "0HNLTFM8K8QD9" }

[18:30:14 INF] Handled GetRolesQuery { SourceContext: "AppWeaver.Mediator.Behaviors.LoggingBehavior", RequestId: "0HNLTFM8K8QD8:00000005", RequestPath: "/roles", ConnectionId: "0HNLTFM8K8QD8" }

[18:30:14 INF] Executed endpoint 'HTTP: GET /departments' { EventId: { Id: 1, Name: "ExecutedEndpoint" }, SourceContext: "Microsoft.AspNetCore.Routing.EndpointMiddleware", RequestId: "0HNLTFM8K8QD9:00000004", RequestPath: "/departments", ConnectionId: "0HNLTFM8K8QD9" }

[18:30:14 INF] Executed endpoint 'HTTP: GET /roles' { EventId: { Id: 1, Name: "ExecutedEndpoint" }, SourceContext: "Microsoft.AspNetCore.Routing.EndpointMiddleware", RequestId: "0HNLTFM8K8QD8:00000005", RequestPath: "/roles", ConnectionId: "0HNLTFM8K8QD8" }

[18:30:14 INF] Handled GetUsersQuery { SourceContext: "AppWeaver.Mediator.Behaviors.LoggingBehavior", RequestId: "0HNLTFM8K8QDA:00000004", RequestPath: "/users", ConnectionId: "0HNLTFM8K8QDA" }

[18:30:14 INF] Setting HTTP status code 200. { EventId: { Id: 1, Name: "WritingResultAsStatusCode" }, SourceContext: "Microsoft.AspNetCore.Http.Result.OkObjectResult", RequestId: "0HNLTFM8K8QDA:00000004", RequestPath: "/users", ConnectionId: "0HNLTFM8K8QDA" }

[18:30:14 INF] Writing value of type 'List`1' as Json. { EventId: { Id: 3, Name: "WritingResultAsJson" }, SourceContext: "Microsoft.AspNetCore.Http.Result.OkObjectResult", RequestId: "0HNLTFM8K8QDA:00000004", RequestPath: "/users", ConnectionId: "0HNLTFM8K8QDA" }

[18:30:14 INF] Executed endpoint 'HTTP: GET /users' { EventId: { Id: 1, Name: "ExecutedEndpoint" }, SourceContext: "Microsoft.AspNetCore.Routing.EndpointMiddleware", RequestId: "0HNLTFM8K8QDA:00000004", RequestPath: "/users", ConnectionId: "0HNLTFM8K8QDA" }

[18:31:07 INF] CORS policy execution successful. { EventId: { Id: 4, Name: "PolicySuccess" }, SourceContext: "Microsoft.AspNetCore.Cors.Infrastructure.CorsService", RequestId: "0HNLTFM8K8QDA:00000005", RequestPath: "/users", ConnectionId: "0HNLTFM8K8QDA" }

[18:31:07 INF] CORS policy execution successful. { EventId: { Id: 4, Name: "PolicySuccess" }, SourceContext: "Microsoft.AspNetCore.Cors.Infrastructure.CorsService", RequestId: "0HNLTFM8K8QD8:00000006", RequestPath: "/roles", ConnectionId: "0HNLTFM8K8QD8" }

[18:31:07 INF] CORS policy execution successful. { EventId: { Id: 4, Name: "PolicySuccess" }, SourceContext: "Microsoft.AspNetCore.Cors.Infrastructure.CorsService", RequestId: "0HNLTFM8K8QDA:00000006", RequestPath: "/users", ConnectionId: "0HNLTFM8K8QDA" }

[18:31:07 INF] CORS policy execution successful. { EventId: { Id: 4, Name: "PolicySuccess" }, SourceContext: "Microsoft.AspNetCore.Cors.Infrastructure.CorsService", RequestId: "0HNLTFM8K8QD9:00000005", RequestPath: "/departments", ConnectionId: "0HNLTFM8K8QD9" }

[18:31:07 INF] Executing endpoint 'HTTP: GET /users' { EventId: { Name: "ExecutingEndpoint" }, SourceContext: "Microsoft.AspNetCore.Routing.EndpointMiddleware", RequestId: "0HNLTFM8K8QDA:00000006", RequestPath: "/users", ConnectionId: "0HNLTFM8K8QDA" }

[18:31:07 INF] Handling GetUsersQuery { SourceContext: "AppWeaver.Mediator.Behaviors.LoggingBehavior", RequestId: "0HNLTFM8K8QDA:00000006", RequestPath: "/users", ConnectionId: "0HNLTFM8K8QDA" }

[18:31:07 INF] CORS policy execution successful. { EventId: { Id: 4, Name: "PolicySuccess" }, SourceContext: "Microsoft.AspNetCore.Cors.Infrastructure.CorsService", RequestId: "0HNLTFM8K8QD9:00000006", RequestPath: "/roles", ConnectionId: "0HNLTFM8K8QD9" }

[18:31:07 INF] CORS policy execution successful. { EventId: { Id: 4, Name: "PolicySuccess" }, SourceContext: "Microsoft.AspNetCore.Cors.Infrastructure.CorsService", RequestId: "0HNLTFM8K8QD8:00000007", RequestPath: "/departments", ConnectionId: "0HNLTFM8K8QD8" }

[18:31:07 INF] Executing endpoint 'HTTP: GET /roles' { EventId: { Name: "ExecutingEndpoint" }, SourceContext: "Microsoft.AspNetCore.Routing.EndpointMiddleware", RequestId: "0HNLTFM8K8QD9:00000006", RequestPath: "/roles", ConnectionId: "0HNLTFM8K8QD9" }

[18:31:07 INF] Handling GetRolesQuery { SourceContext: "AppWeaver.Mediator.Behaviors.LoggingBehavior", RequestId: "0HNLTFM8K8QD9:00000006", RequestPath: "/roles", ConnectionId: "0HNLTFM8K8QD9" }

[18:31:07 INF] Executing endpoint 'HTTP: GET /departments' { EventId: { Name: "ExecutingEndpoint" }, SourceContext: "Microsoft.AspNetCore.Routing.EndpointMiddleware", RequestId: "0HNLTFM8K8QD8:00000007", RequestPath: "/departments", ConnectionId: "0HNLTFM8K8QD8" }

[18:31:07 INF] Handling GetDepartmentsQuery { SourceContext: "AppWeaver.Mediator.Behaviors.LoggingBehavior", RequestId: "0HNLTFM8K8QD8:00000007", RequestPath: "/departments", ConnectionId: "0HNLTFM8K8QD8" }

[18:31:07 INF] Handled GetRolesQuery { SourceContext: "AppWeaver.Mediator.Behaviors.LoggingBehavior", RequestId: "0HNLTFM8K8QD9:00000006", RequestPath: "/roles", ConnectionId: "0HNLTFM8K8QD9" }

[18:31:07 INF] Executed endpoint 'HTTP: GET /roles' { EventId: { Id: 1, Name: "ExecutedEndpoint" }, SourceContext: "Microsoft.AspNetCore.Routing.EndpointMiddleware", RequestId: "0HNLTFM8K8QD9:00000006", RequestPath: "/roles", ConnectionId: "0HNLTFM8K8QD9" }

[18:31:07 INF] Handled GetDepartmentsQuery { SourceContext: "AppWeaver.Mediator.Behaviors.LoggingBehavior", RequestId: "0HNLTFM8K8QD8:00000007", RequestPath: "/departments", ConnectionId: "0HNLTFM8K8QD8" }

[18:31:07 INF] Executed endpoint 'HTTP: GET /departments' { EventId: { Id: 1, Name: "ExecutedEndpoint" }, SourceContext: "Microsoft.AspNetCore.Routing.EndpointMiddleware", RequestId: "0HNLTFM8K8QD8:00000007", RequestPath: "/departments", ConnectionId: "0HNLTFM8K8QD8" }

[18:31:07 INF] Handled GetUsersQuery { SourceContext: "AppWeaver.Mediator.Behaviors.LoggingBehavior", RequestId: "0HNLTFM8K8QDA:00000006", RequestPath: "/users", ConnectionId: "0HNLTFM8K8QDA" }

[18:31:07 INF] Setting HTTP status code 200. { EventId: { Id: 1, Name: "WritingResultAsStatusCode" }, SourceContext: "Microsoft.AspNetCore.Http.Result.OkObjectResult", RequestId: "0HNLTFM8K8QDA:00000006", RequestPath: "/users", ConnectionId: "0HNLTFM8K8QDA" }

[18:31:07 INF] Writing value of type 'List`1' as Json. { EventId: { Id: 3, Name: "WritingResultAsJson" }, SourceContext: "Microsoft.AspNetCore.Http.Result.OkObjectResult", RequestId: "0HNLTFM8K8QDA:00000006", RequestPath: "/users", ConnectionId: "0HNLTFM8K8QDA" }

[18:31:07 INF] Executed endpoint 'HTTP: GET /users' { EventId: { Id: 1, Name: "ExecutedEndpoint" }, SourceContext: "Microsoft.AspNetCore.Routing.EndpointMiddleware", RequestId: "0HNLTFM8K8QDA:00000006", RequestPath: "/users", ConnectionId: "0HNLTFM8K8QDA" }

[18:31:12 INF] CORS policy execution successful. { EventId: { Id: 4, Name: "PolicySuccess" }, SourceContext: "Microsoft.AspNetCore.Cors.Infrastructure.CorsService", RequestId: "0HNLTFM8K8QDA:00000007", RequestPath: "/users", ConnectionId: "0HNLTFM8K8QDA" }

[18:31:12 INF] CORS policy execution successful. { EventId: { Id: 4, Name: "PolicySuccess" }, SourceContext: "Microsoft.AspNetCore.Cors.Infrastructure.CorsService", RequestId: "0HNLTFM8K8QD8:00000008", RequestPath: "/roles", ConnectionId: "0HNLTFM8K8QD8" }

[18:31:12 INF] CORS policy execution successful. { EventId: { Id: 4, Name: "PolicySuccess" }, SourceContext: "Microsoft.AspNetCore.Cors.Infrastructure.CorsService", RequestId: "0HNLTFM8K8QD9:00000007", RequestPath: "/departments", ConnectionId: "0HNLTFM8K8QD9" }

[18:31:12 INF] CORS policy execution successful. { EventId: { Id: 4, Name: "PolicySuccess" }, SourceContext: "Microsoft.AspNetCore.Cors.Infrastructure.CorsService", RequestId: "0HNLTFM8K8QD9:00000008", RequestPath: "/users", ConnectionId: "0HNLTFM8K8QD9" }

[18:31:12 INF] CORS policy execution successful. { EventId: { Id: 4, Name: "PolicySuccess" }, SourceContext: "Microsoft.AspNetCore.Cors.Infrastructure.CorsService", RequestId: "0HNLTFM8K8QDA:00000008", RequestPath: "/departments", ConnectionId: "0HNLTFM8K8QDA" }

[18:31:12 INF] CORS policy execution successful. { EventId: { Id: 4, Name: "PolicySuccess" }, SourceContext: "Microsoft.AspNetCore.Cors.Infrastructure.CorsService", RequestId: "0HNLTFM8K8QD8:00000009", RequestPath: "/roles", ConnectionId: "0HNLTFM8K8QD8" }

[18:31:12 INF] Executing endpoint 'HTTP: GET /departments' { EventId: { Name: "ExecutingEndpoint" }, SourceContext: "Microsoft.AspNetCore.Routing.EndpointMiddleware", RequestId: "0HNLTFM8K8QDA:00000008", RequestPath: "/departments", ConnectionId: "0HNLTFM8K8QDA" }

[18:31:12 INF] Executing endpoint 'HTTP: GET /users' { EventId: { Name: "ExecutingEndpoint" }, SourceContext: "Microsoft.AspNetCore.Routing.EndpointMiddleware", RequestId: "0HNLTFM8K8QD9:00000008", RequestPath: "/users", ConnectionId: "0HNLTFM8K8QD9" }

[18:31:12 INF] Executing endpoint 'HTTP: GET /roles' { EventId: { Name: "ExecutingEndpoint" }, SourceContext: "Microsoft.AspNetCore.Routing.EndpointMiddleware", RequestId: "0HNLTFM8K8QD8:00000009", RequestPath: "/roles", ConnectionId: "0HNLTFM8K8QD8" }

[18:31:12 INF] Handling GetDepartmentsQuery { SourceContext: "AppWeaver.Mediator.Behaviors.LoggingBehavior", RequestId: "0HNLTFM8K8QDA:00000008", RequestPath: "/departments", ConnectionId: "0HNLTFM8K8QDA" }

[18:31:12 INF] Handling GetRolesQuery { SourceContext: "AppWeaver.Mediator.Behaviors.LoggingBehavior", RequestId: "0HNLTFM8K8QD8:00000009", RequestPath: "/roles", ConnectionId: "0HNLTFM8K8QD8" }

[18:31:12 INF] Handling GetUsersQuery { SourceContext: "AppWeaver.Mediator.Behaviors.LoggingBehavior", RequestId: "0HNLTFM8K8QD9:00000008", RequestPath: "/users", ConnectionId: "0HNLTFM8K8QD9" }

[18:31:12 INF] Handled GetRolesQuery { SourceContext: "AppWeaver.Mediator.Behaviors.LoggingBehavior", RequestId: "0HNLTFM8K8QD8:00000009", RequestPath: "/roles", ConnectionId: "0HNLTFM8K8QD8" }

[18:31:12 INF] Handled GetDepartmentsQuery { SourceContext: "AppWeaver.Mediator.Behaviors.LoggingBehavior", RequestId: "0HNLTFM8K8QDA:00000008", RequestPath: "/departments", ConnectionId: "0HNLTFM8K8QDA" }

[18:31:12 INF] Handled GetUsersQuery { SourceContext: "AppWeaver.Mediator.Behaviors.LoggingBehavior", RequestId: "0HNLTFM8K8QD9:00000008", RequestPath: "/users", ConnectionId: "0HNLTFM8K8QD9" }

[18:31:12 INF] Executed endpoint 'HTTP: GET /departments' { EventId: { Id: 1, Name: "ExecutedEndpoint" }, SourceContext: "Microsoft.AspNetCore.Routing.EndpointMiddleware", RequestId: "0HNLTFM8K8QDA:00000008", RequestPath: "/departments", ConnectionId: "0HNLTFM8K8QDA" }

[18:31:12 INF] Executed endpoint 'HTTP: GET /roles' { EventId: { Id: 1, Name: "ExecutedEndpoint" }, SourceContext: "Microsoft.AspNetCore.Routing.EndpointMiddleware", RequestId: "0HNLTFM8K8QD8:00000009", RequestPath: "/roles", ConnectionId: "0HNLTFM8K8QD8" }

[18:31:12 INF] Setting HTTP status code 200. { EventId: { Id: 1, Name: "WritingResultAsStatusCode" }, SourceContext: "Microsoft.AspNetCore.Http.Result.OkObjectResult", RequestId: "0HNLTFM8K8QD9:00000008", RequestPath: "/users", ConnectionId: "0HNLTFM8K8QD9" }

[18:31:12 INF] Writing value of type 'List`1' as Json. { EventId: { Id: 3, Name: "WritingResultAsJson" }, SourceContext: "Microsoft.AspNetCore.Http.Result.OkObjectResult", RequestId: "0HNLTFM8K8QD9:00000008", RequestPath: "/users", ConnectionId: "0HNLTFM8K8QD9" }

[18:31:12 INF] Executed endpoint 'HTTP: GET /users' { EventId: { Id: 1, Name: "ExecutedEndpoint" }, SourceContext: "Microsoft.AspNetCore.Routing.EndpointMiddleware", RequestId: "0HNLTFM8K8QD9:00000008", RequestPath: "/users", ConnectionId: "0HNLTFM8K8QD9" }

[18:31:16 INF] CORS policy execution successful. { EventId: { Id: 4, Name: "PolicySuccess" }, SourceContext: "Microsoft.AspNetCore.Cors.Infrastructure.CorsService", RequestId: "0HNLTFM8K8QD9:00000009", RequestPath: "/roles", ConnectionId: "0HNLTFM8K8QD9" }

[18:31:16 INF] Executing endpoint 'HTTP: GET /roles' { EventId: { Name: "ExecutingEndpoint" }, SourceContext: "Microsoft.AspNetCore.Routing.EndpointMiddleware", RequestId: "0HNLTFM8K8QD9:00000009", RequestPath: "/roles", ConnectionId: "0HNLTFM8K8QD9" }

[18:31:16 INF] Handling GetRolesQuery { SourceContext: "AppWeaver.Mediator.Behaviors.LoggingBehavior", RequestId: "0HNLTFM8K8QD9:00000009", RequestPath: "/roles", ConnectionId: "0HNLTFM8K8QD9" }

[18:31:16 INF] Handled GetRolesQuery { SourceContext: "AppWeaver.Mediator.Behaviors.LoggingBehavior", RequestId: "0HNLTFM8K8QD9:00000009", RequestPath: "/roles", ConnectionId: "0HNLTFM8K8QD9" }

[18:31:16 INF] Executed endpoint 'HTTP: GET /roles' { EventId: { Id: 1, Name: "ExecutedEndpoint" }, SourceContext: "Microsoft.AspNetCore.Routing.EndpointMiddleware", RequestId: "0HNLTFM8K8QD9:00000009", RequestPath: "/roles", ConnectionId: "0HNLTFM8K8QD9" }

[18:31:17 INF] CORS policy execution successful. { EventId: { Id: 4, Name: "PolicySuccess" }, SourceContext: "Microsoft.AspNetCore.Cors.Infrastructure.CorsService", RequestId: "0HNLTFM8K8QD9:0000000A", RequestPath: "/users", ConnectionId: "0HNLTFM8K8QD9" }

[18:31:17 INF] CORS policy execution successful. { EventId: { Id: 4, Name: "PolicySuccess" }, SourceContext: "Microsoft.AspNetCore.Cors.Infrastructure.CorsService", RequestId: "0HNLTFM8K8QD8:0000000A", RequestPath: "/roles", ConnectionId: "0HNLTFM8K8QD8" }

[18:31:17 INF] CORS policy execution successful. { EventId: { Id: 4, Name: "PolicySuccess" }, SourceContext: "Microsoft.AspNetCore.Cors.Infrastructure.CorsService", RequestId: "0HNLTFM8K8QDA:00000009", RequestPath: "/departments", ConnectionId: "0HNLTFM8K8QDA" }

[18:31:17 INF] Executing endpoint 'HTTP: GET /roles' { EventId: { Name: "ExecutingEndpoint" }, SourceContext: "Microsoft.AspNetCore.Routing.EndpointMiddleware", RequestId: "0HNLTFM8K8QD8:0000000A", RequestPath: "/roles", ConnectionId: "0HNLTFM8K8QD8" }

[18:31:17 INF] Executing endpoint 'HTTP: GET /users' { EventId: { Name: "ExecutingEndpoint" }, SourceContext: "Microsoft.AspNetCore.Routing.EndpointMiddleware", RequestId: "0HNLTFM8K8QD9:0000000A", RequestPath: "/users", ConnectionId: "0HNLTFM8K8QD9" }

[18:31:17 INF] Handling GetRolesQuery { SourceContext: "AppWeaver.Mediator.Behaviors.LoggingBehavior", RequestId: "0HNLTFM8K8QD8:0000000A", RequestPath: "/roles", ConnectionId: "0HNLTFM8K8QD8" }

[18:31:17 INF] Executing endpoint 'HTTP: GET /departments' { EventId: { Name: "ExecutingEndpoint" }, SourceContext: "Microsoft.AspNetCore.Routing.EndpointMiddleware", RequestId: "0HNLTFM8K8QDA:00000009", RequestPath: "/departments", ConnectionId: "0HNLTFM8K8QDA" }

[18:31:17 INF] Handling GetUsersQuery { SourceContext: "AppWeaver.Mediator.Behaviors.LoggingBehavior", RequestId: "0HNLTFM8K8QD9:0000000A", RequestPath: "/users", ConnectionId: "0HNLTFM8K8QD9" }

[18:31:17 INF] Handling GetDepartmentsQuery { SourceContext: "AppWeaver.Mediator.Behaviors.LoggingBehavior", RequestId: "0HNLTFM8K8QDA:00000009", RequestPath: "/departments", ConnectionId: "0HNLTFM8K8QDA" }

[18:31:17 INF] Handled GetRolesQuery { SourceContext: "AppWeaver.Mediator.Behaviors.LoggingBehavior", RequestId: "0HNLTFM8K8QD8:0000000A", RequestPath: "/roles", ConnectionId: "0HNLTFM8K8QD8" }

[18:31:17 INF] Handled GetDepartmentsQuery { SourceContext: "AppWeaver.Mediator.Behaviors.LoggingBehavior", RequestId: "0HNLTFM8K8QDA:00000009", RequestPath: "/departments", ConnectionId: "0HNLTFM8K8QDA" }

[18:31:17 INF] Executed endpoint 'HTTP: GET /departments' { EventId: { Id: 1, Name: "ExecutedEndpoint" }, SourceContext: "Microsoft.AspNetCore.Routing.EndpointMiddleware", RequestId: "0HNLTFM8K8QDA:00000009", RequestPath: "/departments", ConnectionId: "0HNLTFM8K8QDA" }

[18:31:17 INF] Executed endpoint 'HTTP: GET /roles' { EventId: { Id: 1, Name: "ExecutedEndpoint" }, SourceContext: "Microsoft.AspNetCore.Routing.EndpointMiddleware", RequestId: "0HNLTFM8K8QD8:0000000A", RequestPath: "/roles", ConnectionId: "0HNLTFM8K8QD8" }

[18:31:17 INF] Handled GetUsersQuery { SourceContext: "AppWeaver.Mediator.Behaviors.LoggingBehavior", RequestId: "0HNLTFM8K8QD9:0000000A", RequestPath: "/users", ConnectionId: "0HNLTFM8K8QD9" }

[18:31:17 INF] Setting HTTP status code 200. { EventId: { Id: 1, Name: "WritingResultAsStatusCode" }, SourceContext: "Microsoft.AspNetCore.Http.Result.OkObjectResult", RequestId: "0HNLTFM8K8QD9:0000000A", RequestPath: "/users", ConnectionId: "0HNLTFM8K8QD9" }

[18:31:17 INF] Writing value of type 'List`1' as Json. { EventId: { Id: 3, Name: "WritingResultAsJson" }, SourceContext: "Microsoft.AspNetCore.Http.Result.OkObjectResult", RequestId: "0HNLTFM8K8QD9:0000000A", RequestPath: "/users", ConnectionId: "0HNLTFM8K8QD9" }

[18:31:17 INF] Executed endpoint 'HTTP: GET /users' { EventId: { Id: 1, Name: "ExecutedEndpoint" }, SourceContext: "Microsoft.AspNetCore.Routing.EndpointMiddleware", RequestId: "0HNLTFM8K8QD9:0000000A", RequestPath: "/users", ConnectionId: "0HNLTFM8K8QD9" }

[18:31:19 INF] CORS policy execution successful. { EventId: { Id: 4, Name: "PolicySuccess" }, SourceContext: "Microsoft.AspNetCore.Cors.Infrastructure.CorsService", RequestId: "0HNLTFM8K8QD9:0000000B", RequestPath: "/roles", ConnectionId: "0HNLTFM8K8QD9" }

[18:31:19 INF] CORS policy execution successful. { EventId: { Id: 4, Name: "PolicySuccess" }, SourceContext: "Microsoft.AspNetCore.Cors.Infrastructure.CorsService", RequestId: "0HNLTFM8K8QD9:0000000C", RequestPath: "/roles", ConnectionId: "0HNLTFM8K8QD9" }

[18:31:19 INF] Executing endpoint 'HTTP: GET /roles' { EventId: { Name: "ExecutingEndpoint" }, SourceContext: "Microsoft.AspNetCore.Routing.EndpointMiddleware", RequestId: "0HNLTFM8K8QD9:0000000C", RequestPath: "/roles", ConnectionId: "0HNLTFM8K8QD9" }

[18:31:19 INF] Handling GetRolesQuery { SourceContext: "AppWeaver.Mediator.Behaviors.LoggingBehavior", RequestId: "0HNLTFM8K8QD9:0000000C", RequestPath: "/roles", ConnectionId: "0HNLTFM8K8QD9" }

[18:31:19 INF] Handled GetRolesQuery { SourceContext: "AppWeaver.Mediator.Behaviors.LoggingBehavior", RequestId: "0HNLTFM8K8QD9:0000000C", RequestPath: "/roles", ConnectionId: "0HNLTFM8K8QD9" }

[18:31:19 INF] Executed endpoint 'HTTP: GET /roles' { EventId: { Id: 1, Name: "ExecutedEndpoint" }, SourceContext: "Microsoft.AspNetCore.Routing.EndpointMiddleware", RequestId: "0HNLTFM8K8QD9:0000000C", RequestPath: "/roles", ConnectionId: "0HNLTFM8K8QD9" }

[18:31:20 INF] CORS policy execution successful. { EventId: { Id: 4, Name: "PolicySuccess" }, SourceContext: "Microsoft.AspNetCore.Cors.Infrastructure.CorsService", RequestId: "0HNLTFM8K8QD9:0000000D", RequestPath: "/users", ConnectionId: "0HNLTFM8K8QD9" }

[18:31:20 INF] CORS policy execution successful. { EventId: { Id: 4, Name: "PolicySuccess" }, SourceContext: "Microsoft.AspNetCore.Cors.Infrastructure.CorsService", RequestId: "0HNLTFM8K8QD8:0000000B", RequestPath: "/departments", ConnectionId: "0HNLTFM8K8QD8" }

[18:31:20 INF] CORS policy execution successful. { EventId: { Id: 4, Name: "PolicySuccess" }, SourceContext: "Microsoft.AspNetCore.Cors.Infrastructure.CorsService", RequestId: "0HNLTFM8K8QD8:0000000C", RequestPath: "/users", ConnectionId: "0HNLTFM8K8QD8" }

[18:31:20 INF] CORS policy execution successful. { EventId: { Id: 4, Name: "PolicySuccess" }, SourceContext: "Microsoft.AspNetCore.Cors.Infrastructure.CorsService", RequestId: "0HNLTFM8K8QD9:0000000E", RequestPath: "/roles", ConnectionId: "0HNLTFM8K8QD9" }

[18:31:20 INF] CORS policy execution successful. { EventId: { Id: 4, Name: "PolicySuccess" }, SourceContext: "Microsoft.AspNetCore.Cors.Infrastructure.CorsService", RequestId: "0HNLTFM8K8QDA:0000000A", RequestPath: "/departments", ConnectionId: "0HNLTFM8K8QDA" }

[18:31:20 INF] Executing endpoint 'HTTP: GET /roles' { EventId: { Name: "ExecutingEndpoint" }, SourceContext: "Microsoft.AspNetCore.Routing.EndpointMiddleware", RequestId: "0HNLTFM8K8QD9:0000000E", RequestPath: "/roles", ConnectionId: "0HNLTFM8K8QD9" }

[18:31:20 INF] Executing endpoint 'HTTP: GET /departments' { EventId: { Name: "ExecutingEndpoint" }, SourceContext: "Microsoft.AspNetCore.Routing.EndpointMiddleware", RequestId: "0HNLTFM8K8QDA:0000000A", RequestPath: "/departments", ConnectionId: "0HNLTFM8K8QDA" }

[18:31:20 INF] Executing endpoint 'HTTP: GET /users' { EventId: { Name: "ExecutingEndpoint" }, SourceContext: "Microsoft.AspNetCore.Routing.EndpointMiddleware", RequestId: "0HNLTFM8K8QD8:0000000C", RequestPath: "/users", ConnectionId: "0HNLTFM8K8QD8" }

[18:31:20 INF] Handling GetRolesQuery { SourceContext: "AppWeaver.Mediator.Behaviors.LoggingBehavior", RequestId: "0HNLTFM8K8QD9:0000000E", RequestPath: "/roles", ConnectionId: "0HNLTFM8K8QD9" }

[18:31:20 INF] Handling GetDepartmentsQuery { SourceContext: "AppWeaver.Mediator.Behaviors.LoggingBehavior", RequestId: "0HNLTFM8K8QDA:0000000A", RequestPath: "/departments", ConnectionId: "0HNLTFM8K8QDA" }

[18:31:20 INF] Handling GetUsersQuery { SourceContext: "AppWeaver.Mediator.Behaviors.LoggingBehavior", RequestId: "0HNLTFM8K8QD8:0000000C", RequestPath: "/users", ConnectionId: "0HNLTFM8K8QD8" }

[18:31:20 INF] Handled GetDepartmentsQuery { SourceContext: "AppWeaver.Mediator.Behaviors.LoggingBehavior", RequestId: "0HNLTFM8K8QDA:0000000A", RequestPath: "/departments", ConnectionId: "0HNLTFM8K8QDA" }

[18:31:20 INF] Handled GetRolesQuery { SourceContext: "AppWeaver.Mediator.Behaviors.LoggingBehavior", RequestId: "0HNLTFM8K8QD9:0000000E", RequestPath: "/roles", ConnectionId: "0HNLTFM8K8QD9" }

[18:31:20 INF] Executed endpoint 'HTTP: GET /departments' { EventId: { Id: 1, Name: "ExecutedEndpoint" }, SourceContext: "Microsoft.AspNetCore.Routing.EndpointMiddleware", RequestId: "0HNLTFM8K8QDA:0000000A", RequestPath: "/departments", ConnectionId: "0HNLTFM8K8QDA" }

[18:31:20 INF] Executed endpoint 'HTTP: GET /roles' { EventId: { Id: 1, Name: "ExecutedEndpoint" }, SourceContext: "Microsoft.AspNetCore.Routing.EndpointMiddleware", RequestId: "0HNLTFM8K8QD9:0000000E", RequestPath: "/roles", ConnectionId: "0HNLTFM8K8QD9" }

[18:31:20 INF] Handled GetUsersQuery { SourceContext: "AppWeaver.Mediator.Behaviors.LoggingBehavior", RequestId: "0HNLTFM8K8QD8:0000000C", RequestPath: "/users", ConnectionId: "0HNLTFM8K8QD8" }

[18:31:20 INF] Setting HTTP status code 200. { EventId: { Id: 1, Name: "WritingResultAsStatusCode" }, SourceContext: "Microsoft.AspNetCore.Http.Result.OkObjectResult", RequestId: "0HNLTFM8K8QD8:0000000C", RequestPath: "/users", ConnectionId: "0HNLTFM8K8QD8" }

[18:31:20 INF] Writing value of type 'List`1' as Json. { EventId: { Id: 3, Name: "WritingResultAsJson" }, SourceContext: "Microsoft.AspNetCore.Http.Result.OkObjectResult", RequestId: "0HNLTFM8K8QD8:0000000C", RequestPath: "/users", ConnectionId: "0HNLTFM8K8QD8" }

[18:31:20 INF] Executed endpoint 'HTTP: GET /users' { EventId: { Id: 1, Name: "ExecutedEndpoint" }, SourceContext: "Microsoft.AspNetCore.Routing.EndpointMiddleware", RequestId: "0HNLTFM8K8QD8:0000000C", RequestPath: "/users", ConnectionId: "0HNLTFM8K8QD8" }

[18:34:15 INF] CORS policy execution successful. { EventId: { Id: 4, Name: "PolicySuccess" }, SourceContext: "Microsoft.AspNetCore.Cors.Infrastructure.CorsService", RequestId: "0HNLTFM8K8QDB:00000001", RequestPath: "/departments", ConnectionId: "0HNLTFM8K8QDB" }

[18:34:15 INF] CORS policy execution successful. { EventId: { Id: 4, Name: "PolicySuccess" }, SourceContext: "Microsoft.AspNetCore.Cors.Infrastructure.CorsService", RequestId: "0HNLTFM8K8QDC:00000001", RequestPath: "/users", ConnectionId: "0HNLTFM8K8QDC" }

[18:34:15 INF] CORS policy execution successful. { EventId: { Id: 4, Name: "PolicySuccess" }, SourceContext: "Microsoft.AspNetCore.Cors.Infrastructure.CorsService", RequestId: "0HNLTFM8K8QDD:00000001", RequestPath: "/roles", ConnectionId: "0HNLTFM8K8QDD" }

[18:34:15 INF] CORS policy execution successful. { EventId: { Id: 4, Name: "PolicySuccess" }, SourceContext: "Microsoft.AspNetCore.Cors.Infrastructure.CorsService", RequestId: "0HNLTFM8K8QDC:00000002", RequestPath: "/users", ConnectionId: "0HNLTFM8K8QDC" }

[18:34:15 INF] CORS policy execution successful. { EventId: { Id: 4, Name: "PolicySuccess" }, SourceContext: "Microsoft.AspNetCore.Cors.Infrastructure.CorsService", RequestId: "0HNLTFM8K8QDB:00000002", RequestPath: "/roles", ConnectionId: "0HNLTFM8K8QDB" }

[18:34:15 INF] CORS policy execution successful. { EventId: { Id: 4, Name: "PolicySuccess" }, SourceContext: "Microsoft.AspNetCore.Cors.Infrastructure.CorsService", RequestId: "0HNLTFM8K8QDD:00000002", RequestPath: "/departments", ConnectionId: "0HNLTFM8K8QDD" }

[18:34:15 INF] Executing endpoint 'HTTP: GET /users' { EventId: { Name: "ExecutingEndpoint" }, SourceContext: "Microsoft.AspNetCore.Routing.EndpointMiddleware", RequestId: "0HNLTFM8K8QDC:00000002", RequestPath: "/users", ConnectionId: "0HNLTFM8K8QDC" }

[18:34:15 INF] Executing endpoint 'HTTP: GET /departments' { EventId: { Name: "ExecutingEndpoint" }, SourceContext: "Microsoft.AspNetCore.Routing.EndpointMiddleware", RequestId: "0HNLTFM8K8QDD:00000002", RequestPath: "/departments", ConnectionId: "0HNLTFM8K8QDD" }

[18:34:15 INF] Executing endpoint 'HTTP: GET /roles' { EventId: { Name: "ExecutingEndpoint" }, SourceContext: "Microsoft.AspNetCore.Routing.EndpointMiddleware", RequestId: "0HNLTFM8K8QDB:00000002", RequestPath: "/roles", ConnectionId: "0HNLTFM8K8QDB" }

[18:34:15 INF] Handling GetUsersQuery { SourceContext: "AppWeaver.Mediator.Behaviors.LoggingBehavior", RequestId: "0HNLTFM8K8QDC:00000002", RequestPath: "/users", ConnectionId: "0HNLTFM8K8QDC" }

[18:34:15 INF] Handling GetDepartmentsQuery { SourceContext: "AppWeaver.Mediator.Behaviors.LoggingBehavior", RequestId: "0HNLTFM8K8QDD:00000002", RequestPath: "/departments", ConnectionId: "0HNLTFM8K8QDD" }

[18:34:15 INF] Handling GetRolesQuery { SourceContext: "AppWeaver.Mediator.Behaviors.LoggingBehavior", RequestId: "0HNLTFM8K8QDB:00000002", RequestPath: "/roles", ConnectionId: "0HNLTFM8K8QDB" }

[18:34:15 INF] Handled GetRolesQuery { SourceContext: "AppWeaver.Mediator.Behaviors.LoggingBehavior", RequestId: "0HNLTFM8K8QDB:00000002", RequestPath: "/roles", ConnectionId: "0HNLTFM8K8QDB" }

[18:34:15 INF] Handled GetDepartmentsQuery { SourceContext: "AppWeaver.Mediator.Behaviors.LoggingBehavior", RequestId: "0HNLTFM8K8QDD:00000002", RequestPath: "/departments", ConnectionId: "0HNLTFM8K8QDD" }

[18:34:15 INF] Executed endpoint 'HTTP: GET /roles' { EventId: { Id: 1, Name: "ExecutedEndpoint" }, SourceContext: "Microsoft.AspNetCore.Routing.EndpointMiddleware", RequestId: "0HNLTFM8K8QDB:00000002", RequestPath: "/roles", ConnectionId: "0HNLTFM8K8QDB" }

[18:34:15 INF] Executed endpoint 'HTTP: GET /departments' { EventId: { Id: 1, Name: "ExecutedEndpoint" }, SourceContext: "Microsoft.AspNetCore.Routing.EndpointMiddleware", RequestId: "0HNLTFM8K8QDD:00000002", RequestPath: "/departments", ConnectionId: "0HNLTFM8K8QDD" }

[18:34:15 INF] Handled GetUsersQuery { SourceContext: "AppWeaver.Mediator.Behaviors.LoggingBehavior", RequestId: "0HNLTFM8K8QDC:00000002", RequestPath: "/users", ConnectionId: "0HNLTFM8K8QDC" }

[18:34:15 INF] Setting HTTP status code 200. { EventId: { Id: 1, Name: "WritingResultAsStatusCode" }, SourceContext: "Microsoft.AspNetCore.Http.Result.OkObjectResult", RequestId: "0HNLTFM8K8QDC:00000002", RequestPath: "/users", ConnectionId: "0HNLTFM8K8QDC" }

[18:34:15 INF] Writing value of type 'List`1' as Json. { EventId: { Id: 3, Name: "WritingResultAsJson" }, SourceContext: "Microsoft.AspNetCore.Http.Result.OkObjectResult", RequestId: "0HNLTFM8K8QDC:00000002", RequestPath: "/users", ConnectionId: "0HNLTFM8K8QDC" }

[18:34:15 INF] Executed endpoint 'HTTP: GET /users' { EventId: { Id: 1, Name: "ExecutedEndpoint" }, SourceContext: "Microsoft.AspNetCore.Routing.EndpointMiddleware", RequestId: "0HNLTFM8K8QDC:00000002", RequestPath: "/users", ConnectionId: "0HNLTFM8K8QDC" }

[18:34:18 INF] CORS policy execution successful. { EventId: { Id: 4, Name: "PolicySuccess" }, SourceContext: "Microsoft.AspNetCore.Cors.Infrastructure.CorsService", RequestId: "0HNLTFM8K8QDD:00000003", RequestPath: "/roles", ConnectionId: "0HNLTFM8K8QDD" }

[18:34:18 INF] Executing endpoint 'HTTP: GET /roles' { EventId: { Name: "ExecutingEndpoint" }, SourceContext: "Microsoft.AspNetCore.Routing.EndpointMiddleware", RequestId: "0HNLTFM8K8QDD:00000003", RequestPath: "/roles", ConnectionId: "0HNLTFM8K8QDD" }

[18:34:18 INF] Handling GetRolesQuery { SourceContext: "AppWeaver.Mediator.Behaviors.LoggingBehavior", RequestId: "0HNLTFM8K8QDD:00000003", RequestPath: "/roles", ConnectionId: "0HNLTFM8K8QDD" }

[18:34:18 INF] Handled GetRolesQuery { SourceContext: "AppWeaver.Mediator.Behaviors.LoggingBehavior", RequestId: "0HNLTFM8K8QDD:00000003", RequestPath: "/roles", ConnectionId: "0HNLTFM8K8QDD" }

[18:34:18 INF] Executed endpoint 'HTTP: GET /roles' { EventId: { Id: 1, Name: "ExecutedEndpoint" }, SourceContext: "Microsoft.AspNetCore.Routing.EndpointMiddleware", RequestId: "0HNLTFM8K8QDD:00000003", RequestPath: "/roles", ConnectionId: "0HNLTFM8K8QDD" }

[18:34:20 INF] CORS policy execution successful. { EventId: { Id: 4, Name: "PolicySuccess" }, SourceContext: "Microsoft.AspNetCore.Cors.Infrastructure.CorsService", RequestId: "0HNLTFM8K8QDD:00000004", RequestPath: "/roles", ConnectionId: "0HNLTFM8K8QDD" }

[18:34:20 INF] Executing endpoint 'HTTP: GET /roles' { EventId: { Name: "ExecutingEndpoint" }, SourceContext: "Microsoft.AspNetCore.Routing.EndpointMiddleware", RequestId: "0HNLTFM8K8QDD:00000004", RequestPath: "/roles", ConnectionId: "0HNLTFM8K8QDD" }

[18:34:20 INF] Handling GetRolesQuery { SourceContext: "AppWeaver.Mediator.Behaviors.LoggingBehavior", RequestId: "0HNLTFM8K8QDD:00000004", RequestPath: "/roles", ConnectionId: "0HNLTFM8K8QDD" }

[18:34:20 INF] Handled GetRolesQuery { SourceContext: "AppWeaver.Mediator.Behaviors.LoggingBehavior", RequestId: "0HNLTFM8K8QDD:00000004", RequestPath: "/roles", ConnectionId: "0HNLTFM8K8QDD" }

[18:34:20 INF] Executed endpoint 'HTTP: GET /roles' { EventId: { Id: 1, Name: "ExecutedEndpoint" }, SourceContext: "Microsoft.AspNetCore.Routing.EndpointMiddleware", RequestId: "0HNLTFM8K8QDD:00000004", RequestPath: "/roles", ConnectionId: "0HNLTFM8K8QDD" }

[18:38:44 INF] CORS policy execution successful. { EventId: { Id: 4, Name: "PolicySuccess" }, SourceContext: "Microsoft.AspNetCore.Cors.Infrastructure.CorsService", RequestId: "0HNLTFM8K8QDF:00000001", RequestPath: "/roles", ConnectionId: "0HNLTFM8K8QDF" }

[18:38:44 INF] CORS policy execution successful. { EventId: { Id: 4, Name: "PolicySuccess" }, SourceContext: "Microsoft.AspNetCore.Cors.Infrastructure.CorsService", RequestId: "0HNLTFM8K8QDE:00000001", RequestPath: "/departments", ConnectionId: "0HNLTFM8K8QDE" }

[18:38:44 INF] CORS policy execution successful. { EventId: { Id: 4, Name: "PolicySuccess" }, SourceContext: "Microsoft.AspNetCore.Cors.Infrastructure.CorsService", RequestId: "0HNLTFM8K8QDG:00000001", RequestPath: "/users", ConnectionId: "0HNLTFM8K8QDG" }

[18:38:44 INF] CORS policy execution successful. { EventId: { Id: 4, Name: "PolicySuccess" }, SourceContext: "Microsoft.AspNetCore.Cors.Infrastructure.CorsService", RequestId: "0HNLTFM8K8QDG:00000002", RequestPath: "/users", ConnectionId: "0HNLTFM8K8QDG" }

[18:38:44 INF] CORS policy execution successful. { EventId: { Id: 4, Name: "PolicySuccess" }, SourceContext: "Microsoft.AspNetCore.Cors.Infrastructure.CorsService", RequestId: "0HNLTFM8K8QDE:00000002", RequestPath: "/roles", ConnectionId: "0HNLTFM8K8QDE" }

[18:38:44 INF] CORS policy execution successful. { EventId: { Id: 4, Name: "PolicySuccess" }, SourceContext: "Microsoft.AspNetCore.Cors.Infrastructure.CorsService", RequestId: "0HNLTFM8K8QDF:00000002", RequestPath: "/departments", ConnectionId: "0HNLTFM8K8QDF" }

[18:38:44 INF] Executing endpoint 'HTTP: GET /roles' { EventId: { Name: "ExecutingEndpoint" }, SourceContext: "Microsoft.AspNetCore.Routing.EndpointMiddleware", RequestId: "0HNLTFM8K8QDE:00000002", RequestPath: "/roles", ConnectionId: "0HNLTFM8K8QDE" }

[18:38:44 INF] Executing endpoint 'HTTP: GET /users' { EventId: { Name: "ExecutingEndpoint" }, SourceContext: "Microsoft.AspNetCore.Routing.EndpointMiddleware", RequestId: "0HNLTFM8K8QDG:00000002", RequestPath: "/users", ConnectionId: "0HNLTFM8K8QDG" }

[18:38:44 INF] Executing endpoint 'HTTP: GET /departments' { EventId: { Name: "ExecutingEndpoint" }, SourceContext: "Microsoft.AspNetCore.Routing.EndpointMiddleware", RequestId: "0HNLTFM8K8QDF:00000002", RequestPath: "/departments", ConnectionId: "0HNLTFM8K8QDF" }

[18:38:44 INF] Handling GetRolesQuery { SourceContext: "AppWeaver.Mediator.Behaviors.LoggingBehavior", RequestId: "0HNLTFM8K8QDE:00000002", RequestPath: "/roles", ConnectionId: "0HNLTFM8K8QDE" }

[18:38:44 INF] Handling GetUsersQuery { SourceContext: "AppWeaver.Mediator.Behaviors.LoggingBehavior", RequestId: "0HNLTFM8K8QDG:00000002", RequestPath: "/users", ConnectionId: "0HNLTFM8K8QDG" }

[18:38:44 INF] Handling GetDepartmentsQuery { SourceContext: "AppWeaver.Mediator.Behaviors.LoggingBehavior", RequestId: "0HNLTFM8K8QDF:00000002", RequestPath: "/departments", ConnectionId: "0HNLTFM8K8QDF" }

[18:38:44 INF] Handled GetRolesQuery { SourceContext: "AppWeaver.Mediator.Behaviors.LoggingBehavior", RequestId: "0HNLTFM8K8QDE:00000002", RequestPath: "/roles", ConnectionId: "0HNLTFM8K8QDE" }

[18:38:44 INF] Handled GetDepartmentsQuery { SourceContext: "AppWeaver.Mediator.Behaviors.LoggingBehavior", RequestId: "0HNLTFM8K8QDF:00000002", RequestPath: "/departments", ConnectionId: "0HNLTFM8K8QDF" }

[18:38:44 INF] Executed endpoint 'HTTP: GET /roles' { EventId: { Id: 1, Name: "ExecutedEndpoint" }, SourceContext: "Microsoft.AspNetCore.Routing.EndpointMiddleware", RequestId: "0HNLTFM8K8QDE:00000002", RequestPath: "/roles", ConnectionId: "0HNLTFM8K8QDE" }

[18:38:44 INF] Executed endpoint 'HTTP: GET /departments' { EventId: { Id: 1, Name: "ExecutedEndpoint" }, SourceContext: "Microsoft.AspNetCore.Routing.EndpointMiddleware", RequestId: "0HNLTFM8K8QDF:00000002", RequestPath: "/departments", ConnectionId: "0HNLTFM8K8QDF" }

[18:38:44 INF] Handled GetUsersQuery { SourceContext: "AppWeaver.Mediator.Behaviors.LoggingBehavior", RequestId: "0HNLTFM8K8QDG:00000002", RequestPath: "/users", ConnectionId: "0HNLTFM8K8QDG" }

[18:38:44 INF] Setting HTTP status code 200. { EventId: { Id: 1, Name: "WritingResultAsStatusCode" }, SourceContext: "Microsoft.AspNetCore.Http.Result.OkObjectResult", RequestId: "0HNLTFM8K8QDG:00000002", RequestPath: "/users", ConnectionId: "0HNLTFM8K8QDG" }

[18:38:44 INF] Writing value of type 'List`1' as Json. { EventId: { Id: 3, Name: "WritingResultAsJson" }, SourceContext: "Microsoft.AspNetCore.Http.Result.OkObjectResult", RequestId: "0HNLTFM8K8QDG:00000002", RequestPath: "/users", ConnectionId: "0HNLTFM8K8QDG" }

[18:38:44 INF] Executed endpoint 'HTTP: GET /users' { EventId: { Id: 1, Name: "ExecutedEndpoint" }, SourceContext: "Microsoft.AspNetCore.Routing.EndpointMiddleware", RequestId: "0HNLTFM8K8QDG:00000002", RequestPath: "/users", ConnectionId: "0HNLTFM8K8QDG" }

