[09:46:47 INF] No migrations were applied. The database is already up to date. { EventId: { Id: 20405, Name: "Microsoft.EntityFrameworkCore.Migrations.MigrationsNotApplied" }, SourceContext: "Microsoft.EntityFrameworkCore.Migrations" }

[09:46:47 INF] No migrations were applied. The database is already up to date. { EventId: { Id: 20405, Name: "Microsoft.EntityFrameworkCore.Migrations.MigrationsNotApplied" }, SourceContext: "Microsoft.EntityFrameworkCore.Migrations" }

[09:46:47 INF] Registered 6 endpoints in 6,889 milliseconds. { EventId: { Id: 1, Name: "EndpointsRegistered" }, SourceContext: "FastEndpoints.StartupTimer" }

[09:46:48 INF] No validators found in the system! { EventId: { Id: 1, Name: "NoValidatorsFound" }, SourceContext: "FastEndpoints.Swagger.ValidationSchemaProcessor" }

[09:46:48 INF] User profile is available. Using 'C:\Users\MariyaAF\AppData\Local\ASP.NET\DataProtection-Keys' as key repository and Windows DPAPI to encrypt keys at rest. { EventId: { Id: 63, Name: "UsingProfileAsKeyRepositoryWithDPAPI" }, SourceContext: "Microsoft.AspNetCore.DataProtection.KeyManagement.XmlKeyManager" }

[09:46:49 WRN] The property 'AuditLog.Metadata' is a collection or enumeration type with a value converter but with no value comparer. Set a value comparer to ensure the collection/enumeration elements are compared correctly. { EventId: { Id: 10620, Name: "Microsoft.EntityFrameworkCore.Model.Validation.CollectionWithoutComparer" }, SourceContext: "Microsoft.EntityFrameworkCore.Model.Validation" }

[09:46:49 INF] No migrations were found in assembly 'BytesRewards.Service'. A migration needs to be added before the database can be updated. { EventId: { Id: 20406, Name: "Microsoft.EntityFrameworkCore.Migrations.MigrationsNotFound" }, SourceContext: "Microsoft.EntityFrameworkCore.Migrations" }

[09:46:49 INF] No migrations were applied. The database is already up to date. { EventId: { Id: 20405, Name: "Microsoft.EntityFrameworkCore.Migrations.MigrationsNotApplied" }, SourceContext: "Microsoft.EntityFrameworkCore.Migrations" }

[09:46:49 INF] Now listening on: http://localhost:57733 { EventId: { Id: 14, Name: "ListeningOnAddress" }, SourceContext: "Microsoft.Hosting.Lifetime" }

[09:46:49 INF] Application started. Press Ctrl+C to shut down. { SourceContext: "Microsoft.Hosting.Lifetime" }

[09:46:49 INF] Hosting environment: Development { SourceContext: "Microsoft.Hosting.Lifetime" }

[09:46:49 INF] Content root path: C:\Users\MariyaAF\Desktop\BytesRewards\BytesRewards\src\BytesRewards.Service { SourceContext: "Microsoft.Hosting.Lifetime" }

[10:08:24 INF] CORS policy execution successful. { EventId: { Id: 4, Name: "PolicySuccess" }, SourceContext: "Microsoft.AspNetCore.Cors.Infrastructure.CorsService", RequestId: "0HNM1UCEGU231:00000001", RequestPath: "/departments", ConnectionId: "0HNM1UCEGU231" }

[10:08:24 INF] CORS policy execution successful. { EventId: { Id: 4, Name: "PolicySuccess" }, SourceContext: "Microsoft.AspNetCore.Cors.Infrastructure.CorsService", RequestId: "0HNM1UCEGU22V:00000001", RequestPath: "/roles", ConnectionId: "0HNM1UCEGU22V" }

[10:08:24 INF] CORS policy execution successful. { EventId: { Id: 4, Name: "PolicySuccess" }, SourceContext: "Microsoft.AspNetCore.Cors.Infrastructure.CorsService", RequestId: "0HNM1UCEGU230:00000001", RequestPath: "/users", ConnectionId: "0HNM1UCEGU230" }

[10:08:24 INF] CORS policy execution successful. { EventId: { Id: 4, Name: "PolicySuccess" }, SourceContext: "Microsoft.AspNetCore.Cors.Infrastructure.CorsService", RequestId: "0HNM1UCEGU22V:00000002", RequestPath: "/departments", ConnectionId: "0HNM1UCEGU22V" }

[10:08:24 INF] CORS policy execution successful. { EventId: { Id: 4, Name: "PolicySuccess" }, SourceContext: "Microsoft.AspNetCore.Cors.Infrastructure.CorsService", RequestId: "0HNM1UCEGU230:00000002", RequestPath: "/users", ConnectionId: "0HNM1UCEGU230" }

[10:08:24 INF] CORS policy execution successful. { EventId: { Id: 4, Name: "PolicySuccess" }, SourceContext: "Microsoft.AspNetCore.Cors.Infrastructure.CorsService", RequestId: "0HNM1UCEGU231:00000002", RequestPath: "/roles", ConnectionId: "0HNM1UCEGU231" }

[10:08:24 INF] Executing endpoint 'HTTP: GET /users' { EventId: { Name: "ExecutingEndpoint" }, SourceContext: "Microsoft.AspNetCore.Routing.EndpointMiddleware", RequestId: "0HNM1UCEGU230:00000002", RequestPath: "/users", ConnectionId: "0HNM1UCEGU230" }

[10:08:24 INF] Executing endpoint 'HTTP: GET /departments' { EventId: { Name: "ExecutingEndpoint" }, SourceContext: "Microsoft.AspNetCore.Routing.EndpointMiddleware", RequestId: "0HNM1UCEGU22V:00000002", RequestPath: "/departments", ConnectionId: "0HNM1UCEGU22V" }

[10:08:24 INF] Handling GetDepartmentsQuery { SourceContext: "AppWeaver.Mediator.Behaviors.LoggingBehavior", RequestId: "0HNM1UCEGU22V:00000002", RequestPath: "/departments", ConnectionId: "0HNM1UCEGU22V" }

[10:08:24 INF] Handling GetUsersQuery { SourceContext: "AppWeaver.Mediator.Behaviors.LoggingBehavior", RequestId: "0HNM1UCEGU230:00000002", RequestPath: "/users", ConnectionId: "0HNM1UCEGU230" }

[10:08:24 INF] Handled GetDepartmentsQuery { SourceContext: "AppWeaver.Mediator.Behaviors.LoggingBehavior", RequestId: "0HNM1UCEGU22V:00000002", RequestPath: "/departments", ConnectionId: "0HNM1UCEGU22V" }

[10:08:24 INF] Executed endpoint 'HTTP: GET /departments' { EventId: { Id: 1, Name: "ExecutedEndpoint" }, SourceContext: "Microsoft.AspNetCore.Routing.EndpointMiddleware", RequestId: "0HNM1UCEGU22V:00000002", RequestPath: "/departments", ConnectionId: "0HNM1UCEGU22V" }

[10:08:24 ERR] Failed executing DbCommand (6ms) [Parameters=[], CommandType='"Text"', CommandTimeout='30']
SELECT u."Id", u."CreatedAt", u."DepartmentId", u."Designation", u."Email", u."EmployeeId", u."FirstName", u."IsActive", u."KeycloakUserId", u."LastName", u."PhoneNumber", u."ProfileImageUrl", u."UpdatedAt", d."Id", d."CreatedAt", d."Description", d."IsActive", d."Name", d."UpdatedAt"
FROM "Users" AS u
INNER JOIN "Departments" AS d ON u."DepartmentId" = d."Id" { EventId: { Id: 20102, Name: "Microsoft.EntityFrameworkCore.Database.Command.CommandError" }, SourceContext: "Microsoft.EntityFrameworkCore.Database.Command", RequestId: "0HNM1UCEGU230:00000002", RequestPath: "/users", ConnectionId: "0HNM1UCEGU230" }

[10:08:24 ERR] An exception occurred while iterating over the results of a query for context type 'BytesRewards.Service.Infrastructure.ApplicationDbContext'.
Npgsql.PostgresException (0x80004005): 42703: column d.IsActive does not exist

POSITION: 249
   at Npgsql.Internal.NpgsqlConnector.ReadMessageLong(Boolean async, DataRowLoadingMode dataRowLoadingMode, Boolean readingNotifications, Boolean isReadingPrependedMessage)
   at System.Runtime.CompilerServices.PoolingAsyncValueTaskMethodBuilder`1.StateMachineBox`1.System.Threading.Tasks.Sources.IValueTaskSource<TResult>.GetResult(Int16 token)
   at Npgsql.NpgsqlDataReader.NextResult(Boolean async, Boolean isConsuming, CancellationToken cancellationToken)
   at Npgsql.NpgsqlDataReader.NextResult(Boolean async, Boolean isConsuming, CancellationToken cancellationToken)
   at Npgsql.NpgsqlCommand.ExecuteReader(Boolean async, CommandBehavior behavior, CancellationToken cancellationToken)
   at Npgsql.NpgsqlCommand.ExecuteReader(Boolean async, CommandBehavior behavior, CancellationToken cancellationToken)
   at Npgsql.NpgsqlCommand.ExecuteDbDataReaderAsync(CommandBehavior behavior, CancellationToken cancellationToken)
   at Microsoft.EntityFrameworkCore.Storage.RelationalCommand.ExecuteReaderAsync(RelationalCommandParameterObject parameterObject, CancellationToken cancellationToken)
   at Microsoft.EntityFrameworkCore.Storage.RelationalCommand.ExecuteReaderAsync(RelationalCommandParameterObject parameterObject, CancellationToken cancellationToken)
   at Microsoft.EntityFrameworkCore.Query.Internal.SingleQueryingEnumerable`1.AsyncEnumerator.InitializeReaderAsync(AsyncEnumerator enumerator, CancellationToken cancellationToken)
   at Npgsql.EntityFrameworkCore.PostgreSQL.Storage.Internal.NpgsqlExecutionStrategy.ExecuteAsync[TState,TResult](TState state, Func`4 operation, Func`4 verifySucceeded, CancellationToken cancellationToken)
   at Microsoft.EntityFrameworkCore.Query.Internal.SingleQueryingEnumerable`1.AsyncEnumerator.MoveNextAsync()
  Exception data:
    Severity: ERROR
    SqlState: 42703
    MessageText: column d.IsActive does not exist
    Hint: Perhaps you meant to reference the column "u.IsActive".
    Position: 249
    File: parse_relation.c
    Line: 3723
    Routine: errorMissingColumn { EventId: { Id: 10100, Name: "Microsoft.EntityFrameworkCore.Query.QueryIterationFailed" }, SourceContext: "Microsoft.EntityFrameworkCore.Query", RequestId: "0HNM1UCEGU230:00000002", RequestPath: "/users", ConnectionId: "0HNM1UCEGU230" }

Npgsql.PostgresException (0x80004005): 42703: column d.IsActive does not exist

POSITION: 249
   at Npgsql.Internal.NpgsqlConnector.ReadMessageLong(Boolean async, DataRowLoadingMode dataRowLoadingMode, Boolean readingNotifications, Boolean isReadingPrependedMessage)
   at System.Runtime.CompilerServices.PoolingAsyncValueTaskMethodBuilder`1.StateMachineBox`1.System.Threading.Tasks.Sources.IValueTaskSource<TResult>.GetResult(Int16 token)
   at Npgsql.NpgsqlDataReader.NextResult(Boolean async, Boolean isConsuming, CancellationToken cancellationToken)
   at Npgsql.NpgsqlDataReader.NextResult(Boolean async, Boolean isConsuming, CancellationToken cancellationToken)
   at Npgsql.NpgsqlCommand.ExecuteReader(Boolean async, CommandBehavior behavior, CancellationToken cancellationToken)
   at Npgsql.NpgsqlCommand.ExecuteReader(Boolean async, CommandBehavior behavior, CancellationToken cancellationToken)
   at Npgsql.NpgsqlCommand.ExecuteDbDataReaderAsync(CommandBehavior behavior, CancellationToken cancellationToken)
   at Microsoft.EntityFrameworkCore.Storage.RelationalCommand.ExecuteReaderAsync(RelationalCommandParameterObject parameterObject, CancellationToken cancellationToken)
   at Microsoft.EntityFrameworkCore.Storage.RelationalCommand.ExecuteReaderAsync(RelationalCommandParameterObject parameterObject, CancellationToken cancellationToken)
   at Microsoft.EntityFrameworkCore.Query.Internal.SingleQueryingEnumerable`1.AsyncEnumerator.InitializeReaderAsync(AsyncEnumerator enumerator, CancellationToken cancellationToken)
   at Npgsql.EntityFrameworkCore.PostgreSQL.Storage.Internal.NpgsqlExecutionStrategy.ExecuteAsync[TState,TResult](TState state, Func`4 operation, Func`4 verifySucceeded, CancellationToken cancellationToken)
   at Microsoft.EntityFrameworkCore.Query.Internal.SingleQueryingEnumerable`1.AsyncEnumerator.MoveNextAsync()
  Exception data:
    Severity: ERROR
    SqlState: 42703
    MessageText: column d.IsActive does not exist
    Hint: Perhaps you meant to reference the column "u.IsActive".
    Position: 249
    File: parse_relation.c
    Line: 3723
    Routine: errorMissingColumn
[10:08:24 ERR] Error handling GetUsersQuery { SourceContext: "AppWeaver.Mediator.Behaviors.LoggingBehavior", RequestId: "0HNM1UCEGU230:00000002", RequestPath: "/users", ConnectionId: "0HNM1UCEGU230" }

Npgsql.PostgresException (0x80004005): 42703: column d.IsActive does not exist

POSITION: 249
   at Npgsql.Internal.NpgsqlConnector.ReadMessageLong(Boolean async, DataRowLoadingMode dataRowLoadingMode, Boolean readingNotifications, Boolean isReadingPrependedMessage)
   at System.Runtime.CompilerServices.PoolingAsyncValueTaskMethodBuilder`1.StateMachineBox`1.System.Threading.Tasks.Sources.IValueTaskSource<TResult>.GetResult(Int16 token)
   at Npgsql.NpgsqlDataReader.NextResult(Boolean async, Boolean isConsuming, CancellationToken cancellationToken)
   at Npgsql.NpgsqlDataReader.NextResult(Boolean async, Boolean isConsuming, CancellationToken cancellationToken)
   at Npgsql.NpgsqlCommand.ExecuteReader(Boolean async, CommandBehavior behavior, CancellationToken cancellationToken)
   at Npgsql.NpgsqlCommand.ExecuteReader(Boolean async, CommandBehavior behavior, CancellationToken cancellationToken)
   at Npgsql.NpgsqlCommand.ExecuteDbDataReaderAsync(CommandBehavior behavior, CancellationToken cancellationToken)
   at Microsoft.EntityFrameworkCore.Storage.RelationalCommand.ExecuteReaderAsync(RelationalCommandParameterObject parameterObject, CancellationToken cancellationToken)
   at Microsoft.EntityFrameworkCore.Storage.RelationalCommand.ExecuteReaderAsync(RelationalCommandParameterObject parameterObject, CancellationToken cancellationToken)
   at Microsoft.EntityFrameworkCore.Query.Internal.SingleQueryingEnumerable`1.AsyncEnumerator.InitializeReaderAsync(AsyncEnumerator enumerator, CancellationToken cancellationToken)
   at Npgsql.EntityFrameworkCore.PostgreSQL.Storage.Internal.NpgsqlExecutionStrategy.ExecuteAsync[TState,TResult](TState state, Func`4 operation, Func`4 verifySucceeded, CancellationToken cancellationToken)
   at Microsoft.EntityFrameworkCore.Query.Internal.SingleQueryingEnumerable`1.AsyncEnumerator.MoveNextAsync()
   at Microsoft.EntityFrameworkCore.EntityFrameworkQueryableExtensions.ToListAsync[TSource](IQueryable`1 source, CancellationToken cancellationToken)
   at Microsoft.EntityFrameworkCore.EntityFrameworkQueryableExtensions.ToListAsync[TSource](IQueryable`1 source, CancellationToken cancellationToken)
   at BytesRewards.Service.Users.Features.GetUsers.GetUsersQueryHandler.Handle(GetUsersQuery request, CancellationToken ct) in C:\Users\MariyaAF\Desktop\BytesRewards\BytesRewards\src\BytesRewards.Service\Users\Features\GetUsers\GetUsersQueryHandler.cs:line 22
   at AppWeaver.Mediator.Behaviors.LoggingBehavior`2.Handle(TRequest request, CancellationToken ct, Next`1 next)
  Exception data:
    Severity: ERROR
    SqlState: 42703
    MessageText: column d.IsActive does not exist
    Hint: Perhaps you meant to reference the column "u.IsActive".
    Position: 249
    File: parse_relation.c
    Line: 3723
    Routine: errorMissingColumn
[10:08:24 INF] Executed endpoint 'HTTP: GET /users' { EventId: { Id: 1, Name: "ExecutedEndpoint" }, SourceContext: "Microsoft.AspNetCore.Routing.EndpointMiddleware", RequestId: "0HNM1UCEGU230:00000002", RequestPath: "/users", ConnectionId: "0HNM1UCEGU230" }

[10:08:25 INF] Exception occurred: 42703: column d.IsActive does not exist

POSITION: 249 { SourceContext: "MiddlewareLibrary.ExceptionHandling.ExceptionLogHandler", Environment: "Development", TraceId: "0HNM1UCEGU230:00000002", CorrelationId: "0HNM1UCEGU230:00000002", TenantId: "", ExceptionType: "PostgresException", RequestId: "0HNM1UCEGU230:00000002", RequestPath: "/users", ConnectionId: "0HNM1UCEGU230" }

Npgsql.PostgresException (0x80004005): 42703: column d.IsActive does not exist

POSITION: 249
   at Npgsql.Internal.NpgsqlConnector.ReadMessageLong(Boolean async, DataRowLoadingMode dataRowLoadingMode, Boolean readingNotifications, Boolean isReadingPrependedMessage)
   at System.Runtime.CompilerServices.PoolingAsyncValueTaskMethodBuilder`1.StateMachineBox`1.System.Threading.Tasks.Sources.IValueTaskSource<TResult>.GetResult(Int16 token)
   at Npgsql.NpgsqlDataReader.NextResult(Boolean async, Boolean isConsuming, CancellationToken cancellationToken)
   at Npgsql.NpgsqlDataReader.NextResult(Boolean async, Boolean isConsuming, CancellationToken cancellationToken)
   at Npgsql.NpgsqlCommand.ExecuteReader(Boolean async, CommandBehavior behavior, CancellationToken cancellationToken)
   at Npgsql.NpgsqlCommand.ExecuteReader(Boolean async, CommandBehavior behavior, CancellationToken cancellationToken)
   at Npgsql.NpgsqlCommand.ExecuteDbDataReaderAsync(CommandBehavior behavior, CancellationToken cancellationToken)
   at Microsoft.EntityFrameworkCore.Storage.RelationalCommand.ExecuteReaderAsync(RelationalCommandParameterObject parameterObject, CancellationToken cancellationToken)
   at Microsoft.EntityFrameworkCore.Storage.RelationalCommand.ExecuteReaderAsync(RelationalCommandParameterObject parameterObject, CancellationToken cancellationToken)
   at Microsoft.EntityFrameworkCore.Query.Internal.SingleQueryingEnumerable`1.AsyncEnumerator.InitializeReaderAsync(AsyncEnumerator enumerator, CancellationToken cancellationToken)
   at Npgsql.EntityFrameworkCore.PostgreSQL.Storage.Internal.NpgsqlExecutionStrategy.ExecuteAsync[TState,TResult](TState state, Func`4 operation, Func`4 verifySucceeded, CancellationToken cancellationToken)
   at Microsoft.EntityFrameworkCore.Query.Internal.SingleQueryingEnumerable`1.AsyncEnumerator.MoveNextAsync()
   at Microsoft.EntityFrameworkCore.EntityFrameworkQueryableExtensions.ToListAsync[TSource](IQueryable`1 source, CancellationToken cancellationToken)
   at Microsoft.EntityFrameworkCore.EntityFrameworkQueryableExtensions.ToListAsync[TSource](IQueryable`1 source, CancellationToken cancellationToken)
   at BytesRewards.Service.Users.Features.GetUsers.GetUsersQueryHandler.Handle(GetUsersQuery request, CancellationToken ct) in C:\Users\MariyaAF\Desktop\BytesRewards\BytesRewards\src\BytesRewards.Service\Users\Features\GetUsers\GetUsersQueryHandler.cs:line 22
   at AppWeaver.Mediator.Behaviors.LoggingBehavior`2.Handle(TRequest request, CancellationToken ct, Next`1 next)
   at BytesRewards.Service.Users.Features.GetUsers.GetUsersEndpoint.ExecuteAsync(GetUsersRequest req, CancellationToken ct) in C:\Users\MariyaAF\Desktop\BytesRewards\BytesRewards\src\BytesRewards.Service\Users\Features\GetUsers\GetUsersEndpoint.cs:line 36
   at AppWeaver.FastEndpoint.SecureFastEndpoint`2.HandleAsync(TRequest req, CancellationToken ct)
   at FastEndpoints.Endpoint`2.ExecAsync(CancellationToken ct)
   at FastEndpoints.Endpoint`2.ExecAsync(CancellationToken ct)
   at Microsoft.AspNetCore.Routing.EndpointMiddleware.<Invoke>g__AwaitRequestTask|7_0(Endpoint endpoint, Task requestTask, ILogger logger)
   at NSwag.AspNetCore.Middlewares.SwaggerUiIndexMiddleware.Invoke(HttpContext context)
   at NSwag.AspNetCore.Middlewares.RedirectToIndexMiddleware.Invoke(HttpContext context)
   at NSwag.AspNetCore.Middlewares.OpenApiDocumentMiddleware.Invoke(HttpContext context)
   at Microsoft.AspNetCore.Authorization.AuthorizationMiddleware.Invoke(HttpContext context)
   at Microsoft.AspNetCore.Authentication.AuthenticationMiddleware.Invoke(HttpContext context)
   at Microsoft.AspNetCore.Diagnostics.ExceptionHandlerMiddlewareImpl.<Invoke>g__Awaited|10_0(ExceptionHandlerMiddlewareImpl middleware, HttpContext context, Task task)
  Exception data:
    Severity: ERROR
    SqlState: 42703
    MessageText: column d.IsActive does not exist
    Hint: Perhaps you meant to reference the column "u.IsActive".
    Position: 249
    File: parse_relation.c
    Line: 3723
    Routine: errorMissingColumn
[10:12:40 INF] CORS policy execution successful. { EventId: { Id: 4, Name: "PolicySuccess" }, SourceContext: "Microsoft.AspNetCore.Cors.Infrastructure.CorsService", RequestId: "0HNM1UCEGU232:00000001", RequestPath: "/departments", ConnectionId: "0HNM1UCEGU232" }

[10:12:40 INF] CORS policy execution successful. { EventId: { Id: 4, Name: "PolicySuccess" }, SourceContext: "Microsoft.AspNetCore.Cors.Infrastructure.CorsService", RequestId: "0HNM1UCEGU233:00000001", RequestPath: "/roles", ConnectionId: "0HNM1UCEGU233" }

[10:12:40 INF] CORS policy execution successful. { EventId: { Id: 4, Name: "PolicySuccess" }, SourceContext: "Microsoft.AspNetCore.Cors.Infrastructure.CorsService", RequestId: "0HNM1UCEGU234:00000001", RequestPath: "/users", ConnectionId: "0HNM1UCEGU234" }

[10:12:40 INF] CORS policy execution successful. { EventId: { Id: 4, Name: "PolicySuccess" }, SourceContext: "Microsoft.AspNetCore.Cors.Infrastructure.CorsService", RequestId: "0HNM1UCEGU234:00000002", RequestPath: "/roles", ConnectionId: "0HNM1UCEGU234" }

[10:12:40 INF] CORS policy execution successful. { EventId: { Id: 4, Name: "PolicySuccess" }, SourceContext: "Microsoft.AspNetCore.Cors.Infrastructure.CorsService", RequestId: "0HNM1UCEGU233:00000002", RequestPath: "/departments", ConnectionId: "0HNM1UCEGU233" }

[10:12:40 INF] CORS policy execution successful. { EventId: { Id: 4, Name: "PolicySuccess" }, SourceContext: "Microsoft.AspNetCore.Cors.Infrastructure.CorsService", RequestId: "0HNM1UCEGU232:00000002", RequestPath: "/users", ConnectionId: "0HNM1UCEGU232" }

[10:12:40 INF] Executing endpoint 'HTTP: GET /departments' { EventId: { Name: "ExecutingEndpoint" }, SourceContext: "Microsoft.AspNetCore.Routing.EndpointMiddleware", RequestId: "0HNM1UCEGU233:00000002", RequestPath: "/departments", ConnectionId: "0HNM1UCEGU233" }

[10:12:40 INF] Executing endpoint 'HTTP: GET /users' { EventId: { Name: "ExecutingEndpoint" }, SourceContext: "Microsoft.AspNetCore.Routing.EndpointMiddleware", RequestId: "0HNM1UCEGU232:00000002", RequestPath: "/users", ConnectionId: "0HNM1UCEGU232" }

[10:12:40 INF] Handling GetDepartmentsQuery { SourceContext: "AppWeaver.Mediator.Behaviors.LoggingBehavior", RequestId: "0HNM1UCEGU233:00000002", RequestPath: "/departments", ConnectionId: "0HNM1UCEGU233" }

[10:12:40 INF] Handling GetUsersQuery { SourceContext: "AppWeaver.Mediator.Behaviors.LoggingBehavior", RequestId: "0HNM1UCEGU232:00000002", RequestPath: "/users", ConnectionId: "0HNM1UCEGU232" }

[10:12:40 ERR] Failed executing DbCommand (2ms) [Parameters=[], CommandType='"Text"', CommandTimeout='30']
SELECT u."Id", u."CreatedAt", u."DepartmentId", u."Designation", u."Email", u."EmployeeId", u."FirstName", u."IsActive", u."KeycloakUserId", u."LastName", u."PhoneNumber", u."ProfileImageUrl", u."UpdatedAt", d."Id", d."CreatedAt", d."Description", d."IsActive", d."Name", d."UpdatedAt"
FROM "Users" AS u
INNER JOIN "Departments" AS d ON u."DepartmentId" = d."Id" { EventId: { Id: 20102, Name: "Microsoft.EntityFrameworkCore.Database.Command.CommandError" }, SourceContext: "Microsoft.EntityFrameworkCore.Database.Command", RequestId: "0HNM1UCEGU232:00000002", RequestPath: "/users", ConnectionId: "0HNM1UCEGU232" }

[10:12:40 ERR] An exception occurred while iterating over the results of a query for context type 'BytesRewards.Service.Infrastructure.ApplicationDbContext'.
Npgsql.PostgresException (0x80004005): 42703: column d.IsActive does not exist

POSITION: 249
   at Npgsql.Internal.NpgsqlConnector.ReadMessageLong(Boolean async, DataRowLoadingMode dataRowLoadingMode, Boolean readingNotifications, Boolean isReadingPrependedMessage)
   at System.Runtime.CompilerServices.PoolingAsyncValueTaskMethodBuilder`1.StateMachineBox`1.System.Threading.Tasks.Sources.IValueTaskSource<TResult>.GetResult(Int16 token)
   at Npgsql.NpgsqlDataReader.NextResult(Boolean async, Boolean isConsuming, CancellationToken cancellationToken)
   at Npgsql.NpgsqlDataReader.NextResult(Boolean async, Boolean isConsuming, CancellationToken cancellationToken)
   at Npgsql.NpgsqlCommand.ExecuteReader(Boolean async, CommandBehavior behavior, CancellationToken cancellationToken)
   at Npgsql.NpgsqlCommand.ExecuteReader(Boolean async, CommandBehavior behavior, CancellationToken cancellationToken)
   at Npgsql.NpgsqlCommand.ExecuteDbDataReaderAsync(CommandBehavior behavior, CancellationToken cancellationToken)
   at Microsoft.EntityFrameworkCore.Storage.RelationalCommand.ExecuteReaderAsync(RelationalCommandParameterObject parameterObject, CancellationToken cancellationToken)
   at Microsoft.EntityFrameworkCore.Storage.RelationalCommand.ExecuteReaderAsync(RelationalCommandParameterObject parameterObject, CancellationToken cancellationToken)
   at Microsoft.EntityFrameworkCore.Query.Internal.SingleQueryingEnumerable`1.AsyncEnumerator.InitializeReaderAsync(AsyncEnumerator enumerator, CancellationToken cancellationToken)
   at Npgsql.EntityFrameworkCore.PostgreSQL.Storage.Internal.NpgsqlExecutionStrategy.ExecuteAsync[TState,TResult](TState state, Func`4 operation, Func`4 verifySucceeded, CancellationToken cancellationToken)
   at Microsoft.EntityFrameworkCore.Query.Internal.SingleQueryingEnumerable`1.AsyncEnumerator.MoveNextAsync()
  Exception data:
    Severity: ERROR
    SqlState: 42703
    MessageText: column d.IsActive does not exist
    Hint: Perhaps you meant to reference the column "u.IsActive".
    Position: 249
    File: parse_relation.c
    Line: 3723
    Routine: errorMissingColumn { EventId: { Id: 10100, Name: "Microsoft.EntityFrameworkCore.Query.QueryIterationFailed" }, SourceContext: "Microsoft.EntityFrameworkCore.Query", RequestId: "0HNM1UCEGU232:00000002", RequestPath: "/users", ConnectionId: "0HNM1UCEGU232" }

Npgsql.PostgresException (0x80004005): 42703: column d.IsActive does not exist

POSITION: 249
   at Npgsql.Internal.NpgsqlConnector.ReadMessageLong(Boolean async, DataRowLoadingMode dataRowLoadingMode, Boolean readingNotifications, Boolean isReadingPrependedMessage)
   at System.Runtime.CompilerServices.PoolingAsyncValueTaskMethodBuilder`1.StateMachineBox`1.System.Threading.Tasks.Sources.IValueTaskSource<TResult>.GetResult(Int16 token)
   at Npgsql.NpgsqlDataReader.NextResult(Boolean async, Boolean isConsuming, CancellationToken cancellationToken)
   at Npgsql.NpgsqlDataReader.NextResult(Boolean async, Boolean isConsuming, CancellationToken cancellationToken)
   at Npgsql.NpgsqlCommand.ExecuteReader(Boolean async, CommandBehavior behavior, CancellationToken cancellationToken)
   at Npgsql.NpgsqlCommand.ExecuteReader(Boolean async, CommandBehavior behavior, CancellationToken cancellationToken)
   at Npgsql.NpgsqlCommand.ExecuteDbDataReaderAsync(CommandBehavior behavior, CancellationToken cancellationToken)
   at Microsoft.EntityFrameworkCore.Storage.RelationalCommand.ExecuteReaderAsync(RelationalCommandParameterObject parameterObject, CancellationToken cancellationToken)
   at Microsoft.EntityFrameworkCore.Storage.RelationalCommand.ExecuteReaderAsync(RelationalCommandParameterObject parameterObject, CancellationToken cancellationToken)
   at Microsoft.EntityFrameworkCore.Query.Internal.SingleQueryingEnumerable`1.AsyncEnumerator.InitializeReaderAsync(AsyncEnumerator enumerator, CancellationToken cancellationToken)
   at Npgsql.EntityFrameworkCore.PostgreSQL.Storage.Internal.NpgsqlExecutionStrategy.ExecuteAsync[TState,TResult](TState state, Func`4 operation, Func`4 verifySucceeded, CancellationToken cancellationToken)
   at Microsoft.EntityFrameworkCore.Query.Internal.SingleQueryingEnumerable`1.AsyncEnumerator.MoveNextAsync()
  Exception data:
    Severity: ERROR
    SqlState: 42703
    MessageText: column d.IsActive does not exist
    Hint: Perhaps you meant to reference the column "u.IsActive".
    Position: 249
    File: parse_relation.c
    Line: 3723
    Routine: errorMissingColumn
[10:12:40 ERR] Error handling GetUsersQuery { SourceContext: "AppWeaver.Mediator.Behaviors.LoggingBehavior", RequestId: "0HNM1UCEGU232:00000002", RequestPath: "/users", ConnectionId: "0HNM1UCEGU232" }

Npgsql.PostgresException (0x80004005): 42703: column d.IsActive does not exist

POSITION: 249
   at Npgsql.Internal.NpgsqlConnector.ReadMessageLong(Boolean async, DataRowLoadingMode dataRowLoadingMode, Boolean readingNotifications, Boolean isReadingPrependedMessage)
   at System.Runtime.CompilerServices.PoolingAsyncValueTaskMethodBuilder`1.StateMachineBox`1.System.Threading.Tasks.Sources.IValueTaskSource<TResult>.GetResult(Int16 token)
   at Npgsql.NpgsqlDataReader.NextResult(Boolean async, Boolean isConsuming, CancellationToken cancellationToken)
   at Npgsql.NpgsqlDataReader.NextResult(Boolean async, Boolean isConsuming, CancellationToken cancellationToken)
   at Npgsql.NpgsqlCommand.ExecuteReader(Boolean async, CommandBehavior behavior, CancellationToken cancellationToken)
   at Npgsql.NpgsqlCommand.ExecuteReader(Boolean async, CommandBehavior behavior, CancellationToken cancellationToken)
   at Npgsql.NpgsqlCommand.ExecuteDbDataReaderAsync(CommandBehavior behavior, CancellationToken cancellationToken)
   at Microsoft.EntityFrameworkCore.Storage.RelationalCommand.ExecuteReaderAsync(RelationalCommandParameterObject parameterObject, CancellationToken cancellationToken)
   at Microsoft.EntityFrameworkCore.Storage.RelationalCommand.ExecuteReaderAsync(RelationalCommandParameterObject parameterObject, CancellationToken cancellationToken)
   at Microsoft.EntityFrameworkCore.Query.Internal.SingleQueryingEnumerable`1.AsyncEnumerator.InitializeReaderAsync(AsyncEnumerator enumerator, CancellationToken cancellationToken)
   at Npgsql.EntityFrameworkCore.PostgreSQL.Storage.Internal.NpgsqlExecutionStrategy.ExecuteAsync[TState,TResult](TState state, Func`4 operation, Func`4 verifySucceeded, CancellationToken cancellationToken)
   at Microsoft.EntityFrameworkCore.Query.Internal.SingleQueryingEnumerable`1.AsyncEnumerator.MoveNextAsync()
   at Microsoft.EntityFrameworkCore.EntityFrameworkQueryableExtensions.ToListAsync[TSource](IQueryable`1 source, CancellationToken cancellationToken)
   at Microsoft.EntityFrameworkCore.EntityFrameworkQueryableExtensions.ToListAsync[TSource](IQueryable`1 source, CancellationToken cancellationToken)
   at BytesRewards.Service.Users.Features.GetUsers.GetUsersQueryHandler.Handle(GetUsersQuery request, CancellationToken ct) in C:\Users\MariyaAF\Desktop\BytesRewards\BytesRewards\src\BytesRewards.Service\Users\Features\GetUsers\GetUsersQueryHandler.cs:line 22
   at AppWeaver.Mediator.Behaviors.LoggingBehavior`2.Handle(TRequest request, CancellationToken ct, Next`1 next)
  Exception data:
    Severity: ERROR
    SqlState: 42703
    MessageText: column d.IsActive does not exist
    Hint: Perhaps you meant to reference the column "u.IsActive".
    Position: 249
    File: parse_relation.c
    Line: 3723
    Routine: errorMissingColumn
[10:12:40 INF] Executed endpoint 'HTTP: GET /users' { EventId: { Id: 1, Name: "ExecutedEndpoint" }, SourceContext: "Microsoft.AspNetCore.Routing.EndpointMiddleware", RequestId: "0HNM1UCEGU232:00000002", RequestPath: "/users", ConnectionId: "0HNM1UCEGU232" }

[10:12:40 INF] Exception occurred: 42703: column d.IsActive does not exist

POSITION: 249 { SourceContext: "MiddlewareLibrary.ExceptionHandling.ExceptionLogHandler", Environment: "Development", TraceId: "0HNM1UCEGU232:00000002", CorrelationId: "0HNM1UCEGU232:00000002", TenantId: "", ExceptionType: "PostgresException", RequestId: "0HNM1UCEGU232:00000002", RequestPath: "/users", ConnectionId: "0HNM1UCEGU232" }

Npgsql.PostgresException (0x80004005): 42703: column d.IsActive does not exist

POSITION: 249
   at Npgsql.Internal.NpgsqlConnector.ReadMessageLong(Boolean async, DataRowLoadingMode dataRowLoadingMode, Boolean readingNotifications, Boolean isReadingPrependedMessage)
   at System.Runtime.CompilerServices.PoolingAsyncValueTaskMethodBuilder`1.StateMachineBox`1.System.Threading.Tasks.Sources.IValueTaskSource<TResult>.GetResult(Int16 token)
   at Npgsql.NpgsqlDataReader.NextResult(Boolean async, Boolean isConsuming, CancellationToken cancellationToken)
   at Npgsql.NpgsqlDataReader.NextResult(Boolean async, Boolean isConsuming, CancellationToken cancellationToken)
   at Npgsql.NpgsqlCommand.ExecuteReader(Boolean async, CommandBehavior behavior, CancellationToken cancellationToken)
   at Npgsql.NpgsqlCommand.ExecuteReader(Boolean async, CommandBehavior behavior, CancellationToken cancellationToken)
   at Npgsql.NpgsqlCommand.ExecuteDbDataReaderAsync(CommandBehavior behavior, CancellationToken cancellationToken)
   at Microsoft.EntityFrameworkCore.Storage.RelationalCommand.ExecuteReaderAsync(RelationalCommandParameterObject parameterObject, CancellationToken cancellationToken)
   at Microsoft.EntityFrameworkCore.Storage.RelationalCommand.ExecuteReaderAsync(RelationalCommandParameterObject parameterObject, CancellationToken cancellationToken)
   at Microsoft.EntityFrameworkCore.Query.Internal.SingleQueryingEnumerable`1.AsyncEnumerator.InitializeReaderAsync(AsyncEnumerator enumerator, CancellationToken cancellationToken)
   at Npgsql.EntityFrameworkCore.PostgreSQL.Storage.Internal.NpgsqlExecutionStrategy.ExecuteAsync[TState,TResult](TState state, Func`4 operation, Func`4 verifySucceeded, CancellationToken cancellationToken)
   at Microsoft.EntityFrameworkCore.Query.Internal.SingleQueryingEnumerable`1.AsyncEnumerator.MoveNextAsync()
   at Microsoft.EntityFrameworkCore.EntityFrameworkQueryableExtensions.ToListAsync[TSource](IQueryable`1 source, CancellationToken cancellationToken)
   at Microsoft.EntityFrameworkCore.EntityFrameworkQueryableExtensions.ToListAsync[TSource](IQueryable`1 source, CancellationToken cancellationToken)
   at BytesRewards.Service.Users.Features.GetUsers.GetUsersQueryHandler.Handle(GetUsersQuery request, CancellationToken ct) in C:\Users\MariyaAF\Desktop\BytesRewards\BytesRewards\src\BytesRewards.Service\Users\Features\GetUsers\GetUsersQueryHandler.cs:line 22
   at AppWeaver.Mediator.Behaviors.LoggingBehavior`2.Handle(TRequest request, CancellationToken ct, Next`1 next)
   at BytesRewards.Service.Users.Features.GetUsers.GetUsersEndpoint.ExecuteAsync(GetUsersRequest req, CancellationToken ct) in C:\Users\MariyaAF\Desktop\BytesRewards\BytesRewards\src\BytesRewards.Service\Users\Features\GetUsers\GetUsersEndpoint.cs:line 36
   at AppWeaver.FastEndpoint.SecureFastEndpoint`2.HandleAsync(TRequest req, CancellationToken ct)
   at FastEndpoints.Endpoint`2.ExecAsync(CancellationToken ct)
   at FastEndpoints.Endpoint`2.ExecAsync(CancellationToken ct)
   at Microsoft.AspNetCore.Routing.EndpointMiddleware.<Invoke>g__AwaitRequestTask|7_0(Endpoint endpoint, Task requestTask, ILogger logger)
   at NSwag.AspNetCore.Middlewares.SwaggerUiIndexMiddleware.Invoke(HttpContext context)
   at NSwag.AspNetCore.Middlewares.RedirectToIndexMiddleware.Invoke(HttpContext context)
   at NSwag.AspNetCore.Middlewares.OpenApiDocumentMiddleware.Invoke(HttpContext context)
   at Microsoft.AspNetCore.Authorization.AuthorizationMiddleware.Invoke(HttpContext context)
   at Microsoft.AspNetCore.Authentication.AuthenticationMiddleware.Invoke(HttpContext context)
   at Microsoft.AspNetCore.Diagnostics.ExceptionHandlerMiddlewareImpl.<Invoke>g__Awaited|10_0(ExceptionHandlerMiddlewareImpl middleware, HttpContext context, Task task)
  Exception data:
    Severity: ERROR
    SqlState: 42703
    MessageText: column d.IsActive does not exist
    Hint: Perhaps you meant to reference the column "u.IsActive".
    Position: 249
    File: parse_relation.c
    Line: 3723
    Routine: errorMissingColumn
[10:12:40 INF] Handled GetDepartmentsQuery { SourceContext: "AppWeaver.Mediator.Behaviors.LoggingBehavior", RequestId: "0HNM1UCEGU233:00000002", RequestPath: "/departments", ConnectionId: "0HNM1UCEGU233" }

[10:12:40 INF] Executed endpoint 'HTTP: GET /departments' { EventId: { Id: 1, Name: "ExecutedEndpoint" }, SourceContext: "Microsoft.AspNetCore.Routing.EndpointMiddleware", RequestId: "0HNM1UCEGU233:00000002", RequestPath: "/departments", ConnectionId: "0HNM1UCEGU233" }

[10:15:29 INF] CORS policy execution successful. { EventId: { Id: 4, Name: "PolicySuccess" }, SourceContext: "Microsoft.AspNetCore.Cors.Infrastructure.CorsService", RequestId: "0HNM1UCEGU235:00000001", RequestPath: "/departments", ConnectionId: "0HNM1UCEGU235" }

[10:15:29 INF] CORS policy execution successful. { EventId: { Id: 4, Name: "PolicySuccess" }, SourceContext: "Microsoft.AspNetCore.Cors.Infrastructure.CorsService", RequestId: "0HNM1UCEGU236:00000001", RequestPath: "/roles", ConnectionId: "0HNM1UCEGU236" }

[10:15:29 INF] CORS policy execution successful. { EventId: { Id: 4, Name: "PolicySuccess" }, SourceContext: "Microsoft.AspNetCore.Cors.Infrastructure.CorsService", RequestId: "0HNM1UCEGU237:00000001", RequestPath: "/users", ConnectionId: "0HNM1UCEGU237" }

[10:15:29 INF] CORS policy execution successful. { EventId: { Id: 4, Name: "PolicySuccess" }, SourceContext: "Microsoft.AspNetCore.Cors.Infrastructure.CorsService", RequestId: "0HNM1UCEGU235:00000002", RequestPath: "/users", ConnectionId: "0HNM1UCEGU235" }

[10:15:29 INF] CORS policy execution successful. { EventId: { Id: 4, Name: "PolicySuccess" }, SourceContext: "Microsoft.AspNetCore.Cors.Infrastructure.CorsService", RequestId: "0HNM1UCEGU236:00000002", RequestPath: "/roles", ConnectionId: "0HNM1UCEGU236" }

[10:15:29 INF] CORS policy execution successful. { EventId: { Id: 4, Name: "PolicySuccess" }, SourceContext: "Microsoft.AspNetCore.Cors.Infrastructure.CorsService", RequestId: "0HNM1UCEGU237:00000002", RequestPath: "/departments", ConnectionId: "0HNM1UCEGU237" }

[10:15:29 INF] Executing endpoint 'HTTP: GET /departments' { EventId: { Name: "ExecutingEndpoint" }, SourceContext: "Microsoft.AspNetCore.Routing.EndpointMiddleware", RequestId: "0HNM1UCEGU237:00000002", RequestPath: "/departments", ConnectionId: "0HNM1UCEGU237" }

[10:15:29 INF] Handling GetDepartmentsQuery { SourceContext: "AppWeaver.Mediator.Behaviors.LoggingBehavior", RequestId: "0HNM1UCEGU237:00000002", RequestPath: "/departments", ConnectionId: "0HNM1UCEGU237" }

[10:15:29 INF] Executing endpoint 'HTTP: GET /users' { EventId: { Name: "ExecutingEndpoint" }, SourceContext: "Microsoft.AspNetCore.Routing.EndpointMiddleware", RequestId: "0HNM1UCEGU235:00000002", RequestPath: "/users", ConnectionId: "0HNM1UCEGU235" }

[10:15:29 INF] Handling GetUsersQuery { SourceContext: "AppWeaver.Mediator.Behaviors.LoggingBehavior", RequestId: "0HNM1UCEGU235:00000002", RequestPath: "/users", ConnectionId: "0HNM1UCEGU235" }

[10:15:29 INF] Handled GetDepartmentsQuery { SourceContext: "AppWeaver.Mediator.Behaviors.LoggingBehavior", RequestId: "0HNM1UCEGU237:00000002", RequestPath: "/departments", ConnectionId: "0HNM1UCEGU237" }

[10:15:29 INF] Executed endpoint 'HTTP: GET /departments' { EventId: { Id: 1, Name: "ExecutedEndpoint" }, SourceContext: "Microsoft.AspNetCore.Routing.EndpointMiddleware", RequestId: "0HNM1UCEGU237:00000002", RequestPath: "/departments", ConnectionId: "0HNM1UCEGU237" }

[10:15:29 ERR] Failed executing DbCommand (1ms) [Parameters=[], CommandType='"Text"', CommandTimeout='30']
SELECT u."Id", u."CreatedAt", u."DepartmentId", u."Designation", u."Email", u."EmployeeId", u."FirstName", u."IsActive", u."KeycloakUserId", u."LastName", u."PhoneNumber", u."ProfileImageUrl", u."UpdatedAt", d."Id", d."CreatedAt", d."Description", d."IsActive", d."Name", d."UpdatedAt"
FROM "Users" AS u
INNER JOIN "Departments" AS d ON u."DepartmentId" = d."Id" { EventId: { Id: 20102, Name: "Microsoft.EntityFrameworkCore.Database.Command.CommandError" }, SourceContext: "Microsoft.EntityFrameworkCore.Database.Command", RequestId: "0HNM1UCEGU235:00000002", RequestPath: "/users", ConnectionId: "0HNM1UCEGU235" }

[10:15:29 ERR] An exception occurred while iterating over the results of a query for context type 'BytesRewards.Service.Infrastructure.ApplicationDbContext'.
Npgsql.PostgresException (0x80004005): 42703: column d.IsActive does not exist

POSITION: 249
   at Npgsql.Internal.NpgsqlConnector.ReadMessageLong(Boolean async, DataRowLoadingMode dataRowLoadingMode, Boolean readingNotifications, Boolean isReadingPrependedMessage)
   at System.Runtime.CompilerServices.PoolingAsyncValueTaskMethodBuilder`1.StateMachineBox`1.System.Threading.Tasks.Sources.IValueTaskSource<TResult>.GetResult(Int16 token)
   at Npgsql.NpgsqlDataReader.NextResult(Boolean async, Boolean isConsuming, CancellationToken cancellationToken)
   at Npgsql.NpgsqlDataReader.NextResult(Boolean async, Boolean isConsuming, CancellationToken cancellationToken)
   at Npgsql.NpgsqlCommand.ExecuteReader(Boolean async, CommandBehavior behavior, CancellationToken cancellationToken)
   at Npgsql.NpgsqlCommand.ExecuteReader(Boolean async, CommandBehavior behavior, CancellationToken cancellationToken)
   at Npgsql.NpgsqlCommand.ExecuteDbDataReaderAsync(CommandBehavior behavior, CancellationToken cancellationToken)
   at Microsoft.EntityFrameworkCore.Storage.RelationalCommand.ExecuteReaderAsync(RelationalCommandParameterObject parameterObject, CancellationToken cancellationToken)
   at Microsoft.EntityFrameworkCore.Storage.RelationalCommand.ExecuteReaderAsync(RelationalCommandParameterObject parameterObject, CancellationToken cancellationToken)
   at Microsoft.EntityFrameworkCore.Query.Internal.SingleQueryingEnumerable`1.AsyncEnumerator.InitializeReaderAsync(AsyncEnumerator enumerator, CancellationToken cancellationToken)
   at Npgsql.EntityFrameworkCore.PostgreSQL.Storage.Internal.NpgsqlExecutionStrategy.ExecuteAsync[TState,TResult](TState state, Func`4 operation, Func`4 verifySucceeded, CancellationToken cancellationToken)
   at Microsoft.EntityFrameworkCore.Query.Internal.SingleQueryingEnumerable`1.AsyncEnumerator.MoveNextAsync()
  Exception data:
    Severity: ERROR
    SqlState: 42703
    MessageText: column d.IsActive does not exist
    Hint: Perhaps you meant to reference the column "u.IsActive".
    Position: 249
    File: parse_relation.c
    Line: 3723
    Routine: errorMissingColumn { EventId: { Id: 10100, Name: "Microsoft.EntityFrameworkCore.Query.QueryIterationFailed" }, SourceContext: "Microsoft.EntityFrameworkCore.Query", RequestId: "0HNM1UCEGU235:00000002", RequestPath: "/users", ConnectionId: "0HNM1UCEGU235" }

Npgsql.PostgresException (0x80004005): 42703: column d.IsActive does not exist

POSITION: 249
   at Npgsql.Internal.NpgsqlConnector.ReadMessageLong(Boolean async, DataRowLoadingMode dataRowLoadingMode, Boolean readingNotifications, Boolean isReadingPrependedMessage)
   at System.Runtime.CompilerServices.PoolingAsyncValueTaskMethodBuilder`1.StateMachineBox`1.System.Threading.Tasks.Sources.IValueTaskSource<TResult>.GetResult(Int16 token)
   at Npgsql.NpgsqlDataReader.NextResult(Boolean async, Boolean isConsuming, CancellationToken cancellationToken)
   at Npgsql.NpgsqlDataReader.NextResult(Boolean async, Boolean isConsuming, CancellationToken cancellationToken)
   at Npgsql.NpgsqlCommand.ExecuteReader(Boolean async, CommandBehavior behavior, CancellationToken cancellationToken)
   at Npgsql.NpgsqlCommand.ExecuteReader(Boolean async, CommandBehavior behavior, CancellationToken cancellationToken)
   at Npgsql.NpgsqlCommand.ExecuteDbDataReaderAsync(CommandBehavior behavior, CancellationToken cancellationToken)
   at Microsoft.EntityFrameworkCore.Storage.RelationalCommand.ExecuteReaderAsync(RelationalCommandParameterObject parameterObject, CancellationToken cancellationToken)
   at Microsoft.EntityFrameworkCore.Storage.RelationalCommand.ExecuteReaderAsync(RelationalCommandParameterObject parameterObject, CancellationToken cancellationToken)
   at Microsoft.EntityFrameworkCore.Query.Internal.SingleQueryingEnumerable`1.AsyncEnumerator.InitializeReaderAsync(AsyncEnumerator enumerator, CancellationToken cancellationToken)
   at Npgsql.EntityFrameworkCore.PostgreSQL.Storage.Internal.NpgsqlExecutionStrategy.ExecuteAsync[TState,TResult](TState state, Func`4 operation, Func`4 verifySucceeded, CancellationToken cancellationToken)
   at Microsoft.EntityFrameworkCore.Query.Internal.SingleQueryingEnumerable`1.AsyncEnumerator.MoveNextAsync()
  Exception data:
    Severity: ERROR
    SqlState: 42703
    MessageText: column d.IsActive does not exist
    Hint: Perhaps you meant to reference the column "u.IsActive".
    Position: 249
    File: parse_relation.c
    Line: 3723
    Routine: errorMissingColumn
[10:15:29 ERR] Error handling GetUsersQuery { SourceContext: "AppWeaver.Mediator.Behaviors.LoggingBehavior", RequestId: "0HNM1UCEGU235:00000002", RequestPath: "/users", ConnectionId: "0HNM1UCEGU235" }

Npgsql.PostgresException (0x80004005): 42703: column d.IsActive does not exist

POSITION: 249
   at Npgsql.Internal.NpgsqlConnector.ReadMessageLong(Boolean async, DataRowLoadingMode dataRowLoadingMode, Boolean readingNotifications, Boolean isReadingPrependedMessage)
   at System.Runtime.CompilerServices.PoolingAsyncValueTaskMethodBuilder`1.StateMachineBox`1.System.Threading.Tasks.Sources.IValueTaskSource<TResult>.GetResult(Int16 token)
   at Npgsql.NpgsqlDataReader.NextResult(Boolean async, Boolean isConsuming, CancellationToken cancellationToken)
   at Npgsql.NpgsqlDataReader.NextResult(Boolean async, Boolean isConsuming, CancellationToken cancellationToken)
   at Npgsql.NpgsqlCommand.ExecuteReader(Boolean async, CommandBehavior behavior, CancellationToken cancellationToken)
   at Npgsql.NpgsqlCommand.ExecuteReader(Boolean async, CommandBehavior behavior, CancellationToken cancellationToken)
   at Npgsql.NpgsqlCommand.ExecuteDbDataReaderAsync(CommandBehavior behavior, CancellationToken cancellationToken)
   at Microsoft.EntityFrameworkCore.Storage.RelationalCommand.ExecuteReaderAsync(RelationalCommandParameterObject parameterObject, CancellationToken cancellationToken)
   at Microsoft.EntityFrameworkCore.Storage.RelationalCommand.ExecuteReaderAsync(RelationalCommandParameterObject parameterObject, CancellationToken cancellationToken)
   at Microsoft.EntityFrameworkCore.Query.Internal.SingleQueryingEnumerable`1.AsyncEnumerator.InitializeReaderAsync(AsyncEnumerator enumerator, CancellationToken cancellationToken)
   at Npgsql.EntityFrameworkCore.PostgreSQL.Storage.Internal.NpgsqlExecutionStrategy.ExecuteAsync[TState,TResult](TState state, Func`4 operation, Func`4 verifySucceeded, CancellationToken cancellationToken)
   at Microsoft.EntityFrameworkCore.Query.Internal.SingleQueryingEnumerable`1.AsyncEnumerator.MoveNextAsync()
   at Microsoft.EntityFrameworkCore.EntityFrameworkQueryableExtensions.ToListAsync[TSource](IQueryable`1 source, CancellationToken cancellationToken)
   at Microsoft.EntityFrameworkCore.EntityFrameworkQueryableExtensions.ToListAsync[TSource](IQueryable`1 source, CancellationToken cancellationToken)
   at BytesRewards.Service.Users.Features.GetUsers.GetUsersQueryHandler.Handle(GetUsersQuery request, CancellationToken ct) in C:\Users\MariyaAF\Desktop\BytesRewards\BytesRewards\src\BytesRewards.Service\Users\Features\GetUsers\GetUsersQueryHandler.cs:line 22
   at AppWeaver.Mediator.Behaviors.LoggingBehavior`2.Handle(TRequest request, CancellationToken ct, Next`1 next)
  Exception data:
    Severity: ERROR
    SqlState: 42703
    MessageText: column d.IsActive does not exist
    Hint: Perhaps you meant to reference the column "u.IsActive".
    Position: 249
    File: parse_relation.c
    Line: 3723
    Routine: errorMissingColumn
[10:15:29 INF] Executed endpoint 'HTTP: GET /users' { EventId: { Id: 1, Name: "ExecutedEndpoint" }, SourceContext: "Microsoft.AspNetCore.Routing.EndpointMiddleware", RequestId: "0HNM1UCEGU235:00000002", RequestPath: "/users", ConnectionId: "0HNM1UCEGU235" }

[10:15:29 INF] Exception occurred: 42703: column d.IsActive does not exist

POSITION: 249 { SourceContext: "MiddlewareLibrary.ExceptionHandling.ExceptionLogHandler", Environment: "Development", TraceId: "0HNM1UCEGU235:00000002", CorrelationId: "0HNM1UCEGU235:00000002", TenantId: "", ExceptionType: "PostgresException", RequestId: "0HNM1UCEGU235:00000002", RequestPath: "/users", ConnectionId: "0HNM1UCEGU235" }

Npgsql.PostgresException (0x80004005): 42703: column d.IsActive does not exist

POSITION: 249
   at Npgsql.Internal.NpgsqlConnector.ReadMessageLong(Boolean async, DataRowLoadingMode dataRowLoadingMode, Boolean readingNotifications, Boolean isReadingPrependedMessage)
   at System.Runtime.CompilerServices.PoolingAsyncValueTaskMethodBuilder`1.StateMachineBox`1.System.Threading.Tasks.Sources.IValueTaskSource<TResult>.GetResult(Int16 token)
   at Npgsql.NpgsqlDataReader.NextResult(Boolean async, Boolean isConsuming, CancellationToken cancellationToken)
   at Npgsql.NpgsqlDataReader.NextResult(Boolean async, Boolean isConsuming, CancellationToken cancellationToken)
   at Npgsql.NpgsqlCommand.ExecuteReader(Boolean async, CommandBehavior behavior, CancellationToken cancellationToken)
   at Npgsql.NpgsqlCommand.ExecuteReader(Boolean async, CommandBehavior behavior, CancellationToken cancellationToken)
   at Npgsql.NpgsqlCommand.ExecuteDbDataReaderAsync(CommandBehavior behavior, CancellationToken cancellationToken)
   at Microsoft.EntityFrameworkCore.Storage.RelationalCommand.ExecuteReaderAsync(RelationalCommandParameterObject parameterObject, CancellationToken cancellationToken)
   at Microsoft.EntityFrameworkCore.Storage.RelationalCommand.ExecuteReaderAsync(RelationalCommandParameterObject parameterObject, CancellationToken cancellationToken)
   at Microsoft.EntityFrameworkCore.Query.Internal.SingleQueryingEnumerable`1.AsyncEnumerator.InitializeReaderAsync(AsyncEnumerator enumerator, CancellationToken cancellationToken)
   at Npgsql.EntityFrameworkCore.PostgreSQL.Storage.Internal.NpgsqlExecutionStrategy.ExecuteAsync[TState,TResult](TState state, Func`4 operation, Func`4 verifySucceeded, CancellationToken cancellationToken)
   at Microsoft.EntityFrameworkCore.Query.Internal.SingleQueryingEnumerable`1.AsyncEnumerator.MoveNextAsync()
   at Microsoft.EntityFrameworkCore.EntityFrameworkQueryableExtensions.ToListAsync[TSource](IQueryable`1 source, CancellationToken cancellationToken)
   at Microsoft.EntityFrameworkCore.EntityFrameworkQueryableExtensions.ToListAsync[TSource](IQueryable`1 source, CancellationToken cancellationToken)
   at BytesRewards.Service.Users.Features.GetUsers.GetUsersQueryHandler.Handle(GetUsersQuery request, CancellationToken ct) in C:\Users\MariyaAF\Desktop\BytesRewards\BytesRewards\src\BytesRewards.Service\Users\Features\GetUsers\GetUsersQueryHandler.cs:line 22
   at AppWeaver.Mediator.Behaviors.LoggingBehavior`2.Handle(TRequest request, CancellationToken ct, Next`1 next)
   at BytesRewards.Service.Users.Features.GetUsers.GetUsersEndpoint.ExecuteAsync(GetUsersRequest req, CancellationToken ct) in C:\Users\MariyaAF\Desktop\BytesRewards\BytesRewards\src\BytesRewards.Service\Users\Features\GetUsers\GetUsersEndpoint.cs:line 36
   at AppWeaver.FastEndpoint.SecureFastEndpoint`2.HandleAsync(TRequest req, CancellationToken ct)
   at FastEndpoints.Endpoint`2.ExecAsync(CancellationToken ct)
   at FastEndpoints.Endpoint`2.ExecAsync(CancellationToken ct)
   at Microsoft.AspNetCore.Routing.EndpointMiddleware.<Invoke>g__AwaitRequestTask|7_0(Endpoint endpoint, Task requestTask, ILogger logger)
   at NSwag.AspNetCore.Middlewares.SwaggerUiIndexMiddleware.Invoke(HttpContext context)
   at NSwag.AspNetCore.Middlewares.RedirectToIndexMiddleware.Invoke(HttpContext context)
   at NSwag.AspNetCore.Middlewares.OpenApiDocumentMiddleware.Invoke(HttpContext context)
   at Microsoft.AspNetCore.Authorization.AuthorizationMiddleware.Invoke(HttpContext context)
   at Microsoft.AspNetCore.Authentication.AuthenticationMiddleware.Invoke(HttpContext context)
   at Microsoft.AspNetCore.Diagnostics.ExceptionHandlerMiddlewareImpl.<Invoke>g__Awaited|10_0(ExceptionHandlerMiddlewareImpl middleware, HttpContext context, Task task)
  Exception data:
    Severity: ERROR
    SqlState: 42703
    MessageText: column d.IsActive does not exist
    Hint: Perhaps you meant to reference the column "u.IsActive".
    Position: 249
    File: parse_relation.c
    Line: 3723
    Routine: errorMissingColumn
[10:16:24 INF] CORS policy execution successful. { EventId: { Id: 4, Name: "PolicySuccess" }, SourceContext: "Microsoft.AspNetCore.Cors.Infrastructure.CorsService", RequestId: "0HNM1UCEGU235:00000003", RequestPath: "/users", ConnectionId: "0HNM1UCEGU235" }

[10:16:24 INF] CORS policy execution successful. { EventId: { Id: 4, Name: "PolicySuccess" }, SourceContext: "Microsoft.AspNetCore.Cors.Infrastructure.CorsService", RequestId: "0HNM1UCEGU237:00000003", RequestPath: "/roles", ConnectionId: "0HNM1UCEGU237" }

[10:16:24 INF] CORS policy execution successful. { EventId: { Id: 4, Name: "PolicySuccess" }, SourceContext: "Microsoft.AspNetCore.Cors.Infrastructure.CorsService", RequestId: "0HNM1UCEGU236:00000003", RequestPath: "/departments", ConnectionId: "0HNM1UCEGU236" }

[10:16:37 INF] CORS policy execution successful. { EventId: { Id: 4, Name: "PolicySuccess" }, SourceContext: "Microsoft.AspNetCore.Cors.Infrastructure.CorsService", RequestId: "0HNM1UCEGU236:00000004", RequestPath: "/users", ConnectionId: "0HNM1UCEGU236" }

[10:16:37 INF] Executing endpoint 'HTTP: GET /users' { EventId: { Name: "ExecutingEndpoint" }, SourceContext: "Microsoft.AspNetCore.Routing.EndpointMiddleware", RequestId: "0HNM1UCEGU236:00000004", RequestPath: "/users", ConnectionId: "0HNM1UCEGU236" }

[10:16:37 INF] Handling GetUsersQuery { SourceContext: "AppWeaver.Mediator.Behaviors.LoggingBehavior", RequestId: "0HNM1UCEGU236:00000004", RequestPath: "/users", ConnectionId: "0HNM1UCEGU236" }

[10:16:37 INF] CORS policy execution successful. { EventId: { Id: 4, Name: "PolicySuccess" }, SourceContext: "Microsoft.AspNetCore.Cors.Infrastructure.CorsService", RequestId: "0HNM1UCEGU237:00000004", RequestPath: "/departments", ConnectionId: "0HNM1UCEGU237" }

[10:16:37 INF] Executing endpoint 'HTTP: GET /departments' { EventId: { Name: "ExecutingEndpoint" }, SourceContext: "Microsoft.AspNetCore.Routing.EndpointMiddleware", RequestId: "0HNM1UCEGU237:00000004", RequestPath: "/departments", ConnectionId: "0HNM1UCEGU237" }

[10:16:37 INF] Handling GetDepartmentsQuery { SourceContext: "AppWeaver.Mediator.Behaviors.LoggingBehavior", RequestId: "0HNM1UCEGU237:00000004", RequestPath: "/departments", ConnectionId: "0HNM1UCEGU237" }

[10:16:37 INF] CORS policy execution successful. { EventId: { Id: 4, Name: "PolicySuccess" }, SourceContext: "Microsoft.AspNetCore.Cors.Infrastructure.CorsService", RequestId: "0HNM1UCEGU235:00000004", RequestPath: "/roles", ConnectionId: "0HNM1UCEGU235" }

[10:16:37 INF] Handled GetDepartmentsQuery { SourceContext: "AppWeaver.Mediator.Behaviors.LoggingBehavior", RequestId: "0HNM1UCEGU237:00000004", RequestPath: "/departments", ConnectionId: "0HNM1UCEGU237" }

[10:16:37 INF] Executed endpoint 'HTTP: GET /departments' { EventId: { Id: 1, Name: "ExecutedEndpoint" }, SourceContext: "Microsoft.AspNetCore.Routing.EndpointMiddleware", RequestId: "0HNM1UCEGU237:00000004", RequestPath: "/departments", ConnectionId: "0HNM1UCEGU237" }

[10:16:37 ERR] Failed executing DbCommand (5ms) [Parameters=[], CommandType='"Text"', CommandTimeout='30']
SELECT u."Id", u."CreatedAt", u."DepartmentId", u."Designation", u."Email", u."EmployeeId", u."FirstName", u."IsActive", u."KeycloakUserId", u."LastName", u."PhoneNumber", u."ProfileImageUrl", u."UpdatedAt", d."Id", d."CreatedAt", d."Description", d."IsActive", d."Name", d."UpdatedAt"
FROM "Users" AS u
INNER JOIN "Departments" AS d ON u."DepartmentId" = d."Id" { EventId: { Id: 20102, Name: "Microsoft.EntityFrameworkCore.Database.Command.CommandError" }, SourceContext: "Microsoft.EntityFrameworkCore.Database.Command", RequestId: "0HNM1UCEGU236:00000004", RequestPath: "/users", ConnectionId: "0HNM1UCEGU236" }

[10:16:37 ERR] An exception occurred while iterating over the results of a query for context type 'BytesRewards.Service.Infrastructure.ApplicationDbContext'.
Npgsql.PostgresException (0x80004005): 42703: column d.IsActive does not exist

POSITION: 249
   at Npgsql.Internal.NpgsqlConnector.ReadMessageLong(Boolean async, DataRowLoadingMode dataRowLoadingMode, Boolean readingNotifications, Boolean isReadingPrependedMessage)
   at System.Runtime.CompilerServices.PoolingAsyncValueTaskMethodBuilder`1.StateMachineBox`1.System.Threading.Tasks.Sources.IValueTaskSource<TResult>.GetResult(Int16 token)
   at Npgsql.NpgsqlDataReader.NextResult(Boolean async, Boolean isConsuming, CancellationToken cancellationToken)
   at Npgsql.NpgsqlDataReader.NextResult(Boolean async, Boolean isConsuming, CancellationToken cancellationToken)
   at Npgsql.NpgsqlCommand.ExecuteReader(Boolean async, CommandBehavior behavior, CancellationToken cancellationToken)
   at Npgsql.NpgsqlCommand.ExecuteReader(Boolean async, CommandBehavior behavior, CancellationToken cancellationToken)
   at Npgsql.NpgsqlCommand.ExecuteDbDataReaderAsync(CommandBehavior behavior, CancellationToken cancellationToken)
   at Microsoft.EntityFrameworkCore.Storage.RelationalCommand.ExecuteReaderAsync(RelationalCommandParameterObject parameterObject, CancellationToken cancellationToken)
   at Microsoft.EntityFrameworkCore.Storage.RelationalCommand.ExecuteReaderAsync(RelationalCommandParameterObject parameterObject, CancellationToken cancellationToken)
   at Microsoft.EntityFrameworkCore.Query.Internal.SingleQueryingEnumerable`1.AsyncEnumerator.InitializeReaderAsync(AsyncEnumerator enumerator, CancellationToken cancellationToken)
   at Npgsql.EntityFrameworkCore.PostgreSQL.Storage.Internal.NpgsqlExecutionStrategy.ExecuteAsync[TState,TResult](TState state, Func`4 operation, Func`4 verifySucceeded, CancellationToken cancellationToken)
   at Microsoft.EntityFrameworkCore.Query.Internal.SingleQueryingEnumerable`1.AsyncEnumerator.MoveNextAsync()
  Exception data:
    Severity: ERROR
    SqlState: 42703
    MessageText: column d.IsActive does not exist
    Hint: Perhaps you meant to reference the column "u.IsActive".
    Position: 249
    File: parse_relation.c
    Line: 3723
    Routine: errorMissingColumn { EventId: { Id: 10100, Name: "Microsoft.EntityFrameworkCore.Query.QueryIterationFailed" }, SourceContext: "Microsoft.EntityFrameworkCore.Query", RequestId: "0HNM1UCEGU236:00000004", RequestPath: "/users", ConnectionId: "0HNM1UCEGU236" }

Npgsql.PostgresException (0x80004005): 42703: column d.IsActive does not exist

POSITION: 249
   at Npgsql.Internal.NpgsqlConnector.ReadMessageLong(Boolean async, DataRowLoadingMode dataRowLoadingMode, Boolean readingNotifications, Boolean isReadingPrependedMessage)
   at System.Runtime.CompilerServices.PoolingAsyncValueTaskMethodBuilder`1.StateMachineBox`1.System.Threading.Tasks.Sources.IValueTaskSource<TResult>.GetResult(Int16 token)
   at Npgsql.NpgsqlDataReader.NextResult(Boolean async, Boolean isConsuming, CancellationToken cancellationToken)
   at Npgsql.NpgsqlDataReader.NextResult(Boolean async, Boolean isConsuming, CancellationToken cancellationToken)
   at Npgsql.NpgsqlCommand.ExecuteReader(Boolean async, CommandBehavior behavior, CancellationToken cancellationToken)
   at Npgsql.NpgsqlCommand.ExecuteReader(Boolean async, CommandBehavior behavior, CancellationToken cancellationToken)
   at Npgsql.NpgsqlCommand.ExecuteDbDataReaderAsync(CommandBehavior behavior, CancellationToken cancellationToken)
   at Microsoft.EntityFrameworkCore.Storage.RelationalCommand.ExecuteReaderAsync(RelationalCommandParameterObject parameterObject, CancellationToken cancellationToken)
   at Microsoft.EntityFrameworkCore.Storage.RelationalCommand.ExecuteReaderAsync(RelationalCommandParameterObject parameterObject, CancellationToken cancellationToken)
   at Microsoft.EntityFrameworkCore.Query.Internal.SingleQueryingEnumerable`1.AsyncEnumerator.InitializeReaderAsync(AsyncEnumerator enumerator, CancellationToken cancellationToken)
   at Npgsql.EntityFrameworkCore.PostgreSQL.Storage.Internal.NpgsqlExecutionStrategy.ExecuteAsync[TState,TResult](TState state, Func`4 operation, Func`4 verifySucceeded, CancellationToken cancellationToken)
   at Microsoft.EntityFrameworkCore.Query.Internal.SingleQueryingEnumerable`1.AsyncEnumerator.MoveNextAsync()
  Exception data:
    Severity: ERROR
    SqlState: 42703
    MessageText: column d.IsActive does not exist
    Hint: Perhaps you meant to reference the column "u.IsActive".
    Position: 249
    File: parse_relation.c
    Line: 3723
    Routine: errorMissingColumn
[10:16:37 ERR] Error handling GetUsersQuery { SourceContext: "AppWeaver.Mediator.Behaviors.LoggingBehavior", RequestId: "0HNM1UCEGU236:00000004", RequestPath: "/users", ConnectionId: "0HNM1UCEGU236" }

Npgsql.PostgresException (0x80004005): 42703: column d.IsActive does not exist

POSITION: 249
   at Npgsql.Internal.NpgsqlConnector.ReadMessageLong(Boolean async, DataRowLoadingMode dataRowLoadingMode, Boolean readingNotifications, Boolean isReadingPrependedMessage)
   at System.Runtime.CompilerServices.PoolingAsyncValueTaskMethodBuilder`1.StateMachineBox`1.System.Threading.Tasks.Sources.IValueTaskSource<TResult>.GetResult(Int16 token)
   at Npgsql.NpgsqlDataReader.NextResult(Boolean async, Boolean isConsuming, CancellationToken cancellationToken)
   at Npgsql.NpgsqlDataReader.NextResult(Boolean async, Boolean isConsuming, CancellationToken cancellationToken)
   at Npgsql.NpgsqlCommand.ExecuteReader(Boolean async, CommandBehavior behavior, CancellationToken cancellationToken)
   at Npgsql.NpgsqlCommand.ExecuteReader(Boolean async, CommandBehavior behavior, CancellationToken cancellationToken)
   at Npgsql.NpgsqlCommand.ExecuteDbDataReaderAsync(CommandBehavior behavior, CancellationToken cancellationToken)
   at Microsoft.EntityFrameworkCore.Storage.RelationalCommand.ExecuteReaderAsync(RelationalCommandParameterObject parameterObject, CancellationToken cancellationToken)
   at Microsoft.EntityFrameworkCore.Storage.RelationalCommand.ExecuteReaderAsync(RelationalCommandParameterObject parameterObject, CancellationToken cancellationToken)
   at Microsoft.EntityFrameworkCore.Query.Internal.SingleQueryingEnumerable`1.AsyncEnumerator.InitializeReaderAsync(AsyncEnumerator enumerator, CancellationToken cancellationToken)
   at Npgsql.EntityFrameworkCore.PostgreSQL.Storage.Internal.NpgsqlExecutionStrategy.ExecuteAsync[TState,TResult](TState state, Func`4 operation, Func`4 verifySucceeded, CancellationToken cancellationToken)
   at Microsoft.EntityFrameworkCore.Query.Internal.SingleQueryingEnumerable`1.AsyncEnumerator.MoveNextAsync()
   at Microsoft.EntityFrameworkCore.EntityFrameworkQueryableExtensions.ToListAsync[TSource](IQueryable`1 source, CancellationToken cancellationToken)
   at Microsoft.EntityFrameworkCore.EntityFrameworkQueryableExtensions.ToListAsync[TSource](IQueryable`1 source, CancellationToken cancellationToken)
   at BytesRewards.Service.Users.Features.GetUsers.GetUsersQueryHandler.Handle(GetUsersQuery request, CancellationToken ct) in C:\Users\MariyaAF\Desktop\BytesRewards\BytesRewards\src\BytesRewards.Service\Users\Features\GetUsers\GetUsersQueryHandler.cs:line 22
   at AppWeaver.Mediator.Behaviors.LoggingBehavior`2.Handle(TRequest request, CancellationToken ct, Next`1 next)
  Exception data:
    Severity: ERROR
    SqlState: 42703
    MessageText: column d.IsActive does not exist
    Hint: Perhaps you meant to reference the column "u.IsActive".
    Position: 249
    File: parse_relation.c
    Line: 3723
    Routine: errorMissingColumn
[10:16:37 INF] Executed endpoint 'HTTP: GET /users' { EventId: { Id: 1, Name: "ExecutedEndpoint" }, SourceContext: "Microsoft.AspNetCore.Routing.EndpointMiddleware", RequestId: "0HNM1UCEGU236:00000004", RequestPath: "/users", ConnectionId: "0HNM1UCEGU236" }

[10:16:37 INF] Exception occurred: 42703: column d.IsActive does not exist

POSITION: 249 { SourceContext: "MiddlewareLibrary.ExceptionHandling.ExceptionLogHandler", Environment: "Development", TraceId: "0HNM1UCEGU236:00000004", CorrelationId: "0HNM1UCEGU236:00000004", TenantId: "", ExceptionType: "PostgresException", RequestId: "0HNM1UCEGU236:00000004", RequestPath: "/users", ConnectionId: "0HNM1UCEGU236" }

Npgsql.PostgresException (0x80004005): 42703: column d.IsActive does not exist

POSITION: 249
   at Npgsql.Internal.NpgsqlConnector.ReadMessageLong(Boolean async, DataRowLoadingMode dataRowLoadingMode, Boolean readingNotifications, Boolean isReadingPrependedMessage)
   at System.Runtime.CompilerServices.PoolingAsyncValueTaskMethodBuilder`1.StateMachineBox`1.System.Threading.Tasks.Sources.IValueTaskSource<TResult>.GetResult(Int16 token)
   at Npgsql.NpgsqlDataReader.NextResult(Boolean async, Boolean isConsuming, CancellationToken cancellationToken)
   at Npgsql.NpgsqlDataReader.NextResult(Boolean async, Boolean isConsuming, CancellationToken cancellationToken)
   at Npgsql.NpgsqlCommand.ExecuteReader(Boolean async, CommandBehavior behavior, CancellationToken cancellationToken)
   at Npgsql.NpgsqlCommand.ExecuteReader(Boolean async, CommandBehavior behavior, CancellationToken cancellationToken)
   at Npgsql.NpgsqlCommand.ExecuteDbDataReaderAsync(CommandBehavior behavior, CancellationToken cancellationToken)
   at Microsoft.EntityFrameworkCore.Storage.RelationalCommand.ExecuteReaderAsync(RelationalCommandParameterObject parameterObject, CancellationToken cancellationToken)
   at Microsoft.EntityFrameworkCore.Storage.RelationalCommand.ExecuteReaderAsync(RelationalCommandParameterObject parameterObject, CancellationToken cancellationToken)
   at Microsoft.EntityFrameworkCore.Query.Internal.SingleQueryingEnumerable`1.AsyncEnumerator.InitializeReaderAsync(AsyncEnumerator enumerator, CancellationToken cancellationToken)
   at Npgsql.EntityFrameworkCore.PostgreSQL.Storage.Internal.NpgsqlExecutionStrategy.ExecuteAsync[TState,TResult](TState state, Func`4 operation, Func`4 verifySucceeded, CancellationToken cancellationToken)
   at Microsoft.EntityFrameworkCore.Query.Internal.SingleQueryingEnumerable`1.AsyncEnumerator.MoveNextAsync()
   at Microsoft.EntityFrameworkCore.EntityFrameworkQueryableExtensions.ToListAsync[TSource](IQueryable`1 source, CancellationToken cancellationToken)
   at Microsoft.EntityFrameworkCore.EntityFrameworkQueryableExtensions.ToListAsync[TSource](IQueryable`1 source, CancellationToken cancellationToken)
   at BytesRewards.Service.Users.Features.GetUsers.GetUsersQueryHandler.Handle(GetUsersQuery request, CancellationToken ct) in C:\Users\MariyaAF\Desktop\BytesRewards\BytesRewards\src\BytesRewards.Service\Users\Features\GetUsers\GetUsersQueryHandler.cs:line 22
   at AppWeaver.Mediator.Behaviors.LoggingBehavior`2.Handle(TRequest request, CancellationToken ct, Next`1 next)
   at BytesRewards.Service.Users.Features.GetUsers.GetUsersEndpoint.ExecuteAsync(GetUsersRequest req, CancellationToken ct) in C:\Users\MariyaAF\Desktop\BytesRewards\BytesRewards\src\BytesRewards.Service\Users\Features\GetUsers\GetUsersEndpoint.cs:line 36
   at AppWeaver.FastEndpoint.SecureFastEndpoint`2.HandleAsync(TRequest req, CancellationToken ct)
   at FastEndpoints.Endpoint`2.ExecAsync(CancellationToken ct)
   at FastEndpoints.Endpoint`2.ExecAsync(CancellationToken ct)
   at Microsoft.AspNetCore.Routing.EndpointMiddleware.<Invoke>g__AwaitRequestTask|7_0(Endpoint endpoint, Task requestTask, ILogger logger)
   at NSwag.AspNetCore.Middlewares.SwaggerUiIndexMiddleware.Invoke(HttpContext context)
   at NSwag.AspNetCore.Middlewares.RedirectToIndexMiddleware.Invoke(HttpContext context)
   at NSwag.AspNetCore.Middlewares.OpenApiDocumentMiddleware.Invoke(HttpContext context)
   at Microsoft.AspNetCore.Authorization.AuthorizationMiddleware.Invoke(HttpContext context)
   at Microsoft.AspNetCore.Authentication.AuthenticationMiddleware.Invoke(HttpContext context)
   at Microsoft.AspNetCore.Diagnostics.ExceptionHandlerMiddlewareImpl.<Invoke>g__Awaited|10_0(ExceptionHandlerMiddlewareImpl middleware, HttpContext context, Task task)
  Exception data:
    Severity: ERROR
    SqlState: 42703
    MessageText: column d.IsActive does not exist
    Hint: Perhaps you meant to reference the column "u.IsActive".
    Position: 249
    File: parse_relation.c
    Line: 3723
    Routine: errorMissingColumn
[10:18:02 INF] CORS policy execution successful. { EventId: { Id: 4, Name: "PolicySuccess" }, SourceContext: "Microsoft.AspNetCore.Cors.Infrastructure.CorsService", RequestId: "0HNM1UCEGU236:00000005", RequestPath: "/users", ConnectionId: "0HNM1UCEGU236" }

[10:18:02 INF] CORS policy execution successful. { EventId: { Id: 4, Name: "PolicySuccess" }, SourceContext: "Microsoft.AspNetCore.Cors.Infrastructure.CorsService", RequestId: "0HNM1UCEGU236:00000006", RequestPath: "/users", ConnectionId: "0HNM1UCEGU236" }

[10:18:02 INF] Executing endpoint 'HTTP: POST /users' { EventId: { Name: "ExecutingEndpoint" }, SourceContext: "Microsoft.AspNetCore.Routing.EndpointMiddleware", RequestId: "0HNM1UCEGU236:00000006", RequestPath: "/users", ConnectionId: "0HNM1UCEGU236" }

[10:18:02 INF] Handling CreateUserCommand { SourceContext: "AppWeaver.Mediator.Behaviors.LoggingBehavior", RequestId: "0HNM1UCEGU236:00000006", RequestPath: "/users", ConnectionId: "0HNM1UCEGU236" }

[10:18:03 ERR] Error handling CreateUserCommand { SourceContext: "AppWeaver.Mediator.Behaviors.LoggingBehavior", RequestId: "0HNM1UCEGU236:00000006", RequestPath: "/users", ConnectionId: "0HNM1UCEGU236" }

AppWeaver.Exceptions.ValidationException: One or more validation errors occurred.
   at AppWeaver.Mediator.Behaviors.FluentValidationBehavior`2.Handle(TCommand request, CancellationToken ct, Next`1 next)
   at AppWeaver.Mediator.Behaviors.LoggingBehavior`2.Handle(TRequest request, CancellationToken ct, Next`1 next)
[10:18:03 INF] Executed endpoint 'HTTP: POST /users' { EventId: { Id: 1, Name: "ExecutedEndpoint" }, SourceContext: "Microsoft.AspNetCore.Routing.EndpointMiddleware", RequestId: "0HNM1UCEGU236:00000006", RequestPath: "/users", ConnectionId: "0HNM1UCEGU236" }

[10:18:03 INF] Exception occurred: One or more validation errors occurred. { SourceContext: "MiddlewareLibrary.ExceptionHandling.ExceptionLogHandler", Environment: "Development", TraceId: "0HNM1UCEGU236:00000006", CorrelationId: "0HNM1UCEGU236:00000006", TenantId: "", ExceptionType: "ValidationException", RequestId: "0HNM1UCEGU236:00000006", RequestPath: "/users", ConnectionId: "0HNM1UCEGU236" }

AppWeaver.Exceptions.ValidationException: One or more validation errors occurred.
   at AppWeaver.Mediator.Behaviors.FluentValidationBehavior`2.Handle(TCommand request, CancellationToken ct, Next`1 next)
   at AppWeaver.Mediator.Behaviors.LoggingBehavior`2.Handle(TRequest request, CancellationToken ct, Next`1 next)
   at BytesRewards.Service.Features.Users.CreateUser.CreateUserEndpoint.ExecuteAsync(CreateUserRequest req, CancellationToken ct) in C:\Users\MariyaAF\Desktop\BytesRewards\BytesRewards\src\BytesRewards.Service\Users\Features\AddUser\CreateUserEndpoint.cs:line 36
   at AppWeaver.FastEndpoint.SecureFastEndpoint`2.HandleAsync(TRequest req, CancellationToken ct)
   at FastEndpoints.Endpoint`2.ExecAsync(CancellationToken ct)
   at FastEndpoints.Endpoint`2.ExecAsync(CancellationToken ct)
   at Microsoft.AspNetCore.Routing.EndpointMiddleware.<Invoke>g__AwaitRequestTask|7_0(Endpoint endpoint, Task requestTask, ILogger logger)
   at NSwag.AspNetCore.Middlewares.SwaggerUiIndexMiddleware.Invoke(HttpContext context)
   at NSwag.AspNetCore.Middlewares.RedirectToIndexMiddleware.Invoke(HttpContext context)
   at NSwag.AspNetCore.Middlewares.OpenApiDocumentMiddleware.Invoke(HttpContext context)
   at Microsoft.AspNetCore.Authorization.AuthorizationMiddleware.Invoke(HttpContext context)
   at Microsoft.AspNetCore.Authentication.AuthenticationMiddleware.Invoke(HttpContext context)
   at Microsoft.AspNetCore.Diagnostics.ExceptionHandlerMiddlewareImpl.<Invoke>g__Awaited|10_0(ExceptionHandlerMiddlewareImpl middleware, HttpContext context, Task task)
[10:18:08 INF] CORS policy execution successful. { EventId: { Id: 4, Name: "PolicySuccess" }, SourceContext: "Microsoft.AspNetCore.Cors.Infrastructure.CorsService", RequestId: "0HNM1UCEGU236:00000007", RequestPath: "/users", ConnectionId: "0HNM1UCEGU236" }

[10:18:08 INF] CORS policy execution successful. { EventId: { Id: 4, Name: "PolicySuccess" }, SourceContext: "Microsoft.AspNetCore.Cors.Infrastructure.CorsService", RequestId: "0HNM1UCEGU236:00000008", RequestPath: "/users", ConnectionId: "0HNM1UCEGU236" }

[10:18:08 INF] Executing endpoint 'HTTP: POST /users' { EventId: { Name: "ExecutingEndpoint" }, SourceContext: "Microsoft.AspNetCore.Routing.EndpointMiddleware", RequestId: "0HNM1UCEGU236:00000008", RequestPath: "/users", ConnectionId: "0HNM1UCEGU236" }

[10:18:08 INF] Handling CreateUserCommand { SourceContext: "AppWeaver.Mediator.Behaviors.LoggingBehavior", RequestId: "0HNM1UCEGU236:00000008", RequestPath: "/users", ConnectionId: "0HNM1UCEGU236" }

[10:18:08 ERR] Error handling CreateUserCommand { SourceContext: "AppWeaver.Mediator.Behaviors.LoggingBehavior", RequestId: "0HNM1UCEGU236:00000008", RequestPath: "/users", ConnectionId: "0HNM1UCEGU236" }

AppWeaver.Exceptions.ValidationException: One or more validation errors occurred.
   at AppWeaver.Mediator.Behaviors.FluentValidationBehavior`2.Handle(TCommand request, CancellationToken ct, Next`1 next)
   at AppWeaver.Mediator.Behaviors.LoggingBehavior`2.Handle(TRequest request, CancellationToken ct, Next`1 next)
[10:18:08 INF] Executed endpoint 'HTTP: POST /users' { EventId: { Id: 1, Name: "ExecutedEndpoint" }, SourceContext: "Microsoft.AspNetCore.Routing.EndpointMiddleware", RequestId: "0HNM1UCEGU236:00000008", RequestPath: "/users", ConnectionId: "0HNM1UCEGU236" }

[10:18:08 INF] Exception occurred: One or more validation errors occurred. { SourceContext: "MiddlewareLibrary.ExceptionHandling.ExceptionLogHandler", Environment: "Development", TraceId: "0HNM1UCEGU236:00000008", CorrelationId: "0HNM1UCEGU236:00000008", TenantId: "", ExceptionType: "ValidationException", RequestId: "0HNM1UCEGU236:00000008", RequestPath: "/users", ConnectionId: "0HNM1UCEGU236" }

AppWeaver.Exceptions.ValidationException: One or more validation errors occurred.
   at AppWeaver.Mediator.Behaviors.FluentValidationBehavior`2.Handle(TCommand request, CancellationToken ct, Next`1 next)
   at AppWeaver.Mediator.Behaviors.LoggingBehavior`2.Handle(TRequest request, CancellationToken ct, Next`1 next)
   at BytesRewards.Service.Features.Users.CreateUser.CreateUserEndpoint.ExecuteAsync(CreateUserRequest req, CancellationToken ct) in C:\Users\MariyaAF\Desktop\BytesRewards\BytesRewards\src\BytesRewards.Service\Users\Features\AddUser\CreateUserEndpoint.cs:line 36
   at AppWeaver.FastEndpoint.SecureFastEndpoint`2.HandleAsync(TRequest req, CancellationToken ct)
   at FastEndpoints.Endpoint`2.ExecAsync(CancellationToken ct)
   at FastEndpoints.Endpoint`2.ExecAsync(CancellationToken ct)
   at Microsoft.AspNetCore.Routing.EndpointMiddleware.<Invoke>g__AwaitRequestTask|7_0(Endpoint endpoint, Task requestTask, ILogger logger)
   at NSwag.AspNetCore.Middlewares.SwaggerUiIndexMiddleware.Invoke(HttpContext context)
   at NSwag.AspNetCore.Middlewares.RedirectToIndexMiddleware.Invoke(HttpContext context)
   at NSwag.AspNetCore.Middlewares.OpenApiDocumentMiddleware.Invoke(HttpContext context)
   at Microsoft.AspNetCore.Authorization.AuthorizationMiddleware.Invoke(HttpContext context)
   at Microsoft.AspNetCore.Authentication.AuthenticationMiddleware.Invoke(HttpContext context)
   at Microsoft.AspNetCore.Diagnostics.ExceptionHandlerMiddlewareImpl.<Invoke>g__Awaited|10_0(ExceptionHandlerMiddlewareImpl middleware, HttpContext context, Task task)
[10:18:13 INF] CORS policy execution successful. { EventId: { Id: 4, Name: "PolicySuccess" }, SourceContext: "Microsoft.AspNetCore.Cors.Infrastructure.CorsService", RequestId: "0HNM1UCEGU236:00000009", RequestPath: "/users", ConnectionId: "0HNM1UCEGU236" }

[10:18:13 INF] CORS policy execution successful. { EventId: { Id: 4, Name: "PolicySuccess" }, SourceContext: "Microsoft.AspNetCore.Cors.Infrastructure.CorsService", RequestId: "0HNM1UCEGU236:0000000A", RequestPath: "/users", ConnectionId: "0HNM1UCEGU236" }

[10:18:13 INF] Executing endpoint 'HTTP: POST /users' { EventId: { Name: "ExecutingEndpoint" }, SourceContext: "Microsoft.AspNetCore.Routing.EndpointMiddleware", RequestId: "0HNM1UCEGU236:0000000A", RequestPath: "/users", ConnectionId: "0HNM1UCEGU236" }

[10:18:13 INF] Handling CreateUserCommand { SourceContext: "AppWeaver.Mediator.Behaviors.LoggingBehavior", RequestId: "0HNM1UCEGU236:0000000A", RequestPath: "/users", ConnectionId: "0HNM1UCEGU236" }

[10:18:13 ERR] Error handling CreateUserCommand { SourceContext: "AppWeaver.Mediator.Behaviors.LoggingBehavior", RequestId: "0HNM1UCEGU236:0000000A", RequestPath: "/users", ConnectionId: "0HNM1UCEGU236" }

AppWeaver.Exceptions.ValidationException: One or more validation errors occurred.
   at AppWeaver.Mediator.Behaviors.FluentValidationBehavior`2.Handle(TCommand request, CancellationToken ct, Next`1 next)
   at AppWeaver.Mediator.Behaviors.LoggingBehavior`2.Handle(TRequest request, CancellationToken ct, Next`1 next)
[10:18:13 INF] Executed endpoint 'HTTP: POST /users' { EventId: { Id: 1, Name: "ExecutedEndpoint" }, SourceContext: "Microsoft.AspNetCore.Routing.EndpointMiddleware", RequestId: "0HNM1UCEGU236:0000000A", RequestPath: "/users", ConnectionId: "0HNM1UCEGU236" }

[10:18:13 INF] Exception occurred: One or more validation errors occurred. { SourceContext: "MiddlewareLibrary.ExceptionHandling.ExceptionLogHandler", Environment: "Development", TraceId: "0HNM1UCEGU236:0000000A", CorrelationId: "0HNM1UCEGU236:0000000A", TenantId: "", ExceptionType: "ValidationException", RequestId: "0HNM1UCEGU236:0000000A", RequestPath: "/users", ConnectionId: "0HNM1UCEGU236" }

AppWeaver.Exceptions.ValidationException: One or more validation errors occurred.
   at AppWeaver.Mediator.Behaviors.FluentValidationBehavior`2.Handle(TCommand request, CancellationToken ct, Next`1 next)
   at AppWeaver.Mediator.Behaviors.LoggingBehavior`2.Handle(TRequest request, CancellationToken ct, Next`1 next)
   at BytesRewards.Service.Features.Users.CreateUser.CreateUserEndpoint.ExecuteAsync(CreateUserRequest req, CancellationToken ct) in C:\Users\MariyaAF\Desktop\BytesRewards\BytesRewards\src\BytesRewards.Service\Users\Features\AddUser\CreateUserEndpoint.cs:line 36
   at AppWeaver.FastEndpoint.SecureFastEndpoint`2.HandleAsync(TRequest req, CancellationToken ct)
   at FastEndpoints.Endpoint`2.ExecAsync(CancellationToken ct)
   at FastEndpoints.Endpoint`2.ExecAsync(CancellationToken ct)
   at Microsoft.AspNetCore.Routing.EndpointMiddleware.<Invoke>g__AwaitRequestTask|7_0(Endpoint endpoint, Task requestTask, ILogger logger)
   at NSwag.AspNetCore.Middlewares.SwaggerUiIndexMiddleware.Invoke(HttpContext context)
   at NSwag.AspNetCore.Middlewares.RedirectToIndexMiddleware.Invoke(HttpContext context)
   at NSwag.AspNetCore.Middlewares.OpenApiDocumentMiddleware.Invoke(HttpContext context)
   at Microsoft.AspNetCore.Authorization.AuthorizationMiddleware.Invoke(HttpContext context)
   at Microsoft.AspNetCore.Authentication.AuthenticationMiddleware.Invoke(HttpContext context)
   at Microsoft.AspNetCore.Diagnostics.ExceptionHandlerMiddlewareImpl.<Invoke>g__Awaited|10_0(ExceptionHandlerMiddlewareImpl middleware, HttpContext context, Task task)
[10:19:56 INF] Executing endpoint 'HTTP: GET /' { EventId: { Name: "ExecutingEndpoint" }, SourceContext: "Microsoft.AspNetCore.Routing.EndpointMiddleware", RequestId: "0HNM1UCEGU238:00000001", RequestPath: "/", ConnectionId: "0HNM1UCEGU238" }

[10:19:56 INF] Executing RedirectResult, redirecting to /swagger. { EventId: { Id: 1, Name: "RedirectResultExecuting" }, SourceContext: "Microsoft.AspNetCore.Http.Result.RedirectResult", RequestId: "0HNM1UCEGU238:00000001", RequestPath: "/", ConnectionId: "0HNM1UCEGU238" }

[10:19:56 INF] Executed endpoint 'HTTP: GET /' { EventId: { Id: 1, Name: "ExecutedEndpoint" }, SourceContext: "Microsoft.AspNetCore.Routing.EndpointMiddleware", RequestId: "0HNM1UCEGU238:00000001", RequestPath: "/", ConnectionId: "0HNM1UCEGU238" }

[10:19:56 INF] No action descriptors found. This may indicate an incorrectly configured application or missing application parts. To learn more, visit https://aka.ms/aspnet/mvc/app-parts { EventId: { Id: 1, Name: "NoActionDescriptors" }, SourceContext: "Microsoft.AspNetCore.Mvc.Infrastructure.DefaultActionDescriptorCollectionProvider", RequestId: "0HNM1UCEGU238:00000004", RequestPath: "/swagger/v1/swagger.json", ConnectionId: "0HNM1UCEGU238" }

[10:29:17 INF] Application is shutting down... { SourceContext: "Microsoft.Hosting.Lifetime" }

[10:30:45 INF] Applying migration '20260604045943_DepartmentChanged'. { EventId: { Id: 20402, Name: "Microsoft.EntityFrameworkCore.Migrations.MigrationApplying" }, SourceContext: "Microsoft.EntityFrameworkCore.Migrations" }

[10:30:45 INF] No migrations were applied. The database is already up to date. { EventId: { Id: 20405, Name: "Microsoft.EntityFrameworkCore.Migrations.MigrationsNotApplied" }, SourceContext: "Microsoft.EntityFrameworkCore.Migrations" }

[10:30:46 INF] Registered 6 endpoints in 8,178 milliseconds. { EventId: { Id: 1, Name: "EndpointsRegistered" }, SourceContext: "FastEndpoints.StartupTimer" }

[10:30:47 INF] No validators found in the system! { EventId: { Id: 1, Name: "NoValidatorsFound" }, SourceContext: "FastEndpoints.Swagger.ValidationSchemaProcessor" }

[10:30:47 INF] User profile is available. Using 'C:\Users\MariyaAF\AppData\Local\ASP.NET\DataProtection-Keys' as key repository and Windows DPAPI to encrypt keys at rest. { EventId: { Id: 63, Name: "UsingProfileAsKeyRepositoryWithDPAPI" }, SourceContext: "Microsoft.AspNetCore.DataProtection.KeyManagement.XmlKeyManager" }

[10:30:48 WRN] The property 'AuditLog.Metadata' is a collection or enumeration type with a value converter but with no value comparer. Set a value comparer to ensure the collection/enumeration elements are compared correctly. { EventId: { Id: 10620, Name: "Microsoft.EntityFrameworkCore.Model.Validation.CollectionWithoutComparer" }, SourceContext: "Microsoft.EntityFrameworkCore.Model.Validation" }

[10:30:48 INF] No migrations were found in assembly 'BytesRewards.Service'. A migration needs to be added before the database can be updated. { EventId: { Id: 20406, Name: "Microsoft.EntityFrameworkCore.Migrations.MigrationsNotFound" }, SourceContext: "Microsoft.EntityFrameworkCore.Migrations" }

[10:30:48 INF] No migrations were applied. The database is already up to date. { EventId: { Id: 20405, Name: "Microsoft.EntityFrameworkCore.Migrations.MigrationsNotApplied" }, SourceContext: "Microsoft.EntityFrameworkCore.Migrations" }

[10:30:48 INF] Now listening on: http://localhost:57748 { EventId: { Id: 14, Name: "ListeningOnAddress" }, SourceContext: "Microsoft.Hosting.Lifetime" }

[10:30:48 INF] Application started. Press Ctrl+C to shut down. { SourceContext: "Microsoft.Hosting.Lifetime" }

[10:30:48 INF] Hosting environment: Development { SourceContext: "Microsoft.Hosting.Lifetime" }

[10:30:48 INF] Content root path: C:\Users\MariyaAF\Desktop\BytesRewards\BytesRewards\src\BytesRewards.Service { SourceContext: "Microsoft.Hosting.Lifetime" }

[10:33:39 INF] Application is shutting down... { SourceContext: "Microsoft.Hosting.Lifetime" }

[10:34:03 INF] No migrations were applied. The database is already up to date. { EventId: { Id: 20405, Name: "Microsoft.EntityFrameworkCore.Migrations.MigrationsNotApplied" }, SourceContext: "Microsoft.EntityFrameworkCore.Migrations" }

[10:34:03 INF] No migrations were applied. The database is already up to date. { EventId: { Id: 20405, Name: "Microsoft.EntityFrameworkCore.Migrations.MigrationsNotApplied" }, SourceContext: "Microsoft.EntityFrameworkCore.Migrations" }

[10:34:04 ERR] Failed executing DbCommand (40ms) [Parameters=[@p0='?' (DbType = Guid), @p1='?' (DbType = DateTime), @p2='?', @p3='?' (DbType = Boolean), @p4='?', @p5='?' (DbType = DateTime), @p6='?' (DbType = Guid), @p7='?' (DbType = DateTime), @p8='?', @p9='?' (DbType = Boolean), @p10='?', @p11='?' (DbType = DateTime), @p12='?' (DbType = Guid), @p13='?' (DbType = DateTime), @p14='?', @p15='?' (DbType = Boolean), @p16='?', @p17='?' (DbType = DateTime), @p18='?' (DbType = Guid), @p19='?' (DbType = DateTime), @p20='?', @p21='?' (DbType = Boolean), @p22='?', @p23='?' (DbType = DateTime)], CommandType='"Text"', CommandTimeout='30']
INSERT INTO "Departments" ("Id", "CreatedAt", "Description", "IsActive", "Name", "UpdatedAt")
VALUES (@p0, @p1, @p2, @p3, @p4, @p5);
INSERT INTO "Departments" ("Id", "CreatedAt", "Description", "IsActive", "Name", "UpdatedAt")
VALUES (@p6, @p7, @p8, @p9, @p10, @p11);
INSERT INTO "Departments" ("Id", "CreatedAt", "Description", "IsActive", "Name", "UpdatedAt")
VALUES (@p12, @p13, @p14, @p15, @p16, @p17);
INSERT INTO "Departments" ("Id", "CreatedAt", "Description", "IsActive", "Name", "UpdatedAt")
VALUES (@p18, @p19, @p20, @p21, @p22, @p23); { EventId: { Id: 20102, Name: "Microsoft.EntityFrameworkCore.Database.Command.CommandError" }, SourceContext: "Microsoft.EntityFrameworkCore.Database.Command" }

[10:34:04 ERR] An exception occurred in the database while saving changes for context type 'BytesRewards.Service.Infrastructure.ApplicationDbContext'.
Microsoft.EntityFrameworkCore.DbUpdateException: An error occurred while saving the entity changes. See the inner exception for details.
 ---> Npgsql.PostgresException (0x80004005): 42703: column "IsActive" of relation "Departments" does not exist

POSITION: 62
   at Npgsql.Internal.NpgsqlConnector.ReadMessageLong(Boolean async, DataRowLoadingMode dataRowLoadingMode, Boolean readingNotifications, Boolean isReadingPrependedMessage)
   at System.Runtime.CompilerServices.PoolingAsyncValueTaskMethodBuilder`1.StateMachineBox`1.System.Threading.Tasks.Sources.IValueTaskSource<TResult>.GetResult(Int16 token)
   at Npgsql.NpgsqlDataReader.NextResult(Boolean async, Boolean isConsuming, CancellationToken cancellationToken)
   at Npgsql.NpgsqlDataReader.NextResult(Boolean async, Boolean isConsuming, CancellationToken cancellationToken)
   at Npgsql.NpgsqlCommand.ExecuteReader(Boolean async, CommandBehavior behavior, CancellationToken cancellationToken)
   at Npgsql.NpgsqlCommand.ExecuteReader(Boolean async, CommandBehavior behavior, CancellationToken cancellationToken)
   at Npgsql.NpgsqlCommand.ExecuteDbDataReaderAsync(CommandBehavior behavior, CancellationToken cancellationToken)
   at Microsoft.EntityFrameworkCore.Storage.RelationalCommand.ExecuteReaderAsync(RelationalCommandParameterObject parameterObject, CancellationToken cancellationToken)
   at Microsoft.EntityFrameworkCore.Storage.RelationalCommand.ExecuteReaderAsync(RelationalCommandParameterObject parameterObject, CancellationToken cancellationToken)
   at Microsoft.EntityFrameworkCore.Update.ReaderModificationCommandBatch.ExecuteAsync(IRelationalConnection connection, CancellationToken cancellationToken)
  Exception data:
    Severity: ERROR
    SqlState: 42703
    MessageText: column "IsActive" of relation "Departments" does not exist
    Position: 62
    File: parse_target.c
    Line: 1065
    Routine: checkInsertTargets
   --- End of inner exception stack trace ---
   at Microsoft.EntityFrameworkCore.Update.ReaderModificationCommandBatch.ExecuteAsync(IRelationalConnection connection, CancellationToken cancellationToken)
   at Microsoft.EntityFrameworkCore.Update.Internal.BatchExecutor.ExecuteAsync(IEnumerable`1 commandBatches, IRelationalConnection connection, CancellationToken cancellationToken)
   at Microsoft.EntityFrameworkCore.Update.Internal.BatchExecutor.ExecuteAsync(IEnumerable`1 commandBatches, IRelationalConnection connection, CancellationToken cancellationToken)
   at Microsoft.EntityFrameworkCore.Update.Internal.BatchExecutor.ExecuteAsync(IEnumerable`1 commandBatches, IRelationalConnection connection, CancellationToken cancellationToken)
   at Microsoft.EntityFrameworkCore.Storage.RelationalDatabase.SaveChangesAsync(IList`1 entries, CancellationToken cancellationToken)
   at Microsoft.EntityFrameworkCore.ChangeTracking.Internal.StateManager.SaveChangesAsync(IList`1 entriesToSave, CancellationToken cancellationToken)
   at Microsoft.EntityFrameworkCore.ChangeTracking.Internal.StateManager.SaveChangesAsync(StateManager stateManager, Boolean acceptAllChangesOnSuccess, CancellationToken cancellationToken)
   at Npgsql.EntityFrameworkCore.PostgreSQL.Storage.Internal.NpgsqlExecutionStrategy.ExecuteAsync[TState,TResult](TState state, Func`4 operation, Func`4 verifySucceeded, CancellationToken cancellationToken)
   at Microsoft.EntityFrameworkCore.DbContext.SaveChangesAsync(Boolean acceptAllChangesOnSuccess, CancellationToken cancellationToken) { EventId: { Id: 10000, Name: "Microsoft.EntityFrameworkCore.Update.SaveChangesFailed" }, SourceContext: "Microsoft.EntityFrameworkCore.Update" }

Microsoft.EntityFrameworkCore.DbUpdateException: An error occurred while saving the entity changes. See the inner exception for details.
 ---> Npgsql.PostgresException (0x80004005): 42703: column "IsActive" of relation "Departments" does not exist

POSITION: 62
   at Npgsql.Internal.NpgsqlConnector.ReadMessageLong(Boolean async, DataRowLoadingMode dataRowLoadingMode, Boolean readingNotifications, Boolean isReadingPrependedMessage)
   at System.Runtime.CompilerServices.PoolingAsyncValueTaskMethodBuilder`1.StateMachineBox`1.System.Threading.Tasks.Sources.IValueTaskSource<TResult>.GetResult(Int16 token)
   at Npgsql.NpgsqlDataReader.NextResult(Boolean async, Boolean isConsuming, CancellationToken cancellationToken)
   at Npgsql.NpgsqlDataReader.NextResult(Boolean async, Boolean isConsuming, CancellationToken cancellationToken)
   at Npgsql.NpgsqlCommand.ExecuteReader(Boolean async, CommandBehavior behavior, CancellationToken cancellationToken)
   at Npgsql.NpgsqlCommand.ExecuteReader(Boolean async, CommandBehavior behavior, CancellationToken cancellationToken)
   at Npgsql.NpgsqlCommand.ExecuteDbDataReaderAsync(CommandBehavior behavior, CancellationToken cancellationToken)
   at Microsoft.EntityFrameworkCore.Storage.RelationalCommand.ExecuteReaderAsync(RelationalCommandParameterObject parameterObject, CancellationToken cancellationToken)
   at Microsoft.EntityFrameworkCore.Storage.RelationalCommand.ExecuteReaderAsync(RelationalCommandParameterObject parameterObject, CancellationToken cancellationToken)
   at Microsoft.EntityFrameworkCore.Update.ReaderModificationCommandBatch.ExecuteAsync(IRelationalConnection connection, CancellationToken cancellationToken)
  Exception data:
    Severity: ERROR
    SqlState: 42703
    MessageText: column "IsActive" of relation "Departments" does not exist
    Position: 62
    File: parse_target.c
    Line: 1065
    Routine: checkInsertTargets
   --- End of inner exception stack trace ---
   at Microsoft.EntityFrameworkCore.Update.ReaderModificationCommandBatch.ExecuteAsync(IRelationalConnection connection, CancellationToken cancellationToken)
   at Microsoft.EntityFrameworkCore.Update.Internal.BatchExecutor.ExecuteAsync(IEnumerable`1 commandBatches, IRelationalConnection connection, CancellationToken cancellationToken)
   at Microsoft.EntityFrameworkCore.Update.Internal.BatchExecutor.ExecuteAsync(IEnumerable`1 commandBatches, IRelationalConnection connection, CancellationToken cancellationToken)
   at Microsoft.EntityFrameworkCore.Update.Internal.BatchExecutor.ExecuteAsync(IEnumerable`1 commandBatches, IRelationalConnection connection, CancellationToken cancellationToken)
   at Microsoft.EntityFrameworkCore.Storage.RelationalDatabase.SaveChangesAsync(IList`1 entries, CancellationToken cancellationToken)
   at Microsoft.EntityFrameworkCore.ChangeTracking.Internal.StateManager.SaveChangesAsync(IList`1 entriesToSave, CancellationToken cancellationToken)
   at Microsoft.EntityFrameworkCore.ChangeTracking.Internal.StateManager.SaveChangesAsync(StateManager stateManager, Boolean acceptAllChangesOnSuccess, CancellationToken cancellationToken)
   at Npgsql.EntityFrameworkCore.PostgreSQL.Storage.Internal.NpgsqlExecutionStrategy.ExecuteAsync[TState,TResult](TState state, Func`4 operation, Func`4 verifySucceeded, CancellationToken cancellationToken)
   at Microsoft.EntityFrameworkCore.DbContext.SaveChangesAsync(Boolean acceptAllChangesOnSuccess, CancellationToken cancellationToken)
[10:37:01 INF] Applying migration '20260604050617_DepartmentChange'. { EventId: { Id: 20402, Name: "Microsoft.EntityFrameworkCore.Migrations.MigrationApplying" }, SourceContext: "Microsoft.EntityFrameworkCore.Migrations" }

[10:37:01 INF] No migrations were applied. The database is already up to date. { EventId: { Id: 20405, Name: "Microsoft.EntityFrameworkCore.Migrations.MigrationsNotApplied" }, SourceContext: "Microsoft.EntityFrameworkCore.Migrations" }

[10:37:02 ERR] Failed executing DbCommand (34ms) [Parameters=[@p0='?' (DbType = Guid), @p1='?' (DbType = DateTime), @p2='?', @p3='?' (DbType = Boolean), @p4='?', @p5='?' (DbType = DateTime), @p6='?' (DbType = Guid), @p7='?' (DbType = DateTime), @p8='?', @p9='?' (DbType = Boolean), @p10='?', @p11='?' (DbType = DateTime), @p12='?' (DbType = Guid), @p13='?' (DbType = DateTime), @p14='?', @p15='?' (DbType = Boolean), @p16='?', @p17='?' (DbType = DateTime), @p18='?' (DbType = Guid), @p19='?' (DbType = DateTime), @p20='?', @p21='?' (DbType = Boolean), @p22='?', @p23='?' (DbType = DateTime)], CommandType='"Text"', CommandTimeout='30']
INSERT INTO "Departments" ("Id", "CreatedAt", "Description", "IsActive", "Name", "UpdatedAt")
VALUES (@p0, @p1, @p2, @p3, @p4, @p5);
INSERT INTO "Departments" ("Id", "CreatedAt", "Description", "IsActive", "Name", "UpdatedAt")
VALUES (@p6, @p7, @p8, @p9, @p10, @p11);
INSERT INTO "Departments" ("Id", "CreatedAt", "Description", "IsActive", "Name", "UpdatedAt")
VALUES (@p12, @p13, @p14, @p15, @p16, @p17);
INSERT INTO "Departments" ("Id", "CreatedAt", "Description", "IsActive", "Name", "UpdatedAt")
VALUES (@p18, @p19, @p20, @p21, @p22, @p23); { EventId: { Id: 20102, Name: "Microsoft.EntityFrameworkCore.Database.Command.CommandError" }, SourceContext: "Microsoft.EntityFrameworkCore.Database.Command" }

[10:37:02 ERR] An exception occurred in the database while saving changes for context type 'BytesRewards.Service.Infrastructure.ApplicationDbContext'.
Microsoft.EntityFrameworkCore.DbUpdateException: An error occurred while saving the entity changes. See the inner exception for details.
 ---> Npgsql.PostgresException (0x80004005): 42703: column "IsActive" of relation "Departments" does not exist

POSITION: 62
   at Npgsql.Internal.NpgsqlConnector.ReadMessageLong(Boolean async, DataRowLoadingMode dataRowLoadingMode, Boolean readingNotifications, Boolean isReadingPrependedMessage)
   at System.Runtime.CompilerServices.PoolingAsyncValueTaskMethodBuilder`1.StateMachineBox`1.System.Threading.Tasks.Sources.IValueTaskSource<TResult>.GetResult(Int16 token)
   at Npgsql.NpgsqlDataReader.NextResult(Boolean async, Boolean isConsuming, CancellationToken cancellationToken)
   at Npgsql.NpgsqlDataReader.NextResult(Boolean async, Boolean isConsuming, CancellationToken cancellationToken)
   at Npgsql.NpgsqlCommand.ExecuteReader(Boolean async, CommandBehavior behavior, CancellationToken cancellationToken)
   at Npgsql.NpgsqlCommand.ExecuteReader(Boolean async, CommandBehavior behavior, CancellationToken cancellationToken)
   at Npgsql.NpgsqlCommand.ExecuteDbDataReaderAsync(CommandBehavior behavior, CancellationToken cancellationToken)
   at Microsoft.EntityFrameworkCore.Storage.RelationalCommand.ExecuteReaderAsync(RelationalCommandParameterObject parameterObject, CancellationToken cancellationToken)
   at Microsoft.EntityFrameworkCore.Storage.RelationalCommand.ExecuteReaderAsync(RelationalCommandParameterObject parameterObject, CancellationToken cancellationToken)
   at Microsoft.EntityFrameworkCore.Update.ReaderModificationCommandBatch.ExecuteAsync(IRelationalConnection connection, CancellationToken cancellationToken)
  Exception data:
    Severity: ERROR
    SqlState: 42703
    MessageText: column "IsActive" of relation "Departments" does not exist
    Position: 62
    File: parse_target.c
    Line: 1065
    Routine: checkInsertTargets
   --- End of inner exception stack trace ---
   at Microsoft.EntityFrameworkCore.Update.ReaderModificationCommandBatch.ExecuteAsync(IRelationalConnection connection, CancellationToken cancellationToken)
   at Microsoft.EntityFrameworkCore.Update.Internal.BatchExecutor.ExecuteAsync(IEnumerable`1 commandBatches, IRelationalConnection connection, CancellationToken cancellationToken)
   at Microsoft.EntityFrameworkCore.Update.Internal.BatchExecutor.ExecuteAsync(IEnumerable`1 commandBatches, IRelationalConnection connection, CancellationToken cancellationToken)
   at Microsoft.EntityFrameworkCore.Update.Internal.BatchExecutor.ExecuteAsync(IEnumerable`1 commandBatches, IRelationalConnection connection, CancellationToken cancellationToken)
   at Microsoft.EntityFrameworkCore.Storage.RelationalDatabase.SaveChangesAsync(IList`1 entries, CancellationToken cancellationToken)
   at Microsoft.EntityFrameworkCore.ChangeTracking.Internal.StateManager.SaveChangesAsync(IList`1 entriesToSave, CancellationToken cancellationToken)
   at Microsoft.EntityFrameworkCore.ChangeTracking.Internal.StateManager.SaveChangesAsync(StateManager stateManager, Boolean acceptAllChangesOnSuccess, CancellationToken cancellationToken)
   at Npgsql.EntityFrameworkCore.PostgreSQL.Storage.Internal.NpgsqlExecutionStrategy.ExecuteAsync[TState,TResult](TState state, Func`4 operation, Func`4 verifySucceeded, CancellationToken cancellationToken)
   at Microsoft.EntityFrameworkCore.DbContext.SaveChangesAsync(Boolean acceptAllChangesOnSuccess, CancellationToken cancellationToken) { EventId: { Id: 10000, Name: "Microsoft.EntityFrameworkCore.Update.SaveChangesFailed" }, SourceContext: "Microsoft.EntityFrameworkCore.Update" }

Microsoft.EntityFrameworkCore.DbUpdateException: An error occurred while saving the entity changes. See the inner exception for details.
 ---> Npgsql.PostgresException (0x80004005): 42703: column "IsActive" of relation "Departments" does not exist

POSITION: 62
   at Npgsql.Internal.NpgsqlConnector.ReadMessageLong(Boolean async, DataRowLoadingMode dataRowLoadingMode, Boolean readingNotifications, Boolean isReadingPrependedMessage)
   at System.Runtime.CompilerServices.PoolingAsyncValueTaskMethodBuilder`1.StateMachineBox`1.System.Threading.Tasks.Sources.IValueTaskSource<TResult>.GetResult(Int16 token)
   at Npgsql.NpgsqlDataReader.NextResult(Boolean async, Boolean isConsuming, CancellationToken cancellationToken)
   at Npgsql.NpgsqlDataReader.NextResult(Boolean async, Boolean isConsuming, CancellationToken cancellationToken)
   at Npgsql.NpgsqlCommand.ExecuteReader(Boolean async, CommandBehavior behavior, CancellationToken cancellationToken)
   at Npgsql.NpgsqlCommand.ExecuteReader(Boolean async, CommandBehavior behavior, CancellationToken cancellationToken)
   at Npgsql.NpgsqlCommand.ExecuteDbDataReaderAsync(CommandBehavior behavior, CancellationToken cancellationToken)
   at Microsoft.EntityFrameworkCore.Storage.RelationalCommand.ExecuteReaderAsync(RelationalCommandParameterObject parameterObject, CancellationToken cancellationToken)
   at Microsoft.EntityFrameworkCore.Storage.RelationalCommand.ExecuteReaderAsync(RelationalCommandParameterObject parameterObject, CancellationToken cancellationToken)
   at Microsoft.EntityFrameworkCore.Update.ReaderModificationCommandBatch.ExecuteAsync(IRelationalConnection connection, CancellationToken cancellationToken)
  Exception data:
    Severity: ERROR
    SqlState: 42703
    MessageText: column "IsActive" of relation "Departments" does not exist
    Position: 62
    File: parse_target.c
    Line: 1065
    Routine: checkInsertTargets
   --- End of inner exception stack trace ---
   at Microsoft.EntityFrameworkCore.Update.ReaderModificationCommandBatch.ExecuteAsync(IRelationalConnection connection, CancellationToken cancellationToken)
   at Microsoft.EntityFrameworkCore.Update.Internal.BatchExecutor.ExecuteAsync(IEnumerable`1 commandBatches, IRelationalConnection connection, CancellationToken cancellationToken)
   at Microsoft.EntityFrameworkCore.Update.Internal.BatchExecutor.ExecuteAsync(IEnumerable`1 commandBatches, IRelationalConnection connection, CancellationToken cancellationToken)
   at Microsoft.EntityFrameworkCore.Update.Internal.BatchExecutor.ExecuteAsync(IEnumerable`1 commandBatches, IRelationalConnection connection, CancellationToken cancellationToken)
   at Microsoft.EntityFrameworkCore.Storage.RelationalDatabase.SaveChangesAsync(IList`1 entries, CancellationToken cancellationToken)
   at Microsoft.EntityFrameworkCore.ChangeTracking.Internal.StateManager.SaveChangesAsync(IList`1 entriesToSave, CancellationToken cancellationToken)
   at Microsoft.EntityFrameworkCore.ChangeTracking.Internal.StateManager.SaveChangesAsync(StateManager stateManager, Boolean acceptAllChangesOnSuccess, CancellationToken cancellationToken)
   at Npgsql.EntityFrameworkCore.PostgreSQL.Storage.Internal.NpgsqlExecutionStrategy.ExecuteAsync[TState,TResult](TState state, Func`4 operation, Func`4 verifySucceeded, CancellationToken cancellationToken)
   at Microsoft.EntityFrameworkCore.DbContext.SaveChangesAsync(Boolean acceptAllChangesOnSuccess, CancellationToken cancellationToken)
[10:47:43 INF] Applying migration '20260604051725_DepartmentChange'. { EventId: { Id: 20402, Name: "Microsoft.EntityFrameworkCore.Migrations.MigrationApplying" }, SourceContext: "Microsoft.EntityFrameworkCore.Migrations" }

[10:47:43 INF] No migrations were applied. The database is already up to date. { EventId: { Id: 20405, Name: "Microsoft.EntityFrameworkCore.Migrations.MigrationsNotApplied" }, SourceContext: "Microsoft.EntityFrameworkCore.Migrations" }

[10:47:44 ERR] Failed executing DbCommand (36ms) [Parameters=[@p0='?' (DbType = Guid), @p1='?' (DbType = DateTime), @p2='?', @p3='?' (DbType = Boolean), @p4='?', @p5='?' (DbType = DateTime), @p6='?' (DbType = Guid), @p7='?' (DbType = DateTime), @p8='?', @p9='?' (DbType = Boolean), @p10='?', @p11='?' (DbType = DateTime), @p12='?' (DbType = Guid), @p13='?' (DbType = DateTime), @p14='?', @p15='?' (DbType = Boolean), @p16='?', @p17='?' (DbType = DateTime), @p18='?' (DbType = Guid), @p19='?' (DbType = DateTime), @p20='?', @p21='?' (DbType = Boolean), @p22='?', @p23='?' (DbType = DateTime)], CommandType='"Text"', CommandTimeout='30']
INSERT INTO "Departments" ("Id", "CreatedAt", "Description", "IsActive", "Name", "UpdatedAt")
VALUES (@p0, @p1, @p2, @p3, @p4, @p5);
INSERT INTO "Departments" ("Id", "CreatedAt", "Description", "IsActive", "Name", "UpdatedAt")
VALUES (@p6, @p7, @p8, @p9, @p10, @p11);
INSERT INTO "Departments" ("Id", "CreatedAt", "Description", "IsActive", "Name", "UpdatedAt")
VALUES (@p12, @p13, @p14, @p15, @p16, @p17);
INSERT INTO "Departments" ("Id", "CreatedAt", "Description", "IsActive", "Name", "UpdatedAt")
VALUES (@p18, @p19, @p20, @p21, @p22, @p23); { EventId: { Id: 20102, Name: "Microsoft.EntityFrameworkCore.Database.Command.CommandError" }, SourceContext: "Microsoft.EntityFrameworkCore.Database.Command" }

[10:47:44 ERR] An exception occurred in the database while saving changes for context type 'BytesRewards.Service.Infrastructure.ApplicationDbContext'.
Microsoft.EntityFrameworkCore.DbUpdateException: An error occurred while saving the entity changes. See the inner exception for details.
 ---> Npgsql.PostgresException (0x80004005): 42703: column "IsActive" of relation "Departments" does not exist

POSITION: 62
   at Npgsql.Internal.NpgsqlConnector.ReadMessageLong(Boolean async, DataRowLoadingMode dataRowLoadingMode, Boolean readingNotifications, Boolean isReadingPrependedMessage)
   at System.Runtime.CompilerServices.PoolingAsyncValueTaskMethodBuilder`1.StateMachineBox`1.System.Threading.Tasks.Sources.IValueTaskSource<TResult>.GetResult(Int16 token)
   at Npgsql.NpgsqlDataReader.NextResult(Boolean async, Boolean isConsuming, CancellationToken cancellationToken)
   at Npgsql.NpgsqlDataReader.NextResult(Boolean async, Boolean isConsuming, CancellationToken cancellationToken)
   at Npgsql.NpgsqlCommand.ExecuteReader(Boolean async, CommandBehavior behavior, CancellationToken cancellationToken)
   at Npgsql.NpgsqlCommand.ExecuteReader(Boolean async, CommandBehavior behavior, CancellationToken cancellationToken)
   at Npgsql.NpgsqlCommand.ExecuteDbDataReaderAsync(CommandBehavior behavior, CancellationToken cancellationToken)
   at Microsoft.EntityFrameworkCore.Storage.RelationalCommand.ExecuteReaderAsync(RelationalCommandParameterObject parameterObject, CancellationToken cancellationToken)
   at Microsoft.EntityFrameworkCore.Storage.RelationalCommand.ExecuteReaderAsync(RelationalCommandParameterObject parameterObject, CancellationToken cancellationToken)
   at Microsoft.EntityFrameworkCore.Update.ReaderModificationCommandBatch.ExecuteAsync(IRelationalConnection connection, CancellationToken cancellationToken)
  Exception data:
    Severity: ERROR
    SqlState: 42703
    MessageText: column "IsActive" of relation "Departments" does not exist
    Position: 62
    File: parse_target.c
    Line: 1065
    Routine: checkInsertTargets
   --- End of inner exception stack trace ---
   at Microsoft.EntityFrameworkCore.Update.ReaderModificationCommandBatch.ExecuteAsync(IRelationalConnection connection, CancellationToken cancellationToken)
   at Microsoft.EntityFrameworkCore.Update.Internal.BatchExecutor.ExecuteAsync(IEnumerable`1 commandBatches, IRelationalConnection connection, CancellationToken cancellationToken)
   at Microsoft.EntityFrameworkCore.Update.Internal.BatchExecutor.ExecuteAsync(IEnumerable`1 commandBatches, IRelationalConnection connection, CancellationToken cancellationToken)
   at Microsoft.EntityFrameworkCore.Update.Internal.BatchExecutor.ExecuteAsync(IEnumerable`1 commandBatches, IRelationalConnection connection, CancellationToken cancellationToken)
   at Microsoft.EntityFrameworkCore.Storage.RelationalDatabase.SaveChangesAsync(IList`1 entries, CancellationToken cancellationToken)
   at Microsoft.EntityFrameworkCore.ChangeTracking.Internal.StateManager.SaveChangesAsync(IList`1 entriesToSave, CancellationToken cancellationToken)
   at Microsoft.EntityFrameworkCore.ChangeTracking.Internal.StateManager.SaveChangesAsync(StateManager stateManager, Boolean acceptAllChangesOnSuccess, CancellationToken cancellationToken)
   at Npgsql.EntityFrameworkCore.PostgreSQL.Storage.Internal.NpgsqlExecutionStrategy.ExecuteAsync[TState,TResult](TState state, Func`4 operation, Func`4 verifySucceeded, CancellationToken cancellationToken)
   at Microsoft.EntityFrameworkCore.DbContext.SaveChangesAsync(Boolean acceptAllChangesOnSuccess, CancellationToken cancellationToken) { EventId: { Id: 10000, Name: "Microsoft.EntityFrameworkCore.Update.SaveChangesFailed" }, SourceContext: "Microsoft.EntityFrameworkCore.Update" }

Microsoft.EntityFrameworkCore.DbUpdateException: An error occurred while saving the entity changes. See the inner exception for details.
 ---> Npgsql.PostgresException (0x80004005): 42703: column "IsActive" of relation "Departments" does not exist

POSITION: 62
   at Npgsql.Internal.NpgsqlConnector.ReadMessageLong(Boolean async, DataRowLoadingMode dataRowLoadingMode, Boolean readingNotifications, Boolean isReadingPrependedMessage)
   at System.Runtime.CompilerServices.PoolingAsyncValueTaskMethodBuilder`1.StateMachineBox`1.System.Threading.Tasks.Sources.IValueTaskSource<TResult>.GetResult(Int16 token)
   at Npgsql.NpgsqlDataReader.NextResult(Boolean async, Boolean isConsuming, CancellationToken cancellationToken)
   at Npgsql.NpgsqlDataReader.NextResult(Boolean async, Boolean isConsuming, CancellationToken cancellationToken)
   at Npgsql.NpgsqlCommand.ExecuteReader(Boolean async, CommandBehavior behavior, CancellationToken cancellationToken)
   at Npgsql.NpgsqlCommand.ExecuteReader(Boolean async, CommandBehavior behavior, CancellationToken cancellationToken)
   at Npgsql.NpgsqlCommand.ExecuteDbDataReaderAsync(CommandBehavior behavior, CancellationToken cancellationToken)
   at Microsoft.EntityFrameworkCore.Storage.RelationalCommand.ExecuteReaderAsync(RelationalCommandParameterObject parameterObject, CancellationToken cancellationToken)
   at Microsoft.EntityFrameworkCore.Storage.RelationalCommand.ExecuteReaderAsync(RelationalCommandParameterObject parameterObject, CancellationToken cancellationToken)
   at Microsoft.EntityFrameworkCore.Update.ReaderModificationCommandBatch.ExecuteAsync(IRelationalConnection connection, CancellationToken cancellationToken)
  Exception data:
    Severity: ERROR
    SqlState: 42703
    MessageText: column "IsActive" of relation "Departments" does not exist
    Position: 62
    File: parse_target.c
    Line: 1065
    Routine: checkInsertTargets
   --- End of inner exception stack trace ---
   at Microsoft.EntityFrameworkCore.Update.ReaderModificationCommandBatch.ExecuteAsync(IRelationalConnection connection, CancellationToken cancellationToken)
   at Microsoft.EntityFrameworkCore.Update.Internal.BatchExecutor.ExecuteAsync(IEnumerable`1 commandBatches, IRelationalConnection connection, CancellationToken cancellationToken)
   at Microsoft.EntityFrameworkCore.Update.Internal.BatchExecutor.ExecuteAsync(IEnumerable`1 commandBatches, IRelationalConnection connection, CancellationToken cancellationToken)
   at Microsoft.EntityFrameworkCore.Update.Internal.BatchExecutor.ExecuteAsync(IEnumerable`1 commandBatches, IRelationalConnection connection, CancellationToken cancellationToken)
   at Microsoft.EntityFrameworkCore.Storage.RelationalDatabase.SaveChangesAsync(IList`1 entries, CancellationToken cancellationToken)
   at Microsoft.EntityFrameworkCore.ChangeTracking.Internal.StateManager.SaveChangesAsync(IList`1 entriesToSave, CancellationToken cancellationToken)
   at Microsoft.EntityFrameworkCore.ChangeTracking.Internal.StateManager.SaveChangesAsync(StateManager stateManager, Boolean acceptAllChangesOnSuccess, CancellationToken cancellationToken)
   at Npgsql.EntityFrameworkCore.PostgreSQL.Storage.Internal.NpgsqlExecutionStrategy.ExecuteAsync[TState,TResult](TState state, Func`4 operation, Func`4 verifySucceeded, CancellationToken cancellationToken)
   at Microsoft.EntityFrameworkCore.DbContext.SaveChangesAsync(Boolean acceptAllChangesOnSuccess, CancellationToken cancellationToken)
[11:00:24 INF] No migrations were applied. The database is already up to date. { EventId: { Id: 20405, Name: "Microsoft.EntityFrameworkCore.Migrations.MigrationsNotApplied" }, SourceContext: "Microsoft.EntityFrameworkCore.Migrations" }

[11:00:25 INF] No migrations were applied. The database is already up to date. { EventId: { Id: 20405, Name: "Microsoft.EntityFrameworkCore.Migrations.MigrationsNotApplied" }, SourceContext: "Microsoft.EntityFrameworkCore.Migrations" }

[11:00:25 ERR] Failed executing DbCommand (40ms) [Parameters=[@p0='?' (DbType = Guid), @p1='?' (DbType = DateTime), @p2='?', @p3='?' (DbType = Boolean), @p4='?', @p5='?' (DbType = DateTime), @p6='?' (DbType = Guid), @p7='?' (DbType = DateTime), @p8='?', @p9='?' (DbType = Boolean), @p10='?', @p11='?' (DbType = DateTime), @p12='?' (DbType = Guid), @p13='?' (DbType = DateTime), @p14='?', @p15='?' (DbType = Boolean), @p16='?', @p17='?' (DbType = DateTime), @p18='?' (DbType = Guid), @p19='?' (DbType = DateTime), @p20='?', @p21='?' (DbType = Boolean), @p22='?', @p23='?' (DbType = DateTime)], CommandType='"Text"', CommandTimeout='30']
INSERT INTO "Departments" ("Id", "CreatedAt", "Description", "IsActive", "Name", "UpdatedAt")
VALUES (@p0, @p1, @p2, @p3, @p4, @p5);
INSERT INTO "Departments" ("Id", "CreatedAt", "Description", "IsActive", "Name", "UpdatedAt")
VALUES (@p6, @p7, @p8, @p9, @p10, @p11);
INSERT INTO "Departments" ("Id", "CreatedAt", "Description", "IsActive", "Name", "UpdatedAt")
VALUES (@p12, @p13, @p14, @p15, @p16, @p17);
INSERT INTO "Departments" ("Id", "CreatedAt", "Description", "IsActive", "Name", "UpdatedAt")
VALUES (@p18, @p19, @p20, @p21, @p22, @p23); { EventId: { Id: 20102, Name: "Microsoft.EntityFrameworkCore.Database.Command.CommandError" }, SourceContext: "Microsoft.EntityFrameworkCore.Database.Command" }

[11:00:25 ERR] An exception occurred in the database while saving changes for context type 'BytesRewards.Service.Infrastructure.ApplicationDbContext'.
Microsoft.EntityFrameworkCore.DbUpdateException: An error occurred while saving the entity changes. See the inner exception for details.
 ---> Npgsql.PostgresException (0x80004005): 42703: column "IsActive" of relation "Departments" does not exist

POSITION: 62
   at Npgsql.Internal.NpgsqlConnector.ReadMessageLong(Boolean async, DataRowLoadingMode dataRowLoadingMode, Boolean readingNotifications, Boolean isReadingPrependedMessage)
   at System.Runtime.CompilerServices.PoolingAsyncValueTaskMethodBuilder`1.StateMachineBox`1.System.Threading.Tasks.Sources.IValueTaskSource<TResult>.GetResult(Int16 token)
   at Npgsql.NpgsqlDataReader.NextResult(Boolean async, Boolean isConsuming, CancellationToken cancellationToken)
   at Npgsql.NpgsqlDataReader.NextResult(Boolean async, Boolean isConsuming, CancellationToken cancellationToken)
   at Npgsql.NpgsqlCommand.ExecuteReader(Boolean async, CommandBehavior behavior, CancellationToken cancellationToken)
   at Npgsql.NpgsqlCommand.ExecuteReader(Boolean async, CommandBehavior behavior, CancellationToken cancellationToken)
   at Npgsql.NpgsqlCommand.ExecuteDbDataReaderAsync(CommandBehavior behavior, CancellationToken cancellationToken)
   at Microsoft.EntityFrameworkCore.Storage.RelationalCommand.ExecuteReaderAsync(RelationalCommandParameterObject parameterObject, CancellationToken cancellationToken)
   at Microsoft.EntityFrameworkCore.Storage.RelationalCommand.ExecuteReaderAsync(RelationalCommandParameterObject parameterObject, CancellationToken cancellationToken)
   at Microsoft.EntityFrameworkCore.Update.ReaderModificationCommandBatch.ExecuteAsync(IRelationalConnection connection, CancellationToken cancellationToken)
  Exception data:
    Severity: ERROR
    SqlState: 42703
    MessageText: column "IsActive" of relation "Departments" does not exist
    Position: 62
    File: parse_target.c
    Line: 1065
    Routine: checkInsertTargets
   --- End of inner exception stack trace ---
   at Microsoft.EntityFrameworkCore.Update.ReaderModificationCommandBatch.ExecuteAsync(IRelationalConnection connection, CancellationToken cancellationToken)
   at Microsoft.EntityFrameworkCore.Update.Internal.BatchExecutor.ExecuteAsync(IEnumerable`1 commandBatches, IRelationalConnection connection, CancellationToken cancellationToken)
   at Microsoft.EntityFrameworkCore.Update.Internal.BatchExecutor.ExecuteAsync(IEnumerable`1 commandBatches, IRelationalConnection connection, CancellationToken cancellationToken)
   at Microsoft.EntityFrameworkCore.Update.Internal.BatchExecutor.ExecuteAsync(IEnumerable`1 commandBatches, IRelationalConnection connection, CancellationToken cancellationToken)
   at Microsoft.EntityFrameworkCore.Storage.RelationalDatabase.SaveChangesAsync(IList`1 entries, CancellationToken cancellationToken)
   at Microsoft.EntityFrameworkCore.ChangeTracking.Internal.StateManager.SaveChangesAsync(IList`1 entriesToSave, CancellationToken cancellationToken)
   at Microsoft.EntityFrameworkCore.ChangeTracking.Internal.StateManager.SaveChangesAsync(StateManager stateManager, Boolean acceptAllChangesOnSuccess, CancellationToken cancellationToken)
   at Npgsql.EntityFrameworkCore.PostgreSQL.Storage.Internal.NpgsqlExecutionStrategy.ExecuteAsync[TState,TResult](TState state, Func`4 operation, Func`4 verifySucceeded, CancellationToken cancellationToken)
   at Microsoft.EntityFrameworkCore.DbContext.SaveChangesAsync(Boolean acceptAllChangesOnSuccess, CancellationToken cancellationToken) { EventId: { Id: 10000, Name: "Microsoft.EntityFrameworkCore.Update.SaveChangesFailed" }, SourceContext: "Microsoft.EntityFrameworkCore.Update" }

Microsoft.EntityFrameworkCore.DbUpdateException: An error occurred while saving the entity changes. See the inner exception for details.
 ---> Npgsql.PostgresException (0x80004005): 42703: column "IsActive" of relation "Departments" does not exist

POSITION: 62
   at Npgsql.Internal.NpgsqlConnector.ReadMessageLong(Boolean async, DataRowLoadingMode dataRowLoadingMode, Boolean readingNotifications, Boolean isReadingPrependedMessage)
   at System.Runtime.CompilerServices.PoolingAsyncValueTaskMethodBuilder`1.StateMachineBox`1.System.Threading.Tasks.Sources.IValueTaskSource<TResult>.GetResult(Int16 token)
   at Npgsql.NpgsqlDataReader.NextResult(Boolean async, Boolean isConsuming, CancellationToken cancellationToken)
   at Npgsql.NpgsqlDataReader.NextResult(Boolean async, Boolean isConsuming, CancellationToken cancellationToken)
   at Npgsql.NpgsqlCommand.ExecuteReader(Boolean async, CommandBehavior behavior, CancellationToken cancellationToken)
   at Npgsql.NpgsqlCommand.ExecuteReader(Boolean async, CommandBehavior behavior, CancellationToken cancellationToken)
   at Npgsql.NpgsqlCommand.ExecuteDbDataReaderAsync(CommandBehavior behavior, CancellationToken cancellationToken)
   at Microsoft.EntityFrameworkCore.Storage.RelationalCommand.ExecuteReaderAsync(RelationalCommandParameterObject parameterObject, CancellationToken cancellationToken)
   at Microsoft.EntityFrameworkCore.Storage.RelationalCommand.ExecuteReaderAsync(RelationalCommandParameterObject parameterObject, CancellationToken cancellationToken)
   at Microsoft.EntityFrameworkCore.Update.ReaderModificationCommandBatch.ExecuteAsync(IRelationalConnection connection, CancellationToken cancellationToken)
  Exception data:
    Severity: ERROR
    SqlState: 42703
    MessageText: column "IsActive" of relation "Departments" does not exist
    Position: 62
    File: parse_target.c
    Line: 1065
    Routine: checkInsertTargets
   --- End of inner exception stack trace ---
   at Microsoft.EntityFrameworkCore.Update.ReaderModificationCommandBatch.ExecuteAsync(IRelationalConnection connection, CancellationToken cancellationToken)
   at Microsoft.EntityFrameworkCore.Update.Internal.BatchExecutor.ExecuteAsync(IEnumerable`1 commandBatches, IRelationalConnection connection, CancellationToken cancellationToken)
   at Microsoft.EntityFrameworkCore.Update.Internal.BatchExecutor.ExecuteAsync(IEnumerable`1 commandBatches, IRelationalConnection connection, CancellationToken cancellationToken)
   at Microsoft.EntityFrameworkCore.Update.Internal.BatchExecutor.ExecuteAsync(IEnumerable`1 commandBatches, IRelationalConnection connection, CancellationToken cancellationToken)
   at Microsoft.EntityFrameworkCore.Storage.RelationalDatabase.SaveChangesAsync(IList`1 entries, CancellationToken cancellationToken)
   at Microsoft.EntityFrameworkCore.ChangeTracking.Internal.StateManager.SaveChangesAsync(IList`1 entriesToSave, CancellationToken cancellationToken)
   at Microsoft.EntityFrameworkCore.ChangeTracking.Internal.StateManager.SaveChangesAsync(StateManager stateManager, Boolean acceptAllChangesOnSuccess, CancellationToken cancellationToken)
   at Npgsql.EntityFrameworkCore.PostgreSQL.Storage.Internal.NpgsqlExecutionStrategy.ExecuteAsync[TState,TResult](TState state, Func`4 operation, Func`4 verifySucceeded, CancellationToken cancellationToken)
   at Microsoft.EntityFrameworkCore.DbContext.SaveChangesAsync(Boolean acceptAllChangesOnSuccess, CancellationToken cancellationToken)
[11:02:05 INF] Applying migration '20260604053104_DepartmentChanged'. { EventId: { Id: 20402, Name: "Microsoft.EntityFrameworkCore.Migrations.MigrationApplying" }, SourceContext: "Microsoft.EntityFrameworkCore.Migrations" }

[11:02:05 INF] No migrations were applied. The database is already up to date. { EventId: { Id: 20405, Name: "Microsoft.EntityFrameworkCore.Migrations.MigrationsNotApplied" }, SourceContext: "Microsoft.EntityFrameworkCore.Migrations" }

[11:02:05 ERR] Failed executing DbCommand (22ms) [Parameters=[@p0='?' (DbType = Guid), @p1='?' (DbType = DateTime), @p2='?', @p3='?' (DbType = Boolean), @p4='?', @p5='?' (DbType = DateTime), @p6='?' (DbType = Guid), @p7='?' (DbType = DateTime), @p8='?', @p9='?' (DbType = Boolean), @p10='?', @p11='?' (DbType = DateTime), @p12='?' (DbType = Guid), @p13='?' (DbType = DateTime), @p14='?', @p15='?' (DbType = Boolean), @p16='?', @p17='?' (DbType = DateTime), @p18='?' (DbType = Guid), @p19='?' (DbType = DateTime), @p20='?', @p21='?' (DbType = Boolean), @p22='?', @p23='?' (DbType = DateTime)], CommandType='"Text"', CommandTimeout='30']
INSERT INTO "Departments" ("Id", "CreatedAt", "Description", "IsActive", "Name", "UpdatedAt")
VALUES (@p0, @p1, @p2, @p3, @p4, @p5);
INSERT INTO "Departments" ("Id", "CreatedAt", "Description", "IsActive", "Name", "UpdatedAt")
VALUES (@p6, @p7, @p8, @p9, @p10, @p11);
INSERT INTO "Departments" ("Id", "CreatedAt", "Description", "IsActive", "Name", "UpdatedAt")
VALUES (@p12, @p13, @p14, @p15, @p16, @p17);
INSERT INTO "Departments" ("Id", "CreatedAt", "Description", "IsActive", "Name", "UpdatedAt")
VALUES (@p18, @p19, @p20, @p21, @p22, @p23); { EventId: { Id: 20102, Name: "Microsoft.EntityFrameworkCore.Database.Command.CommandError" }, SourceContext: "Microsoft.EntityFrameworkCore.Database.Command" }

[11:02:05 ERR] An exception occurred in the database while saving changes for context type 'BytesRewards.Service.Infrastructure.ApplicationDbContext'.
Microsoft.EntityFrameworkCore.DbUpdateException: An error occurred while saving the entity changes. See the inner exception for details.
 ---> Npgsql.PostgresException (0x80004005): 42703: column "IsActive" of relation "Departments" does not exist

POSITION: 62
   at Npgsql.Internal.NpgsqlConnector.ReadMessageLong(Boolean async, DataRowLoadingMode dataRowLoadingMode, Boolean readingNotifications, Boolean isReadingPrependedMessage)
   at System.Runtime.CompilerServices.PoolingAsyncValueTaskMethodBuilder`1.StateMachineBox`1.System.Threading.Tasks.Sources.IValueTaskSource<TResult>.GetResult(Int16 token)
   at Npgsql.NpgsqlDataReader.NextResult(Boolean async, Boolean isConsuming, CancellationToken cancellationToken)
   at Npgsql.NpgsqlDataReader.NextResult(Boolean async, Boolean isConsuming, CancellationToken cancellationToken)
   at Npgsql.NpgsqlCommand.ExecuteReader(Boolean async, CommandBehavior behavior, CancellationToken cancellationToken)
   at Npgsql.NpgsqlCommand.ExecuteReader(Boolean async, CommandBehavior behavior, CancellationToken cancellationToken)
   at Npgsql.NpgsqlCommand.ExecuteDbDataReaderAsync(CommandBehavior behavior, CancellationToken cancellationToken)
   at Microsoft.EntityFrameworkCore.Storage.RelationalCommand.ExecuteReaderAsync(RelationalCommandParameterObject parameterObject, CancellationToken cancellationToken)
   at Microsoft.EntityFrameworkCore.Storage.RelationalCommand.ExecuteReaderAsync(RelationalCommandParameterObject parameterObject, CancellationToken cancellationToken)
   at Microsoft.EntityFrameworkCore.Update.ReaderModificationCommandBatch.ExecuteAsync(IRelationalConnection connection, CancellationToken cancellationToken)
  Exception data:
    Severity: ERROR
    SqlState: 42703
    MessageText: column "IsActive" of relation "Departments" does not exist
    Position: 62
    File: parse_target.c
    Line: 1065
    Routine: checkInsertTargets
   --- End of inner exception stack trace ---
   at Microsoft.EntityFrameworkCore.Update.ReaderModificationCommandBatch.ExecuteAsync(IRelationalConnection connection, CancellationToken cancellationToken)
   at Microsoft.EntityFrameworkCore.Update.Internal.BatchExecutor.ExecuteAsync(IEnumerable`1 commandBatches, IRelationalConnection connection, CancellationToken cancellationToken)
   at Microsoft.EntityFrameworkCore.Update.Internal.BatchExecutor.ExecuteAsync(IEnumerable`1 commandBatches, IRelationalConnection connection, CancellationToken cancellationToken)
   at Microsoft.EntityFrameworkCore.Update.Internal.BatchExecutor.ExecuteAsync(IEnumerable`1 commandBatches, IRelationalConnection connection, CancellationToken cancellationToken)
   at Microsoft.EntityFrameworkCore.Storage.RelationalDatabase.SaveChangesAsync(IList`1 entries, CancellationToken cancellationToken)
   at Microsoft.EntityFrameworkCore.ChangeTracking.Internal.StateManager.SaveChangesAsync(IList`1 entriesToSave, CancellationToken cancellationToken)
   at Microsoft.EntityFrameworkCore.ChangeTracking.Internal.StateManager.SaveChangesAsync(StateManager stateManager, Boolean acceptAllChangesOnSuccess, CancellationToken cancellationToken)
   at Npgsql.EntityFrameworkCore.PostgreSQL.Storage.Internal.NpgsqlExecutionStrategy.ExecuteAsync[TState,TResult](TState state, Func`4 operation, Func`4 verifySucceeded, CancellationToken cancellationToken)
   at Microsoft.EntityFrameworkCore.DbContext.SaveChangesAsync(Boolean acceptAllChangesOnSuccess, CancellationToken cancellationToken) { EventId: { Id: 10000, Name: "Microsoft.EntityFrameworkCore.Update.SaveChangesFailed" }, SourceContext: "Microsoft.EntityFrameworkCore.Update" }

Microsoft.EntityFrameworkCore.DbUpdateException: An error occurred while saving the entity changes. See the inner exception for details.
 ---> Npgsql.PostgresException (0x80004005): 42703: column "IsActive" of relation "Departments" does not exist

POSITION: 62
   at Npgsql.Internal.NpgsqlConnector.ReadMessageLong(Boolean async, DataRowLoadingMode dataRowLoadingMode, Boolean readingNotifications, Boolean isReadingPrependedMessage)
   at System.Runtime.CompilerServices.PoolingAsyncValueTaskMethodBuilder`1.StateMachineBox`1.System.Threading.Tasks.Sources.IValueTaskSource<TResult>.GetResult(Int16 token)
   at Npgsql.NpgsqlDataReader.NextResult(Boolean async, Boolean isConsuming, CancellationToken cancellationToken)
   at Npgsql.NpgsqlDataReader.NextResult(Boolean async, Boolean isConsuming, CancellationToken cancellationToken)
   at Npgsql.NpgsqlCommand.ExecuteReader(Boolean async, CommandBehavior behavior, CancellationToken cancellationToken)
   at Npgsql.NpgsqlCommand.ExecuteReader(Boolean async, CommandBehavior behavior, CancellationToken cancellationToken)
   at Npgsql.NpgsqlCommand.ExecuteDbDataReaderAsync(CommandBehavior behavior, CancellationToken cancellationToken)
   at Microsoft.EntityFrameworkCore.Storage.RelationalCommand.ExecuteReaderAsync(RelationalCommandParameterObject parameterObject, CancellationToken cancellationToken)
   at Microsoft.EntityFrameworkCore.Storage.RelationalCommand.ExecuteReaderAsync(RelationalCommandParameterObject parameterObject, CancellationToken cancellationToken)
   at Microsoft.EntityFrameworkCore.Update.ReaderModificationCommandBatch.ExecuteAsync(IRelationalConnection connection, CancellationToken cancellationToken)
  Exception data:
    Severity: ERROR
    SqlState: 42703
    MessageText: column "IsActive" of relation "Departments" does not exist
    Position: 62
    File: parse_target.c
    Line: 1065
    Routine: checkInsertTargets
   --- End of inner exception stack trace ---
   at Microsoft.EntityFrameworkCore.Update.ReaderModificationCommandBatch.ExecuteAsync(IRelationalConnection connection, CancellationToken cancellationToken)
   at Microsoft.EntityFrameworkCore.Update.Internal.BatchExecutor.ExecuteAsync(IEnumerable`1 commandBatches, IRelationalConnection connection, CancellationToken cancellationToken)
   at Microsoft.EntityFrameworkCore.Update.Internal.BatchExecutor.ExecuteAsync(IEnumerable`1 commandBatches, IRelationalConnection connection, CancellationToken cancellationToken)
   at Microsoft.EntityFrameworkCore.Update.Internal.BatchExecutor.ExecuteAsync(IEnumerable`1 commandBatches, IRelationalConnection connection, CancellationToken cancellationToken)
   at Microsoft.EntityFrameworkCore.Storage.RelationalDatabase.SaveChangesAsync(IList`1 entries, CancellationToken cancellationToken)
   at Microsoft.EntityFrameworkCore.ChangeTracking.Internal.StateManager.SaveChangesAsync(IList`1 entriesToSave, CancellationToken cancellationToken)
   at Microsoft.EntityFrameworkCore.ChangeTracking.Internal.StateManager.SaveChangesAsync(StateManager stateManager, Boolean acceptAllChangesOnSuccess, CancellationToken cancellationToken)
   at Npgsql.EntityFrameworkCore.PostgreSQL.Storage.Internal.NpgsqlExecutionStrategy.ExecuteAsync[TState,TResult](TState state, Func`4 operation, Func`4 verifySucceeded, CancellationToken cancellationToken)
   at Microsoft.EntityFrameworkCore.DbContext.SaveChangesAsync(Boolean acceptAllChangesOnSuccess, CancellationToken cancellationToken)
[11:04:56 INF] Applying migration '20260604053428_InitialMigration'. { EventId: { Id: 20402, Name: "Microsoft.EntityFrameworkCore.Migrations.MigrationApplying" }, SourceContext: "Microsoft.EntityFrameworkCore.Migrations" }

[11:04:56 ERR] Failed executing DbCommand (31ms) [Parameters=[], CommandType='"Text"', CommandTimeout='30']
CREATE TABLE "Departments" (
    "Id" uuid NOT NULL,
    "Name" text NOT NULL,
    "Description" text NOT NULL,
    "IsActive" boolean NOT NULL,
    "CreatedAt" timestamp with time zone NOT NULL,
    "UpdatedAt" timestamp with time zone,
    CONSTRAINT "PK_Departments" PRIMARY KEY ("Id")
); { EventId: { Id: 20102, Name: "Microsoft.EntityFrameworkCore.Database.Command.CommandError" }, SourceContext: "Microsoft.EntityFrameworkCore.Database.Command" }

[11:11:25 INF] Applying migration '20260604054108_InitialMigration'. { EventId: { Id: 20402, Name: "Microsoft.EntityFrameworkCore.Migrations.MigrationApplying" }, SourceContext: "Microsoft.EntityFrameworkCore.Migrations" }

[11:11:25 INF] No migrations were applied. The database is already up to date. { EventId: { Id: 20405, Name: "Microsoft.EntityFrameworkCore.Migrations.MigrationsNotApplied" }, SourceContext: "Microsoft.EntityFrameworkCore.Migrations" }

[11:11:26 WRN] The property 'AuditLog.Metadata' is a collection or enumeration type with a value converter but with no value comparer. Set a value comparer to ensure the collection/enumeration elements are compared correctly. { EventId: { Id: 10620, Name: "Microsoft.EntityFrameworkCore.Model.Validation.CollectionWithoutComparer" }, SourceContext: "Microsoft.EntityFrameworkCore.Model.Validation" }

[11:11:26 INF] Registered 6 endpoints in 4,916 milliseconds. { EventId: { Id: 1, Name: "EndpointsRegistered" }, SourceContext: "FastEndpoints.StartupTimer" }

[11:11:28 INF] No validators found in the system! { EventId: { Id: 1, Name: "NoValidatorsFound" }, SourceContext: "FastEndpoints.Swagger.ValidationSchemaProcessor" }

[11:11:28 INF] User profile is available. Using 'C:\Users\MariyaAF\AppData\Local\ASP.NET\DataProtection-Keys' as key repository and Windows DPAPI to encrypt keys at rest. { EventId: { Id: 63, Name: "UsingProfileAsKeyRepositoryWithDPAPI" }, SourceContext: "Microsoft.AspNetCore.DataProtection.KeyManagement.XmlKeyManager" }

[11:11:28 WRN] The property 'AuditLog.Metadata' is a collection or enumeration type with a value converter but with no value comparer. Set a value comparer to ensure the collection/enumeration elements are compared correctly. { EventId: { Id: 10620, Name: "Microsoft.EntityFrameworkCore.Model.Validation.CollectionWithoutComparer" }, SourceContext: "Microsoft.EntityFrameworkCore.Model.Validation" }

[11:11:28 INF] No migrations were found in assembly 'BytesRewards.Service'. A migration needs to be added before the database can be updated. { EventId: { Id: 20406, Name: "Microsoft.EntityFrameworkCore.Migrations.MigrationsNotFound" }, SourceContext: "Microsoft.EntityFrameworkCore.Migrations" }

[11:11:28 INF] No migrations were applied. The database is already up to date. { EventId: { Id: 20405, Name: "Microsoft.EntityFrameworkCore.Migrations.MigrationsNotApplied" }, SourceContext: "Microsoft.EntityFrameworkCore.Migrations" }

[11:11:28 INF] Now listening on: http://localhost:60917 { EventId: { Id: 14, Name: "ListeningOnAddress" }, SourceContext: "Microsoft.Hosting.Lifetime" }

[11:11:28 INF] Application started. Press Ctrl+C to shut down. { SourceContext: "Microsoft.Hosting.Lifetime" }

[11:11:28 INF] Hosting environment: Development { SourceContext: "Microsoft.Hosting.Lifetime" }

[11:11:28 INF] Content root path: C:\Users\MariyaAF\Desktop\BytesRewards\BytesRewards\src\BytesRewards.Service { SourceContext: "Microsoft.Hosting.Lifetime" }

[11:12:34 INF] CORS policy execution successful. { EventId: { Id: 4, Name: "PolicySuccess" }, SourceContext: "Microsoft.AspNetCore.Cors.Infrastructure.CorsService", RequestId: "0HNM1VGA0R18V:00000001", RequestPath: "/departments", ConnectionId: "0HNM1VGA0R18V" }

[11:12:34 INF] CORS policy execution successful. { EventId: { Id: 4, Name: "PolicySuccess" }, SourceContext: "Microsoft.AspNetCore.Cors.Infrastructure.CorsService", RequestId: "0HNM1VGA0R18U:00000001", RequestPath: "/roles", ConnectionId: "0HNM1VGA0R18U" }

[11:12:34 INF] CORS policy execution successful. { EventId: { Id: 4, Name: "PolicySuccess" }, SourceContext: "Microsoft.AspNetCore.Cors.Infrastructure.CorsService", RequestId: "0HNM1VGA0R190:00000001", RequestPath: "/users", ConnectionId: "0HNM1VGA0R190" }

[11:12:34 INF] CORS policy execution successful. { EventId: { Id: 4, Name: "PolicySuccess" }, SourceContext: "Microsoft.AspNetCore.Cors.Infrastructure.CorsService", RequestId: "0HNM1VGA0R18V:00000002", RequestPath: "/users", ConnectionId: "0HNM1VGA0R18V" }

[11:12:34 INF] CORS policy execution successful. { EventId: { Id: 4, Name: "PolicySuccess" }, SourceContext: "Microsoft.AspNetCore.Cors.Infrastructure.CorsService", RequestId: "0HNM1VGA0R18U:00000002", RequestPath: "/roles", ConnectionId: "0HNM1VGA0R18U" }

[11:12:34 INF] CORS policy execution successful. { EventId: { Id: 4, Name: "PolicySuccess" }, SourceContext: "Microsoft.AspNetCore.Cors.Infrastructure.CorsService", RequestId: "0HNM1VGA0R190:00000002", RequestPath: "/departments", ConnectionId: "0HNM1VGA0R190" }

[11:12:35 INF] Failed to validate the token. { EventId: { Id: 1, Name: "TokenValidationFailed" }, SourceContext: "Microsoft.AspNetCore.Authentication.JwtBearer.JwtBearerHandler", RequestId: "0HNM1VGA0R18V:00000002", RequestPath: "/users", ConnectionId: "0HNM1VGA0R18V" }

Microsoft.IdentityModel.Tokens.SecurityTokenExpiredException: IDX10223: Lifetime validation failed. The token is expired. ValidTo (UTC): '04-06-2026 5.22.41 AM', Current time (UTC): '04-06-2026 5.42.35 AM'.
   at Microsoft.IdentityModel.Tokens.ValidatorUtilities.ValidateLifetime(Nullable`1 notBefore, Nullable`1 expires, SecurityToken securityToken, TokenValidationParameters validationParameters)
   at Microsoft.IdentityModel.Tokens.Validators.ValidateLifetime(Nullable`1 notBefore, Nullable`1 expires, SecurityToken securityToken, TokenValidationParameters validationParameters)
   at Microsoft.IdentityModel.JsonWebTokens.JsonWebTokenHandler.ValidateTokenPayloadAsync(JsonWebToken jsonWebToken, TokenValidationParameters validationParameters, BaseConfiguration configuration)
   at Microsoft.IdentityModel.JsonWebTokens.JsonWebTokenHandler.ValidateJWSAsync(JsonWebToken jsonWebToken, TokenValidationParameters validationParameters, BaseConfiguration configuration)
[11:12:35 INF] Failed to validate the token. { EventId: { Id: 1, Name: "TokenValidationFailed" }, SourceContext: "Microsoft.AspNetCore.Authentication.JwtBearer.JwtBearerHandler", RequestId: "0HNM1VGA0R18U:00000002", RequestPath: "/roles", ConnectionId: "0HNM1VGA0R18U" }

Microsoft.IdentityModel.Tokens.SecurityTokenExpiredException: IDX10223: Lifetime validation failed. The token is expired. ValidTo (UTC): '04-06-2026 5.22.41 AM', Current time (UTC): '04-06-2026 5.42.35 AM'.
   at Microsoft.IdentityModel.Tokens.ValidatorUtilities.ValidateLifetime(Nullable`1 notBefore, Nullable`1 expires, SecurityToken securityToken, TokenValidationParameters validationParameters)
   at Microsoft.IdentityModel.Tokens.Validators.ValidateLifetime(Nullable`1 notBefore, Nullable`1 expires, SecurityToken securityToken, TokenValidationParameters validationParameters)
   at Microsoft.IdentityModel.JsonWebTokens.JsonWebTokenHandler.ValidateTokenPayloadAsync(JsonWebToken jsonWebToken, TokenValidationParameters validationParameters, BaseConfiguration configuration)
   at Microsoft.IdentityModel.JsonWebTokens.JsonWebTokenHandler.ValidateJWSAsync(JsonWebToken jsonWebToken, TokenValidationParameters validationParameters, BaseConfiguration configuration)
[11:12:35 INF] Failed to validate the token. { EventId: { Id: 1, Name: "TokenValidationFailed" }, SourceContext: "Microsoft.AspNetCore.Authentication.JwtBearer.JwtBearerHandler", RequestId: "0HNM1VGA0R190:00000002", RequestPath: "/departments", ConnectionId: "0HNM1VGA0R190" }

Microsoft.IdentityModel.Tokens.SecurityTokenExpiredException: IDX10223: Lifetime validation failed. The token is expired. ValidTo (UTC): '04-06-2026 5.22.41 AM', Current time (UTC): '04-06-2026 5.42.35 AM'.
   at Microsoft.IdentityModel.Tokens.ValidatorUtilities.ValidateLifetime(Nullable`1 notBefore, Nullable`1 expires, SecurityToken securityToken, TokenValidationParameters validationParameters)
   at Microsoft.IdentityModel.Tokens.Validators.ValidateLifetime(Nullable`1 notBefore, Nullable`1 expires, SecurityToken securityToken, TokenValidationParameters validationParameters)
   at Microsoft.IdentityModel.JsonWebTokens.JsonWebTokenHandler.ValidateTokenPayloadAsync(JsonWebToken jsonWebToken, TokenValidationParameters validationParameters, BaseConfiguration configuration)
   at Microsoft.IdentityModel.JsonWebTokens.JsonWebTokenHandler.ValidateJWSAsync(JsonWebToken jsonWebToken, TokenValidationParameters validationParameters, BaseConfiguration configuration)
[11:12:35 INF] Bearer was not authenticated. Failure message: IDX10223: Lifetime validation failed. The token is expired. ValidTo (UTC): '04-06-2026 5.22.41 AM', Current time (UTC): '04-06-2026 5.42.35 AM'. { EventId: { Id: 7, Name: "AuthenticationSchemeNotAuthenticatedWithFailure" }, SourceContext: "Microsoft.AspNetCore.Authentication.JwtBearer.JwtBearerHandler", RequestId: "0HNM1VGA0R18V:00000002", RequestPath: "/users", ConnectionId: "0HNM1VGA0R18V" }

[11:12:35 INF] Bearer was not authenticated. Failure message: IDX10223: Lifetime validation failed. The token is expired. ValidTo (UTC): '04-06-2026 5.22.41 AM', Current time (UTC): '04-06-2026 5.42.35 AM'. { EventId: { Id: 7, Name: "AuthenticationSchemeNotAuthenticatedWithFailure" }, SourceContext: "Microsoft.AspNetCore.Authentication.JwtBearer.JwtBearerHandler", RequestId: "0HNM1VGA0R18U:00000002", RequestPath: "/roles", ConnectionId: "0HNM1VGA0R18U" }

[11:12:35 INF] Bearer was not authenticated. Failure message: IDX10223: Lifetime validation failed. The token is expired. ValidTo (UTC): '04-06-2026 5.22.41 AM', Current time (UTC): '04-06-2026 5.42.35 AM'. { EventId: { Id: 7, Name: "AuthenticationSchemeNotAuthenticatedWithFailure" }, SourceContext: "Microsoft.AspNetCore.Authentication.JwtBearer.JwtBearerHandler", RequestId: "0HNM1VGA0R190:00000002", RequestPath: "/departments", ConnectionId: "0HNM1VGA0R190" }

[11:12:35 INF] Executing endpoint 'HTTP: GET /departments' { EventId: { Name: "ExecutingEndpoint" }, SourceContext: "Microsoft.AspNetCore.Routing.EndpointMiddleware", RequestId: "0HNM1VGA0R190:00000002", RequestPath: "/departments", ConnectionId: "0HNM1VGA0R190" }

[11:12:35 INF] Authorization failed. These requirements were not met:
DenyAnonymousAuthorizationRequirement: Requires an authenticated user.
RolesAuthorizationRequirement:User.IsInRole must be true for one of the following roles: (admin) { EventId: { Id: 2, Name: "UserAuthorizationFailed" }, SourceContext: "Microsoft.AspNetCore.Authorization.DefaultAuthorizationService", RequestId: "0HNM1VGA0R18V:00000002", RequestPath: "/users", ConnectionId: "0HNM1VGA0R18V" }

[11:12:35 INF] AuthenticationScheme: Bearer was challenged. { EventId: { Id: 12, Name: "AuthenticationSchemeChallenged" }, SourceContext: "Microsoft.AspNetCore.Authentication.JwtBearer.JwtBearerHandler", RequestId: "0HNM1VGA0R18V:00000002", RequestPath: "/users", ConnectionId: "0HNM1VGA0R18V" }

[11:12:35 INF] Handling GetDepartmentsQuery { SourceContext: "AppWeaver.Mediator.Behaviors.LoggingBehavior", RequestId: "0HNM1VGA0R190:00000002", RequestPath: "/departments", ConnectionId: "0HNM1VGA0R190" }

[11:12:35 INF] Handled GetDepartmentsQuery { SourceContext: "AppWeaver.Mediator.Behaviors.LoggingBehavior", RequestId: "0HNM1VGA0R190:00000002", RequestPath: "/departments", ConnectionId: "0HNM1VGA0R190" }

[11:12:35 INF] Executed endpoint 'HTTP: GET /departments' { EventId: { Id: 1, Name: "ExecutedEndpoint" }, SourceContext: "Microsoft.AspNetCore.Routing.EndpointMiddleware", RequestId: "0HNM1VGA0R190:00000002", RequestPath: "/departments", ConnectionId: "0HNM1VGA0R190" }

[11:13:51 INF] CORS policy execution successful. { EventId: { Id: 4, Name: "PolicySuccess" }, SourceContext: "Microsoft.AspNetCore.Cors.Infrastructure.CorsService", RequestId: "0HNM1VGA0R190:00000003", RequestPath: "/users", ConnectionId: "0HNM1VGA0R190" }

[11:13:51 INF] CORS policy execution successful. { EventId: { Id: 4, Name: "PolicySuccess" }, SourceContext: "Microsoft.AspNetCore.Cors.Infrastructure.CorsService", RequestId: "0HNM1VGA0R190:00000004", RequestPath: "/users", ConnectionId: "0HNM1VGA0R190" }

[11:13:51 INF] Failed to validate the token. { EventId: { Id: 1, Name: "TokenValidationFailed" }, SourceContext: "Microsoft.AspNetCore.Authentication.JwtBearer.JwtBearerHandler", RequestId: "0HNM1VGA0R190:00000004", RequestPath: "/users", ConnectionId: "0HNM1VGA0R190" }

Microsoft.IdentityModel.Tokens.SecurityTokenExpiredException: IDX10223: Lifetime validation failed. The token is expired. ValidTo (UTC): '04-06-2026 5.22.41 AM', Current time (UTC): '04-06-2026 5.43.51 AM'.
   at Microsoft.IdentityModel.Tokens.ValidatorUtilities.ValidateLifetime(Nullable`1 notBefore, Nullable`1 expires, SecurityToken securityToken, TokenValidationParameters validationParameters)
   at Microsoft.IdentityModel.Tokens.Validators.ValidateLifetime(Nullable`1 notBefore, Nullable`1 expires, SecurityToken securityToken, TokenValidationParameters validationParameters)
   at Microsoft.IdentityModel.JsonWebTokens.JsonWebTokenHandler.ValidateTokenPayloadAsync(JsonWebToken jsonWebToken, TokenValidationParameters validationParameters, BaseConfiguration configuration)
   at Microsoft.IdentityModel.JsonWebTokens.JsonWebTokenHandler.ValidateJWSAsync(JsonWebToken jsonWebToken, TokenValidationParameters validationParameters, BaseConfiguration configuration)
[11:13:51 INF] Bearer was not authenticated. Failure message: IDX10223: Lifetime validation failed. The token is expired. ValidTo (UTC): '04-06-2026 5.22.41 AM', Current time (UTC): '04-06-2026 5.43.51 AM'. { EventId: { Id: 7, Name: "AuthenticationSchemeNotAuthenticatedWithFailure" }, SourceContext: "Microsoft.AspNetCore.Authentication.JwtBearer.JwtBearerHandler", RequestId: "0HNM1VGA0R190:00000004", RequestPath: "/users", ConnectionId: "0HNM1VGA0R190" }

[11:13:51 INF] Authorization failed. These requirements were not met:
DenyAnonymousAuthorizationRequirement: Requires an authenticated user.
RolesAuthorizationRequirement:User.IsInRole must be true for one of the following roles: (admin) { EventId: { Id: 2, Name: "UserAuthorizationFailed" }, SourceContext: "Microsoft.AspNetCore.Authorization.DefaultAuthorizationService", RequestId: "0HNM1VGA0R190:00000004", RequestPath: "/users", ConnectionId: "0HNM1VGA0R190" }

[11:13:51 INF] AuthenticationScheme: Bearer was challenged. { EventId: { Id: 12, Name: "AuthenticationSchemeChallenged" }, SourceContext: "Microsoft.AspNetCore.Authentication.JwtBearer.JwtBearerHandler", RequestId: "0HNM1VGA0R190:00000004", RequestPath: "/users", ConnectionId: "0HNM1VGA0R190" }

[11:14:40 INF] CORS policy execution successful. { EventId: { Id: 4, Name: "PolicySuccess" }, SourceContext: "Microsoft.AspNetCore.Cors.Infrastructure.CorsService", RequestId: "0HNM1VGA0R190:00000005", RequestPath: "/users", ConnectionId: "0HNM1VGA0R190" }

[11:14:40 INF] CORS policy execution successful. { EventId: { Id: 4, Name: "PolicySuccess" }, SourceContext: "Microsoft.AspNetCore.Cors.Infrastructure.CorsService", RequestId: "0HNM1VGA0R18V:00000003", RequestPath: "/roles", ConnectionId: "0HNM1VGA0R18V" }

[11:14:40 INF] CORS policy execution successful. { EventId: { Id: 4, Name: "PolicySuccess" }, SourceContext: "Microsoft.AspNetCore.Cors.Infrastructure.CorsService", RequestId: "0HNM1VGA0R190:00000006", RequestPath: "/users", ConnectionId: "0HNM1VGA0R190" }

[11:14:40 INF] CORS policy execution successful. { EventId: { Id: 4, Name: "PolicySuccess" }, SourceContext: "Microsoft.AspNetCore.Cors.Infrastructure.CorsService", RequestId: "0HNM1VGA0R18U:00000003", RequestPath: "/departments", ConnectionId: "0HNM1VGA0R18U" }

[11:14:40 INF] CORS policy execution successful. { EventId: { Id: 4, Name: "PolicySuccess" }, SourceContext: "Microsoft.AspNetCore.Cors.Infrastructure.CorsService", RequestId: "0HNM1VGA0R18V:00000004", RequestPath: "/roles", ConnectionId: "0HNM1VGA0R18V" }

[11:14:40 INF] CORS policy execution successful. { EventId: { Id: 4, Name: "PolicySuccess" }, SourceContext: "Microsoft.AspNetCore.Cors.Infrastructure.CorsService", RequestId: "0HNM1VGA0R18U:00000004", RequestPath: "/departments", ConnectionId: "0HNM1VGA0R18U" }

[11:14:40 INF] Executing endpoint 'HTTP: GET /departments' { EventId: { Name: "ExecutingEndpoint" }, SourceContext: "Microsoft.AspNetCore.Routing.EndpointMiddleware", RequestId: "0HNM1VGA0R18U:00000004", RequestPath: "/departments", ConnectionId: "0HNM1VGA0R18U" }

[11:14:40 INF] Executing endpoint 'HTTP: GET /users' { EventId: { Name: "ExecutingEndpoint" }, SourceContext: "Microsoft.AspNetCore.Routing.EndpointMiddleware", RequestId: "0HNM1VGA0R190:00000006", RequestPath: "/users", ConnectionId: "0HNM1VGA0R190" }

[11:14:40 INF] Handling GetDepartmentsQuery { SourceContext: "AppWeaver.Mediator.Behaviors.LoggingBehavior", RequestId: "0HNM1VGA0R18U:00000004", RequestPath: "/departments", ConnectionId: "0HNM1VGA0R18U" }

[11:14:40 INF] Handled GetDepartmentsQuery { SourceContext: "AppWeaver.Mediator.Behaviors.LoggingBehavior", RequestId: "0HNM1VGA0R18U:00000004", RequestPath: "/departments", ConnectionId: "0HNM1VGA0R18U" }

[11:14:40 INF] Executed endpoint 'HTTP: GET /departments' { EventId: { Id: 1, Name: "ExecutedEndpoint" }, SourceContext: "Microsoft.AspNetCore.Routing.EndpointMiddleware", RequestId: "0HNM1VGA0R18U:00000004", RequestPath: "/departments", ConnectionId: "0HNM1VGA0R18U" }

[11:14:40 INF] Handling GetUsersQuery { SourceContext: "AppWeaver.Mediator.Behaviors.LoggingBehavior", RequestId: "0HNM1VGA0R190:00000006", RequestPath: "/users", ConnectionId: "0HNM1VGA0R190" }

[11:14:40 INF] Execution attempt. Source: '-standard//Standard-Retry', Operation Key: 'null', Result: '200', Handled: 'false', Attempt: '0', Execution Time: 79.0586ms { EventId: { Id: 3, Name: "ExecutionAttempt" }, SourceContext: "Polly", HttpMethod: "POST", Uri: "http://localhost:8080/realms/bytes-rewards/protocol/openid-connect/token", RequestId: "0HNM1VGA0R190:00000006", RequestPath: "/users", ConnectionId: "0HNM1VGA0R190", Scope: ["HTTP POST http://localhost:8080/realms/bytes-rewards/protocol/openid-connect/token"] }

[11:14:41 INF] Handled GetUsersQuery { SourceContext: "AppWeaver.Mediator.Behaviors.LoggingBehavior", RequestId: "0HNM1VGA0R190:00000006", RequestPath: "/users", ConnectionId: "0HNM1VGA0R190" }

[11:14:41 INF] Setting HTTP status code 200. { EventId: { Id: 1, Name: "WritingResultAsStatusCode" }, SourceContext: "Microsoft.AspNetCore.Http.Result.OkObjectResult", RequestId: "0HNM1VGA0R190:00000006", RequestPath: "/users", ConnectionId: "0HNM1VGA0R190" }

[11:14:41 INF] Writing value of type 'List`1' as Json. { EventId: { Id: 3, Name: "WritingResultAsJson" }, SourceContext: "Microsoft.AspNetCore.Http.Result.OkObjectResult", RequestId: "0HNM1VGA0R190:00000006", RequestPath: "/users", ConnectionId: "0HNM1VGA0R190" }

[11:14:41 INF] Executed endpoint 'HTTP: GET /users' { EventId: { Id: 1, Name: "ExecutedEndpoint" }, SourceContext: "Microsoft.AspNetCore.Routing.EndpointMiddleware", RequestId: "0HNM1VGA0R190:00000006", RequestPath: "/users", ConnectionId: "0HNM1VGA0R190" }

[11:15:26 INF] CORS policy execution successful. { EventId: { Id: 4, Name: "PolicySuccess" }, SourceContext: "Microsoft.AspNetCore.Cors.Infrastructure.CorsService", RequestId: "0HNM1VGA0R190:00000007", RequestPath: "/users", ConnectionId: "0HNM1VGA0R190" }

[11:15:26 INF] CORS policy execution successful. { EventId: { Id: 4, Name: "PolicySuccess" }, SourceContext: "Microsoft.AspNetCore.Cors.Infrastructure.CorsService", RequestId: "0HNM1VGA0R190:00000008", RequestPath: "/users", ConnectionId: "0HNM1VGA0R190" }

[11:15:26 INF] Executing endpoint 'HTTP: POST /users' { EventId: { Name: "ExecutingEndpoint" }, SourceContext: "Microsoft.AspNetCore.Routing.EndpointMiddleware", RequestId: "0HNM1VGA0R190:00000008", RequestPath: "/users", ConnectionId: "0HNM1VGA0R190" }

[11:15:26 INF] Executed endpoint 'HTTP: POST /users' { EventId: { Id: 1, Name: "ExecutedEndpoint" }, SourceContext: "Microsoft.AspNetCore.Routing.EndpointMiddleware", RequestId: "0HNM1VGA0R190:00000008", RequestPath: "/users", ConnectionId: "0HNM1VGA0R190" }

[11:15:29 INF] CORS policy execution successful. { EventId: { Id: 4, Name: "PolicySuccess" }, SourceContext: "Microsoft.AspNetCore.Cors.Infrastructure.CorsService", RequestId: "0HNM1VGA0R190:00000009", RequestPath: "/users", ConnectionId: "0HNM1VGA0R190" }

[11:15:29 INF] Executing endpoint 'HTTP: POST /users' { EventId: { Name: "ExecutingEndpoint" }, SourceContext: "Microsoft.AspNetCore.Routing.EndpointMiddleware", RequestId: "0HNM1VGA0R190:00000009", RequestPath: "/users", ConnectionId: "0HNM1VGA0R190" }

[11:15:30 INF] Executed endpoint 'HTTP: POST /users' { EventId: { Id: 1, Name: "ExecutedEndpoint" }, SourceContext: "Microsoft.AspNetCore.Routing.EndpointMiddleware", RequestId: "0HNM1VGA0R190:00000009", RequestPath: "/users", ConnectionId: "0HNM1VGA0R190" }

[11:15:34 INF] CORS policy execution successful. { EventId: { Id: 4, Name: "PolicySuccess" }, SourceContext: "Microsoft.AspNetCore.Cors.Infrastructure.CorsService", RequestId: "0HNM1VGA0R190:0000000A", RequestPath: "/users", ConnectionId: "0HNM1VGA0R190" }

[11:15:34 INF] CORS policy execution successful. { EventId: { Id: 4, Name: "PolicySuccess" }, SourceContext: "Microsoft.AspNetCore.Cors.Infrastructure.CorsService", RequestId: "0HNM1VGA0R190:0000000B", RequestPath: "/users", ConnectionId: "0HNM1VGA0R190" }

[11:15:34 INF] Executing endpoint 'HTTP: POST /users' { EventId: { Name: "ExecutingEndpoint" }, SourceContext: "Microsoft.AspNetCore.Routing.EndpointMiddleware", RequestId: "0HNM1VGA0R190:0000000B", RequestPath: "/users", ConnectionId: "0HNM1VGA0R190" }

[11:15:34 INF] Executed endpoint 'HTTP: POST /users' { EventId: { Id: 1, Name: "ExecutedEndpoint" }, SourceContext: "Microsoft.AspNetCore.Routing.EndpointMiddleware", RequestId: "0HNM1VGA0R190:0000000B", RequestPath: "/users", ConnectionId: "0HNM1VGA0R190" }

[11:15:45 INF] CORS policy execution successful. { EventId: { Id: 4, Name: "PolicySuccess" }, SourceContext: "Microsoft.AspNetCore.Cors.Infrastructure.CorsService", RequestId: "0HNM1VGA0R190:0000000C", RequestPath: "/users", ConnectionId: "0HNM1VGA0R190" }

[11:15:45 INF] CORS policy execution successful. { EventId: { Id: 4, Name: "PolicySuccess" }, SourceContext: "Microsoft.AspNetCore.Cors.Infrastructure.CorsService", RequestId: "0HNM1VGA0R190:0000000D", RequestPath: "/users", ConnectionId: "0HNM1VGA0R190" }

[11:15:45 INF] Executing endpoint 'HTTP: POST /users' { EventId: { Name: "ExecutingEndpoint" }, SourceContext: "Microsoft.AspNetCore.Routing.EndpointMiddleware", RequestId: "0HNM1VGA0R190:0000000D", RequestPath: "/users", ConnectionId: "0HNM1VGA0R190" }

[11:15:45 INF] Handling CreateUserCommand { SourceContext: "AppWeaver.Mediator.Behaviors.LoggingBehavior", RequestId: "0HNM1VGA0R190:0000000D", RequestPath: "/users", ConnectionId: "0HNM1VGA0R190" }

[11:15:46 ERR] Error handling CreateUserCommand { SourceContext: "AppWeaver.Mediator.Behaviors.LoggingBehavior", RequestId: "0HNM1VGA0R190:0000000D", RequestPath: "/users", ConnectionId: "0HNM1VGA0R190" }

AppWeaver.Exceptions.ValidationException: One or more validation errors occurred.
   at AppWeaver.Mediator.Behaviors.FluentValidationBehavior`2.Handle(TCommand request, CancellationToken ct, Next`1 next)
   at AppWeaver.Mediator.Behaviors.LoggingBehavior`2.Handle(TRequest request, CancellationToken ct, Next`1 next)
[11:15:46 INF] Executed endpoint 'HTTP: POST /users' { EventId: { Id: 1, Name: "ExecutedEndpoint" }, SourceContext: "Microsoft.AspNetCore.Routing.EndpointMiddleware", RequestId: "0HNM1VGA0R190:0000000D", RequestPath: "/users", ConnectionId: "0HNM1VGA0R190" }

[11:15:46 INF] Exception occurred: One or more validation errors occurred. { SourceContext: "MiddlewareLibrary.ExceptionHandling.ExceptionLogHandler", Environment: "Development", TraceId: "0HNM1VGA0R190:0000000D", CorrelationId: "0HNM1VGA0R190:0000000D", TenantId: "", ExceptionType: "ValidationException", RequestId: "0HNM1VGA0R190:0000000D", RequestPath: "/users", ConnectionId: "0HNM1VGA0R190" }

AppWeaver.Exceptions.ValidationException: One or more validation errors occurred.
   at AppWeaver.Mediator.Behaviors.FluentValidationBehavior`2.Handle(TCommand request, CancellationToken ct, Next`1 next)
   at AppWeaver.Mediator.Behaviors.LoggingBehavior`2.Handle(TRequest request, CancellationToken ct, Next`1 next)
   at BytesRewards.Service.Features.Users.CreateUser.CreateUserEndpoint.ExecuteAsync(CreateUserRequest req, CancellationToken ct) in C:\Users\MariyaAF\Desktop\BytesRewards\BytesRewards\src\BytesRewards.Service\Users\Features\AddUser\CreateUserEndpoint.cs:line 36
   at AppWeaver.FastEndpoint.SecureFastEndpoint`2.HandleAsync(TRequest req, CancellationToken ct)
   at FastEndpoints.Endpoint`2.ExecAsync(CancellationToken ct)
   at FastEndpoints.Endpoint`2.ExecAsync(CancellationToken ct)
   at Microsoft.AspNetCore.Routing.EndpointMiddleware.<Invoke>g__AwaitRequestTask|7_0(Endpoint endpoint, Task requestTask, ILogger logger)
   at NSwag.AspNetCore.Middlewares.SwaggerUiIndexMiddleware.Invoke(HttpContext context)
   at NSwag.AspNetCore.Middlewares.RedirectToIndexMiddleware.Invoke(HttpContext context)
   at NSwag.AspNetCore.Middlewares.OpenApiDocumentMiddleware.Invoke(HttpContext context)
   at Microsoft.AspNetCore.Authorization.AuthorizationMiddleware.Invoke(HttpContext context)
   at Microsoft.AspNetCore.Authentication.AuthenticationMiddleware.Invoke(HttpContext context)
   at Microsoft.AspNetCore.Diagnostics.ExceptionHandlerMiddlewareImpl.<Invoke>g__Awaited|10_0(ExceptionHandlerMiddlewareImpl middleware, HttpContext context, Task task)
[11:16:26 INF] Executing endpoint 'HTTP: GET /' { EventId: { Name: "ExecutingEndpoint" }, SourceContext: "Microsoft.AspNetCore.Routing.EndpointMiddleware", RequestId: "0HNM1VGA0R191:00000001", RequestPath: "/", ConnectionId: "0HNM1VGA0R191" }

[11:16:26 INF] Executing RedirectResult, redirecting to /swagger. { EventId: { Id: 1, Name: "RedirectResultExecuting" }, SourceContext: "Microsoft.AspNetCore.Http.Result.RedirectResult", RequestId: "0HNM1VGA0R191:00000001", RequestPath: "/", ConnectionId: "0HNM1VGA0R191" }

[11:16:26 INF] Executed endpoint 'HTTP: GET /' { EventId: { Id: 1, Name: "ExecutedEndpoint" }, SourceContext: "Microsoft.AspNetCore.Routing.EndpointMiddleware", RequestId: "0HNM1VGA0R191:00000001", RequestPath: "/", ConnectionId: "0HNM1VGA0R191" }

[11:16:27 INF] No action descriptors found. This may indicate an incorrectly configured application or missing application parts. To learn more, visit https://aka.ms/aspnet/mvc/app-parts { EventId: { Id: 1, Name: "NoActionDescriptors" }, SourceContext: "Microsoft.AspNetCore.Mvc.Infrastructure.DefaultActionDescriptorCollectionProvider", RequestId: "0HNM1VGA0R191:00000004", RequestPath: "/swagger/v1/swagger.json", ConnectionId: "0HNM1VGA0R191" }

[11:17:28 INF] CORS policy execution successful. { EventId: { Id: 4, Name: "PolicySuccess" }, SourceContext: "Microsoft.AspNetCore.Cors.Infrastructure.CorsService", RequestId: "0HNM1VGA0R191:00000005", RequestPath: "/departments", ConnectionId: "0HNM1VGA0R191" }

[11:17:28 INF] Executing endpoint 'HTTP: POST /departments' { EventId: { Name: "ExecutingEndpoint" }, SourceContext: "Microsoft.AspNetCore.Routing.EndpointMiddleware", RequestId: "0HNM1VGA0R191:00000005", RequestPath: "/departments", ConnectionId: "0HNM1VGA0R191" }

[11:17:28 INF] Handling CreateDepartmentCommand { SourceContext: "AppWeaver.Mediator.Behaviors.LoggingBehavior", RequestId: "0HNM1VGA0R191:00000005", RequestPath: "/departments", ConnectionId: "0HNM1VGA0R191" }

[11:17:28 INF] Handled CreateDepartmentCommand { SourceContext: "AppWeaver.Mediator.Behaviors.LoggingBehavior", RequestId: "0HNM1VGA0R191:00000005", RequestPath: "/departments", ConnectionId: "0HNM1VGA0R191" }

[11:17:28 INF] Setting HTTP status code 200. { EventId: { Id: 1, Name: "WritingResultAsStatusCode" }, SourceContext: "Microsoft.AspNetCore.Http.Result.OkObjectResult", RequestId: "0HNM1VGA0R191:00000005", RequestPath: "/departments", ConnectionId: "0HNM1VGA0R191" }

[11:17:28 INF] Writing value of type 'Guid' as Json. { EventId: { Id: 3, Name: "WritingResultAsJson" }, SourceContext: "Microsoft.AspNetCore.Http.Result.OkObjectResult", RequestId: "0HNM1VGA0R191:00000005", RequestPath: "/departments", ConnectionId: "0HNM1VGA0R191" }

[11:17:28 INF] Executed endpoint 'HTTP: POST /departments' { EventId: { Id: 1, Name: "ExecutedEndpoint" }, SourceContext: "Microsoft.AspNetCore.Routing.EndpointMiddleware", RequestId: "0HNM1VGA0R191:00000005", RequestPath: "/departments", ConnectionId: "0HNM1VGA0R191" }

[11:17:40 INF] CORS policy execution successful. { EventId: { Id: 4, Name: "PolicySuccess" }, SourceContext: "Microsoft.AspNetCore.Cors.Infrastructure.CorsService", RequestId: "0HNM1VGA0R190:0000000E", RequestPath: "/users", ConnectionId: "0HNM1VGA0R190" }

[11:17:40 INF] CORS policy execution successful. { EventId: { Id: 4, Name: "PolicySuccess" }, SourceContext: "Microsoft.AspNetCore.Cors.Infrastructure.CorsService", RequestId: "0HNM1VGA0R190:0000000F", RequestPath: "/users", ConnectionId: "0HNM1VGA0R190" }

[11:17:40 INF] Executing endpoint 'HTTP: GET /users' { EventId: { Name: "ExecutingEndpoint" }, SourceContext: "Microsoft.AspNetCore.Routing.EndpointMiddleware", RequestId: "0HNM1VGA0R190:0000000F", RequestPath: "/users", ConnectionId: "0HNM1VGA0R190" }

[11:17:40 INF] Handling GetUsersQuery { SourceContext: "AppWeaver.Mediator.Behaviors.LoggingBehavior", RequestId: "0HNM1VGA0R190:0000000F", RequestPath: "/users", ConnectionId: "0HNM1VGA0R190" }

[11:17:40 INF] CORS policy execution successful. { EventId: { Id: 4, Name: "PolicySuccess" }, SourceContext: "Microsoft.AspNetCore.Cors.Infrastructure.CorsService", RequestId: "0HNM1VGA0R193:00000001", RequestPath: "/departments", ConnectionId: "0HNM1VGA0R193" }

[11:17:40 INF] CORS policy execution successful. { EventId: { Id: 4, Name: "PolicySuccess" }, SourceContext: "Microsoft.AspNetCore.Cors.Infrastructure.CorsService", RequestId: "0HNM1VGA0R194:00000001", RequestPath: "/roles", ConnectionId: "0HNM1VGA0R194" }

[11:17:40 INF] CORS policy execution successful. { EventId: { Id: 4, Name: "PolicySuccess" }, SourceContext: "Microsoft.AspNetCore.Cors.Infrastructure.CorsService", RequestId: "0HNM1VGA0R194:00000002", RequestPath: "/departments", ConnectionId: "0HNM1VGA0R194" }

[11:17:40 INF] CORS policy execution successful. { EventId: { Id: 4, Name: "PolicySuccess" }, SourceContext: "Microsoft.AspNetCore.Cors.Infrastructure.CorsService", RequestId: "0HNM1VGA0R193:00000002", RequestPath: "/roles", ConnectionId: "0HNM1VGA0R193" }

[11:17:40 INF] Executing endpoint 'HTTP: GET /departments' { EventId: { Name: "ExecutingEndpoint" }, SourceContext: "Microsoft.AspNetCore.Routing.EndpointMiddleware", RequestId: "0HNM1VGA0R194:00000002", RequestPath: "/departments", ConnectionId: "0HNM1VGA0R194" }

[11:17:40 INF] Handling GetDepartmentsQuery { SourceContext: "AppWeaver.Mediator.Behaviors.LoggingBehavior", RequestId: "0HNM1VGA0R194:00000002", RequestPath: "/departments", ConnectionId: "0HNM1VGA0R194" }

[11:17:40 INF] Handled GetDepartmentsQuery { SourceContext: "AppWeaver.Mediator.Behaviors.LoggingBehavior", RequestId: "0HNM1VGA0R194:00000002", RequestPath: "/departments", ConnectionId: "0HNM1VGA0R194" }

[11:17:40 INF] Executed endpoint 'HTTP: GET /departments' { EventId: { Id: 1, Name: "ExecutedEndpoint" }, SourceContext: "Microsoft.AspNetCore.Routing.EndpointMiddleware", RequestId: "0HNM1VGA0R194:00000002", RequestPath: "/departments", ConnectionId: "0HNM1VGA0R194" }

[11:17:40 INF] Execution attempt. Source: '-standard//Standard-Retry', Operation Key: 'null', Result: '200', Handled: 'false', Attempt: '0', Execution Time: 19.899ms { EventId: { Id: 3, Name: "ExecutionAttempt" }, SourceContext: "Polly", HttpMethod: "POST", Uri: "http://localhost:8080/realms/bytes-rewards/protocol/openid-connect/token", RequestId: "0HNM1VGA0R190:0000000F", RequestPath: "/users", ConnectionId: "0HNM1VGA0R190", Scope: ["HTTP POST http://localhost:8080/realms/bytes-rewards/protocol/openid-connect/token"] }

[11:17:40 INF] Handled GetUsersQuery { SourceContext: "AppWeaver.Mediator.Behaviors.LoggingBehavior", RequestId: "0HNM1VGA0R190:0000000F", RequestPath: "/users", ConnectionId: "0HNM1VGA0R190" }

[11:17:40 INF] Setting HTTP status code 200. { EventId: { Id: 1, Name: "WritingResultAsStatusCode" }, SourceContext: "Microsoft.AspNetCore.Http.Result.OkObjectResult", RequestId: "0HNM1VGA0R190:0000000F", RequestPath: "/users", ConnectionId: "0HNM1VGA0R190" }

[11:17:40 INF] Writing value of type 'List`1' as Json. { EventId: { Id: 3, Name: "WritingResultAsJson" }, SourceContext: "Microsoft.AspNetCore.Http.Result.OkObjectResult", RequestId: "0HNM1VGA0R190:0000000F", RequestPath: "/users", ConnectionId: "0HNM1VGA0R190" }

[11:17:40 INF] Executed endpoint 'HTTP: GET /users' { EventId: { Id: 1, Name: "ExecutedEndpoint" }, SourceContext: "Microsoft.AspNetCore.Routing.EndpointMiddleware", RequestId: "0HNM1VGA0R190:0000000F", RequestPath: "/users", ConnectionId: "0HNM1VGA0R190" }

[11:18:29 INF] CORS policy execution successful. { EventId: { Id: 4, Name: "PolicySuccess" }, SourceContext: "Microsoft.AspNetCore.Cors.Infrastructure.CorsService", RequestId: "0HNM1VGA0R190:00000010", RequestPath: "/users", ConnectionId: "0HNM1VGA0R190" }

[11:18:29 INF] CORS policy execution successful. { EventId: { Id: 4, Name: "PolicySuccess" }, SourceContext: "Microsoft.AspNetCore.Cors.Infrastructure.CorsService", RequestId: "0HNM1VGA0R190:00000011", RequestPath: "/users", ConnectionId: "0HNM1VGA0R190" }

[11:18:29 INF] Executing endpoint 'HTTP: POST /users' { EventId: { Name: "ExecutingEndpoint" }, SourceContext: "Microsoft.AspNetCore.Routing.EndpointMiddleware", RequestId: "0HNM1VGA0R190:00000011", RequestPath: "/users", ConnectionId: "0HNM1VGA0R190" }

[11:18:29 INF] Handling CreateUserCommand { SourceContext: "AppWeaver.Mediator.Behaviors.LoggingBehavior", RequestId: "0HNM1VGA0R190:00000011", RequestPath: "/users", ConnectionId: "0HNM1VGA0R190" }

[11:18:29 ERR] Error handling CreateUserCommand { SourceContext: "AppWeaver.Mediator.Behaviors.LoggingBehavior", RequestId: "0HNM1VGA0R190:00000011", RequestPath: "/users", ConnectionId: "0HNM1VGA0R190" }

AppWeaver.Exceptions.ValidationException: One or more validation errors occurred.
   at AppWeaver.Mediator.Behaviors.FluentValidationBehavior`2.Handle(TCommand request, CancellationToken ct, Next`1 next)
   at AppWeaver.Mediator.Behaviors.LoggingBehavior`2.Handle(TRequest request, CancellationToken ct, Next`1 next)
[11:18:29 INF] Executed endpoint 'HTTP: POST /users' { EventId: { Id: 1, Name: "ExecutedEndpoint" }, SourceContext: "Microsoft.AspNetCore.Routing.EndpointMiddleware", RequestId: "0HNM1VGA0R190:00000011", RequestPath: "/users", ConnectionId: "0HNM1VGA0R190" }

[11:18:29 INF] Exception occurred: One or more validation errors occurred. { SourceContext: "MiddlewareLibrary.ExceptionHandling.ExceptionLogHandler", Environment: "Development", TraceId: "0HNM1VGA0R190:00000011", CorrelationId: "0HNM1VGA0R190:00000011", TenantId: "", ExceptionType: "ValidationException", RequestId: "0HNM1VGA0R190:00000011", RequestPath: "/users", ConnectionId: "0HNM1VGA0R190" }

AppWeaver.Exceptions.ValidationException: One or more validation errors occurred.
   at AppWeaver.Mediator.Behaviors.FluentValidationBehavior`2.Handle(TCommand request, CancellationToken ct, Next`1 next)
   at AppWeaver.Mediator.Behaviors.LoggingBehavior`2.Handle(TRequest request, CancellationToken ct, Next`1 next)
   at BytesRewards.Service.Features.Users.CreateUser.CreateUserEndpoint.ExecuteAsync(CreateUserRequest req, CancellationToken ct) in C:\Users\MariyaAF\Desktop\BytesRewards\BytesRewards\src\BytesRewards.Service\Users\Features\AddUser\CreateUserEndpoint.cs:line 36
   at AppWeaver.FastEndpoint.SecureFastEndpoint`2.HandleAsync(TRequest req, CancellationToken ct)
   at FastEndpoints.Endpoint`2.ExecAsync(CancellationToken ct)
   at FastEndpoints.Endpoint`2.ExecAsync(CancellationToken ct)
   at Microsoft.AspNetCore.Routing.EndpointMiddleware.<Invoke>g__AwaitRequestTask|7_0(Endpoint endpoint, Task requestTask, ILogger logger)
   at NSwag.AspNetCore.Middlewares.SwaggerUiIndexMiddleware.Invoke(HttpContext context)
   at NSwag.AspNetCore.Middlewares.RedirectToIndexMiddleware.Invoke(HttpContext context)
   at NSwag.AspNetCore.Middlewares.OpenApiDocumentMiddleware.Invoke(HttpContext context)
   at Microsoft.AspNetCore.Authorization.AuthorizationMiddleware.Invoke(HttpContext context)
   at Microsoft.AspNetCore.Authentication.AuthenticationMiddleware.Invoke(HttpContext context)
   at Microsoft.AspNetCore.Diagnostics.ExceptionHandlerMiddlewareImpl.<Invoke>g__Awaited|10_0(ExceptionHandlerMiddlewareImpl middleware, HttpContext context, Task task)
[11:24:42 INF] CORS policy execution successful. { EventId: { Id: 4, Name: "PolicySuccess" }, SourceContext: "Microsoft.AspNetCore.Cors.Infrastructure.CorsService", RequestId: "0HNM1VGA0R196:00000001", RequestPath: "/departments", ConnectionId: "0HNM1VGA0R196" }

[11:24:42 INF] CORS policy execution successful. { EventId: { Id: 4, Name: "PolicySuccess" }, SourceContext: "Microsoft.AspNetCore.Cors.Infrastructure.CorsService", RequestId: "0HNM1VGA0R195:00000001", RequestPath: "/users", ConnectionId: "0HNM1VGA0R195" }

[11:24:42 INF] CORS policy execution successful. { EventId: { Id: 4, Name: "PolicySuccess" }, SourceContext: "Microsoft.AspNetCore.Cors.Infrastructure.CorsService", RequestId: "0HNM1VGA0R197:00000001", RequestPath: "/roles", ConnectionId: "0HNM1VGA0R197" }

[11:24:42 INF] CORS policy execution successful. { EventId: { Id: 4, Name: "PolicySuccess" }, SourceContext: "Microsoft.AspNetCore.Cors.Infrastructure.CorsService", RequestId: "0HNM1VGA0R195:00000002", RequestPath: "/users", ConnectionId: "0HNM1VGA0R195" }

[11:24:42 INF] CORS policy execution successful. { EventId: { Id: 4, Name: "PolicySuccess" }, SourceContext: "Microsoft.AspNetCore.Cors.Infrastructure.CorsService", RequestId: "0HNM1VGA0R197:00000002", RequestPath: "/departments", ConnectionId: "0HNM1VGA0R197" }

[11:24:42 INF] CORS policy execution successful. { EventId: { Id: 4, Name: "PolicySuccess" }, SourceContext: "Microsoft.AspNetCore.Cors.Infrastructure.CorsService", RequestId: "0HNM1VGA0R196:00000002", RequestPath: "/roles", ConnectionId: "0HNM1VGA0R196" }

[11:24:42 INF] Executing endpoint 'HTTP: GET /departments' { EventId: { Name: "ExecutingEndpoint" }, SourceContext: "Microsoft.AspNetCore.Routing.EndpointMiddleware", RequestId: "0HNM1VGA0R197:00000002", RequestPath: "/departments", ConnectionId: "0HNM1VGA0R197" }

[11:24:42 INF] Executing endpoint 'HTTP: GET /users' { EventId: { Name: "ExecutingEndpoint" }, SourceContext: "Microsoft.AspNetCore.Routing.EndpointMiddleware", RequestId: "0HNM1VGA0R195:00000002", RequestPath: "/users", ConnectionId: "0HNM1VGA0R195" }

[11:24:42 INF] Handling GetDepartmentsQuery { SourceContext: "AppWeaver.Mediator.Behaviors.LoggingBehavior", RequestId: "0HNM1VGA0R197:00000002", RequestPath: "/departments", ConnectionId: "0HNM1VGA0R197" }

[11:24:42 INF] Handling GetUsersQuery { SourceContext: "AppWeaver.Mediator.Behaviors.LoggingBehavior", RequestId: "0HNM1VGA0R195:00000002", RequestPath: "/users", ConnectionId: "0HNM1VGA0R195" }

[11:24:42 INF] Handled GetDepartmentsQuery { SourceContext: "AppWeaver.Mediator.Behaviors.LoggingBehavior", RequestId: "0HNM1VGA0R197:00000002", RequestPath: "/departments", ConnectionId: "0HNM1VGA0R197" }

[11:24:42 INF] Executed endpoint 'HTTP: GET /departments' { EventId: { Id: 1, Name: "ExecutedEndpoint" }, SourceContext: "Microsoft.AspNetCore.Routing.EndpointMiddleware", RequestId: "0HNM1VGA0R197:00000002", RequestPath: "/departments", ConnectionId: "0HNM1VGA0R197" }

[11:24:42 INF] Execution attempt. Source: '-standard//Standard-Retry', Operation Key: 'null', Result: '200', Handled: 'false', Attempt: '0', Execution Time: 18.0434ms { EventId: { Id: 3, Name: "ExecutionAttempt" }, SourceContext: "Polly", HttpMethod: "POST", Uri: "http://localhost:8080/realms/bytes-rewards/protocol/openid-connect/token", RequestId: "0HNM1VGA0R195:00000002", RequestPath: "/users", ConnectionId: "0HNM1VGA0R195", Scope: ["HTTP POST http://localhost:8080/realms/bytes-rewards/protocol/openid-connect/token"] }

[11:24:42 INF] Handled GetUsersQuery { SourceContext: "AppWeaver.Mediator.Behaviors.LoggingBehavior", RequestId: "0HNM1VGA0R195:00000002", RequestPath: "/users", ConnectionId: "0HNM1VGA0R195" }

[11:24:42 INF] Setting HTTP status code 200. { EventId: { Id: 1, Name: "WritingResultAsStatusCode" }, SourceContext: "Microsoft.AspNetCore.Http.Result.OkObjectResult", RequestId: "0HNM1VGA0R195:00000002", RequestPath: "/users", ConnectionId: "0HNM1VGA0R195" }

[11:24:42 INF] Writing value of type 'List`1' as Json. { EventId: { Id: 3, Name: "WritingResultAsJson" }, SourceContext: "Microsoft.AspNetCore.Http.Result.OkObjectResult", RequestId: "0HNM1VGA0R195:00000002", RequestPath: "/users", ConnectionId: "0HNM1VGA0R195" }

[11:24:42 INF] Executed endpoint 'HTTP: GET /users' { EventId: { Id: 1, Name: "ExecutedEndpoint" }, SourceContext: "Microsoft.AspNetCore.Routing.EndpointMiddleware", RequestId: "0HNM1VGA0R195:00000002", RequestPath: "/users", ConnectionId: "0HNM1VGA0R195" }

[11:26:47 INF] CORS policy execution successful. { EventId: { Id: 4, Name: "PolicySuccess" }, SourceContext: "Microsoft.AspNetCore.Cors.Infrastructure.CorsService", RequestId: "0HNM1VGA0R195:00000003", RequestPath: "/users", ConnectionId: "0HNM1VGA0R195" }

[11:26:47 INF] CORS policy execution successful. { EventId: { Id: 4, Name: "PolicySuccess" }, SourceContext: "Microsoft.AspNetCore.Cors.Infrastructure.CorsService", RequestId: "0HNM1VGA0R197:00000003", RequestPath: "/roles", ConnectionId: "0HNM1VGA0R197" }

[11:26:47 INF] CORS policy execution successful. { EventId: { Id: 4, Name: "PolicySuccess" }, SourceContext: "Microsoft.AspNetCore.Cors.Infrastructure.CorsService", RequestId: "0HNM1VGA0R196:00000003", RequestPath: "/departments", ConnectionId: "0HNM1VGA0R196" }

[11:26:47 INF] CORS policy execution successful. { EventId: { Id: 4, Name: "PolicySuccess" }, SourceContext: "Microsoft.AspNetCore.Cors.Infrastructure.CorsService", RequestId: "0HNM1VGA0R196:00000004", RequestPath: "/users", ConnectionId: "0HNM1VGA0R196" }

[11:26:47 INF] CORS policy execution successful. { EventId: { Id: 4, Name: "PolicySuccess" }, SourceContext: "Microsoft.AspNetCore.Cors.Infrastructure.CorsService", RequestId: "0HNM1VGA0R197:00000004", RequestPath: "/roles", ConnectionId: "0HNM1VGA0R197" }

[11:26:47 INF] Executing endpoint 'HTTP: GET /users' { EventId: { Name: "ExecutingEndpoint" }, SourceContext: "Microsoft.AspNetCore.Routing.EndpointMiddleware", RequestId: "0HNM1VGA0R196:00000004", RequestPath: "/users", ConnectionId: "0HNM1VGA0R196" }

[11:26:47 INF] CORS policy execution successful. { EventId: { Id: 4, Name: "PolicySuccess" }, SourceContext: "Microsoft.AspNetCore.Cors.Infrastructure.CorsService", RequestId: "0HNM1VGA0R195:00000004", RequestPath: "/departments", ConnectionId: "0HNM1VGA0R195" }

[11:26:47 INF] Handling GetUsersQuery { SourceContext: "AppWeaver.Mediator.Behaviors.LoggingBehavior", RequestId: "0HNM1VGA0R196:00000004", RequestPath: "/users", ConnectionId: "0HNM1VGA0R196" }

[11:26:47 INF] Executing endpoint 'HTTP: GET /departments' { EventId: { Name: "ExecutingEndpoint" }, SourceContext: "Microsoft.AspNetCore.Routing.EndpointMiddleware", RequestId: "0HNM1VGA0R195:00000004", RequestPath: "/departments", ConnectionId: "0HNM1VGA0R195" }

[11:26:47 INF] Handling GetDepartmentsQuery { SourceContext: "AppWeaver.Mediator.Behaviors.LoggingBehavior", RequestId: "0HNM1VGA0R195:00000004", RequestPath: "/departments", ConnectionId: "0HNM1VGA0R195" }

[11:26:47 INF] Handled GetDepartmentsQuery { SourceContext: "AppWeaver.Mediator.Behaviors.LoggingBehavior", RequestId: "0HNM1VGA0R195:00000004", RequestPath: "/departments", ConnectionId: "0HNM1VGA0R195" }

[11:26:47 INF] Executed endpoint 'HTTP: GET /departments' { EventId: { Id: 1, Name: "ExecutedEndpoint" }, SourceContext: "Microsoft.AspNetCore.Routing.EndpointMiddleware", RequestId: "0HNM1VGA0R195:00000004", RequestPath: "/departments", ConnectionId: "0HNM1VGA0R195" }

[11:26:47 INF] Execution attempt. Source: '-standard//Standard-Retry', Operation Key: 'null', Result: '200', Handled: 'false', Attempt: '0', Execution Time: 23.6435ms { EventId: { Id: 3, Name: "ExecutionAttempt" }, SourceContext: "Polly", HttpMethod: "POST", Uri: "http://localhost:8080/realms/bytes-rewards/protocol/openid-connect/token", RequestId: "0HNM1VGA0R196:00000004", RequestPath: "/users", ConnectionId: "0HNM1VGA0R196", Scope: ["HTTP POST http://localhost:8080/realms/bytes-rewards/protocol/openid-connect/token"] }

[11:26:47 INF] Handled GetUsersQuery { SourceContext: "AppWeaver.Mediator.Behaviors.LoggingBehavior", RequestId: "0HNM1VGA0R196:00000004", RequestPath: "/users", ConnectionId: "0HNM1VGA0R196" }

[11:26:47 INF] Setting HTTP status code 200. { EventId: { Id: 1, Name: "WritingResultAsStatusCode" }, SourceContext: "Microsoft.AspNetCore.Http.Result.OkObjectResult", RequestId: "0HNM1VGA0R196:00000004", RequestPath: "/users", ConnectionId: "0HNM1VGA0R196" }

[11:26:47 INF] Writing value of type 'List`1' as Json. { EventId: { Id: 3, Name: "WritingResultAsJson" }, SourceContext: "Microsoft.AspNetCore.Http.Result.OkObjectResult", RequestId: "0HNM1VGA0R196:00000004", RequestPath: "/users", ConnectionId: "0HNM1VGA0R196" }

[11:26:47 INF] Executed endpoint 'HTTP: GET /users' { EventId: { Id: 1, Name: "ExecutedEndpoint" }, SourceContext: "Microsoft.AspNetCore.Routing.EndpointMiddleware", RequestId: "0HNM1VGA0R196:00000004", RequestPath: "/users", ConnectionId: "0HNM1VGA0R196" }

[11:40:36 INF] Application is shutting down... { SourceContext: "Microsoft.Hosting.Lifetime" }

[11:41:38 INF] No migrations were applied. The database is already up to date. { EventId: { Id: 20405, Name: "Microsoft.EntityFrameworkCore.Migrations.MigrationsNotApplied" }, SourceContext: "Microsoft.EntityFrameworkCore.Migrations" }

[11:41:38 INF] No migrations were applied. The database is already up to date. { EventId: { Id: 20405, Name: "Microsoft.EntityFrameworkCore.Migrations.MigrationsNotApplied" }, SourceContext: "Microsoft.EntityFrameworkCore.Migrations" }

[11:41:39 INF] Registered 7 endpoints in 8,364 milliseconds. { EventId: { Id: 1, Name: "EndpointsRegistered" }, SourceContext: "FastEndpoints.StartupTimer" }

[11:41:40 INF] No validators found in the system! { EventId: { Id: 1, Name: "NoValidatorsFound" }, SourceContext: "FastEndpoints.Swagger.ValidationSchemaProcessor" }

[11:41:40 INF] User profile is available. Using 'C:\Users\MariyaAF\AppData\Local\ASP.NET\DataProtection-Keys' as key repository and Windows DPAPI to encrypt keys at rest. { EventId: { Id: 63, Name: "UsingProfileAsKeyRepositoryWithDPAPI" }, SourceContext: "Microsoft.AspNetCore.DataProtection.KeyManagement.XmlKeyManager" }

[11:41:41 WRN] The property 'AuditLog.Metadata' is a collection or enumeration type with a value converter but with no value comparer. Set a value comparer to ensure the collection/enumeration elements are compared correctly. { EventId: { Id: 10620, Name: "Microsoft.EntityFrameworkCore.Model.Validation.CollectionWithoutComparer" }, SourceContext: "Microsoft.EntityFrameworkCore.Model.Validation" }

[11:41:41 INF] No migrations were found in assembly 'BytesRewards.Service'. A migration needs to be added before the database can be updated. { EventId: { Id: 20406, Name: "Microsoft.EntityFrameworkCore.Migrations.MigrationsNotFound" }, SourceContext: "Microsoft.EntityFrameworkCore.Migrations" }

[11:41:41 INF] No migrations were applied. The database is already up to date. { EventId: { Id: 20405, Name: "Microsoft.EntityFrameworkCore.Migrations.MigrationsNotApplied" }, SourceContext: "Microsoft.EntityFrameworkCore.Migrations" }

[11:41:41 INF] Now listening on: http://localhost:55631 { EventId: { Id: 14, Name: "ListeningOnAddress" }, SourceContext: "Microsoft.Hosting.Lifetime" }

[11:41:41 INF] Application started. Press Ctrl+C to shut down. { SourceContext: "Microsoft.Hosting.Lifetime" }

[11:41:41 INF] Hosting environment: Development { SourceContext: "Microsoft.Hosting.Lifetime" }

[11:41:41 INF] Content root path: C:\Users\MariyaAF\Desktop\BytesRewards\BytesRewards\src\BytesRewards.Service { SourceContext: "Microsoft.Hosting.Lifetime" }

[11:49:15 INF] No action descriptors found. This may indicate an incorrectly configured application or missing application parts. To learn more, visit https://aka.ms/aspnet/mvc/app-parts { EventId: { Id: 1, Name: "NoActionDescriptors" }, SourceContext: "Microsoft.AspNetCore.Mvc.Infrastructure.DefaultActionDescriptorCollectionProvider", RequestId: "0HNM204PJCP4C:00000002", RequestPath: "/swagger/v1/swagger.json", ConnectionId: "0HNM204PJCP4C" }

[11:49:21 INF] Executing endpoint 'HTTP: GET /roles' { EventId: { Name: "ExecutingEndpoint" }, SourceContext: "Microsoft.AspNetCore.Routing.EndpointMiddleware", RequestId: "0HNM204PJCP4C:00000003", RequestPath: "/roles", ConnectionId: "0HNM204PJCP4C" }

[11:49:21 INF] Handling GetRolesQuery { SourceContext: "AppWeaver.Mediator.Behaviors.LoggingBehavior", RequestId: "0HNM204PJCP4C:00000003", RequestPath: "/roles", ConnectionId: "0HNM204PJCP4C" }

[11:49:21 INF] Execution attempt. Source: '-standard//Standard-Retry', Operation Key: 'null', Result: '200', Handled: 'false', Attempt: '0', Execution Time: 159.6954ms { EventId: { Id: 3, Name: "ExecutionAttempt" }, SourceContext: "Polly", HttpMethod: "POST", Uri: "http://localhost:8080/realms/bytes-rewards/protocol/openid-connect/token", RequestId: "0HNM204PJCP4C:00000003", RequestPath: "/roles", ConnectionId: "0HNM204PJCP4C", Scope: ["HTTP POST http://localhost:8080/realms/bytes-rewards/protocol/openid-connect/token"] }

[11:49:21 INF] Execution attempt. Source: '-standard//Standard-Retry', Operation Key: 'null', Result: '200', Handled: 'false', Attempt: '0', Execution Time: 94.0351ms { EventId: { Id: 3, Name: "ExecutionAttempt" }, SourceContext: "Polly", HttpMethod: "GET", Uri: "http://localhost:8080/admin/realms/bytes-rewards/roles", RequestId: "0HNM204PJCP4C:00000003", RequestPath: "/roles", ConnectionId: "0HNM204PJCP4C", Scope: ["HTTP GET http://localhost:8080/admin/realms/bytes-rewards/roles"] }

[11:49:21 INF] Handled GetRolesQuery { SourceContext: "AppWeaver.Mediator.Behaviors.LoggingBehavior", RequestId: "0HNM204PJCP4C:00000003", RequestPath: "/roles", ConnectionId: "0HNM204PJCP4C" }

[11:49:21 INF] Executed endpoint 'HTTP: GET /roles' { EventId: { Id: 1, Name: "ExecutedEndpoint" }, SourceContext: "Microsoft.AspNetCore.Routing.EndpointMiddleware", RequestId: "0HNM204PJCP4C:00000003", RequestPath: "/roles", ConnectionId: "0HNM204PJCP4C" }

[11:49:54 INF] CORS policy execution successful. { EventId: { Id: 4, Name: "PolicySuccess" }, SourceContext: "Microsoft.AspNetCore.Cors.Infrastructure.CorsService", RequestId: "0HNM204PJCP4F:00000001", RequestPath: "/roles", ConnectionId: "0HNM204PJCP4F" }

[11:49:54 INF] CORS policy execution successful. { EventId: { Id: 4, Name: "PolicySuccess" }, SourceContext: "Microsoft.AspNetCore.Cors.Infrastructure.CorsService", RequestId: "0HNM204PJCP4D:00000001", RequestPath: "/users", ConnectionId: "0HNM204PJCP4D" }

[11:49:54 INF] CORS policy execution successful. { EventId: { Id: 4, Name: "PolicySuccess" }, SourceContext: "Microsoft.AspNetCore.Cors.Infrastructure.CorsService", RequestId: "0HNM204PJCP4E:00000001", RequestPath: "/departments", ConnectionId: "0HNM204PJCP4E" }

[11:49:54 INF] CORS policy execution successful. { EventId: { Id: 4, Name: "PolicySuccess" }, SourceContext: "Microsoft.AspNetCore.Cors.Infrastructure.CorsService", RequestId: "0HNM204PJCP4E:00000002", RequestPath: "/roles", ConnectionId: "0HNM204PJCP4E" }

[11:49:54 INF] CORS policy execution successful. { EventId: { Id: 4, Name: "PolicySuccess" }, SourceContext: "Microsoft.AspNetCore.Cors.Infrastructure.CorsService", RequestId: "0HNM204PJCP4F:00000002", RequestPath: "/departments", ConnectionId: "0HNM204PJCP4F" }

[11:49:54 INF] CORS policy execution successful. { EventId: { Id: 4, Name: "PolicySuccess" }, SourceContext: "Microsoft.AspNetCore.Cors.Infrastructure.CorsService", RequestId: "0HNM204PJCP4D:00000002", RequestPath: "/users", ConnectionId: "0HNM204PJCP4D" }

[11:49:54 INF] Executing endpoint 'HTTP: GET /departments' { EventId: { Name: "ExecutingEndpoint" }, SourceContext: "Microsoft.AspNetCore.Routing.EndpointMiddleware", RequestId: "0HNM204PJCP4F:00000002", RequestPath: "/departments", ConnectionId: "0HNM204PJCP4F" }

[11:49:54 INF] Executing endpoint 'HTTP: GET /roles' { EventId: { Name: "ExecutingEndpoint" }, SourceContext: "Microsoft.AspNetCore.Routing.EndpointMiddleware", RequestId: "0HNM204PJCP4E:00000002", RequestPath: "/roles", ConnectionId: "0HNM204PJCP4E" }

[11:49:54 INF] Handling GetRolesQuery { SourceContext: "AppWeaver.Mediator.Behaviors.LoggingBehavior", RequestId: "0HNM204PJCP4E:00000002", RequestPath: "/roles", ConnectionId: "0HNM204PJCP4E" }

[11:49:54 INF] Executing endpoint 'HTTP: GET /users' { EventId: { Name: "ExecutingEndpoint" }, SourceContext: "Microsoft.AspNetCore.Routing.EndpointMiddleware", RequestId: "0HNM204PJCP4D:00000002", RequestPath: "/users", ConnectionId: "0HNM204PJCP4D" }

[11:49:54 INF] Handling GetDepartmentsQuery { SourceContext: "AppWeaver.Mediator.Behaviors.LoggingBehavior", RequestId: "0HNM204PJCP4F:00000002", RequestPath: "/departments", ConnectionId: "0HNM204PJCP4F" }

[11:49:54 INF] Execution attempt. Source: '-standard//Standard-Retry', Operation Key: 'null', Result: '200', Handled: 'false', Attempt: '0', Execution Time: 11.799ms { EventId: { Id: 3, Name: "ExecutionAttempt" }, SourceContext: "Polly", HttpMethod: "POST", Uri: "http://localhost:8080/realms/bytes-rewards/protocol/openid-connect/token", RequestId: "0HNM204PJCP4E:00000002", RequestPath: "/roles", ConnectionId: "0HNM204PJCP4E", Scope: ["HTTP POST http://localhost:8080/realms/bytes-rewards/protocol/openid-connect/token"] }

[11:49:54 INF] Execution attempt. Source: '-standard//Standard-Retry', Operation Key: 'null', Result: '200', Handled: 'false', Attempt: '0', Execution Time: 7.4903ms { EventId: { Id: 3, Name: "ExecutionAttempt" }, SourceContext: "Polly", HttpMethod: "GET", Uri: "http://localhost:8080/admin/realms/bytes-rewards/roles", RequestId: "0HNM204PJCP4E:00000002", RequestPath: "/roles", ConnectionId: "0HNM204PJCP4E", Scope: ["HTTP GET http://localhost:8080/admin/realms/bytes-rewards/roles"] }

[11:49:54 INF] Handled GetRolesQuery { SourceContext: "AppWeaver.Mediator.Behaviors.LoggingBehavior", RequestId: "0HNM204PJCP4E:00000002", RequestPath: "/roles", ConnectionId: "0HNM204PJCP4E" }

[11:49:54 INF] Executed endpoint 'HTTP: GET /roles' { EventId: { Id: 1, Name: "ExecutedEndpoint" }, SourceContext: "Microsoft.AspNetCore.Routing.EndpointMiddleware", RequestId: "0HNM204PJCP4E:00000002", RequestPath: "/roles", ConnectionId: "0HNM204PJCP4E" }

[11:49:54 INF] Handling GetUsersQuery { SourceContext: "AppWeaver.Mediator.Behaviors.LoggingBehavior", RequestId: "0HNM204PJCP4D:00000002", RequestPath: "/users", ConnectionId: "0HNM204PJCP4D" }

[11:49:55 INF] Handled GetDepartmentsQuery { SourceContext: "AppWeaver.Mediator.Behaviors.LoggingBehavior", RequestId: "0HNM204PJCP4F:00000002", RequestPath: "/departments", ConnectionId: "0HNM204PJCP4F" }

[11:49:55 INF] Executed endpoint 'HTTP: GET /departments' { EventId: { Id: 1, Name: "ExecutedEndpoint" }, SourceContext: "Microsoft.AspNetCore.Routing.EndpointMiddleware", RequestId: "0HNM204PJCP4F:00000002", RequestPath: "/departments", ConnectionId: "0HNM204PJCP4F" }

[11:49:55 INF] Execution attempt. Source: '-standard//Standard-Retry', Operation Key: 'null', Result: '200', Handled: 'false', Attempt: '0', Execution Time: 10.9843ms { EventId: { Id: 3, Name: "ExecutionAttempt" }, SourceContext: "Polly", HttpMethod: "POST", Uri: "http://localhost:8080/realms/bytes-rewards/protocol/openid-connect/token", RequestId: "0HNM204PJCP4D:00000002", RequestPath: "/users", ConnectionId: "0HNM204PJCP4D", Scope: ["HTTP POST http://localhost:8080/realms/bytes-rewards/protocol/openid-connect/token"] }

[11:49:55 INF] Handled GetUsersQuery { SourceContext: "AppWeaver.Mediator.Behaviors.LoggingBehavior", RequestId: "0HNM204PJCP4D:00000002", RequestPath: "/users", ConnectionId: "0HNM204PJCP4D" }

[11:49:55 INF] Setting HTTP status code 200. { EventId: { Id: 1, Name: "WritingResultAsStatusCode" }, SourceContext: "Microsoft.AspNetCore.Http.Result.OkObjectResult", RequestId: "0HNM204PJCP4D:00000002", RequestPath: "/users", ConnectionId: "0HNM204PJCP4D" }

[11:49:55 INF] Writing value of type 'List`1' as Json. { EventId: { Id: 3, Name: "WritingResultAsJson" }, SourceContext: "Microsoft.AspNetCore.Http.Result.OkObjectResult", RequestId: "0HNM204PJCP4D:00000002", RequestPath: "/users", ConnectionId: "0HNM204PJCP4D" }

[11:49:55 INF] Executed endpoint 'HTTP: GET /users' { EventId: { Id: 1, Name: "ExecutedEndpoint" }, SourceContext: "Microsoft.AspNetCore.Routing.EndpointMiddleware", RequestId: "0HNM204PJCP4D:00000002", RequestPath: "/users", ConnectionId: "0HNM204PJCP4D" }

[11:50:02 INF] CORS policy execution successful. { EventId: { Id: 4, Name: "PolicySuccess" }, SourceContext: "Microsoft.AspNetCore.Cors.Infrastructure.CorsService", RequestId: "0HNM204PJCP4D:00000003", RequestPath: "/users", ConnectionId: "0HNM204PJCP4D" }

[11:50:02 INF] CORS policy execution successful. { EventId: { Id: 4, Name: "PolicySuccess" }, SourceContext: "Microsoft.AspNetCore.Cors.Infrastructure.CorsService", RequestId: "0HNM204PJCP4F:00000003", RequestPath: "/roles", ConnectionId: "0HNM204PJCP4F" }

[11:50:02 INF] CORS policy execution successful. { EventId: { Id: 4, Name: "PolicySuccess" }, SourceContext: "Microsoft.AspNetCore.Cors.Infrastructure.CorsService", RequestId: "0HNM204PJCP4F:00000004", RequestPath: "/users", ConnectionId: "0HNM204PJCP4F" }

[11:50:02 INF] CORS policy execution successful. { EventId: { Id: 4, Name: "PolicySuccess" }, SourceContext: "Microsoft.AspNetCore.Cors.Infrastructure.CorsService", RequestId: "0HNM204PJCP4D:00000004", RequestPath: "/roles", ConnectionId: "0HNM204PJCP4D" }

[11:50:02 INF] Executing endpoint 'HTTP: GET /roles' { EventId: { Name: "ExecutingEndpoint" }, SourceContext: "Microsoft.AspNetCore.Routing.EndpointMiddleware", RequestId: "0HNM204PJCP4D:00000004", RequestPath: "/roles", ConnectionId: "0HNM204PJCP4D" }

[11:50:02 INF] Handling GetRolesQuery { SourceContext: "AppWeaver.Mediator.Behaviors.LoggingBehavior", RequestId: "0HNM204PJCP4D:00000004", RequestPath: "/roles", ConnectionId: "0HNM204PJCP4D" }

[11:50:02 INF] Executing endpoint 'HTTP: GET /users' { EventId: { Name: "ExecutingEndpoint" }, SourceContext: "Microsoft.AspNetCore.Routing.EndpointMiddleware", RequestId: "0HNM204PJCP4F:00000004", RequestPath: "/users", ConnectionId: "0HNM204PJCP4F" }

[11:50:02 INF] CORS policy execution successful. { EventId: { Id: 4, Name: "PolicySuccess" }, SourceContext: "Microsoft.AspNetCore.Cors.Infrastructure.CorsService", RequestId: "0HNM204PJCP4E:00000003", RequestPath: "/departments", ConnectionId: "0HNM204PJCP4E" }

[11:50:02 INF] Handling GetUsersQuery { SourceContext: "AppWeaver.Mediator.Behaviors.LoggingBehavior", RequestId: "0HNM204PJCP4F:00000004", RequestPath: "/users", ConnectionId: "0HNM204PJCP4F" }

[11:50:02 INF] CORS policy execution successful. { EventId: { Id: 4, Name: "PolicySuccess" }, SourceContext: "Microsoft.AspNetCore.Cors.Infrastructure.CorsService", RequestId: "0HNM204PJCP4E:00000004", RequestPath: "/departments", ConnectionId: "0HNM204PJCP4E" }

[11:50:02 INF] Executing endpoint 'HTTP: GET /departments' { EventId: { Name: "ExecutingEndpoint" }, SourceContext: "Microsoft.AspNetCore.Routing.EndpointMiddleware", RequestId: "0HNM204PJCP4E:00000004", RequestPath: "/departments", ConnectionId: "0HNM204PJCP4E" }

[11:50:02 INF] Handling GetDepartmentsQuery { SourceContext: "AppWeaver.Mediator.Behaviors.LoggingBehavior", RequestId: "0HNM204PJCP4E:00000004", RequestPath: "/departments", ConnectionId: "0HNM204PJCP4E" }

[11:50:02 INF] Execution attempt. Source: '-standard//Standard-Retry', Operation Key: 'null', Result: '200', Handled: 'false', Attempt: '0', Execution Time: 12.621ms { EventId: { Id: 3, Name: "ExecutionAttempt" }, SourceContext: "Polly", HttpMethod: "POST", Uri: "http://localhost:8080/realms/bytes-rewards/protocol/openid-connect/token", RequestId: "0HNM204PJCP4D:00000004", RequestPath: "/roles", ConnectionId: "0HNM204PJCP4D", Scope: ["HTTP POST http://localhost:8080/realms/bytes-rewards/protocol/openid-connect/token"] }

[11:50:02 INF] Execution attempt. Source: '-standard//Standard-Retry', Operation Key: 'null', Result: '200', Handled: 'false', Attempt: '0', Execution Time: 16.2865ms { EventId: { Id: 3, Name: "ExecutionAttempt" }, SourceContext: "Polly", HttpMethod: "GET", Uri: "http://localhost:8080/admin/realms/bytes-rewards/roles", RequestId: "0HNM204PJCP4D:00000004", RequestPath: "/roles", ConnectionId: "0HNM204PJCP4D", Scope: ["HTTP GET http://localhost:8080/admin/realms/bytes-rewards/roles"] }

[11:50:02 INF] Handled GetRolesQuery { SourceContext: "AppWeaver.Mediator.Behaviors.LoggingBehavior", RequestId: "0HNM204PJCP4D:00000004", RequestPath: "/roles", ConnectionId: "0HNM204PJCP4D" }

[11:50:02 INF] Executed endpoint 'HTTP: GET /roles' { EventId: { Id: 1, Name: "ExecutedEndpoint" }, SourceContext: "Microsoft.AspNetCore.Routing.EndpointMiddleware", RequestId: "0HNM204PJCP4D:00000004", RequestPath: "/roles", ConnectionId: "0HNM204PJCP4D" }

[11:50:02 INF] Handled GetDepartmentsQuery { SourceContext: "AppWeaver.Mediator.Behaviors.LoggingBehavior", RequestId: "0HNM204PJCP4E:00000004", RequestPath: "/departments", ConnectionId: "0HNM204PJCP4E" }

[11:50:02 INF] Executed endpoint 'HTTP: GET /departments' { EventId: { Id: 1, Name: "ExecutedEndpoint" }, SourceContext: "Microsoft.AspNetCore.Routing.EndpointMiddleware", RequestId: "0HNM204PJCP4E:00000004", RequestPath: "/departments", ConnectionId: "0HNM204PJCP4E" }

[11:50:02 INF] Execution attempt. Source: '-standard//Standard-Retry', Operation Key: 'null', Result: '200', Handled: 'false', Attempt: '0', Execution Time: 16.2117ms { EventId: { Id: 3, Name: "ExecutionAttempt" }, SourceContext: "Polly", HttpMethod: "POST", Uri: "http://localhost:8080/realms/bytes-rewards/protocol/openid-connect/token", RequestId: "0HNM204PJCP4F:00000004", RequestPath: "/users", ConnectionId: "0HNM204PJCP4F", Scope: ["HTTP POST http://localhost:8080/realms/bytes-rewards/protocol/openid-connect/token"] }

[11:50:02 INF] Handled GetUsersQuery { SourceContext: "AppWeaver.Mediator.Behaviors.LoggingBehavior", RequestId: "0HNM204PJCP4F:00000004", RequestPath: "/users", ConnectionId: "0HNM204PJCP4F" }

[11:50:02 INF] Setting HTTP status code 200. { EventId: { Id: 1, Name: "WritingResultAsStatusCode" }, SourceContext: "Microsoft.AspNetCore.Http.Result.OkObjectResult", RequestId: "0HNM204PJCP4F:00000004", RequestPath: "/users", ConnectionId: "0HNM204PJCP4F" }

[11:50:02 INF] Writing value of type 'List`1' as Json. { EventId: { Id: 3, Name: "WritingResultAsJson" }, SourceContext: "Microsoft.AspNetCore.Http.Result.OkObjectResult", RequestId: "0HNM204PJCP4F:00000004", RequestPath: "/users", ConnectionId: "0HNM204PJCP4F" }

[11:50:02 INF] Executed endpoint 'HTTP: GET /users' { EventId: { Id: 1, Name: "ExecutedEndpoint" }, SourceContext: "Microsoft.AspNetCore.Routing.EndpointMiddleware", RequestId: "0HNM204PJCP4F:00000004", RequestPath: "/users", ConnectionId: "0HNM204PJCP4F" }

[11:55:10 INF] CORS policy execution successful. { EventId: { Id: 4, Name: "PolicySuccess" }, SourceContext: "Microsoft.AspNetCore.Cors.Infrastructure.CorsService", RequestId: "0HNM204PJCP4G:00000001", RequestPath: "/users", ConnectionId: "0HNM204PJCP4G" }

[11:55:10 INF] CORS policy execution successful. { EventId: { Id: 4, Name: "PolicySuccess" }, SourceContext: "Microsoft.AspNetCore.Cors.Infrastructure.CorsService", RequestId: "0HNM204PJCP4I:00000001", RequestPath: "/departments", ConnectionId: "0HNM204PJCP4I" }

[11:55:10 INF] CORS policy execution successful. { EventId: { Id: 4, Name: "PolicySuccess" }, SourceContext: "Microsoft.AspNetCore.Cors.Infrastructure.CorsService", RequestId: "0HNM204PJCP4H:00000001", RequestPath: "/roles", ConnectionId: "0HNM204PJCP4H" }

[11:55:10 INF] CORS policy execution successful. { EventId: { Id: 4, Name: "PolicySuccess" }, SourceContext: "Microsoft.AspNetCore.Cors.Infrastructure.CorsService", RequestId: "0HNM204PJCP4H:00000002", RequestPath: "/users", ConnectionId: "0HNM204PJCP4H" }

[11:55:10 INF] CORS policy execution successful. { EventId: { Id: 4, Name: "PolicySuccess" }, SourceContext: "Microsoft.AspNetCore.Cors.Infrastructure.CorsService", RequestId: "0HNM204PJCP4I:00000002", RequestPath: "/departments", ConnectionId: "0HNM204PJCP4I" }

[11:55:10 INF] CORS policy execution successful. { EventId: { Id: 4, Name: "PolicySuccess" }, SourceContext: "Microsoft.AspNetCore.Cors.Infrastructure.CorsService", RequestId: "0HNM204PJCP4G:00000002", RequestPath: "/roles", ConnectionId: "0HNM204PJCP4G" }

[11:55:10 INF] Executing endpoint 'HTTP: GET /departments' { EventId: { Name: "ExecutingEndpoint" }, SourceContext: "Microsoft.AspNetCore.Routing.EndpointMiddleware", RequestId: "0HNM204PJCP4I:00000002", RequestPath: "/departments", ConnectionId: "0HNM204PJCP4I" }

[11:55:10 INF] Executing endpoint 'HTTP: GET /roles' { EventId: { Name: "ExecutingEndpoint" }, SourceContext: "Microsoft.AspNetCore.Routing.EndpointMiddleware", RequestId: "0HNM204PJCP4G:00000002", RequestPath: "/roles", ConnectionId: "0HNM204PJCP4G" }

[11:55:10 INF] Handling GetRolesQuery { SourceContext: "AppWeaver.Mediator.Behaviors.LoggingBehavior", RequestId: "0HNM204PJCP4G:00000002", RequestPath: "/roles", ConnectionId: "0HNM204PJCP4G" }

[11:55:10 INF] Handling GetDepartmentsQuery { SourceContext: "AppWeaver.Mediator.Behaviors.LoggingBehavior", RequestId: "0HNM204PJCP4I:00000002", RequestPath: "/departments", ConnectionId: "0HNM204PJCP4I" }

[11:55:10 INF] Executing endpoint 'HTTP: GET /users' { EventId: { Name: "ExecutingEndpoint" }, SourceContext: "Microsoft.AspNetCore.Routing.EndpointMiddleware", RequestId: "0HNM204PJCP4H:00000002", RequestPath: "/users", ConnectionId: "0HNM204PJCP4H" }

[11:55:10 INF] Handling GetUsersQuery { SourceContext: "AppWeaver.Mediator.Behaviors.LoggingBehavior", RequestId: "0HNM204PJCP4H:00000002", RequestPath: "/users", ConnectionId: "0HNM204PJCP4H" }

[11:55:10 INF] Execution attempt. Source: '-standard//Standard-Retry', Operation Key: 'null', Result: '200', Handled: 'false', Attempt: '0', Execution Time: 22.7875ms { EventId: { Id: 3, Name: "ExecutionAttempt" }, SourceContext: "Polly", HttpMethod: "POST", Uri: "http://localhost:8080/realms/bytes-rewards/protocol/openid-connect/token", RequestId: "0HNM204PJCP4G:00000002", RequestPath: "/roles", ConnectionId: "0HNM204PJCP4G", Scope: ["HTTP POST http://localhost:8080/realms/bytes-rewards/protocol/openid-connect/token"] }

[11:55:10 INF] Execution attempt. Source: '-standard//Standard-Retry', Operation Key: 'null', Result: '200', Handled: 'false', Attempt: '0', Execution Time: 9.7617ms { EventId: { Id: 3, Name: "ExecutionAttempt" }, SourceContext: "Polly", HttpMethod: "GET", Uri: "http://localhost:8080/admin/realms/bytes-rewards/roles", RequestId: "0HNM204PJCP4G:00000002", RequestPath: "/roles", ConnectionId: "0HNM204PJCP4G", Scope: ["HTTP GET http://localhost:8080/admin/realms/bytes-rewards/roles"] }

[11:55:10 INF] Handled GetRolesQuery { SourceContext: "AppWeaver.Mediator.Behaviors.LoggingBehavior", RequestId: "0HNM204PJCP4G:00000002", RequestPath: "/roles", ConnectionId: "0HNM204PJCP4G" }

[11:55:10 INF] Executed endpoint 'HTTP: GET /roles' { EventId: { Id: 1, Name: "ExecutedEndpoint" }, SourceContext: "Microsoft.AspNetCore.Routing.EndpointMiddleware", RequestId: "0HNM204PJCP4G:00000002", RequestPath: "/roles", ConnectionId: "0HNM204PJCP4G" }

[11:55:10 INF] Handled GetDepartmentsQuery { SourceContext: "AppWeaver.Mediator.Behaviors.LoggingBehavior", RequestId: "0HNM204PJCP4I:00000002", RequestPath: "/departments", ConnectionId: "0HNM204PJCP4I" }

[11:55:10 INF] Executed endpoint 'HTTP: GET /departments' { EventId: { Id: 1, Name: "ExecutedEndpoint" }, SourceContext: "Microsoft.AspNetCore.Routing.EndpointMiddleware", RequestId: "0HNM204PJCP4I:00000002", RequestPath: "/departments", ConnectionId: "0HNM204PJCP4I" }

[11:55:10 INF] Execution attempt. Source: '-standard//Standard-Retry', Operation Key: 'null', Result: '200', Handled: 'false', Attempt: '0', Execution Time: 9.8994ms { EventId: { Id: 3, Name: "ExecutionAttempt" }, SourceContext: "Polly", HttpMethod: "POST", Uri: "http://localhost:8080/realms/bytes-rewards/protocol/openid-connect/token", RequestId: "0HNM204PJCP4H:00000002", RequestPath: "/users", ConnectionId: "0HNM204PJCP4H", Scope: ["HTTP POST http://localhost:8080/realms/bytes-rewards/protocol/openid-connect/token"] }

[11:55:10 INF] Handled GetUsersQuery { SourceContext: "AppWeaver.Mediator.Behaviors.LoggingBehavior", RequestId: "0HNM204PJCP4H:00000002", RequestPath: "/users", ConnectionId: "0HNM204PJCP4H" }

[11:55:10 INF] Setting HTTP status code 200. { EventId: { Id: 1, Name: "WritingResultAsStatusCode" }, SourceContext: "Microsoft.AspNetCore.Http.Result.OkObjectResult", RequestId: "0HNM204PJCP4H:00000002", RequestPath: "/users", ConnectionId: "0HNM204PJCP4H" }

[11:55:10 INF] Writing value of type 'List`1' as Json. { EventId: { Id: 3, Name: "WritingResultAsJson" }, SourceContext: "Microsoft.AspNetCore.Http.Result.OkObjectResult", RequestId: "0HNM204PJCP4H:00000002", RequestPath: "/users", ConnectionId: "0HNM204PJCP4H" }

[11:55:10 INF] Executed endpoint 'HTTP: GET /users' { EventId: { Id: 1, Name: "ExecutedEndpoint" }, SourceContext: "Microsoft.AspNetCore.Routing.EndpointMiddleware", RequestId: "0HNM204PJCP4H:00000002", RequestPath: "/users", ConnectionId: "0HNM204PJCP4H" }

[11:55:31 INF] CORS policy execution successful. { EventId: { Id: 4, Name: "PolicySuccess" }, SourceContext: "Microsoft.AspNetCore.Cors.Infrastructure.CorsService", RequestId: "0HNM204PJCP4H:00000003", RequestPath: "/users", ConnectionId: "0HNM204PJCP4H" }

[11:55:31 INF] CORS policy execution successful. { EventId: { Id: 4, Name: "PolicySuccess" }, SourceContext: "Microsoft.AspNetCore.Cors.Infrastructure.CorsService", RequestId: "0HNM204PJCP4I:00000003", RequestPath: "/roles", ConnectionId: "0HNM204PJCP4I" }

[11:55:31 INF] CORS policy execution successful. { EventId: { Id: 4, Name: "PolicySuccess" }, SourceContext: "Microsoft.AspNetCore.Cors.Infrastructure.CorsService", RequestId: "0HNM204PJCP4G:00000003", RequestPath: "/departments", ConnectionId: "0HNM204PJCP4G" }

[11:55:31 INF] CORS policy execution successful. { EventId: { Id: 4, Name: "PolicySuccess" }, SourceContext: "Microsoft.AspNetCore.Cors.Infrastructure.CorsService", RequestId: "0HNM204PJCP4G:00000004", RequestPath: "/users", ConnectionId: "0HNM204PJCP4G" }

[11:55:31 INF] CORS policy execution successful. { EventId: { Id: 4, Name: "PolicySuccess" }, SourceContext: "Microsoft.AspNetCore.Cors.Infrastructure.CorsService", RequestId: "0HNM204PJCP4H:00000004", RequestPath: "/departments", ConnectionId: "0HNM204PJCP4H" }

[11:55:31 INF] Executing endpoint 'HTTP: GET /users' { EventId: { Name: "ExecutingEndpoint" }, SourceContext: "Microsoft.AspNetCore.Routing.EndpointMiddleware", RequestId: "0HNM204PJCP4G:00000004", RequestPath: "/users", ConnectionId: "0HNM204PJCP4G" }

[11:55:31 INF] Executing endpoint 'HTTP: GET /departments' { EventId: { Name: "ExecutingEndpoint" }, SourceContext: "Microsoft.AspNetCore.Routing.EndpointMiddleware", RequestId: "0HNM204PJCP4H:00000004", RequestPath: "/departments", ConnectionId: "0HNM204PJCP4H" }

[11:55:31 INF] Handling GetUsersQuery { SourceContext: "AppWeaver.Mediator.Behaviors.LoggingBehavior", RequestId: "0HNM204PJCP4G:00000004", RequestPath: "/users", ConnectionId: "0HNM204PJCP4G" }

[11:55:31 INF] Handling GetDepartmentsQuery { SourceContext: "AppWeaver.Mediator.Behaviors.LoggingBehavior", RequestId: "0HNM204PJCP4H:00000004", RequestPath: "/departments", ConnectionId: "0HNM204PJCP4H" }

[11:55:31 INF] CORS policy execution successful. { EventId: { Id: 4, Name: "PolicySuccess" }, SourceContext: "Microsoft.AspNetCore.Cors.Infrastructure.CorsService", RequestId: "0HNM204PJCP4I:00000004", RequestPath: "/roles", ConnectionId: "0HNM204PJCP4I" }

[11:55:31 INF] Executing endpoint 'HTTP: GET /roles' { EventId: { Name: "ExecutingEndpoint" }, SourceContext: "Microsoft.AspNetCore.Routing.EndpointMiddleware", RequestId: "0HNM204PJCP4I:00000004", RequestPath: "/roles", ConnectionId: "0HNM204PJCP4I" }

[11:55:31 INF] Handling GetRolesQuery { SourceContext: "AppWeaver.Mediator.Behaviors.LoggingBehavior", RequestId: "0HNM204PJCP4I:00000004", RequestPath: "/roles", ConnectionId: "0HNM204PJCP4I" }

[11:55:31 INF] Handled GetDepartmentsQuery { SourceContext: "AppWeaver.Mediator.Behaviors.LoggingBehavior", RequestId: "0HNM204PJCP4H:00000004", RequestPath: "/departments", ConnectionId: "0HNM204PJCP4H" }

[11:55:31 INF] Executed endpoint 'HTTP: GET /departments' { EventId: { Id: 1, Name: "ExecutedEndpoint" }, SourceContext: "Microsoft.AspNetCore.Routing.EndpointMiddleware", RequestId: "0HNM204PJCP4H:00000004", RequestPath: "/departments", ConnectionId: "0HNM204PJCP4H" }

[11:55:31 INF] Execution attempt. Source: '-standard//Standard-Retry', Operation Key: 'null', Result: '200', Handled: 'false', Attempt: '0', Execution Time: 10.0946ms { EventId: { Id: 3, Name: "ExecutionAttempt" }, SourceContext: "Polly", HttpMethod: "POST", Uri: "http://localhost:8080/realms/bytes-rewards/protocol/openid-connect/token", RequestId: "0HNM204PJCP4I:00000004", RequestPath: "/roles", ConnectionId: "0HNM204PJCP4I", Scope: ["HTTP POST http://localhost:8080/realms/bytes-rewards/protocol/openid-connect/token"] }

[11:55:31 INF] Execution attempt. Source: '-standard//Standard-Retry', Operation Key: 'null', Result: '200', Handled: 'false', Attempt: '0', Execution Time: 7.7724ms { EventId: { Id: 3, Name: "ExecutionAttempt" }, SourceContext: "Polly", HttpMethod: "GET", Uri: "http://localhost:8080/admin/realms/bytes-rewards/roles", RequestId: "0HNM204PJCP4I:00000004", RequestPath: "/roles", ConnectionId: "0HNM204PJCP4I", Scope: ["HTTP GET http://localhost:8080/admin/realms/bytes-rewards/roles"] }

[11:55:31 INF] Handled GetRolesQuery { SourceContext: "AppWeaver.Mediator.Behaviors.LoggingBehavior", RequestId: "0HNM204PJCP4I:00000004", RequestPath: "/roles", ConnectionId: "0HNM204PJCP4I" }

[11:55:31 INF] Execution attempt. Source: '-standard//Standard-Retry', Operation Key: 'null', Result: '200', Handled: 'false', Attempt: '0', Execution Time: 14.9423ms { EventId: { Id: 3, Name: "ExecutionAttempt" }, SourceContext: "Polly", HttpMethod: "POST", Uri: "http://localhost:8080/realms/bytes-rewards/protocol/openid-connect/token", RequestId: "0HNM204PJCP4G:00000004", RequestPath: "/users", ConnectionId: "0HNM204PJCP4G", Scope: ["HTTP POST http://localhost:8080/realms/bytes-rewards/protocol/openid-connect/token"] }

[11:55:31 INF] Executed endpoint 'HTTP: GET /roles' { EventId: { Id: 1, Name: "ExecutedEndpoint" }, SourceContext: "Microsoft.AspNetCore.Routing.EndpointMiddleware", RequestId: "0HNM204PJCP4I:00000004", RequestPath: "/roles", ConnectionId: "0HNM204PJCP4I" }

[11:55:31 INF] Handled GetUsersQuery { SourceContext: "AppWeaver.Mediator.Behaviors.LoggingBehavior", RequestId: "0HNM204PJCP4G:00000004", RequestPath: "/users", ConnectionId: "0HNM204PJCP4G" }

[11:55:31 INF] Setting HTTP status code 200. { EventId: { Id: 1, Name: "WritingResultAsStatusCode" }, SourceContext: "Microsoft.AspNetCore.Http.Result.OkObjectResult", RequestId: "0HNM204PJCP4G:00000004", RequestPath: "/users", ConnectionId: "0HNM204PJCP4G" }

[11:55:31 INF] Writing value of type 'List`1' as Json. { EventId: { Id: 3, Name: "WritingResultAsJson" }, SourceContext: "Microsoft.AspNetCore.Http.Result.OkObjectResult", RequestId: "0HNM204PJCP4G:00000004", RequestPath: "/users", ConnectionId: "0HNM204PJCP4G" }

[11:55:31 INF] Executed endpoint 'HTTP: GET /users' { EventId: { Id: 1, Name: "ExecutedEndpoint" }, SourceContext: "Microsoft.AspNetCore.Routing.EndpointMiddleware", RequestId: "0HNM204PJCP4G:00000004", RequestPath: "/users", ConnectionId: "0HNM204PJCP4G" }

[12:04:11 INF] CORS policy execution successful. { EventId: { Id: 4, Name: "PolicySuccess" }, SourceContext: "Microsoft.AspNetCore.Cors.Infrastructure.CorsService", RequestId: "0HNM204PJCP4J:00000001", RequestPath: "/departments", ConnectionId: "0HNM204PJCP4J" }

[12:04:11 INF] CORS policy execution successful. { EventId: { Id: 4, Name: "PolicySuccess" }, SourceContext: "Microsoft.AspNetCore.Cors.Infrastructure.CorsService", RequestId: "0HNM204PJCP4L:00000001", RequestPath: "/roles", ConnectionId: "0HNM204PJCP4L" }

[12:04:11 INF] CORS policy execution successful. { EventId: { Id: 4, Name: "PolicySuccess" }, SourceContext: "Microsoft.AspNetCore.Cors.Infrastructure.CorsService", RequestId: "0HNM204PJCP4K:00000001", RequestPath: "/users", ConnectionId: "0HNM204PJCP4K" }

[12:04:11 INF] CORS policy execution successful. { EventId: { Id: 4, Name: "PolicySuccess" }, SourceContext: "Microsoft.AspNetCore.Cors.Infrastructure.CorsService", RequestId: "0HNM204PJCP4L:00000002", RequestPath: "/users", ConnectionId: "0HNM204PJCP4L" }

[12:04:11 INF] CORS policy execution successful. { EventId: { Id: 4, Name: "PolicySuccess" }, SourceContext: "Microsoft.AspNetCore.Cors.Infrastructure.CorsService", RequestId: "0HNM204PJCP4J:00000002", RequestPath: "/roles", ConnectionId: "0HNM204PJCP4J" }

[12:04:11 INF] CORS policy execution successful. { EventId: { Id: 4, Name: "PolicySuccess" }, SourceContext: "Microsoft.AspNetCore.Cors.Infrastructure.CorsService", RequestId: "0HNM204PJCP4K:00000002", RequestPath: "/departments", ConnectionId: "0HNM204PJCP4K" }

[12:04:11 INF] Executing endpoint 'HTTP: GET /roles' { EventId: { Name: "ExecutingEndpoint" }, SourceContext: "Microsoft.AspNetCore.Routing.EndpointMiddleware", RequestId: "0HNM204PJCP4J:00000002", RequestPath: "/roles", ConnectionId: "0HNM204PJCP4J" }

[12:04:11 INF] Executing endpoint 'HTTP: GET /users' { EventId: { Name: "ExecutingEndpoint" }, SourceContext: "Microsoft.AspNetCore.Routing.EndpointMiddleware", RequestId: "0HNM204PJCP4L:00000002", RequestPath: "/users", ConnectionId: "0HNM204PJCP4L" }

[12:04:11 INF] Handling GetRolesQuery { SourceContext: "AppWeaver.Mediator.Behaviors.LoggingBehavior", RequestId: "0HNM204PJCP4J:00000002", RequestPath: "/roles", ConnectionId: "0HNM204PJCP4J" }

[12:04:11 INF] Executing endpoint 'HTTP: GET /departments' { EventId: { Name: "ExecutingEndpoint" }, SourceContext: "Microsoft.AspNetCore.Routing.EndpointMiddleware", RequestId: "0HNM204PJCP4K:00000002", RequestPath: "/departments", ConnectionId: "0HNM204PJCP4K" }

[12:04:11 INF] Handling GetUsersQuery { SourceContext: "AppWeaver.Mediator.Behaviors.LoggingBehavior", RequestId: "0HNM204PJCP4L:00000002", RequestPath: "/users", ConnectionId: "0HNM204PJCP4L" }

[12:04:11 INF] Handling GetDepartmentsQuery { SourceContext: "AppWeaver.Mediator.Behaviors.LoggingBehavior", RequestId: "0HNM204PJCP4K:00000002", RequestPath: "/departments", ConnectionId: "0HNM204PJCP4K" }

[12:04:11 INF] Execution attempt. Source: '-standard//Standard-Retry', Operation Key: 'null', Result: '200', Handled: 'false', Attempt: '0', Execution Time: 32.8248ms { EventId: { Id: 3, Name: "ExecutionAttempt" }, SourceContext: "Polly", HttpMethod: "POST", Uri: "http://localhost:8080/realms/bytes-rewards/protocol/openid-connect/token", RequestId: "0HNM204PJCP4J:00000002", RequestPath: "/roles", ConnectionId: "0HNM204PJCP4J", Scope: ["HTTP POST http://localhost:8080/realms/bytes-rewards/protocol/openid-connect/token"] }

[12:04:11 INF] Execution attempt. Source: '-standard//Standard-Retry', Operation Key: 'null', Result: '200', Handled: 'false', Attempt: '0', Execution Time: 8.4482ms { EventId: { Id: 3, Name: "ExecutionAttempt" }, SourceContext: "Polly", HttpMethod: "GET", Uri: "http://localhost:8080/admin/realms/bytes-rewards/roles", RequestId: "0HNM204PJCP4J:00000002", RequestPath: "/roles", ConnectionId: "0HNM204PJCP4J", Scope: ["HTTP GET http://localhost:8080/admin/realms/bytes-rewards/roles"] }

[12:04:11 INF] Handled GetRolesQuery { SourceContext: "AppWeaver.Mediator.Behaviors.LoggingBehavior", RequestId: "0HNM204PJCP4J:00000002", RequestPath: "/roles", ConnectionId: "0HNM204PJCP4J" }

[12:04:11 INF] Executed endpoint 'HTTP: GET /roles' { EventId: { Id: 1, Name: "ExecutedEndpoint" }, SourceContext: "Microsoft.AspNetCore.Routing.EndpointMiddleware", RequestId: "0HNM204PJCP4J:00000002", RequestPath: "/roles", ConnectionId: "0HNM204PJCP4J" }

[12:04:11 INF] Handled GetDepartmentsQuery { SourceContext: "AppWeaver.Mediator.Behaviors.LoggingBehavior", RequestId: "0HNM204PJCP4K:00000002", RequestPath: "/departments", ConnectionId: "0HNM204PJCP4K" }

[12:04:11 INF] Executed endpoint 'HTTP: GET /departments' { EventId: { Id: 1, Name: "ExecutedEndpoint" }, SourceContext: "Microsoft.AspNetCore.Routing.EndpointMiddleware", RequestId: "0HNM204PJCP4K:00000002", RequestPath: "/departments", ConnectionId: "0HNM204PJCP4K" }

[12:04:11 INF] Execution attempt. Source: '-standard//Standard-Retry', Operation Key: 'null', Result: '200', Handled: 'false', Attempt: '0', Execution Time: 9.6786ms { EventId: { Id: 3, Name: "ExecutionAttempt" }, SourceContext: "Polly", HttpMethod: "POST", Uri: "http://localhost:8080/realms/bytes-rewards/protocol/openid-connect/token", RequestId: "0HNM204PJCP4L:00000002", RequestPath: "/users", ConnectionId: "0HNM204PJCP4L", Scope: ["HTTP POST http://localhost:8080/realms/bytes-rewards/protocol/openid-connect/token"] }

[12:04:11 INF] Handled GetUsersQuery { SourceContext: "AppWeaver.Mediator.Behaviors.LoggingBehavior", RequestId: "0HNM204PJCP4L:00000002", RequestPath: "/users", ConnectionId: "0HNM204PJCP4L" }

[12:04:11 INF] Setting HTTP status code 200. { EventId: { Id: 1, Name: "WritingResultAsStatusCode" }, SourceContext: "Microsoft.AspNetCore.Http.Result.OkObjectResult", RequestId: "0HNM204PJCP4L:00000002", RequestPath: "/users", ConnectionId: "0HNM204PJCP4L" }

[12:04:11 INF] Writing value of type 'List`1' as Json. { EventId: { Id: 3, Name: "WritingResultAsJson" }, SourceContext: "Microsoft.AspNetCore.Http.Result.OkObjectResult", RequestId: "0HNM204PJCP4L:00000002", RequestPath: "/users", ConnectionId: "0HNM204PJCP4L" }

[12:04:11 INF] Executed endpoint 'HTTP: GET /users' { EventId: { Id: 1, Name: "ExecutedEndpoint" }, SourceContext: "Microsoft.AspNetCore.Routing.EndpointMiddleware", RequestId: "0HNM204PJCP4L:00000002", RequestPath: "/users", ConnectionId: "0HNM204PJCP4L" }

[12:16:26 INF] CORS policy execution successful. { EventId: { Id: 4, Name: "PolicySuccess" }, SourceContext: "Microsoft.AspNetCore.Cors.Infrastructure.CorsService", RequestId: "0HNM204PJCP4N:00000001", RequestPath: "/users", ConnectionId: "0HNM204PJCP4N" }

[12:16:26 INF] CORS policy execution successful. { EventId: { Id: 4, Name: "PolicySuccess" }, SourceContext: "Microsoft.AspNetCore.Cors.Infrastructure.CorsService", RequestId: "0HNM204PJCP4M:00000001", RequestPath: "/departments", ConnectionId: "0HNM204PJCP4M" }

[12:16:26 INF] CORS policy execution successful. { EventId: { Id: 4, Name: "PolicySuccess" }, SourceContext: "Microsoft.AspNetCore.Cors.Infrastructure.CorsService", RequestId: "0HNM204PJCP4O:00000001", RequestPath: "/roles", ConnectionId: "0HNM204PJCP4O" }

[12:16:26 INF] CORS policy execution successful. { EventId: { Id: 4, Name: "PolicySuccess" }, SourceContext: "Microsoft.AspNetCore.Cors.Infrastructure.CorsService", RequestId: "0HNM204PJCP4N:00000002", RequestPath: "/users", ConnectionId: "0HNM204PJCP4N" }

[12:16:26 INF] CORS policy execution successful. { EventId: { Id: 4, Name: "PolicySuccess" }, SourceContext: "Microsoft.AspNetCore.Cors.Infrastructure.CorsService", RequestId: "0HNM204PJCP4M:00000002", RequestPath: "/roles", ConnectionId: "0HNM204PJCP4M" }

[12:16:26 INF] CORS policy execution successful. { EventId: { Id: 4, Name: "PolicySuccess" }, SourceContext: "Microsoft.AspNetCore.Cors.Infrastructure.CorsService", RequestId: "0HNM204PJCP4O:00000002", RequestPath: "/departments", ConnectionId: "0HNM204PJCP4O" }

[12:16:26 INF] Executing endpoint 'HTTP: GET /departments' { EventId: { Name: "ExecutingEndpoint" }, SourceContext: "Microsoft.AspNetCore.Routing.EndpointMiddleware", RequestId: "0HNM204PJCP4O:00000002", RequestPath: "/departments", ConnectionId: "0HNM204PJCP4O" }

[12:16:26 INF] Executing endpoint 'HTTP: GET /roles' { EventId: { Name: "ExecutingEndpoint" }, SourceContext: "Microsoft.AspNetCore.Routing.EndpointMiddleware", RequestId: "0HNM204PJCP4M:00000002", RequestPath: "/roles", ConnectionId: "0HNM204PJCP4M" }

[12:16:26 INF] Executing endpoint 'HTTP: GET /users' { EventId: { Name: "ExecutingEndpoint" }, SourceContext: "Microsoft.AspNetCore.Routing.EndpointMiddleware", RequestId: "0HNM204PJCP4N:00000002", RequestPath: "/users", ConnectionId: "0HNM204PJCP4N" }

[12:16:26 INF] Handling GetDepartmentsQuery { SourceContext: "AppWeaver.Mediator.Behaviors.LoggingBehavior", RequestId: "0HNM204PJCP4O:00000002", RequestPath: "/departments", ConnectionId: "0HNM204PJCP4O" }

[12:16:26 INF] Handling GetRolesQuery { SourceContext: "AppWeaver.Mediator.Behaviors.LoggingBehavior", RequestId: "0HNM204PJCP4M:00000002", RequestPath: "/roles", ConnectionId: "0HNM204PJCP4M" }

[12:16:26 INF] Handling GetUsersQuery { SourceContext: "AppWeaver.Mediator.Behaviors.LoggingBehavior", RequestId: "0HNM204PJCP4N:00000002", RequestPath: "/users", ConnectionId: "0HNM204PJCP4N" }

[12:16:26 INF] Execution attempt. Source: '-standard//Standard-Retry', Operation Key: 'null', Result: '200', Handled: 'false', Attempt: '0', Execution Time: 19.162ms { EventId: { Id: 3, Name: "ExecutionAttempt" }, SourceContext: "Polly", HttpMethod: "POST", Uri: "http://localhost:8080/realms/bytes-rewards/protocol/openid-connect/token", RequestId: "0HNM204PJCP4M:00000002", RequestPath: "/roles", ConnectionId: "0HNM204PJCP4M", Scope: ["HTTP POST http://localhost:8080/realms/bytes-rewards/protocol/openid-connect/token"] }

[12:16:26 INF] Execution attempt. Source: '-standard//Standard-Retry', Operation Key: 'null', Result: '200', Handled: 'false', Attempt: '0', Execution Time: 7.7501ms { EventId: { Id: 3, Name: "ExecutionAttempt" }, SourceContext: "Polly", HttpMethod: "GET", Uri: "http://localhost:8080/admin/realms/bytes-rewards/roles", RequestId: "0HNM204PJCP4M:00000002", RequestPath: "/roles", ConnectionId: "0HNM204PJCP4M", Scope: ["HTTP GET http://localhost:8080/admin/realms/bytes-rewards/roles"] }

[12:16:26 INF] Handled GetRolesQuery { SourceContext: "AppWeaver.Mediator.Behaviors.LoggingBehavior", RequestId: "0HNM204PJCP4M:00000002", RequestPath: "/roles", ConnectionId: "0HNM204PJCP4M" }

[12:16:26 INF] Executed endpoint 'HTTP: GET /roles' { EventId: { Id: 1, Name: "ExecutedEndpoint" }, SourceContext: "Microsoft.AspNetCore.Routing.EndpointMiddleware", RequestId: "0HNM204PJCP4M:00000002", RequestPath: "/roles", ConnectionId: "0HNM204PJCP4M" }

[12:16:26 INF] Handled GetDepartmentsQuery { SourceContext: "AppWeaver.Mediator.Behaviors.LoggingBehavior", RequestId: "0HNM204PJCP4O:00000002", RequestPath: "/departments", ConnectionId: "0HNM204PJCP4O" }

[12:16:26 INF] Executed endpoint 'HTTP: GET /departments' { EventId: { Id: 1, Name: "ExecutedEndpoint" }, SourceContext: "Microsoft.AspNetCore.Routing.EndpointMiddleware", RequestId: "0HNM204PJCP4O:00000002", RequestPath: "/departments", ConnectionId: "0HNM204PJCP4O" }

[12:16:26 INF] Execution attempt. Source: '-standard//Standard-Retry', Operation Key: 'null', Result: '200', Handled: 'false', Attempt: '0', Execution Time: 10.2751ms { EventId: { Id: 3, Name: "ExecutionAttempt" }, SourceContext: "Polly", HttpMethod: "POST", Uri: "http://localhost:8080/realms/bytes-rewards/protocol/openid-connect/token", RequestId: "0HNM204PJCP4N:00000002", RequestPath: "/users", ConnectionId: "0HNM204PJCP4N", Scope: ["HTTP POST http://localhost:8080/realms/bytes-rewards/protocol/openid-connect/token"] }

[12:16:26 INF] Handled GetUsersQuery { SourceContext: "AppWeaver.Mediator.Behaviors.LoggingBehavior", RequestId: "0HNM204PJCP4N:00000002", RequestPath: "/users", ConnectionId: "0HNM204PJCP4N" }

[12:16:26 INF] Setting HTTP status code 200. { EventId: { Id: 1, Name: "WritingResultAsStatusCode" }, SourceContext: "Microsoft.AspNetCore.Http.Result.OkObjectResult", RequestId: "0HNM204PJCP4N:00000002", RequestPath: "/users", ConnectionId: "0HNM204PJCP4N" }

[12:16:26 INF] Writing value of type 'List`1' as Json. { EventId: { Id: 3, Name: "WritingResultAsJson" }, SourceContext: "Microsoft.AspNetCore.Http.Result.OkObjectResult", RequestId: "0HNM204PJCP4N:00000002", RequestPath: "/users", ConnectionId: "0HNM204PJCP4N" }

[12:16:26 INF] Executed endpoint 'HTTP: GET /users' { EventId: { Id: 1, Name: "ExecutedEndpoint" }, SourceContext: "Microsoft.AspNetCore.Routing.EndpointMiddleware", RequestId: "0HNM204PJCP4N:00000002", RequestPath: "/users", ConnectionId: "0HNM204PJCP4N" }

[12:18:58 INF] CORS policy execution successful. { EventId: { Id: 4, Name: "PolicySuccess" }, SourceContext: "Microsoft.AspNetCore.Cors.Infrastructure.CorsService", RequestId: "0HNM204PJCP4P:00000001", RequestPath: "/roles", ConnectionId: "0HNM204PJCP4P" }

[12:18:58 INF] CORS policy execution successful. { EventId: { Id: 4, Name: "PolicySuccess" }, SourceContext: "Microsoft.AspNetCore.Cors.Infrastructure.CorsService", RequestId: "0HNM204PJCP4Q:00000001", RequestPath: "/users", ConnectionId: "0HNM204PJCP4Q" }

[12:18:58 INF] CORS policy execution successful. { EventId: { Id: 4, Name: "PolicySuccess" }, SourceContext: "Microsoft.AspNetCore.Cors.Infrastructure.CorsService", RequestId: "0HNM204PJCP4R:00000001", RequestPath: "/departments", ConnectionId: "0HNM204PJCP4R" }

[12:18:58 INF] CORS policy execution successful. { EventId: { Id: 4, Name: "PolicySuccess" }, SourceContext: "Microsoft.AspNetCore.Cors.Infrastructure.CorsService", RequestId: "0HNM204PJCP4R:00000002", RequestPath: "/users", ConnectionId: "0HNM204PJCP4R" }

[12:18:58 INF] CORS policy execution successful. { EventId: { Id: 4, Name: "PolicySuccess" }, SourceContext: "Microsoft.AspNetCore.Cors.Infrastructure.CorsService", RequestId: "0HNM204PJCP4Q:00000002", RequestPath: "/departments", ConnectionId: "0HNM204PJCP4Q" }

[12:18:58 INF] CORS policy execution successful. { EventId: { Id: 4, Name: "PolicySuccess" }, SourceContext: "Microsoft.AspNetCore.Cors.Infrastructure.CorsService", RequestId: "0HNM204PJCP4P:00000002", RequestPath: "/roles", ConnectionId: "0HNM204PJCP4P" }

[12:18:58 INF] Executing endpoint 'HTTP: GET /users' { EventId: { Name: "ExecutingEndpoint" }, SourceContext: "Microsoft.AspNetCore.Routing.EndpointMiddleware", RequestId: "0HNM204PJCP4R:00000002", RequestPath: "/users", ConnectionId: "0HNM204PJCP4R" }

[12:18:58 INF] Executing endpoint 'HTTP: GET /departments' { EventId: { Name: "ExecutingEndpoint" }, SourceContext: "Microsoft.AspNetCore.Routing.EndpointMiddleware", RequestId: "0HNM204PJCP4Q:00000002", RequestPath: "/departments", ConnectionId: "0HNM204PJCP4Q" }

[12:18:58 INF] Handling GetUsersQuery { SourceContext: "AppWeaver.Mediator.Behaviors.LoggingBehavior", RequestId: "0HNM204PJCP4R:00000002", RequestPath: "/users", ConnectionId: "0HNM204PJCP4R" }

[12:18:58 INF] Executing endpoint 'HTTP: GET /roles' { EventId: { Name: "ExecutingEndpoint" }, SourceContext: "Microsoft.AspNetCore.Routing.EndpointMiddleware", RequestId: "0HNM204PJCP4P:00000002", RequestPath: "/roles", ConnectionId: "0HNM204PJCP4P" }

[12:18:58 INF] Handling GetDepartmentsQuery { SourceContext: "AppWeaver.Mediator.Behaviors.LoggingBehavior", RequestId: "0HNM204PJCP4Q:00000002", RequestPath: "/departments", ConnectionId: "0HNM204PJCP4Q" }

[12:18:58 INF] Handling GetRolesQuery { SourceContext: "AppWeaver.Mediator.Behaviors.LoggingBehavior", RequestId: "0HNM204PJCP4P:00000002", RequestPath: "/roles", ConnectionId: "0HNM204PJCP4P" }

[12:18:58 INF] Handled GetDepartmentsQuery { SourceContext: "AppWeaver.Mediator.Behaviors.LoggingBehavior", RequestId: "0HNM204PJCP4Q:00000002", RequestPath: "/departments", ConnectionId: "0HNM204PJCP4Q" }

[12:18:58 INF] Executed endpoint 'HTTP: GET /departments' { EventId: { Id: 1, Name: "ExecutedEndpoint" }, SourceContext: "Microsoft.AspNetCore.Routing.EndpointMiddleware", RequestId: "0HNM204PJCP4Q:00000002", RequestPath: "/departments", ConnectionId: "0HNM204PJCP4Q" }

[12:18:58 INF] Execution attempt. Source: '-standard//Standard-Retry', Operation Key: 'null', Result: '200', Handled: 'false', Attempt: '0', Execution Time: 32.0298ms { EventId: { Id: 3, Name: "ExecutionAttempt" }, SourceContext: "Polly", HttpMethod: "POST", Uri: "http://localhost:8080/realms/bytes-rewards/protocol/openid-connect/token", RequestId: "0HNM204PJCP4P:00000002", RequestPath: "/roles", ConnectionId: "0HNM204PJCP4P", Scope: ["HTTP POST http://localhost:8080/realms/bytes-rewards/protocol/openid-connect/token"] }

[12:18:58 INF] Execution attempt. Source: '-standard//Standard-Retry', Operation Key: 'null', Result: '200', Handled: 'false', Attempt: '0', Execution Time: 28.0272ms { EventId: { Id: 3, Name: "ExecutionAttempt" }, SourceContext: "Polly", HttpMethod: "POST", Uri: "http://localhost:8080/realms/bytes-rewards/protocol/openid-connect/token", RequestId: "0HNM204PJCP4R:00000002", RequestPath: "/users", ConnectionId: "0HNM204PJCP4R", Scope: ["HTTP POST http://localhost:8080/realms/bytes-rewards/protocol/openid-connect/token"] }

[12:18:58 INF] Handled GetUsersQuery { SourceContext: "AppWeaver.Mediator.Behaviors.LoggingBehavior", RequestId: "0HNM204PJCP4R:00000002", RequestPath: "/users", ConnectionId: "0HNM204PJCP4R" }

[12:18:58 INF] Setting HTTP status code 200. { EventId: { Id: 1, Name: "WritingResultAsStatusCode" }, SourceContext: "Microsoft.AspNetCore.Http.Result.OkObjectResult", RequestId: "0HNM204PJCP4R:00000002", RequestPath: "/users", ConnectionId: "0HNM204PJCP4R" }

[12:18:58 INF] Writing value of type 'List`1' as Json. { EventId: { Id: 3, Name: "WritingResultAsJson" }, SourceContext: "Microsoft.AspNetCore.Http.Result.OkObjectResult", RequestId: "0HNM204PJCP4R:00000002", RequestPath: "/users", ConnectionId: "0HNM204PJCP4R" }

[12:18:58 INF] Executed endpoint 'HTTP: GET /users' { EventId: { Id: 1, Name: "ExecutedEndpoint" }, SourceContext: "Microsoft.AspNetCore.Routing.EndpointMiddleware", RequestId: "0HNM204PJCP4R:00000002", RequestPath: "/users", ConnectionId: "0HNM204PJCP4R" }

[12:18:58 INF] Execution attempt. Source: '-standard//Standard-Retry', Operation Key: 'null', Result: '200', Handled: 'false', Attempt: '0', Execution Time: 9.1708ms { EventId: { Id: 3, Name: "ExecutionAttempt" }, SourceContext: "Polly", HttpMethod: "GET", Uri: "http://localhost:8080/admin/realms/bytes-rewards/roles", RequestId: "0HNM204PJCP4P:00000002", RequestPath: "/roles", ConnectionId: "0HNM204PJCP4P", Scope: ["HTTP GET http://localhost:8080/admin/realms/bytes-rewards/roles"] }

[12:18:58 INF] Handled GetRolesQuery { SourceContext: "AppWeaver.Mediator.Behaviors.LoggingBehavior", RequestId: "0HNM204PJCP4P:00000002", RequestPath: "/roles", ConnectionId: "0HNM204PJCP4P" }

[12:18:58 INF] Executed endpoint 'HTTP: GET /roles' { EventId: { Id: 1, Name: "ExecutedEndpoint" }, SourceContext: "Microsoft.AspNetCore.Routing.EndpointMiddleware", RequestId: "0HNM204PJCP4P:00000002", RequestPath: "/roles", ConnectionId: "0HNM204PJCP4P" }

[12:19:16 INF] CORS policy execution successful. { EventId: { Id: 4, Name: "PolicySuccess" }, SourceContext: "Microsoft.AspNetCore.Cors.Infrastructure.CorsService", RequestId: "0HNM204PJCP4P:00000003", RequestPath: "/users", ConnectionId: "0HNM204PJCP4P" }

[12:19:16 INF] CORS policy execution successful. { EventId: { Id: 4, Name: "PolicySuccess" }, SourceContext: "Microsoft.AspNetCore.Cors.Infrastructure.CorsService", RequestId: "0HNM204PJCP4R:00000003", RequestPath: "/roles", ConnectionId: "0HNM204PJCP4R" }

[12:19:16 INF] CORS policy execution successful. { EventId: { Id: 4, Name: "PolicySuccess" }, SourceContext: "Microsoft.AspNetCore.Cors.Infrastructure.CorsService", RequestId: "0HNM204PJCP4P:00000004", RequestPath: "/users", ConnectionId: "0HNM204PJCP4P" }

[12:19:16 INF] Executing endpoint 'HTTP: GET /users' { EventId: { Name: "ExecutingEndpoint" }, SourceContext: "Microsoft.AspNetCore.Routing.EndpointMiddleware", RequestId: "0HNM204PJCP4P:00000004", RequestPath: "/users", ConnectionId: "0HNM204PJCP4P" }

[12:19:16 INF] Handling GetUsersQuery { SourceContext: "AppWeaver.Mediator.Behaviors.LoggingBehavior", RequestId: "0HNM204PJCP4P:00000004", RequestPath: "/users", ConnectionId: "0HNM204PJCP4P" }

[12:19:16 INF] CORS policy execution successful. { EventId: { Id: 4, Name: "PolicySuccess" }, SourceContext: "Microsoft.AspNetCore.Cors.Infrastructure.CorsService", RequestId: "0HNM204PJCP4R:00000004", RequestPath: "/departments", ConnectionId: "0HNM204PJCP4R" }

[12:19:16 INF] CORS policy execution successful. { EventId: { Id: 4, Name: "PolicySuccess" }, SourceContext: "Microsoft.AspNetCore.Cors.Infrastructure.CorsService", RequestId: "0HNM204PJCP4Q:00000003", RequestPath: "/roles", ConnectionId: "0HNM204PJCP4Q" }

[12:19:16 INF] Executing endpoint 'HTTP: GET /roles' { EventId: { Name: "ExecutingEndpoint" }, SourceContext: "Microsoft.AspNetCore.Routing.EndpointMiddleware", RequestId: "0HNM204PJCP4Q:00000003", RequestPath: "/roles", ConnectionId: "0HNM204PJCP4Q" }

[12:19:16 INF] Handling GetRolesQuery { SourceContext: "AppWeaver.Mediator.Behaviors.LoggingBehavior", RequestId: "0HNM204PJCP4Q:00000003", RequestPath: "/roles", ConnectionId: "0HNM204PJCP4Q" }

[12:19:16 INF] CORS policy execution successful. { EventId: { Id: 4, Name: "PolicySuccess" }, SourceContext: "Microsoft.AspNetCore.Cors.Infrastructure.CorsService", RequestId: "0HNM204PJCP4R:00000005", RequestPath: "/departments", ConnectionId: "0HNM204PJCP4R" }

[12:19:16 INF] Executing endpoint 'HTTP: GET /departments' { EventId: { Name: "ExecutingEndpoint" }, SourceContext: "Microsoft.AspNetCore.Routing.EndpointMiddleware", RequestId: "0HNM204PJCP4R:00000005", RequestPath: "/departments", ConnectionId: "0HNM204PJCP4R" }

[12:19:16 INF] Handling GetDepartmentsQuery { SourceContext: "AppWeaver.Mediator.Behaviors.LoggingBehavior", RequestId: "0HNM204PJCP4R:00000005", RequestPath: "/departments", ConnectionId: "0HNM204PJCP4R" }

[12:19:16 INF] Handled GetDepartmentsQuery { SourceContext: "AppWeaver.Mediator.Behaviors.LoggingBehavior", RequestId: "0HNM204PJCP4R:00000005", RequestPath: "/departments", ConnectionId: "0HNM204PJCP4R" }

[12:19:16 INF] Executed endpoint 'HTTP: GET /departments' { EventId: { Id: 1, Name: "ExecutedEndpoint" }, SourceContext: "Microsoft.AspNetCore.Routing.EndpointMiddleware", RequestId: "0HNM204PJCP4R:00000005", RequestPath: "/departments", ConnectionId: "0HNM204PJCP4R" }

[12:19:16 INF] Execution attempt. Source: '-standard//Standard-Retry', Operation Key: 'null', Result: '200', Handled: 'false', Attempt: '0', Execution Time: 15.7238ms { EventId: { Id: 3, Name: "ExecutionAttempt" }, SourceContext: "Polly", HttpMethod: "POST", Uri: "http://localhost:8080/realms/bytes-rewards/protocol/openid-connect/token", RequestId: "0HNM204PJCP4Q:00000003", RequestPath: "/roles", ConnectionId: "0HNM204PJCP4Q", Scope: ["HTTP POST http://localhost:8080/realms/bytes-rewards/protocol/openid-connect/token"] }

[12:19:16 INF] Execution attempt. Source: '-standard//Standard-Retry', Operation Key: 'null', Result: '200', Handled: 'false', Attempt: '0', Execution Time: 13.164ms { EventId: { Id: 3, Name: "ExecutionAttempt" }, SourceContext: "Polly", HttpMethod: "POST", Uri: "http://localhost:8080/realms/bytes-rewards/protocol/openid-connect/token", RequestId: "0HNM204PJCP4P:00000004", RequestPath: "/users", ConnectionId: "0HNM204PJCP4P", Scope: ["HTTP POST http://localhost:8080/realms/bytes-rewards/protocol/openid-connect/token"] }

[12:19:16 INF] Handled GetUsersQuery { SourceContext: "AppWeaver.Mediator.Behaviors.LoggingBehavior", RequestId: "0HNM204PJCP4P:00000004", RequestPath: "/users", ConnectionId: "0HNM204PJCP4P" }

[12:19:16 INF] Setting HTTP status code 200. { EventId: { Id: 1, Name: "WritingResultAsStatusCode" }, SourceContext: "Microsoft.AspNetCore.Http.Result.OkObjectResult", RequestId: "0HNM204PJCP4P:00000004", RequestPath: "/users", ConnectionId: "0HNM204PJCP4P" }

[12:19:16 INF] Writing value of type 'List`1' as Json. { EventId: { Id: 3, Name: "WritingResultAsJson" }, SourceContext: "Microsoft.AspNetCore.Http.Result.OkObjectResult", RequestId: "0HNM204PJCP4P:00000004", RequestPath: "/users", ConnectionId: "0HNM204PJCP4P" }

[12:19:16 INF] Executed endpoint 'HTTP: GET /users' { EventId: { Id: 1, Name: "ExecutedEndpoint" }, SourceContext: "Microsoft.AspNetCore.Routing.EndpointMiddleware", RequestId: "0HNM204PJCP4P:00000004", RequestPath: "/users", ConnectionId: "0HNM204PJCP4P" }

[12:19:16 INF] Execution attempt. Source: '-standard//Standard-Retry', Operation Key: 'null', Result: '200', Handled: 'false', Attempt: '0', Execution Time: 7.1617ms { EventId: { Id: 3, Name: "ExecutionAttempt" }, SourceContext: "Polly", HttpMethod: "GET", Uri: "http://localhost:8080/admin/realms/bytes-rewards/roles", RequestId: "0HNM204PJCP4Q:00000003", RequestPath: "/roles", ConnectionId: "0HNM204PJCP4Q", Scope: ["HTTP GET http://localhost:8080/admin/realms/bytes-rewards/roles"] }

[12:19:16 INF] Handled GetRolesQuery { SourceContext: "AppWeaver.Mediator.Behaviors.LoggingBehavior", RequestId: "0HNM204PJCP4Q:00000003", RequestPath: "/roles", ConnectionId: "0HNM204PJCP4Q" }

[12:19:16 INF] Executed endpoint 'HTTP: GET /roles' { EventId: { Id: 1, Name: "ExecutedEndpoint" }, SourceContext: "Microsoft.AspNetCore.Routing.EndpointMiddleware", RequestId: "0HNM204PJCP4Q:00000003", RequestPath: "/roles", ConnectionId: "0HNM204PJCP4Q" }

[12:20:03 INF] CORS policy execution successful. { EventId: { Id: 4, Name: "PolicySuccess" }, SourceContext: "Microsoft.AspNetCore.Cors.Infrastructure.CorsService", RequestId: "0HNM204PJCP4Q:00000004", RequestPath: "/users", ConnectionId: "0HNM204PJCP4Q" }

[12:20:03 INF] CORS policy execution successful. { EventId: { Id: 4, Name: "PolicySuccess" }, SourceContext: "Microsoft.AspNetCore.Cors.Infrastructure.CorsService", RequestId: "0HNM204PJCP4P:00000005", RequestPath: "/roles", ConnectionId: "0HNM204PJCP4P" }

[12:20:03 INF] CORS policy execution successful. { EventId: { Id: 4, Name: "PolicySuccess" }, SourceContext: "Microsoft.AspNetCore.Cors.Infrastructure.CorsService", RequestId: "0HNM204PJCP4Q:00000005", RequestPath: "/users", ConnectionId: "0HNM204PJCP4Q" }

[12:20:03 INF] Executing endpoint 'HTTP: GET /users' { EventId: { Name: "ExecutingEndpoint" }, SourceContext: "Microsoft.AspNetCore.Routing.EndpointMiddleware", RequestId: "0HNM204PJCP4Q:00000005", RequestPath: "/users", ConnectionId: "0HNM204PJCP4Q" }

[12:20:03 INF] Handling GetUsersQuery { SourceContext: "AppWeaver.Mediator.Behaviors.LoggingBehavior", RequestId: "0HNM204PJCP4Q:00000005", RequestPath: "/users", ConnectionId: "0HNM204PJCP4Q" }

[12:20:03 INF] CORS policy execution successful. { EventId: { Id: 4, Name: "PolicySuccess" }, SourceContext: "Microsoft.AspNetCore.Cors.Infrastructure.CorsService", RequestId: "0HNM204PJCP4R:00000006", RequestPath: "/departments", ConnectionId: "0HNM204PJCP4R" }

[12:20:03 INF] CORS policy execution successful. { EventId: { Id: 4, Name: "PolicySuccess" }, SourceContext: "Microsoft.AspNetCore.Cors.Infrastructure.CorsService", RequestId: "0HNM204PJCP4P:00000006", RequestPath: "/roles", ConnectionId: "0HNM204PJCP4P" }

[12:20:03 INF] Executing endpoint 'HTTP: GET /roles' { EventId: { Name: "ExecutingEndpoint" }, SourceContext: "Microsoft.AspNetCore.Routing.EndpointMiddleware", RequestId: "0HNM204PJCP4P:00000006", RequestPath: "/roles", ConnectionId: "0HNM204PJCP4P" }

[12:20:03 INF] Handling GetRolesQuery { SourceContext: "AppWeaver.Mediator.Behaviors.LoggingBehavior", RequestId: "0HNM204PJCP4P:00000006", RequestPath: "/roles", ConnectionId: "0HNM204PJCP4P" }

[12:20:03 INF] CORS policy execution successful. { EventId: { Id: 4, Name: "PolicySuccess" }, SourceContext: "Microsoft.AspNetCore.Cors.Infrastructure.CorsService", RequestId: "0HNM204PJCP4R:00000007", RequestPath: "/departments", ConnectionId: "0HNM204PJCP4R" }

[12:20:03 INF] Executing endpoint 'HTTP: GET /departments' { EventId: { Name: "ExecutingEndpoint" }, SourceContext: "Microsoft.AspNetCore.Routing.EndpointMiddleware", RequestId: "0HNM204PJCP4R:00000007", RequestPath: "/departments", ConnectionId: "0HNM204PJCP4R" }

[12:20:03 INF] Handling GetDepartmentsQuery { SourceContext: "AppWeaver.Mediator.Behaviors.LoggingBehavior", RequestId: "0HNM204PJCP4R:00000007", RequestPath: "/departments", ConnectionId: "0HNM204PJCP4R" }

[12:20:03 INF] Handled GetDepartmentsQuery { SourceContext: "AppWeaver.Mediator.Behaviors.LoggingBehavior", RequestId: "0HNM204PJCP4R:00000007", RequestPath: "/departments", ConnectionId: "0HNM204PJCP4R" }

[12:20:03 INF] Executed endpoint 'HTTP: GET /departments' { EventId: { Id: 1, Name: "ExecutedEndpoint" }, SourceContext: "Microsoft.AspNetCore.Routing.EndpointMiddleware", RequestId: "0HNM204PJCP4R:00000007", RequestPath: "/departments", ConnectionId: "0HNM204PJCP4R" }

[12:20:03 INF] Execution attempt. Source: '-standard//Standard-Retry', Operation Key: 'null', Result: '200', Handled: 'false', Attempt: '0', Execution Time: 12.8106ms { EventId: { Id: 3, Name: "ExecutionAttempt" }, SourceContext: "Polly", HttpMethod: "POST", Uri: "http://localhost:8080/realms/bytes-rewards/protocol/openid-connect/token", RequestId: "0HNM204PJCP4P:00000006", RequestPath: "/roles", ConnectionId: "0HNM204PJCP4P", Scope: ["HTTP POST http://localhost:8080/realms/bytes-rewards/protocol/openid-connect/token"] }

[12:20:03 INF] Execution attempt. Source: '-standard//Standard-Retry', Operation Key: 'null', Result: '200', Handled: 'false', Attempt: '0', Execution Time: 11.0114ms { EventId: { Id: 3, Name: "ExecutionAttempt" }, SourceContext: "Polly", HttpMethod: "POST", Uri: "http://localhost:8080/realms/bytes-rewards/protocol/openid-connect/token", RequestId: "0HNM204PJCP4Q:00000005", RequestPath: "/users", ConnectionId: "0HNM204PJCP4Q", Scope: ["HTTP POST http://localhost:8080/realms/bytes-rewards/protocol/openid-connect/token"] }

[12:20:03 INF] Handled GetUsersQuery { SourceContext: "AppWeaver.Mediator.Behaviors.LoggingBehavior", RequestId: "0HNM204PJCP4Q:00000005", RequestPath: "/users", ConnectionId: "0HNM204PJCP4Q" }

[12:20:03 INF] Setting HTTP status code 200. { EventId: { Id: 1, Name: "WritingResultAsStatusCode" }, SourceContext: "Microsoft.AspNetCore.Http.Result.OkObjectResult", RequestId: "0HNM204PJCP4Q:00000005", RequestPath: "/users", ConnectionId: "0HNM204PJCP4Q" }

[12:20:03 INF] Writing value of type 'List`1' as Json. { EventId: { Id: 3, Name: "WritingResultAsJson" }, SourceContext: "Microsoft.AspNetCore.Http.Result.OkObjectResult", RequestId: "0HNM204PJCP4Q:00000005", RequestPath: "/users", ConnectionId: "0HNM204PJCP4Q" }

[12:20:03 INF] Executed endpoint 'HTTP: GET /users' { EventId: { Id: 1, Name: "ExecutedEndpoint" }, SourceContext: "Microsoft.AspNetCore.Routing.EndpointMiddleware", RequestId: "0HNM204PJCP4Q:00000005", RequestPath: "/users", ConnectionId: "0HNM204PJCP4Q" }

[12:20:03 INF] Execution attempt. Source: '-standard//Standard-Retry', Operation Key: 'null', Result: '200', Handled: 'false', Attempt: '0', Execution Time: 5.5635ms { EventId: { Id: 3, Name: "ExecutionAttempt" }, SourceContext: "Polly", HttpMethod: "GET", Uri: "http://localhost:8080/admin/realms/bytes-rewards/roles", RequestId: "0HNM204PJCP4P:00000006", RequestPath: "/roles", ConnectionId: "0HNM204PJCP4P", Scope: ["HTTP GET http://localhost:8080/admin/realms/bytes-rewards/roles"] }

[12:20:03 INF] Handled GetRolesQuery { SourceContext: "AppWeaver.Mediator.Behaviors.LoggingBehavior", RequestId: "0HNM204PJCP4P:00000006", RequestPath: "/roles", ConnectionId: "0HNM204PJCP4P" }

[12:20:03 INF] Executed endpoint 'HTTP: GET /roles' { EventId: { Id: 1, Name: "ExecutedEndpoint" }, SourceContext: "Microsoft.AspNetCore.Routing.EndpointMiddleware", RequestId: "0HNM204PJCP4P:00000006", RequestPath: "/roles", ConnectionId: "0HNM204PJCP4P" }

[12:20:25 INF] CORS policy execution successful. { EventId: { Id: 4, Name: "PolicySuccess" }, SourceContext: "Microsoft.AspNetCore.Cors.Infrastructure.CorsService", RequestId: "0HNM204PJCP4P:00000007", RequestPath: "/users", ConnectionId: "0HNM204PJCP4P" }

[12:20:25 INF] CORS policy execution successful. { EventId: { Id: 4, Name: "PolicySuccess" }, SourceContext: "Microsoft.AspNetCore.Cors.Infrastructure.CorsService", RequestId: "0HNM204PJCP4Q:00000006", RequestPath: "/users", ConnectionId: "0HNM204PJCP4Q" }

[12:20:25 INF] CORS policy execution successful. { EventId: { Id: 4, Name: "PolicySuccess" }, SourceContext: "Microsoft.AspNetCore.Cors.Infrastructure.CorsService", RequestId: "0HNM204PJCP4P:00000008", RequestPath: "/roles", ConnectionId: "0HNM204PJCP4P" }

[12:20:25 INF] CORS policy execution successful. { EventId: { Id: 4, Name: "PolicySuccess" }, SourceContext: "Microsoft.AspNetCore.Cors.Infrastructure.CorsService", RequestId: "0HNM204PJCP4R:00000008", RequestPath: "/departments", ConnectionId: "0HNM204PJCP4R" }

[12:20:25 INF] Executing endpoint 'HTTP: GET /users' { EventId: { Name: "ExecutingEndpoint" }, SourceContext: "Microsoft.AspNetCore.Routing.EndpointMiddleware", RequestId: "0HNM204PJCP4Q:00000006", RequestPath: "/users", ConnectionId: "0HNM204PJCP4Q" }

[12:20:25 INF] Handling GetUsersQuery { SourceContext: "AppWeaver.Mediator.Behaviors.LoggingBehavior", RequestId: "0HNM204PJCP4Q:00000006", RequestPath: "/users", ConnectionId: "0HNM204PJCP4Q" }

[12:20:25 INF] CORS policy execution successful. { EventId: { Id: 4, Name: "PolicySuccess" }, SourceContext: "Microsoft.AspNetCore.Cors.Infrastructure.CorsService", RequestId: "0HNM204PJCP4P:00000009", RequestPath: "/departments", ConnectionId: "0HNM204PJCP4P" }

[12:20:25 INF] CORS policy execution successful. { EventId: { Id: 4, Name: "PolicySuccess" }, SourceContext: "Microsoft.AspNetCore.Cors.Infrastructure.CorsService", RequestId: "0HNM204PJCP4R:00000009", RequestPath: "/roles", ConnectionId: "0HNM204PJCP4R" }

[12:20:25 INF] Executing endpoint 'HTTP: GET /departments' { EventId: { Name: "ExecutingEndpoint" }, SourceContext: "Microsoft.AspNetCore.Routing.EndpointMiddleware", RequestId: "0HNM204PJCP4P:00000009", RequestPath: "/departments", ConnectionId: "0HNM204PJCP4P" }

[12:20:25 INF] Handling GetDepartmentsQuery { SourceContext: "AppWeaver.Mediator.Behaviors.LoggingBehavior", RequestId: "0HNM204PJCP4P:00000009", RequestPath: "/departments", ConnectionId: "0HNM204PJCP4P" }

[12:20:25 INF] Executing endpoint 'HTTP: GET /roles' { EventId: { Name: "ExecutingEndpoint" }, SourceContext: "Microsoft.AspNetCore.Routing.EndpointMiddleware", RequestId: "0HNM204PJCP4R:00000009", RequestPath: "/roles", ConnectionId: "0HNM204PJCP4R" }

[12:20:25 INF] Handling GetRolesQuery { SourceContext: "AppWeaver.Mediator.Behaviors.LoggingBehavior", RequestId: "0HNM204PJCP4R:00000009", RequestPath: "/roles", ConnectionId: "0HNM204PJCP4R" }

[12:20:25 INF] Handled GetDepartmentsQuery { SourceContext: "AppWeaver.Mediator.Behaviors.LoggingBehavior", RequestId: "0HNM204PJCP4P:00000009", RequestPath: "/departments", ConnectionId: "0HNM204PJCP4P" }

[12:20:25 INF] Executed endpoint 'HTTP: GET /departments' { EventId: { Id: 1, Name: "ExecutedEndpoint" }, SourceContext: "Microsoft.AspNetCore.Routing.EndpointMiddleware", RequestId: "0HNM204PJCP4P:00000009", RequestPath: "/departments", ConnectionId: "0HNM204PJCP4P" }

[12:20:25 INF] Execution attempt. Source: '-standard//Standard-Retry', Operation Key: 'null', Result: '200', Handled: 'false', Attempt: '0', Execution Time: 17.467ms { EventId: { Id: 3, Name: "ExecutionAttempt" }, SourceContext: "Polly", HttpMethod: "POST", Uri: "http://localhost:8080/realms/bytes-rewards/protocol/openid-connect/token", RequestId: "0HNM204PJCP4R:00000009", RequestPath: "/roles", ConnectionId: "0HNM204PJCP4R", Scope: ["HTTP POST http://localhost:8080/realms/bytes-rewards/protocol/openid-connect/token"] }

[12:20:25 INF] Execution attempt. Source: '-standard//Standard-Retry', Operation Key: 'null', Result: '200', Handled: 'false', Attempt: '0', Execution Time: 18.1822ms { EventId: { Id: 3, Name: "ExecutionAttempt" }, SourceContext: "Polly", HttpMethod: "POST", Uri: "http://localhost:8080/realms/bytes-rewards/protocol/openid-connect/token", RequestId: "0HNM204PJCP4Q:00000006", RequestPath: "/users", ConnectionId: "0HNM204PJCP4Q", Scope: ["HTTP POST http://localhost:8080/realms/bytes-rewards/protocol/openid-connect/token"] }

[12:20:25 INF] Handled GetUsersQuery { SourceContext: "AppWeaver.Mediator.Behaviors.LoggingBehavior", RequestId: "0HNM204PJCP4Q:00000006", RequestPath: "/users", ConnectionId: "0HNM204PJCP4Q" }

[12:20:25 INF] Setting HTTP status code 200. { EventId: { Id: 1, Name: "WritingResultAsStatusCode" }, SourceContext: "Microsoft.AspNetCore.Http.Result.OkObjectResult", RequestId: "0HNM204PJCP4Q:00000006", RequestPath: "/users", ConnectionId: "0HNM204PJCP4Q" }

[12:20:25 INF] Writing value of type 'List`1' as Json. { EventId: { Id: 3, Name: "WritingResultAsJson" }, SourceContext: "Microsoft.AspNetCore.Http.Result.OkObjectResult", RequestId: "0HNM204PJCP4Q:00000006", RequestPath: "/users", ConnectionId: "0HNM204PJCP4Q" }

[12:20:25 INF] Executed endpoint 'HTTP: GET /users' { EventId: { Id: 1, Name: "ExecutedEndpoint" }, SourceContext: "Microsoft.AspNetCore.Routing.EndpointMiddleware", RequestId: "0HNM204PJCP4Q:00000006", RequestPath: "/users", ConnectionId: "0HNM204PJCP4Q" }

[12:20:25 INF] Execution attempt. Source: '-standard//Standard-Retry', Operation Key: 'null', Result: '200', Handled: 'false', Attempt: '0', Execution Time: 10.2908ms { EventId: { Id: 3, Name: "ExecutionAttempt" }, SourceContext: "Polly", HttpMethod: "GET", Uri: "http://localhost:8080/admin/realms/bytes-rewards/roles", RequestId: "0HNM204PJCP4R:00000009", RequestPath: "/roles", ConnectionId: "0HNM204PJCP4R", Scope: ["HTTP GET http://localhost:8080/admin/realms/bytes-rewards/roles"] }

[12:20:25 INF] Handled GetRolesQuery { SourceContext: "AppWeaver.Mediator.Behaviors.LoggingBehavior", RequestId: "0HNM204PJCP4R:00000009", RequestPath: "/roles", ConnectionId: "0HNM204PJCP4R" }

[12:20:25 INF] Executed endpoint 'HTTP: GET /roles' { EventId: { Id: 1, Name: "ExecutedEndpoint" }, SourceContext: "Microsoft.AspNetCore.Routing.EndpointMiddleware", RequestId: "0HNM204PJCP4R:00000009", RequestPath: "/roles", ConnectionId: "0HNM204PJCP4R" }

[12:20:38 INF] CORS policy execution successful. { EventId: { Id: 4, Name: "PolicySuccess" }, SourceContext: "Microsoft.AspNetCore.Cors.Infrastructure.CorsService", RequestId: "0HNM204PJCP4R:0000000A", RequestPath: "/users", ConnectionId: "0HNM204PJCP4R" }

[12:20:38 INF] CORS policy execution successful. { EventId: { Id: 4, Name: "PolicySuccess" }, SourceContext: "Microsoft.AspNetCore.Cors.Infrastructure.CorsService", RequestId: "0HNM204PJCP4P:0000000A", RequestPath: "/departments", ConnectionId: "0HNM204PJCP4P" }

[12:20:38 INF] CORS policy execution successful. { EventId: { Id: 4, Name: "PolicySuccess" }, SourceContext: "Microsoft.AspNetCore.Cors.Infrastructure.CorsService", RequestId: "0HNM204PJCP4Q:00000007", RequestPath: "/roles", ConnectionId: "0HNM204PJCP4Q" }

[12:20:38 INF] CORS policy execution successful. { EventId: { Id: 4, Name: "PolicySuccess" }, SourceContext: "Microsoft.AspNetCore.Cors.Infrastructure.CorsService", RequestId: "0HNM204PJCP4Q:00000008", RequestPath: "/users", ConnectionId: "0HNM204PJCP4Q" }

[12:20:38 INF] CORS policy execution successful. { EventId: { Id: 4, Name: "PolicySuccess" }, SourceContext: "Microsoft.AspNetCore.Cors.Infrastructure.CorsService", RequestId: "0HNM204PJCP4P:0000000B", RequestPath: "/departments", ConnectionId: "0HNM204PJCP4P" }

[12:20:38 INF] CORS policy execution successful. { EventId: { Id: 4, Name: "PolicySuccess" }, SourceContext: "Microsoft.AspNetCore.Cors.Infrastructure.CorsService", RequestId: "0HNM204PJCP4R:0000000B", RequestPath: "/roles", ConnectionId: "0HNM204PJCP4R" }

[12:20:38 INF] Executing endpoint 'HTTP: GET /users' { EventId: { Name: "ExecutingEndpoint" }, SourceContext: "Microsoft.AspNetCore.Routing.EndpointMiddleware", RequestId: "0HNM204PJCP4Q:00000008", RequestPath: "/users", ConnectionId: "0HNM204PJCP4Q" }

[12:20:38 INF] Executing endpoint 'HTTP: GET /departments' { EventId: { Name: "ExecutingEndpoint" }, SourceContext: "Microsoft.AspNetCore.Routing.EndpointMiddleware", RequestId: "0HNM204PJCP4P:0000000B", RequestPath: "/departments", ConnectionId: "0HNM204PJCP4P" }

[12:20:38 INF] Handling GetUsersQuery { SourceContext: "AppWeaver.Mediator.Behaviors.LoggingBehavior", RequestId: "0HNM204PJCP4Q:00000008", RequestPath: "/users", ConnectionId: "0HNM204PJCP4Q" }

[12:20:38 INF] Handling GetDepartmentsQuery { SourceContext: "AppWeaver.Mediator.Behaviors.LoggingBehavior", RequestId: "0HNM204PJCP4P:0000000B", RequestPath: "/departments", ConnectionId: "0HNM204PJCP4P" }

[12:20:38 INF] Executing endpoint 'HTTP: GET /roles' { EventId: { Name: "ExecutingEndpoint" }, SourceContext: "Microsoft.AspNetCore.Routing.EndpointMiddleware", RequestId: "0HNM204PJCP4R:0000000B", RequestPath: "/roles", ConnectionId: "0HNM204PJCP4R" }

[12:20:38 INF] Handling GetRolesQuery { SourceContext: "AppWeaver.Mediator.Behaviors.LoggingBehavior", RequestId: "0HNM204PJCP4R:0000000B", RequestPath: "/roles", ConnectionId: "0HNM204PJCP4R" }

[12:20:38 INF] Handled GetDepartmentsQuery { SourceContext: "AppWeaver.Mediator.Behaviors.LoggingBehavior", RequestId: "0HNM204PJCP4P:0000000B", RequestPath: "/departments", ConnectionId: "0HNM204PJCP4P" }

[12:20:38 INF] Executed endpoint 'HTTP: GET /departments' { EventId: { Id: 1, Name: "ExecutedEndpoint" }, SourceContext: "Microsoft.AspNetCore.Routing.EndpointMiddleware", RequestId: "0HNM204PJCP4P:0000000B", RequestPath: "/departments", ConnectionId: "0HNM204PJCP4P" }

[12:20:38 INF] Execution attempt. Source: '-standard//Standard-Retry', Operation Key: 'null', Result: '200', Handled: 'false', Attempt: '0', Execution Time: 12.1006ms { EventId: { Id: 3, Name: "ExecutionAttempt" }, SourceContext: "Polly", HttpMethod: "POST", Uri: "http://localhost:8080/realms/bytes-rewards/protocol/openid-connect/token", RequestId: "0HNM204PJCP4R:0000000B", RequestPath: "/roles", ConnectionId: "0HNM204PJCP4R", Scope: ["HTTP POST http://localhost:8080/realms/bytes-rewards/protocol/openid-connect/token"] }

[12:20:38 INF] Execution attempt. Source: '-standard//Standard-Retry', Operation Key: 'null', Result: '200', Handled: 'false', Attempt: '0', Execution Time: 10.7158ms { EventId: { Id: 3, Name: "ExecutionAttempt" }, SourceContext: "Polly", HttpMethod: "POST", Uri: "http://localhost:8080/realms/bytes-rewards/protocol/openid-connect/token", RequestId: "0HNM204PJCP4Q:00000008", RequestPath: "/users", ConnectionId: "0HNM204PJCP4Q", Scope: ["HTTP POST http://localhost:8080/realms/bytes-rewards/protocol/openid-connect/token"] }

[12:20:38 INF] Handled GetUsersQuery { SourceContext: "AppWeaver.Mediator.Behaviors.LoggingBehavior", RequestId: "0HNM204PJCP4Q:00000008", RequestPath: "/users", ConnectionId: "0HNM204PJCP4Q" }

[12:20:38 INF] Setting HTTP status code 200. { EventId: { Id: 1, Name: "WritingResultAsStatusCode" }, SourceContext: "Microsoft.AspNetCore.Http.Result.OkObjectResult", RequestId: "0HNM204PJCP4Q:00000008", RequestPath: "/users", ConnectionId: "0HNM204PJCP4Q" }

[12:20:38 INF] Writing value of type 'List`1' as Json. { EventId: { Id: 3, Name: "WritingResultAsJson" }, SourceContext: "Microsoft.AspNetCore.Http.Result.OkObjectResult", RequestId: "0HNM204PJCP4Q:00000008", RequestPath: "/users", ConnectionId: "0HNM204PJCP4Q" }

[12:20:38 INF] Executed endpoint 'HTTP: GET /users' { EventId: { Id: 1, Name: "ExecutedEndpoint" }, SourceContext: "Microsoft.AspNetCore.Routing.EndpointMiddleware", RequestId: "0HNM204PJCP4Q:00000008", RequestPath: "/users", ConnectionId: "0HNM204PJCP4Q" }

[12:20:38 INF] Execution attempt. Source: '-standard//Standard-Retry', Operation Key: 'null', Result: '200', Handled: 'false', Attempt: '0', Execution Time: 14.7619ms { EventId: { Id: 3, Name: "ExecutionAttempt" }, SourceContext: "Polly", HttpMethod: "GET", Uri: "http://localhost:8080/admin/realms/bytes-rewards/roles", RequestId: "0HNM204PJCP4R:0000000B", RequestPath: "/roles", ConnectionId: "0HNM204PJCP4R", Scope: ["HTTP GET http://localhost:8080/admin/realms/bytes-rewards/roles"] }

[12:20:38 INF] Handled GetRolesQuery { SourceContext: "AppWeaver.Mediator.Behaviors.LoggingBehavior", RequestId: "0HNM204PJCP4R:0000000B", RequestPath: "/roles", ConnectionId: "0HNM204PJCP4R" }

[12:20:38 INF] Executed endpoint 'HTTP: GET /roles' { EventId: { Id: 1, Name: "ExecutedEndpoint" }, SourceContext: "Microsoft.AspNetCore.Routing.EndpointMiddleware", RequestId: "0HNM204PJCP4R:0000000B", RequestPath: "/roles", ConnectionId: "0HNM204PJCP4R" }

[12:22:17 INF] CORS policy execution successful. { EventId: { Id: 4, Name: "PolicySuccess" }, SourceContext: "Microsoft.AspNetCore.Cors.Infrastructure.CorsService", RequestId: "0HNM204PJCP4R:0000000C", RequestPath: "/users", ConnectionId: "0HNM204PJCP4R" }

[12:22:17 INF] CORS policy execution successful. { EventId: { Id: 4, Name: "PolicySuccess" }, SourceContext: "Microsoft.AspNetCore.Cors.Infrastructure.CorsService", RequestId: "0HNM204PJCP4Q:00000009", RequestPath: "/roles", ConnectionId: "0HNM204PJCP4Q" }

[12:22:17 INF] CORS policy execution successful. { EventId: { Id: 4, Name: "PolicySuccess" }, SourceContext: "Microsoft.AspNetCore.Cors.Infrastructure.CorsService", RequestId: "0HNM204PJCP4P:0000000C", RequestPath: "/departments", ConnectionId: "0HNM204PJCP4P" }

[12:22:17 INF] CORS policy execution successful. { EventId: { Id: 4, Name: "PolicySuccess" }, SourceContext: "Microsoft.AspNetCore.Cors.Infrastructure.CorsService", RequestId: "0HNM204PJCP4P:0000000D", RequestPath: "/users", ConnectionId: "0HNM204PJCP4P" }

[12:22:17 INF] CORS policy execution successful. { EventId: { Id: 4, Name: "PolicySuccess" }, SourceContext: "Microsoft.AspNetCore.Cors.Infrastructure.CorsService", RequestId: "0HNM204PJCP4Q:0000000A", RequestPath: "/roles", ConnectionId: "0HNM204PJCP4Q" }

[12:22:17 INF] CORS policy execution successful. { EventId: { Id: 4, Name: "PolicySuccess" }, SourceContext: "Microsoft.AspNetCore.Cors.Infrastructure.CorsService", RequestId: "0HNM204PJCP4R:0000000D", RequestPath: "/departments", ConnectionId: "0HNM204PJCP4R" }

[12:22:17 INF] Executing endpoint 'HTTP: GET /roles' { EventId: { Name: "ExecutingEndpoint" }, SourceContext: "Microsoft.AspNetCore.Routing.EndpointMiddleware", RequestId: "0HNM204PJCP4Q:0000000A", RequestPath: "/roles", ConnectionId: "0HNM204PJCP4Q" }

[12:22:17 INF] Executing endpoint 'HTTP: GET /departments' { EventId: { Name: "ExecutingEndpoint" }, SourceContext: "Microsoft.AspNetCore.Routing.EndpointMiddleware", RequestId: "0HNM204PJCP4R:0000000D", RequestPath: "/departments", ConnectionId: "0HNM204PJCP4R" }

[12:22:17 INF] Handling GetRolesQuery { SourceContext: "AppWeaver.Mediator.Behaviors.LoggingBehavior", RequestId: "0HNM204PJCP4Q:0000000A", RequestPath: "/roles", ConnectionId: "0HNM204PJCP4Q" }

[12:22:17 INF] Executing endpoint 'HTTP: GET /users' { EventId: { Name: "ExecutingEndpoint" }, SourceContext: "Microsoft.AspNetCore.Routing.EndpointMiddleware", RequestId: "0HNM204PJCP4P:0000000D", RequestPath: "/users", ConnectionId: "0HNM204PJCP4P" }

[12:22:17 INF] Handling GetDepartmentsQuery { SourceContext: "AppWeaver.Mediator.Behaviors.LoggingBehavior", RequestId: "0HNM204PJCP4R:0000000D", RequestPath: "/departments", ConnectionId: "0HNM204PJCP4R" }

[12:22:17 INF] Handling GetUsersQuery { SourceContext: "AppWeaver.Mediator.Behaviors.LoggingBehavior", RequestId: "0HNM204PJCP4P:0000000D", RequestPath: "/users", ConnectionId: "0HNM204PJCP4P" }

[12:22:17 INF] Execution attempt. Source: '-standard//Standard-Retry', Operation Key: 'null', Result: '200', Handled: 'false', Attempt: '0', Execution Time: 21.7315ms { EventId: { Id: 3, Name: "ExecutionAttempt" }, SourceContext: "Polly", HttpMethod: "POST", Uri: "http://localhost:8080/realms/bytes-rewards/protocol/openid-connect/token", RequestId: "0HNM204PJCP4Q:0000000A", RequestPath: "/roles", ConnectionId: "0HNM204PJCP4Q", Scope: ["HTTP POST http://localhost:8080/realms/bytes-rewards/protocol/openid-connect/token"] }

[12:22:17 INF] Execution attempt. Source: '-standard//Standard-Retry', Operation Key: 'null', Result: '200', Handled: 'false', Attempt: '0', Execution Time: 8.1665ms { EventId: { Id: 3, Name: "ExecutionAttempt" }, SourceContext: "Polly", HttpMethod: "GET", Uri: "http://localhost:8080/admin/realms/bytes-rewards/roles", RequestId: "0HNM204PJCP4Q:0000000A", RequestPath: "/roles", ConnectionId: "0HNM204PJCP4Q", Scope: ["HTTP GET http://localhost:8080/admin/realms/bytes-rewards/roles"] }

[12:22:17 INF] Handled GetRolesQuery { SourceContext: "AppWeaver.Mediator.Behaviors.LoggingBehavior", RequestId: "0HNM204PJCP4Q:0000000A", RequestPath: "/roles", ConnectionId: "0HNM204PJCP4Q" }

[12:22:17 INF] Executed endpoint 'HTTP: GET /roles' { EventId: { Id: 1, Name: "ExecutedEndpoint" }, SourceContext: "Microsoft.AspNetCore.Routing.EndpointMiddleware", RequestId: "0HNM204PJCP4Q:0000000A", RequestPath: "/roles", ConnectionId: "0HNM204PJCP4Q" }

[12:22:17 INF] Handled GetDepartmentsQuery { SourceContext: "AppWeaver.Mediator.Behaviors.LoggingBehavior", RequestId: "0HNM204PJCP4R:0000000D", RequestPath: "/departments", ConnectionId: "0HNM204PJCP4R" }

[12:22:17 INF] Executed endpoint 'HTTP: GET /departments' { EventId: { Id: 1, Name: "ExecutedEndpoint" }, SourceContext: "Microsoft.AspNetCore.Routing.EndpointMiddleware", RequestId: "0HNM204PJCP4R:0000000D", RequestPath: "/departments", ConnectionId: "0HNM204PJCP4R" }

[12:22:17 INF] Execution attempt. Source: '-standard//Standard-Retry', Operation Key: 'null', Result: '200', Handled: 'false', Attempt: '0', Execution Time: 15.8417ms { EventId: { Id: 3, Name: "ExecutionAttempt" }, SourceContext: "Polly", HttpMethod: "POST", Uri: "http://localhost:8080/realms/bytes-rewards/protocol/openid-connect/token", RequestId: "0HNM204PJCP4P:0000000D", RequestPath: "/users", ConnectionId: "0HNM204PJCP4P", Scope: ["HTTP POST http://localhost:8080/realms/bytes-rewards/protocol/openid-connect/token"] }

[12:22:17 INF] Handled GetUsersQuery { SourceContext: "AppWeaver.Mediator.Behaviors.LoggingBehavior", RequestId: "0HNM204PJCP4P:0000000D", RequestPath: "/users", ConnectionId: "0HNM204PJCP4P" }

[12:22:17 INF] Setting HTTP status code 200. { EventId: { Id: 1, Name: "WritingResultAsStatusCode" }, SourceContext: "Microsoft.AspNetCore.Http.Result.OkObjectResult", RequestId: "0HNM204PJCP4P:0000000D", RequestPath: "/users", ConnectionId: "0HNM204PJCP4P" }

[12:22:17 INF] Writing value of type 'List`1' as Json. { EventId: { Id: 3, Name: "WritingResultAsJson" }, SourceContext: "Microsoft.AspNetCore.Http.Result.OkObjectResult", RequestId: "0HNM204PJCP4P:0000000D", RequestPath: "/users", ConnectionId: "0HNM204PJCP4P" }

[12:22:17 INF] Executed endpoint 'HTTP: GET /users' { EventId: { Id: 1, Name: "ExecutedEndpoint" }, SourceContext: "Microsoft.AspNetCore.Routing.EndpointMiddleware", RequestId: "0HNM204PJCP4P:0000000D", RequestPath: "/users", ConnectionId: "0HNM204PJCP4P" }

[12:32:44 INF] CORS policy execution successful. { EventId: { Id: 4, Name: "PolicySuccess" }, SourceContext: "Microsoft.AspNetCore.Cors.Infrastructure.CorsService", RequestId: "0HNM204PJCP4S:00000001", RequestPath: "/users", ConnectionId: "0HNM204PJCP4S" }

[12:32:44 INF] CORS policy execution successful. { EventId: { Id: 4, Name: "PolicySuccess" }, SourceContext: "Microsoft.AspNetCore.Cors.Infrastructure.CorsService", RequestId: "0HNM204PJCP4T:00000001", RequestPath: "/departments", ConnectionId: "0HNM204PJCP4T" }

[12:32:44 INF] CORS policy execution successful. { EventId: { Id: 4, Name: "PolicySuccess" }, SourceContext: "Microsoft.AspNetCore.Cors.Infrastructure.CorsService", RequestId: "0HNM204PJCP4U:00000001", RequestPath: "/roles", ConnectionId: "0HNM204PJCP4U" }

[12:32:44 INF] CORS policy execution successful. { EventId: { Id: 4, Name: "PolicySuccess" }, SourceContext: "Microsoft.AspNetCore.Cors.Infrastructure.CorsService", RequestId: "0HNM204PJCP4U:00000002", RequestPath: "/departments", ConnectionId: "0HNM204PJCP4U" }

[12:32:44 INF] CORS policy execution successful. { EventId: { Id: 4, Name: "PolicySuccess" }, SourceContext: "Microsoft.AspNetCore.Cors.Infrastructure.CorsService", RequestId: "0HNM204PJCP4S:00000002", RequestPath: "/users", ConnectionId: "0HNM204PJCP4S" }

[12:32:44 INF] CORS policy execution successful. { EventId: { Id: 4, Name: "PolicySuccess" }, SourceContext: "Microsoft.AspNetCore.Cors.Infrastructure.CorsService", RequestId: "0HNM204PJCP4T:00000002", RequestPath: "/roles", ConnectionId: "0HNM204PJCP4T" }

[12:32:44 INF] Executing endpoint 'HTTP: GET /departments' { EventId: { Name: "ExecutingEndpoint" }, SourceContext: "Microsoft.AspNetCore.Routing.EndpointMiddleware", RequestId: "0HNM204PJCP4U:00000002", RequestPath: "/departments", ConnectionId: "0HNM204PJCP4U" }

[12:32:44 INF] Handling GetDepartmentsQuery { SourceContext: "AppWeaver.Mediator.Behaviors.LoggingBehavior", RequestId: "0HNM204PJCP4U:00000002", RequestPath: "/departments", ConnectionId: "0HNM204PJCP4U" }

[12:32:44 INF] Executing endpoint 'HTTP: GET /roles' { EventId: { Name: "ExecutingEndpoint" }, SourceContext: "Microsoft.AspNetCore.Routing.EndpointMiddleware", RequestId: "0HNM204PJCP4T:00000002", RequestPath: "/roles", ConnectionId: "0HNM204PJCP4T" }

[12:32:44 INF] Executing endpoint 'HTTP: GET /users' { EventId: { Name: "ExecutingEndpoint" }, SourceContext: "Microsoft.AspNetCore.Routing.EndpointMiddleware", RequestId: "0HNM204PJCP4S:00000002", RequestPath: "/users", ConnectionId: "0HNM204PJCP4S" }

[12:32:44 INF] Handling GetRolesQuery { SourceContext: "AppWeaver.Mediator.Behaviors.LoggingBehavior", RequestId: "0HNM204PJCP4T:00000002", RequestPath: "/roles", ConnectionId: "0HNM204PJCP4T" }

[12:32:44 INF] Handling GetUsersQuery { SourceContext: "AppWeaver.Mediator.Behaviors.LoggingBehavior", RequestId: "0HNM204PJCP4S:00000002", RequestPath: "/users", ConnectionId: "0HNM204PJCP4S" }

[12:32:44 INF] Execution attempt. Source: '-standard//Standard-Retry', Operation Key: 'null', Result: '200', Handled: 'false', Attempt: '0', Execution Time: 29.5436ms { EventId: { Id: 3, Name: "ExecutionAttempt" }, SourceContext: "Polly", HttpMethod: "POST", Uri: "http://localhost:8080/realms/bytes-rewards/protocol/openid-connect/token", RequestId: "0HNM204PJCP4T:00000002", RequestPath: "/roles", ConnectionId: "0HNM204PJCP4T", Scope: ["HTTP POST http://localhost:8080/realms/bytes-rewards/protocol/openid-connect/token"] }

[12:32:44 INF] Execution attempt. Source: '-standard//Standard-Retry', Operation Key: 'null', Result: '200', Handled: 'false', Attempt: '0', Execution Time: 10.2468ms { EventId: { Id: 3, Name: "ExecutionAttempt" }, SourceContext: "Polly", HttpMethod: "GET", Uri: "http://localhost:8080/admin/realms/bytes-rewards/roles", RequestId: "0HNM204PJCP4T:00000002", RequestPath: "/roles", ConnectionId: "0HNM204PJCP4T", Scope: ["HTTP GET http://localhost:8080/admin/realms/bytes-rewards/roles"] }

[12:32:44 INF] Handled GetRolesQuery { SourceContext: "AppWeaver.Mediator.Behaviors.LoggingBehavior", RequestId: "0HNM204PJCP4T:00000002", RequestPath: "/roles", ConnectionId: "0HNM204PJCP4T" }

[12:32:44 INF] Executed endpoint 'HTTP: GET /roles' { EventId: { Id: 1, Name: "ExecutedEndpoint" }, SourceContext: "Microsoft.AspNetCore.Routing.EndpointMiddleware", RequestId: "0HNM204PJCP4T:00000002", RequestPath: "/roles", ConnectionId: "0HNM204PJCP4T" }

[12:32:44 INF] Handled GetDepartmentsQuery { SourceContext: "AppWeaver.Mediator.Behaviors.LoggingBehavior", RequestId: "0HNM204PJCP4U:00000002", RequestPath: "/departments", ConnectionId: "0HNM204PJCP4U" }

[12:32:44 INF] Executed endpoint 'HTTP: GET /departments' { EventId: { Id: 1, Name: "ExecutedEndpoint" }, SourceContext: "Microsoft.AspNetCore.Routing.EndpointMiddleware", RequestId: "0HNM204PJCP4U:00000002", RequestPath: "/departments", ConnectionId: "0HNM204PJCP4U" }

[12:32:44 INF] Execution attempt. Source: '-standard//Standard-Retry', Operation Key: 'null', Result: '200', Handled: 'false', Attempt: '0', Execution Time: 10.1439ms { EventId: { Id: 3, Name: "ExecutionAttempt" }, SourceContext: "Polly", HttpMethod: "POST", Uri: "http://localhost:8080/realms/bytes-rewards/protocol/openid-connect/token", RequestId: "0HNM204PJCP4S:00000002", RequestPath: "/users", ConnectionId: "0HNM204PJCP4S", Scope: ["HTTP POST http://localhost:8080/realms/bytes-rewards/protocol/openid-connect/token"] }

[12:32:44 INF] Handled GetUsersQuery { SourceContext: "AppWeaver.Mediator.Behaviors.LoggingBehavior", RequestId: "0HNM204PJCP4S:00000002", RequestPath: "/users", ConnectionId: "0HNM204PJCP4S" }

[12:32:44 INF] Setting HTTP status code 200. { EventId: { Id: 1, Name: "WritingResultAsStatusCode" }, SourceContext: "Microsoft.AspNetCore.Http.Result.OkObjectResult", RequestId: "0HNM204PJCP4S:00000002", RequestPath: "/users", ConnectionId: "0HNM204PJCP4S" }

[12:32:44 INF] Writing value of type 'List`1' as Json. { EventId: { Id: 3, Name: "WritingResultAsJson" }, SourceContext: "Microsoft.AspNetCore.Http.Result.OkObjectResult", RequestId: "0HNM204PJCP4S:00000002", RequestPath: "/users", ConnectionId: "0HNM204PJCP4S" }

[12:32:44 INF] Executed endpoint 'HTTP: GET /users' { EventId: { Id: 1, Name: "ExecutedEndpoint" }, SourceContext: "Microsoft.AspNetCore.Routing.EndpointMiddleware", RequestId: "0HNM204PJCP4S:00000002", RequestPath: "/users", ConnectionId: "0HNM204PJCP4S" }

[12:33:07 INF] CORS policy execution successful. { EventId: { Id: 4, Name: "PolicySuccess" }, SourceContext: "Microsoft.AspNetCore.Cors.Infrastructure.CorsService", RequestId: "0HNM204PJCP4S:00000003", RequestPath: "/users", ConnectionId: "0HNM204PJCP4S" }

[12:33:07 INF] CORS policy execution successful. { EventId: { Id: 4, Name: "PolicySuccess" }, SourceContext: "Microsoft.AspNetCore.Cors.Infrastructure.CorsService", RequestId: "0HNM204PJCP4U:00000003", RequestPath: "/roles", ConnectionId: "0HNM204PJCP4U" }

[12:33:07 INF] CORS policy execution successful. { EventId: { Id: 4, Name: "PolicySuccess" }, SourceContext: "Microsoft.AspNetCore.Cors.Infrastructure.CorsService", RequestId: "0HNM204PJCP4S:00000004", RequestPath: "/users", ConnectionId: "0HNM204PJCP4S" }

[12:33:07 INF] Executing endpoint 'HTTP: GET /users' { EventId: { Name: "ExecutingEndpoint" }, SourceContext: "Microsoft.AspNetCore.Routing.EndpointMiddleware", RequestId: "0HNM204PJCP4S:00000004", RequestPath: "/users", ConnectionId: "0HNM204PJCP4S" }

[12:33:07 INF] Handling GetUsersQuery { SourceContext: "AppWeaver.Mediator.Behaviors.LoggingBehavior", RequestId: "0HNM204PJCP4S:00000004", RequestPath: "/users", ConnectionId: "0HNM204PJCP4S" }

[12:33:07 INF] CORS policy execution successful. { EventId: { Id: 4, Name: "PolicySuccess" }, SourceContext: "Microsoft.AspNetCore.Cors.Infrastructure.CorsService", RequestId: "0HNM204PJCP4U:00000004", RequestPath: "/roles", ConnectionId: "0HNM204PJCP4U" }

[12:33:07 INF] Executing endpoint 'HTTP: GET /roles' { EventId: { Name: "ExecutingEndpoint" }, SourceContext: "Microsoft.AspNetCore.Routing.EndpointMiddleware", RequestId: "0HNM204PJCP4U:00000004", RequestPath: "/roles", ConnectionId: "0HNM204PJCP4U" }

[12:33:07 INF] Handling GetRolesQuery { SourceContext: "AppWeaver.Mediator.Behaviors.LoggingBehavior", RequestId: "0HNM204PJCP4U:00000004", RequestPath: "/roles", ConnectionId: "0HNM204PJCP4U" }

[12:33:07 INF] CORS policy execution successful. { EventId: { Id: 4, Name: "PolicySuccess" }, SourceContext: "Microsoft.AspNetCore.Cors.Infrastructure.CorsService", RequestId: "0HNM204PJCP4T:00000003", RequestPath: "/departments", ConnectionId: "0HNM204PJCP4T" }

[12:33:07 INF] CORS policy execution successful. { EventId: { Id: 4, Name: "PolicySuccess" }, SourceContext: "Microsoft.AspNetCore.Cors.Infrastructure.CorsService", RequestId: "0HNM204PJCP4T:00000004", RequestPath: "/departments", ConnectionId: "0HNM204PJCP4T" }

[12:33:07 INF] Executing endpoint 'HTTP: GET /departments' { EventId: { Name: "ExecutingEndpoint" }, SourceContext: "Microsoft.AspNetCore.Routing.EndpointMiddleware", RequestId: "0HNM204PJCP4T:00000004", RequestPath: "/departments", ConnectionId: "0HNM204PJCP4T" }

[12:33:07 INF] Handling GetDepartmentsQuery { SourceContext: "AppWeaver.Mediator.Behaviors.LoggingBehavior", RequestId: "0HNM204PJCP4T:00000004", RequestPath: "/departments", ConnectionId: "0HNM204PJCP4T" }

[12:33:07 INF] Handled GetDepartmentsQuery { SourceContext: "AppWeaver.Mediator.Behaviors.LoggingBehavior", RequestId: "0HNM204PJCP4T:00000004", RequestPath: "/departments", ConnectionId: "0HNM204PJCP4T" }

[12:33:07 INF] Executed endpoint 'HTTP: GET /departments' { EventId: { Id: 1, Name: "ExecutedEndpoint" }, SourceContext: "Microsoft.AspNetCore.Routing.EndpointMiddleware", RequestId: "0HNM204PJCP4T:00000004", RequestPath: "/departments", ConnectionId: "0HNM204PJCP4T" }

[12:33:07 INF] Execution attempt. Source: '-standard//Standard-Retry', Operation Key: 'null', Result: '200', Handled: 'false', Attempt: '0', Execution Time: 8.9811ms { EventId: { Id: 3, Name: "ExecutionAttempt" }, SourceContext: "Polly", HttpMethod: "POST", Uri: "http://localhost:8080/realms/bytes-rewards/protocol/openid-connect/token", RequestId: "0HNM204PJCP4U:00000004", RequestPath: "/roles", ConnectionId: "0HNM204PJCP4U", Scope: ["HTTP POST http://localhost:8080/realms/bytes-rewards/protocol/openid-connect/token"] }

[12:33:07 INF] Execution attempt. Source: '-standard//Standard-Retry', Operation Key: 'null', Result: '200', Handled: 'false', Attempt: '0', Execution Time: 6.7015ms { EventId: { Id: 3, Name: "ExecutionAttempt" }, SourceContext: "Polly", HttpMethod: "GET", Uri: "http://localhost:8080/admin/realms/bytes-rewards/roles", RequestId: "0HNM204PJCP4U:00000004", RequestPath: "/roles", ConnectionId: "0HNM204PJCP4U", Scope: ["HTTP GET http://localhost:8080/admin/realms/bytes-rewards/roles"] }

[12:33:07 INF] Handled GetRolesQuery { SourceContext: "AppWeaver.Mediator.Behaviors.LoggingBehavior", RequestId: "0HNM204PJCP4U:00000004", RequestPath: "/roles", ConnectionId: "0HNM204PJCP4U" }

[12:33:07 INF] Executed endpoint 'HTTP: GET /roles' { EventId: { Id: 1, Name: "ExecutedEndpoint" }, SourceContext: "Microsoft.AspNetCore.Routing.EndpointMiddleware", RequestId: "0HNM204PJCP4U:00000004", RequestPath: "/roles", ConnectionId: "0HNM204PJCP4U" }

[12:33:07 INF] Execution attempt. Source: '-standard//Standard-Retry', Operation Key: 'null', Result: '200', Handled: 'false', Attempt: '0', Execution Time: 13.206ms { EventId: { Id: 3, Name: "ExecutionAttempt" }, SourceContext: "Polly", HttpMethod: "POST", Uri: "http://localhost:8080/realms/bytes-rewards/protocol/openid-connect/token", RequestId: "0HNM204PJCP4S:00000004", RequestPath: "/users", ConnectionId: "0HNM204PJCP4S", Scope: ["HTTP POST http://localhost:8080/realms/bytes-rewards/protocol/openid-connect/token"] }

[12:33:07 INF] Handled GetUsersQuery { SourceContext: "AppWeaver.Mediator.Behaviors.LoggingBehavior", RequestId: "0HNM204PJCP4S:00000004", RequestPath: "/users", ConnectionId: "0HNM204PJCP4S" }

[12:33:07 INF] Setting HTTP status code 200. { EventId: { Id: 1, Name: "WritingResultAsStatusCode" }, SourceContext: "Microsoft.AspNetCore.Http.Result.OkObjectResult", RequestId: "0HNM204PJCP4S:00000004", RequestPath: "/users", ConnectionId: "0HNM204PJCP4S" }

[12:33:08 INF] Writing value of type 'List`1' as Json. { EventId: { Id: 3, Name: "WritingResultAsJson" }, SourceContext: "Microsoft.AspNetCore.Http.Result.OkObjectResult", RequestId: "0HNM204PJCP4S:00000004", RequestPath: "/users", ConnectionId: "0HNM204PJCP4S" }

[12:33:08 INF] Executed endpoint 'HTTP: GET /users' { EventId: { Id: 1, Name: "ExecutedEndpoint" }, SourceContext: "Microsoft.AspNetCore.Routing.EndpointMiddleware", RequestId: "0HNM204PJCP4S:00000004", RequestPath: "/users", ConnectionId: "0HNM204PJCP4S" }

[12:33:16 INF] CORS policy execution successful. { EventId: { Id: 4, Name: "PolicySuccess" }, SourceContext: "Microsoft.AspNetCore.Cors.Infrastructure.CorsService", RequestId: "0HNM204PJCP4U:00000005", RequestPath: "/users", ConnectionId: "0HNM204PJCP4U" }

[12:33:16 INF] CORS policy execution successful. { EventId: { Id: 4, Name: "PolicySuccess" }, SourceContext: "Microsoft.AspNetCore.Cors.Infrastructure.CorsService", RequestId: "0HNM204PJCP4U:00000006", RequestPath: "/roles", ConnectionId: "0HNM204PJCP4U" }

[12:33:16 INF] CORS policy execution successful. { EventId: { Id: 4, Name: "PolicySuccess" }, SourceContext: "Microsoft.AspNetCore.Cors.Infrastructure.CorsService", RequestId: "0HNM204PJCP4S:00000005", RequestPath: "/users", ConnectionId: "0HNM204PJCP4S" }

[12:33:16 INF] Executing endpoint 'HTTP: GET /users' { EventId: { Name: "ExecutingEndpoint" }, SourceContext: "Microsoft.AspNetCore.Routing.EndpointMiddleware", RequestId: "0HNM204PJCP4S:00000005", RequestPath: "/users", ConnectionId: "0HNM204PJCP4S" }

[12:33:16 INF] Handling GetUsersQuery { SourceContext: "AppWeaver.Mediator.Behaviors.LoggingBehavior", RequestId: "0HNM204PJCP4S:00000005", RequestPath: "/users", ConnectionId: "0HNM204PJCP4S" }

[12:33:16 INF] CORS policy execution successful. { EventId: { Id: 4, Name: "PolicySuccess" }, SourceContext: "Microsoft.AspNetCore.Cors.Infrastructure.CorsService", RequestId: "0HNM204PJCP4T:00000005", RequestPath: "/departments", ConnectionId: "0HNM204PJCP4T" }

[12:33:16 INF] CORS policy execution successful. { EventId: { Id: 4, Name: "PolicySuccess" }, SourceContext: "Microsoft.AspNetCore.Cors.Infrastructure.CorsService", RequestId: "0HNM204PJCP4U:00000007", RequestPath: "/roles", ConnectionId: "0HNM204PJCP4U" }

[12:33:16 INF] Executing endpoint 'HTTP: GET /roles' { EventId: { Name: "ExecutingEndpoint" }, SourceContext: "Microsoft.AspNetCore.Routing.EndpointMiddleware", RequestId: "0HNM204PJCP4U:00000007", RequestPath: "/roles", ConnectionId: "0HNM204PJCP4U" }

[12:33:16 INF] Handling GetRolesQuery { SourceContext: "AppWeaver.Mediator.Behaviors.LoggingBehavior", RequestId: "0HNM204PJCP4U:00000007", RequestPath: "/roles", ConnectionId: "0HNM204PJCP4U" }

[12:33:16 INF] CORS policy execution successful. { EventId: { Id: 4, Name: "PolicySuccess" }, SourceContext: "Microsoft.AspNetCore.Cors.Infrastructure.CorsService", RequestId: "0HNM204PJCP4T:00000006", RequestPath: "/departments", ConnectionId: "0HNM204PJCP4T" }

[12:33:16 INF] Executing endpoint 'HTTP: GET /departments' { EventId: { Name: "ExecutingEndpoint" }, SourceContext: "Microsoft.AspNetCore.Routing.EndpointMiddleware", RequestId: "0HNM204PJCP4T:00000006", RequestPath: "/departments", ConnectionId: "0HNM204PJCP4T" }

[12:33:16 INF] Handling GetDepartmentsQuery { SourceContext: "AppWeaver.Mediator.Behaviors.LoggingBehavior", RequestId: "0HNM204PJCP4T:00000006", RequestPath: "/departments", ConnectionId: "0HNM204PJCP4T" }

[12:33:16 INF] Handled GetDepartmentsQuery { SourceContext: "AppWeaver.Mediator.Behaviors.LoggingBehavior", RequestId: "0HNM204PJCP4T:00000006", RequestPath: "/departments", ConnectionId: "0HNM204PJCP4T" }

[12:33:16 INF] Executed endpoint 'HTTP: GET /departments' { EventId: { Id: 1, Name: "ExecutedEndpoint" }, SourceContext: "Microsoft.AspNetCore.Routing.EndpointMiddleware", RequestId: "0HNM204PJCP4T:00000006", RequestPath: "/departments", ConnectionId: "0HNM204PJCP4T" }

[12:33:16 INF] Execution attempt. Source: '-standard//Standard-Retry', Operation Key: 'null', Result: '200', Handled: 'false', Attempt: '0', Execution Time: 9.3029ms { EventId: { Id: 3, Name: "ExecutionAttempt" }, SourceContext: "Polly", HttpMethod: "POST", Uri: "http://localhost:8080/realms/bytes-rewards/protocol/openid-connect/token", RequestId: "0HNM204PJCP4U:00000007", RequestPath: "/roles", ConnectionId: "0HNM204PJCP4U", Scope: ["HTTP POST http://localhost:8080/realms/bytes-rewards/protocol/openid-connect/token"] }

[12:33:16 INF] Execution attempt. Source: '-standard//Standard-Retry', Operation Key: 'null', Result: '200', Handled: 'false', Attempt: '0', Execution Time: 10.8141ms { EventId: { Id: 3, Name: "ExecutionAttempt" }, SourceContext: "Polly", HttpMethod: "POST", Uri: "http://localhost:8080/realms/bytes-rewards/protocol/openid-connect/token", RequestId: "0HNM204PJCP4S:00000005", RequestPath: "/users", ConnectionId: "0HNM204PJCP4S", Scope: ["HTTP POST http://localhost:8080/realms/bytes-rewards/protocol/openid-connect/token"] }

[12:33:16 INF] Handled GetUsersQuery { SourceContext: "AppWeaver.Mediator.Behaviors.LoggingBehavior", RequestId: "0HNM204PJCP4S:00000005", RequestPath: "/users", ConnectionId: "0HNM204PJCP4S" }

[12:33:16 INF] Setting HTTP status code 200. { EventId: { Id: 1, Name: "WritingResultAsStatusCode" }, SourceContext: "Microsoft.AspNetCore.Http.Result.OkObjectResult", RequestId: "0HNM204PJCP4S:00000005", RequestPath: "/users", ConnectionId: "0HNM204PJCP4S" }

[12:33:16 INF] Writing value of type 'List`1' as Json. { EventId: { Id: 3, Name: "WritingResultAsJson" }, SourceContext: "Microsoft.AspNetCore.Http.Result.OkObjectResult", RequestId: "0HNM204PJCP4S:00000005", RequestPath: "/users", ConnectionId: "0HNM204PJCP4S" }

[12:33:16 INF] Executed endpoint 'HTTP: GET /users' { EventId: { Id: 1, Name: "ExecutedEndpoint" }, SourceContext: "Microsoft.AspNetCore.Routing.EndpointMiddleware", RequestId: "0HNM204PJCP4S:00000005", RequestPath: "/users", ConnectionId: "0HNM204PJCP4S" }

[12:33:16 INF] Execution attempt. Source: '-standard//Standard-Retry', Operation Key: 'null', Result: '200', Handled: 'false', Attempt: '0', Execution Time: 7.3782ms { EventId: { Id: 3, Name: "ExecutionAttempt" }, SourceContext: "Polly", HttpMethod: "GET", Uri: "http://localhost:8080/admin/realms/bytes-rewards/roles", RequestId: "0HNM204PJCP4U:00000007", RequestPath: "/roles", ConnectionId: "0HNM204PJCP4U", Scope: ["HTTP GET http://localhost:8080/admin/realms/bytes-rewards/roles"] }

[12:33:16 INF] Handled GetRolesQuery { SourceContext: "AppWeaver.Mediator.Behaviors.LoggingBehavior", RequestId: "0HNM204PJCP4U:00000007", RequestPath: "/roles", ConnectionId: "0HNM204PJCP4U" }

[12:33:16 INF] Executed endpoint 'HTTP: GET /roles' { EventId: { Id: 1, Name: "ExecutedEndpoint" }, SourceContext: "Microsoft.AspNetCore.Routing.EndpointMiddleware", RequestId: "0HNM204PJCP4U:00000007", RequestPath: "/roles", ConnectionId: "0HNM204PJCP4U" }

[12:34:44 INF] Executing endpoint 'HTTP: GET /departments' { EventId: { Name: "ExecutingEndpoint" }, SourceContext: "Microsoft.AspNetCore.Routing.EndpointMiddleware", RequestId: "0HNM204PJCP4V:00000001", RequestPath: "/departments", ConnectionId: "0HNM204PJCP4V" }

[12:34:44 INF] Handling GetDepartmentsQuery { SourceContext: "AppWeaver.Mediator.Behaviors.LoggingBehavior", RequestId: "0HNM204PJCP4V:00000001", RequestPath: "/departments", ConnectionId: "0HNM204PJCP4V" }

[12:34:44 INF] Handled GetDepartmentsQuery { SourceContext: "AppWeaver.Mediator.Behaviors.LoggingBehavior", RequestId: "0HNM204PJCP4V:00000001", RequestPath: "/departments", ConnectionId: "0HNM204PJCP4V" }

[12:34:44 INF] Executed endpoint 'HTTP: GET /departments' { EventId: { Id: 1, Name: "ExecutedEndpoint" }, SourceContext: "Microsoft.AspNetCore.Routing.EndpointMiddleware", RequestId: "0HNM204PJCP4V:00000001", RequestPath: "/departments", ConnectionId: "0HNM204PJCP4V" }

[12:34:57 INF] Executing endpoint 'HTTP: GET /departments' { EventId: { Name: "ExecutingEndpoint" }, SourceContext: "Microsoft.AspNetCore.Routing.EndpointMiddleware", RequestId: "0HNM204PJCP4V:00000004", RequestPath: "/departments", ConnectionId: "0HNM204PJCP4V" }

[12:34:57 INF] Handling GetDepartmentsQuery { SourceContext: "AppWeaver.Mediator.Behaviors.LoggingBehavior", RequestId: "0HNM204PJCP4V:00000004", RequestPath: "/departments", ConnectionId: "0HNM204PJCP4V" }

[12:34:57 INF] Handled GetDepartmentsQuery { SourceContext: "AppWeaver.Mediator.Behaviors.LoggingBehavior", RequestId: "0HNM204PJCP4V:00000004", RequestPath: "/departments", ConnectionId: "0HNM204PJCP4V" }

[12:34:57 INF] Executed endpoint 'HTTP: GET /departments' { EventId: { Id: 1, Name: "ExecutedEndpoint" }, SourceContext: "Microsoft.AspNetCore.Routing.EndpointMiddleware", RequestId: "0HNM204PJCP4V:00000004", RequestPath: "/departments", ConnectionId: "0HNM204PJCP4V" }

[12:34:58 INF] Executing endpoint 'HTTP: GET /departments' { EventId: { Name: "ExecutingEndpoint" }, SourceContext: "Microsoft.AspNetCore.Routing.EndpointMiddleware", RequestId: "0HNM204PJCP4V:00000005", RequestPath: "/departments", ConnectionId: "0HNM204PJCP4V" }

[12:34:58 INF] Handling GetDepartmentsQuery { SourceContext: "AppWeaver.Mediator.Behaviors.LoggingBehavior", RequestId: "0HNM204PJCP4V:00000005", RequestPath: "/departments", ConnectionId: "0HNM204PJCP4V" }

[12:34:58 INF] Handled GetDepartmentsQuery { SourceContext: "AppWeaver.Mediator.Behaviors.LoggingBehavior", RequestId: "0HNM204PJCP4V:00000005", RequestPath: "/departments", ConnectionId: "0HNM204PJCP4V" }

[12:34:58 INF] Executed endpoint 'HTTP: GET /departments' { EventId: { Id: 1, Name: "ExecutedEndpoint" }, SourceContext: "Microsoft.AspNetCore.Routing.EndpointMiddleware", RequestId: "0HNM204PJCP4V:00000005", RequestPath: "/departments", ConnectionId: "0HNM204PJCP4V" }

[12:35:13 INF] Application is shutting down... { SourceContext: "Microsoft.Hosting.Lifetime" }

[12:36:11 INF] No migrations were applied. The database is already up to date. { EventId: { Id: 20405, Name: "Microsoft.EntityFrameworkCore.Migrations.MigrationsNotApplied" }, SourceContext: "Microsoft.EntityFrameworkCore.Migrations" }

[12:36:11 INF] No migrations were applied. The database is already up to date. { EventId: { Id: 20405, Name: "Microsoft.EntityFrameworkCore.Migrations.MigrationsNotApplied" }, SourceContext: "Microsoft.EntityFrameworkCore.Migrations" }

[12:36:11 INF] Registered 7 endpoints in 6,556 milliseconds. { EventId: { Id: 1, Name: "EndpointsRegistered" }, SourceContext: "FastEndpoints.StartupTimer" }

[12:36:12 INF] No validators found in the system! { EventId: { Id: 1, Name: "NoValidatorsFound" }, SourceContext: "FastEndpoints.Swagger.ValidationSchemaProcessor" }

[12:36:12 INF] User profile is available. Using 'C:\Users\MariyaAF\AppData\Local\ASP.NET\DataProtection-Keys' as key repository and Windows DPAPI to encrypt keys at rest. { EventId: { Id: 63, Name: "UsingProfileAsKeyRepositoryWithDPAPI" }, SourceContext: "Microsoft.AspNetCore.DataProtection.KeyManagement.XmlKeyManager" }

[12:36:13 WRN] The property 'AuditLog.Metadata' is a collection or enumeration type with a value converter but with no value comparer. Set a value comparer to ensure the collection/enumeration elements are compared correctly. { EventId: { Id: 10620, Name: "Microsoft.EntityFrameworkCore.Model.Validation.CollectionWithoutComparer" }, SourceContext: "Microsoft.EntityFrameworkCore.Model.Validation" }

[12:36:13 INF] No migrations were found in assembly 'BytesRewards.Service'. A migration needs to be added before the database can be updated. { EventId: { Id: 20406, Name: "Microsoft.EntityFrameworkCore.Migrations.MigrationsNotFound" }, SourceContext: "Microsoft.EntityFrameworkCore.Migrations" }

[12:36:13 INF] No migrations were applied. The database is already up to date. { EventId: { Id: 20405, Name: "Microsoft.EntityFrameworkCore.Migrations.MigrationsNotApplied" }, SourceContext: "Microsoft.EntityFrameworkCore.Migrations" }

[12:36:13 INF] Now listening on: http://localhost:60593 { EventId: { Id: 14, Name: "ListeningOnAddress" }, SourceContext: "Microsoft.Hosting.Lifetime" }

[12:36:13 INF] Application started. Press Ctrl+C to shut down. { SourceContext: "Microsoft.Hosting.Lifetime" }

[12:36:13 INF] Hosting environment: Development { SourceContext: "Microsoft.Hosting.Lifetime" }

[12:36:13 INF] Content root path: C:\Users\MariyaAF\Desktop\BytesRewards\BytesRewards\src\BytesRewards.Service { SourceContext: "Microsoft.Hosting.Lifetime" }

[12:36:22 INF] CORS policy execution successful. { EventId: { Id: 4, Name: "PolicySuccess" }, SourceContext: "Microsoft.AspNetCore.Cors.Infrastructure.CorsService", RequestId: "0HNM20V4HROEO:00000001", RequestPath: "/departments", ConnectionId: "0HNM20V4HROEO" }

[12:36:22 INF] CORS policy execution successful. { EventId: { Id: 4, Name: "PolicySuccess" }, SourceContext: "Microsoft.AspNetCore.Cors.Infrastructure.CorsService", RequestId: "0HNM20V4HROEQ:00000001", RequestPath: "/roles", ConnectionId: "0HNM20V4HROEQ" }

[12:36:22 INF] CORS policy execution successful. { EventId: { Id: 4, Name: "PolicySuccess" }, SourceContext: "Microsoft.AspNetCore.Cors.Infrastructure.CorsService", RequestId: "0HNM20V4HROEP:00000001", RequestPath: "/users", ConnectionId: "0HNM20V4HROEP" }

[12:36:22 INF] CORS policy execution successful. { EventId: { Id: 4, Name: "PolicySuccess" }, SourceContext: "Microsoft.AspNetCore.Cors.Infrastructure.CorsService", RequestId: "0HNM20V4HROEQ:00000002", RequestPath: "/users", ConnectionId: "0HNM20V4HROEQ" }

[12:36:22 INF] CORS policy execution successful. { EventId: { Id: 4, Name: "PolicySuccess" }, SourceContext: "Microsoft.AspNetCore.Cors.Infrastructure.CorsService", RequestId: "0HNM20V4HROEO:00000002", RequestPath: "/roles", ConnectionId: "0HNM20V4HROEO" }

[12:36:22 INF] CORS policy execution successful. { EventId: { Id: 4, Name: "PolicySuccess" }, SourceContext: "Microsoft.AspNetCore.Cors.Infrastructure.CorsService", RequestId: "0HNM20V4HROEP:00000002", RequestPath: "/departments", ConnectionId: "0HNM20V4HROEP" }

[12:36:23 INF] Executing endpoint 'HTTP: GET /departments' { EventId: { Name: "ExecutingEndpoint" }, SourceContext: "Microsoft.AspNetCore.Routing.EndpointMiddleware", RequestId: "0HNM20V4HROEP:00000002", RequestPath: "/departments", ConnectionId: "0HNM20V4HROEP" }

[12:36:23 INF] Executing endpoint 'HTTP: GET /roles' { EventId: { Name: "ExecutingEndpoint" }, SourceContext: "Microsoft.AspNetCore.Routing.EndpointMiddleware", RequestId: "0HNM20V4HROEO:00000002", RequestPath: "/roles", ConnectionId: "0HNM20V4HROEO" }

[12:36:23 INF] Executing endpoint 'HTTP: GET /users' { EventId: { Name: "ExecutingEndpoint" }, SourceContext: "Microsoft.AspNetCore.Routing.EndpointMiddleware", RequestId: "0HNM20V4HROEQ:00000002", RequestPath: "/users", ConnectionId: "0HNM20V4HROEQ" }

[12:36:23 INF] Handling GetDepartmentsQuery { SourceContext: "AppWeaver.Mediator.Behaviors.LoggingBehavior", RequestId: "0HNM20V4HROEP:00000002", RequestPath: "/departments", ConnectionId: "0HNM20V4HROEP" }

[12:36:23 INF] Handling GetRolesQuery { SourceContext: "AppWeaver.Mediator.Behaviors.LoggingBehavior", RequestId: "0HNM20V4HROEO:00000002", RequestPath: "/roles", ConnectionId: "0HNM20V4HROEO" }

[12:36:23 INF] Handling GetUsersQuery { SourceContext: "AppWeaver.Mediator.Behaviors.LoggingBehavior", RequestId: "0HNM20V4HROEQ:00000002", RequestPath: "/users", ConnectionId: "0HNM20V4HROEQ" }

[12:36:23 INF] Handled GetDepartmentsQuery { SourceContext: "AppWeaver.Mediator.Behaviors.LoggingBehavior", RequestId: "0HNM20V4HROEP:00000002", RequestPath: "/departments", ConnectionId: "0HNM20V4HROEP" }

[12:36:23 INF] Executed endpoint 'HTTP: GET /departments' { EventId: { Id: 1, Name: "ExecutedEndpoint" }, SourceContext: "Microsoft.AspNetCore.Routing.EndpointMiddleware", RequestId: "0HNM20V4HROEP:00000002", RequestPath: "/departments", ConnectionId: "0HNM20V4HROEP" }

[12:36:23 INF] Execution attempt. Source: '-standard//Standard-Retry', Operation Key: 'null', Result: '200', Handled: 'false', Attempt: '0', Execution Time: 69.7872ms { EventId: { Id: 3, Name: "ExecutionAttempt" }, SourceContext: "Polly", HttpMethod: "POST", Uri: "http://localhost:8080/realms/bytes-rewards/protocol/openid-connect/token", RequestId: "0HNM20V4HROEO:00000002", RequestPath: "/roles", ConnectionId: "0HNM20V4HROEO", Scope: ["HTTP POST http://localhost:8080/realms/bytes-rewards/protocol/openid-connect/token"] }

[12:36:23 INF] Execution attempt. Source: '-standard//Standard-Retry', Operation Key: 'null', Result: '200', Handled: 'false', Attempt: '0', Execution Time: 6.1125ms { EventId: { Id: 3, Name: "ExecutionAttempt" }, SourceContext: "Polly", HttpMethod: "GET", Uri: "http://localhost:8080/admin/realms/bytes-rewards/roles", RequestId: "0HNM20V4HROEO:00000002", RequestPath: "/roles", ConnectionId: "0HNM20V4HROEO", Scope: ["HTTP GET http://localhost:8080/admin/realms/bytes-rewards/roles"] }

[12:36:23 INF] Handled GetRolesQuery { SourceContext: "AppWeaver.Mediator.Behaviors.LoggingBehavior", RequestId: "0HNM20V4HROEO:00000002", RequestPath: "/roles", ConnectionId: "0HNM20V4HROEO" }

[12:36:23 INF] Executed endpoint 'HTTP: GET /roles' { EventId: { Id: 1, Name: "ExecutedEndpoint" }, SourceContext: "Microsoft.AspNetCore.Routing.EndpointMiddleware", RequestId: "0HNM20V4HROEO:00000002", RequestPath: "/roles", ConnectionId: "0HNM20V4HROEO" }

[12:36:23 INF] Execution attempt. Source: '-standard//Standard-Retry', Operation Key: 'null', Result: '200', Handled: 'false', Attempt: '0', Execution Time: 7.4666ms { EventId: { Id: 3, Name: "ExecutionAttempt" }, SourceContext: "Polly", HttpMethod: "POST", Uri: "http://localhost:8080/realms/bytes-rewards/protocol/openid-connect/token", RequestId: "0HNM20V4HROEQ:00000002", RequestPath: "/users", ConnectionId: "0HNM20V4HROEQ", Scope: ["HTTP POST http://localhost:8080/realms/bytes-rewards/protocol/openid-connect/token"] }

[12:36:23 INF] Handled GetUsersQuery { SourceContext: "AppWeaver.Mediator.Behaviors.LoggingBehavior", RequestId: "0HNM20V4HROEQ:00000002", RequestPath: "/users", ConnectionId: "0HNM20V4HROEQ" }

[12:36:23 INF] Setting HTTP status code 200. { EventId: { Id: 1, Name: "WritingResultAsStatusCode" }, SourceContext: "Microsoft.AspNetCore.Http.Result.OkObjectResult", RequestId: "0HNM20V4HROEQ:00000002", RequestPath: "/users", ConnectionId: "0HNM20V4HROEQ" }

[12:36:23 INF] Writing value of type 'List`1' as Json. { EventId: { Id: 3, Name: "WritingResultAsJson" }, SourceContext: "Microsoft.AspNetCore.Http.Result.OkObjectResult", RequestId: "0HNM20V4HROEQ:00000002", RequestPath: "/users", ConnectionId: "0HNM20V4HROEQ" }

[12:36:23 INF] Executed endpoint 'HTTP: GET /users' { EventId: { Id: 1, Name: "ExecutedEndpoint" }, SourceContext: "Microsoft.AspNetCore.Routing.EndpointMiddleware", RequestId: "0HNM20V4HROEQ:00000002", RequestPath: "/users", ConnectionId: "0HNM20V4HROEQ" }

[12:42:38 INF] CORS policy execution successful. { EventId: { Id: 4, Name: "PolicySuccess" }, SourceContext: "Microsoft.AspNetCore.Cors.Infrastructure.CorsService", RequestId: "0HNM20V4HROER:00000001", RequestPath: "/users", ConnectionId: "0HNM20V4HROER" }

[12:42:38 INF] CORS policy execution successful. { EventId: { Id: 4, Name: "PolicySuccess" }, SourceContext: "Microsoft.AspNetCore.Cors.Infrastructure.CorsService", RequestId: "0HNM20V4HROET:00000001", RequestPath: "/roles", ConnectionId: "0HNM20V4HROET" }

[12:42:38 INF] CORS policy execution successful. { EventId: { Id: 4, Name: "PolicySuccess" }, SourceContext: "Microsoft.AspNetCore.Cors.Infrastructure.CorsService", RequestId: "0HNM20V4HROES:00000001", RequestPath: "/departments", ConnectionId: "0HNM20V4HROES" }

[12:42:38 INF] CORS policy execution successful. { EventId: { Id: 4, Name: "PolicySuccess" }, SourceContext: "Microsoft.AspNetCore.Cors.Infrastructure.CorsService", RequestId: "0HNM20V4HROES:00000002", RequestPath: "/users", ConnectionId: "0HNM20V4HROES" }

[12:42:38 INF] CORS policy execution successful. { EventId: { Id: 4, Name: "PolicySuccess" }, SourceContext: "Microsoft.AspNetCore.Cors.Infrastructure.CorsService", RequestId: "0HNM20V4HROER:00000002", RequestPath: "/roles", ConnectionId: "0HNM20V4HROER" }

[12:42:38 INF] CORS policy execution successful. { EventId: { Id: 4, Name: "PolicySuccess" }, SourceContext: "Microsoft.AspNetCore.Cors.Infrastructure.CorsService", RequestId: "0HNM20V4HROET:00000002", RequestPath: "/departments", ConnectionId: "0HNM20V4HROET" }

[12:42:38 INF] Executing endpoint 'HTTP: GET /departments' { EventId: { Name: "ExecutingEndpoint" }, SourceContext: "Microsoft.AspNetCore.Routing.EndpointMiddleware", RequestId: "0HNM20V4HROET:00000002", RequestPath: "/departments", ConnectionId: "0HNM20V4HROET" }

[12:42:38 INF] Executing endpoint 'HTTP: GET /roles' { EventId: { Name: "ExecutingEndpoint" }, SourceContext: "Microsoft.AspNetCore.Routing.EndpointMiddleware", RequestId: "0HNM20V4HROER:00000002", RequestPath: "/roles", ConnectionId: "0HNM20V4HROER" }

[12:42:38 INF] Executing endpoint 'HTTP: GET /users' { EventId: { Name: "ExecutingEndpoint" }, SourceContext: "Microsoft.AspNetCore.Routing.EndpointMiddleware", RequestId: "0HNM20V4HROES:00000002", RequestPath: "/users", ConnectionId: "0HNM20V4HROES" }

[12:42:38 INF] Handling GetDepartmentsQuery { SourceContext: "AppWeaver.Mediator.Behaviors.LoggingBehavior", RequestId: "0HNM20V4HROET:00000002", RequestPath: "/departments", ConnectionId: "0HNM20V4HROET" }

[12:42:38 INF] Handling GetRolesQuery { SourceContext: "AppWeaver.Mediator.Behaviors.LoggingBehavior", RequestId: "0HNM20V4HROER:00000002", RequestPath: "/roles", ConnectionId: "0HNM20V4HROER" }

[12:42:38 INF] Handling GetUsersQuery { SourceContext: "AppWeaver.Mediator.Behaviors.LoggingBehavior", RequestId: "0HNM20V4HROES:00000002", RequestPath: "/users", ConnectionId: "0HNM20V4HROES" }

[12:42:38 INF] Execution attempt. Source: '-standard//Standard-Retry', Operation Key: 'null', Result: '200', Handled: 'false', Attempt: '0', Execution Time: 30.6533ms { EventId: { Id: 3, Name: "ExecutionAttempt" }, SourceContext: "Polly", HttpMethod: "POST", Uri: "http://localhost:8080/realms/bytes-rewards/protocol/openid-connect/token", RequestId: "0HNM20V4HROER:00000002", RequestPath: "/roles", ConnectionId: "0HNM20V4HROER", Scope: ["HTTP POST http://localhost:8080/realms/bytes-rewards/protocol/openid-connect/token"] }

[12:42:38 INF] Execution attempt. Source: '-standard//Standard-Retry', Operation Key: 'null', Result: '200', Handled: 'false', Attempt: '0', Execution Time: 11.1465ms { EventId: { Id: 3, Name: "ExecutionAttempt" }, SourceContext: "Polly", HttpMethod: "GET", Uri: "http://localhost:8080/admin/realms/bytes-rewards/roles", RequestId: "0HNM20V4HROER:00000002", RequestPath: "/roles", ConnectionId: "0HNM20V4HROER", Scope: ["HTTP GET http://localhost:8080/admin/realms/bytes-rewards/roles"] }

[12:42:38 INF] Handled GetRolesQuery { SourceContext: "AppWeaver.Mediator.Behaviors.LoggingBehavior", RequestId: "0HNM20V4HROER:00000002", RequestPath: "/roles", ConnectionId: "0HNM20V4HROER" }

[12:42:38 INF] Executed endpoint 'HTTP: GET /roles' { EventId: { Id: 1, Name: "ExecutedEndpoint" }, SourceContext: "Microsoft.AspNetCore.Routing.EndpointMiddleware", RequestId: "0HNM20V4HROER:00000002", RequestPath: "/roles", ConnectionId: "0HNM20V4HROER" }

[12:42:38 INF] Handled GetDepartmentsQuery { SourceContext: "AppWeaver.Mediator.Behaviors.LoggingBehavior", RequestId: "0HNM20V4HROET:00000002", RequestPath: "/departments", ConnectionId: "0HNM20V4HROET" }

[12:42:38 INF] Executed endpoint 'HTTP: GET /departments' { EventId: { Id: 1, Name: "ExecutedEndpoint" }, SourceContext: "Microsoft.AspNetCore.Routing.EndpointMiddleware", RequestId: "0HNM20V4HROET:00000002", RequestPath: "/departments", ConnectionId: "0HNM20V4HROET" }

[12:42:38 INF] Execution attempt. Source: '-standard//Standard-Retry', Operation Key: 'null', Result: '200', Handled: 'false', Attempt: '0', Execution Time: 14.5839ms { EventId: { Id: 3, Name: "ExecutionAttempt" }, SourceContext: "Polly", HttpMethod: "POST", Uri: "http://localhost:8080/realms/bytes-rewards/protocol/openid-connect/token", RequestId: "0HNM20V4HROES:00000002", RequestPath: "/users", ConnectionId: "0HNM20V4HROES", Scope: ["HTTP POST http://localhost:8080/realms/bytes-rewards/protocol/openid-connect/token"] }

[12:42:38 INF] Handled GetUsersQuery { SourceContext: "AppWeaver.Mediator.Behaviors.LoggingBehavior", RequestId: "0HNM20V4HROES:00000002", RequestPath: "/users", ConnectionId: "0HNM20V4HROES" }

[12:42:38 INF] Setting HTTP status code 200. { EventId: { Id: 1, Name: "WritingResultAsStatusCode" }, SourceContext: "Microsoft.AspNetCore.Http.Result.OkObjectResult", RequestId: "0HNM20V4HROES:00000002", RequestPath: "/users", ConnectionId: "0HNM20V4HROES" }

[12:42:38 INF] Writing value of type 'List`1' as Json. { EventId: { Id: 3, Name: "WritingResultAsJson" }, SourceContext: "Microsoft.AspNetCore.Http.Result.OkObjectResult", RequestId: "0HNM20V4HROES:00000002", RequestPath: "/users", ConnectionId: "0HNM20V4HROES" }

[12:42:38 INF] Executed endpoint 'HTTP: GET /users' { EventId: { Id: 1, Name: "ExecutedEndpoint" }, SourceContext: "Microsoft.AspNetCore.Routing.EndpointMiddleware", RequestId: "0HNM20V4HROES:00000002", RequestPath: "/users", ConnectionId: "0HNM20V4HROES" }

[12:43:19 INF] CORS policy execution successful. { EventId: { Id: 4, Name: "PolicySuccess" }, SourceContext: "Microsoft.AspNetCore.Cors.Infrastructure.CorsService", RequestId: "0HNM20V4HROES:00000003", RequestPath: "/users", ConnectionId: "0HNM20V4HROES" }

[12:43:19 INF] CORS policy execution successful. { EventId: { Id: 4, Name: "PolicySuccess" }, SourceContext: "Microsoft.AspNetCore.Cors.Infrastructure.CorsService", RequestId: "0HNM20V4HROES:00000004", RequestPath: "/users", ConnectionId: "0HNM20V4HROES" }

[12:43:19 INF] Executing endpoint 'HTTP: POST /users' { EventId: { Name: "ExecutingEndpoint" }, SourceContext: "Microsoft.AspNetCore.Routing.EndpointMiddleware", RequestId: "0HNM20V4HROES:00000004", RequestPath: "/users", ConnectionId: "0HNM20V4HROES" }

[12:43:20 INF] Handling CreateUserCommand { SourceContext: "AppWeaver.Mediator.Behaviors.LoggingBehavior", RequestId: "0HNM20V4HROES:00000004", RequestPath: "/users", ConnectionId: "0HNM20V4HROES" }

[12:43:20 INF] Execution attempt. Source: '-standard//Standard-Retry', Operation Key: 'null', Result: '200', Handled: 'false', Attempt: '0', Execution Time: 15.714ms { EventId: { Id: 3, Name: "ExecutionAttempt" }, SourceContext: "Polly", HttpMethod: "POST", Uri: "http://localhost:8080/realms/bytes-rewards/protocol/openid-connect/token", RequestId: "0HNM20V4HROES:00000004", RequestPath: "/users", ConnectionId: "0HNM20V4HROES", Scope: ["HTTP POST http://localhost:8080/realms/bytes-rewards/protocol/openid-connect/token"] }

[12:43:20 INF] Execution attempt. Source: '-standard//Standard-Retry', Operation Key: 'null', Result: '201', Handled: 'false', Attempt: '0', Execution Time: 124.4113ms { EventId: { Id: 3, Name: "ExecutionAttempt" }, SourceContext: "Polly", HttpMethod: "POST", Uri: "http://localhost:8080/admin/realms/bytes-rewards/users", RequestId: "0HNM20V4HROES:00000004", RequestPath: "/users", ConnectionId: "0HNM20V4HROES", Scope: ["HTTP POST http://localhost:8080/admin/realms/bytes-rewards/users"] }

[12:43:20 INF] Execution attempt. Source: '-standard//Standard-Retry', Operation Key: 'null', Result: '200', Handled: 'false', Attempt: '0', Execution Time: 7.6389ms { EventId: { Id: 3, Name: "ExecutionAttempt" }, SourceContext: "Polly", HttpMethod: "GET", Uri: "http://localhost:8080/admin/realms/bytes-rewards/roles/manager", RequestId: "0HNM20V4HROES:00000004", RequestPath: "/users", ConnectionId: "0HNM20V4HROES", Scope: ["HTTP GET http://localhost:8080/admin/realms/bytes-rewards/roles/manager"] }

[12:43:20 INF] Execution attempt. Source: '-standard//Standard-Retry', Operation Key: 'null', Result: '204', Handled: 'false', Attempt: '0', Execution Time: 17.6109ms { EventId: { Id: 3, Name: "ExecutionAttempt" }, SourceContext: "Polly", HttpMethod: "POST", Uri: "http://localhost:8080/admin/realms/bytes-rewards/users/3bc843e9-3710-4b04-a027-4b469035825c/role-mappings/realm", RequestId: "0HNM20V4HROES:00000004", RequestPath: "/users", ConnectionId: "0HNM20V4HROES", Scope: ["HTTP POST http://localhost:8080/admin/realms/bytes-rewards/users/3bc843e9-3710-4b04-a027-4b469035825c/role-mappings/realm"] }

[12:43:20 WRN] The property 'AuditLog.Metadata' is a collection or enumeration type with a value converter but with no value comparer. Set a value comparer to ensure the collection/enumeration elements are compared correctly. { EventId: { Id: 10620, Name: "Microsoft.EntityFrameworkCore.Model.Validation.CollectionWithoutComparer" }, SourceContext: "Microsoft.EntityFrameworkCore.Model.Validation", RequestId: "0HNM20V4HROES:00000004", RequestPath: "/users", ConnectionId: "0HNM20V4HROES" }

[12:43:20 INF] Handled CreateUserCommand { SourceContext: "AppWeaver.Mediator.Behaviors.LoggingBehavior", RequestId: "0HNM20V4HROES:00000004", RequestPath: "/users", ConnectionId: "0HNM20V4HROES" }

[12:43:20 INF] Setting HTTP status code 200. { EventId: { Id: 1, Name: "WritingResultAsStatusCode" }, SourceContext: "Microsoft.AspNetCore.Http.Result.OkObjectResult", RequestId: "0HNM20V4HROES:00000004", RequestPath: "/users", ConnectionId: "0HNM20V4HROES" }

[12:43:20 INF] Writing value of type 'Guid' as Json. { EventId: { Id: 3, Name: "WritingResultAsJson" }, SourceContext: "Microsoft.AspNetCore.Http.Result.OkObjectResult", RequestId: "0HNM20V4HROES:00000004", RequestPath: "/users", ConnectionId: "0HNM20V4HROES" }

[12:43:20 INF] Executed endpoint 'HTTP: POST /users' { EventId: { Id: 1, Name: "ExecutedEndpoint" }, SourceContext: "Microsoft.AspNetCore.Routing.EndpointMiddleware", RequestId: "0HNM20V4HROES:00000004", RequestPath: "/users", ConnectionId: "0HNM20V4HROES" }

[12:43:20 INF] CORS policy execution successful. { EventId: { Id: 4, Name: "PolicySuccess" }, SourceContext: "Microsoft.AspNetCore.Cors.Infrastructure.CorsService", RequestId: "0HNM20V4HROES:00000005", RequestPath: "/users", ConnectionId: "0HNM20V4HROES" }

[12:43:20 INF] Executing endpoint 'HTTP: GET /users' { EventId: { Name: "ExecutingEndpoint" }, SourceContext: "Microsoft.AspNetCore.Routing.EndpointMiddleware", RequestId: "0HNM20V4HROES:00000005", RequestPath: "/users", ConnectionId: "0HNM20V4HROES" }

[12:43:20 INF] Handling GetUsersQuery { SourceContext: "AppWeaver.Mediator.Behaviors.LoggingBehavior", RequestId: "0HNM20V4HROES:00000005", RequestPath: "/users", ConnectionId: "0HNM20V4HROES" }

[12:43:20 INF] Execution attempt. Source: '-standard//Standard-Retry', Operation Key: 'null', Result: '200', Handled: 'false', Attempt: '0', Execution Time: 14.0141ms { EventId: { Id: 3, Name: "ExecutionAttempt" }, SourceContext: "Polly", HttpMethod: "POST", Uri: "http://localhost:8080/realms/bytes-rewards/protocol/openid-connect/token", RequestId: "0HNM20V4HROES:00000005", RequestPath: "/users", ConnectionId: "0HNM20V4HROES", Scope: ["HTTP POST http://localhost:8080/realms/bytes-rewards/protocol/openid-connect/token"] }

[12:43:20 INF] Execution attempt. Source: '-standard//Standard-Retry', Operation Key: 'null', Result: '200', Handled: 'false', Attempt: '0', Execution Time: 16.1719ms { EventId: { Id: 3, Name: "ExecutionAttempt" }, SourceContext: "Polly", HttpMethod: "GET", Uri: "http://localhost:8080/admin/realms/bytes-rewards/users/3bc843e9-3710-4b04-a027-4b469035825c/role-mappings/realm", RequestId: "0HNM20V4HROES:00000005", RequestPath: "/users", ConnectionId: "0HNM20V4HROES", Scope: ["HTTP GET http://localhost:8080/admin/realms/bytes-rewards/users/3bc843e9-3710-4b04-a027-4b469035825c/role-mappings/realm"] }

[12:43:20 INF] Handled GetUsersQuery { SourceContext: "AppWeaver.Mediator.Behaviors.LoggingBehavior", RequestId: "0HNM20V4HROES:00000005", RequestPath: "/users", ConnectionId: "0HNM20V4HROES" }

[12:43:20 INF] Setting HTTP status code 200. { EventId: { Id: 1, Name: "WritingResultAsStatusCode" }, SourceContext: "Microsoft.AspNetCore.Http.Result.OkObjectResult", RequestId: "0HNM20V4HROES:00000005", RequestPath: "/users", ConnectionId: "0HNM20V4HROES" }

[12:43:20 INF] Writing value of type 'List`1' as Json. { EventId: { Id: 3, Name: "WritingResultAsJson" }, SourceContext: "Microsoft.AspNetCore.Http.Result.OkObjectResult", RequestId: "0HNM20V4HROES:00000005", RequestPath: "/users", ConnectionId: "0HNM20V4HROES" }

[12:43:20 INF] Executed endpoint 'HTTP: GET /users' { EventId: { Id: 1, Name: "ExecutedEndpoint" }, SourceContext: "Microsoft.AspNetCore.Routing.EndpointMiddleware", RequestId: "0HNM20V4HROES:00000005", RequestPath: "/users", ConnectionId: "0HNM20V4HROES" }

[12:51:15 INF] Application is shutting down... { SourceContext: "Microsoft.Hosting.Lifetime" }

