[13:02:10 INF] Applying migration '20260526073117_InitialCreate'. { EventId: { Id: 20402, Name: "Microsoft.EntityFrameworkCore.Migrations.MigrationApplying" }, SourceContext: "Microsoft.EntityFrameworkCore.Migrations" }

[13:02:10 INF] Registered 2 endpoints in 7,261 milliseconds. { EventId: { Id: 1, Name: "EndpointsRegistered" }, SourceContext: "FastEndpoints.StartupTimer" }

[13:02:11 INF] No validators found in the system! { EventId: { Id: 1, Name: "NoValidatorsFound" }, SourceContext: "FastEndpoints.Swagger.ValidationSchemaProcessor" }

[13:02:11 INF] User profile is available. Using 'C:\Users\MariyaAF\AppData\Local\ASP.NET\DataProtection-Keys' as key repository and Windows DPAPI to encrypt keys at rest. { EventId: { Id: 63, Name: "UsingProfileAsKeyRepositoryWithDPAPI" }, SourceContext: "Microsoft.AspNetCore.DataProtection.KeyManagement.XmlKeyManager" }

[13:02:11 WRN] The property 'AuditLog.Metadata' is a collection or enumeration type with a value converter but with no value comparer. Set a value comparer to ensure the collection/enumeration elements are compared correctly. { EventId: { Id: 10620, Name: "Microsoft.EntityFrameworkCore.Model.Validation.CollectionWithoutComparer" }, SourceContext: "Microsoft.EntityFrameworkCore.Model.Validation" }

[13:02:11 INF] No migrations were found in assembly 'BytesRewards.Service'. A migration needs to be added before the database can be updated. { EventId: { Id: 20406, Name: "Microsoft.EntityFrameworkCore.Migrations.MigrationsNotFound" }, SourceContext: "Microsoft.EntityFrameworkCore.Migrations" }

[13:02:11 INF] No migrations were applied. The database is already up to date. { EventId: { Id: 20405, Name: "Microsoft.EntityFrameworkCore.Migrations.MigrationsNotApplied" }, SourceContext: "Microsoft.EntityFrameworkCore.Migrations" }

[13:02:11 INF] Now listening on: http://localhost:64083 { EventId: { Id: 14, Name: "ListeningOnAddress" }, SourceContext: "Microsoft.Hosting.Lifetime" }

[13:02:11 INF] Application started. Press Ctrl+C to shut down. { SourceContext: "Microsoft.Hosting.Lifetime" }

[13:02:11 INF] Hosting environment: Development { SourceContext: "Microsoft.Hosting.Lifetime" }

[13:02:11 INF] Content root path: C:\Users\MariyaAF\Desktop\BytesRewards\BytesRewards\src\BytesRewards.Service { SourceContext: "Microsoft.Hosting.Lifetime" }

[13:02:45 INF] Executing endpoint 'HTTP: GET /' { EventId: { Name: "ExecutingEndpoint" }, SourceContext: "Microsoft.AspNetCore.Routing.EndpointMiddleware", RequestId: "0HNLQV3TA8A0R:00000001", RequestPath: "/", ConnectionId: "0HNLQV3TA8A0R" }

[13:02:45 INF] Executing RedirectResult, redirecting to /swagger. { EventId: { Id: 1, Name: "RedirectResultExecuting" }, SourceContext: "Microsoft.AspNetCore.Http.Result.RedirectResult", RequestId: "0HNLQV3TA8A0R:00000001", RequestPath: "/", ConnectionId: "0HNLQV3TA8A0R" }

[13:02:45 INF] Executed endpoint 'HTTP: GET /' { EventId: { Id: 1, Name: "ExecutedEndpoint" }, SourceContext: "Microsoft.AspNetCore.Routing.EndpointMiddleware", RequestId: "0HNLQV3TA8A0R:00000001", RequestPath: "/", ConnectionId: "0HNLQV3TA8A0R" }

[13:02:45 INF] Sending file. Request path: '/index.css'. Physical path: 'N/A' { EventId: { Id: 2, Name: "FileServed" }, SourceContext: "Microsoft.AspNetCore.StaticFiles.StaticFileMiddleware", RequestId: "0HNLQV3TA8A0S:00000001", RequestPath: "/swagger/index.css", ConnectionId: "0HNLQV3TA8A0S" }

[13:02:45 INF] Sending file. Request path: '/swagger-ui.css'. Physical path: 'N/A' { EventId: { Id: 2, Name: "FileServed" }, SourceContext: "Microsoft.AspNetCore.StaticFiles.StaticFileMiddleware", RequestId: "0HNLQV3TA8A0R:00000004", RequestPath: "/swagger/swagger-ui.css", ConnectionId: "0HNLQV3TA8A0R" }

[13:02:45 INF] Sending file. Request path: '/swagger-ui-standalone-preset.js'. Physical path: 'N/A' { EventId: { Id: 2, Name: "FileServed" }, SourceContext: "Microsoft.AspNetCore.StaticFiles.StaticFileMiddleware", RequestId: "0HNLQV3TA8A0U:00000001", RequestPath: "/swagger/swagger-ui-standalone-preset.js", ConnectionId: "0HNLQV3TA8A0U" }

[13:02:45 INF] Sending file. Request path: '/swagger-ui-bundle.js'. Physical path: 'N/A' { EventId: { Id: 2, Name: "FileServed" }, SourceContext: "Microsoft.AspNetCore.StaticFiles.StaticFileMiddleware", RequestId: "0HNLQV3TA8A0T:00000001", RequestPath: "/swagger/swagger-ui-bundle.js", ConnectionId: "0HNLQV3TA8A0T" }

[13:02:46 INF] Sending file. Request path: '/favicon-32x32.png'. Physical path: 'N/A' { EventId: { Id: 2, Name: "FileServed" }, SourceContext: "Microsoft.AspNetCore.StaticFiles.StaticFileMiddleware", RequestId: "0HNLQV3TA8A0U:00000002", RequestPath: "/swagger/favicon-32x32.png", ConnectionId: "0HNLQV3TA8A0U" }

[13:02:46 INF] No action descriptors found. This may indicate an incorrectly configured application or missing application parts. To learn more, visit https://aka.ms/aspnet/mvc/app-parts { EventId: { Id: 1, Name: "NoActionDescriptors" }, SourceContext: "Microsoft.AspNetCore.Mvc.Infrastructure.DefaultActionDescriptorCollectionProvider", RequestId: "0HNLQV3TA8A0T:00000002", RequestPath: "/swagger/v1/swagger.json", ConnectionId: "0HNLQV3TA8A0T" }

[14:01:05 INF] CORS policy execution successful. { EventId: { Id: 4, Name: "PolicySuccess" }, SourceContext: "Microsoft.AspNetCore.Cors.Infrastructure.CorsService", RequestId: "0HNLQV3TA8A11:00000001", RequestPath: "/users", ConnectionId: "0HNLQV3TA8A11" }

[14:01:05 INF] Executing endpoint 'HTTP: POST /users' { EventId: { Name: "ExecutingEndpoint" }, SourceContext: "Microsoft.AspNetCore.Routing.EndpointMiddleware", RequestId: "0HNLQV3TA8A11:00000001", RequestPath: "/users", ConnectionId: "0HNLQV3TA8A11" }

[14:01:05 INF] Handling CreateUserCommand { SourceContext: "AppWeaver.Mediator.Behaviors.LoggingBehavior", RequestId: "0HNLQV3TA8A11:00000001", RequestPath: "/users", ConnectionId: "0HNLQV3TA8A11" }

[14:01:06 ERR] Failed executing DbCommand (65ms) [Parameters=[@p0='?' (DbType = Guid), @p1='?' (DbType = DateTime), @p2='?' (DbType = Guid), @p3='?', @p4='?', @p5='?', @p6='?', @p7='?' (DbType = Boolean), @p8='?', @p9='?', @p10='?', @p11='?', @p12='?' (DbType = Guid), @p13='?' (DbType = Int32), @p14='?' (DbType = DateTime)], CommandType='"Text"', CommandTimeout='30']
INSERT INTO "Users" ("Id", "CreatedAt", "DepartmentId", "Designation", "Email", "EmployeeId", "FirstName", "IsActive", "KeycloakUserId", "LastName", "PhoneNumber", "ProfileImageUrl", "RoleId", "TotalBytes", "UpdatedAt")
VALUES (@p0, @p1, @p2, @p3, @p4, @p5, @p6, @p7, @p8, @p9, @p10, @p11, @p12, @p13, @p14); { EventId: { Id: 20102, Name: "Microsoft.EntityFrameworkCore.Database.Command.CommandError" }, SourceContext: "Microsoft.EntityFrameworkCore.Database.Command", RequestId: "0HNLQV3TA8A11:00000001", RequestPath: "/users", ConnectionId: "0HNLQV3TA8A11" }

[14:01:06 ERR] An exception occurred in the database while saving changes for context type 'BytesRewards.Service.Infrastructure.ApplicationDbContext'.
Microsoft.EntityFrameworkCore.DbUpdateException: An error occurred while saving the entity changes. See the inner exception for details.
 ---> Npgsql.PostgresException (0x80004005): 23503: insert or update on table "Users" violates foreign key constraint "FK_Users_Departments_DepartmentId"

DETAIL: Detail redacted as it may contain sensitive data. Specify 'Include Error Detail' in the connection string to include this information.
   at Npgsql.Internal.NpgsqlConnector.ReadMessageLong(Boolean async, DataRowLoadingMode dataRowLoadingMode, Boolean readingNotifications, Boolean isReadingPrependedMessage)
   at System.Runtime.CompilerServices.PoolingAsyncValueTaskMethodBuilder`1.StateMachineBox`1.System.Threading.Tasks.Sources.IValueTaskSource<TResult>.GetResult(Int16 token)
   at Npgsql.NpgsqlDataReader.NextResult(Boolean async, Boolean isConsuming, CancellationToken cancellationToken)
   at Npgsql.NpgsqlDataReader.NextResult(Boolean async, Boolean isConsuming, CancellationToken cancellationToken)
   at Npgsql.NpgsqlCommand.ExecuteReader(Boolean async, CommandBehavior behavior, CancellationToken cancellationToken)
   at Npgsql.NpgsqlCommand.ExecuteReader(Boolean async, CommandBehavior behavior, CancellationToken cancellationToken)
   at Npgsql.NpgsqlCommand.ExecuteDbDataReaderAsync(CommandBehavior behavior, CancellationToken cancellationToken)
   at Microsoft.EntityFrameworkCore.Storage.RelationalCommand.ExecuteReaderAsync(RelationalCommandParameterObject parameterObject, CancellationToken cancellationToken)
   at Microsoft.EntityFrameworkCore.Storage.RelationalCommand.ExecuteReaderAsync(RelationalCommandParameterObject parameterObject, CancellationToken cancellationToken)
   at Microsoft.EntityFrameworkCore.Update.ReaderModificationCommandBatch.ExecuteAsync(IRelationalConnection connection, CancellationToken cancellationToken)
  Exception data:
    Severity: ERROR
    SqlState: 23503
    MessageText: insert or update on table "Users" violates foreign key constraint "FK_Users_Departments_DepartmentId"
    Detail: Detail redacted as it may contain sensitive data. Specify 'Include Error Detail' in the connection string to include this information.
    SchemaName: public
    TableName: Users
    ConstraintName: FK_Users_Departments_DepartmentId
    File: ri_triggers.c
    Line: 2599
    Routine: ri_ReportViolation
   --- End of inner exception stack trace ---
   at Microsoft.EntityFrameworkCore.Update.ReaderModificationCommandBatch.ExecuteAsync(IRelationalConnection connection, CancellationToken cancellationToken)
   at Microsoft.EntityFrameworkCore.Update.Internal.BatchExecutor.ExecuteAsync(IEnumerable`1 commandBatches, IRelationalConnection connection, CancellationToken cancellationToken)
   at Microsoft.EntityFrameworkCore.Update.Internal.BatchExecutor.ExecuteAsync(IEnumerable`1 commandBatches, IRelationalConnection connection, CancellationToken cancellationToken)
   at Microsoft.EntityFrameworkCore.Update.Internal.BatchExecutor.ExecuteAsync(IEnumerable`1 commandBatches, IRelationalConnection connection, CancellationToken cancellationToken)
   at Microsoft.EntityFrameworkCore.Storage.RelationalDatabase.SaveChangesAsync(IList`1 entries, CancellationToken cancellationToken)
   at Microsoft.EntityFrameworkCore.ChangeTracking.Internal.StateManager.SaveChangesAsync(IList`1 entriesToSave, CancellationToken cancellationToken)
   at Microsoft.EntityFrameworkCore.ChangeTracking.Internal.StateManager.SaveChangesAsync(StateManager stateManager, Boolean acceptAllChangesOnSuccess, CancellationToken cancellationToken)
   at Npgsql.EntityFrameworkCore.PostgreSQL.Storage.Internal.NpgsqlExecutionStrategy.ExecuteAsync[TState,TResult](TState state, Func`4 operation, Func`4 verifySucceeded, CancellationToken cancellationToken)
   at Microsoft.EntityFrameworkCore.DbContext.SaveChangesAsync(Boolean acceptAllChangesOnSuccess, CancellationToken cancellationToken) { EventId: { Id: 10000, Name: "Microsoft.EntityFrameworkCore.Update.SaveChangesFailed" }, SourceContext: "Microsoft.EntityFrameworkCore.Update", RequestId: "0HNLQV3TA8A11:00000001", RequestPath: "/users", ConnectionId: "0HNLQV3TA8A11" }

Microsoft.EntityFrameworkCore.DbUpdateException: An error occurred while saving the entity changes. See the inner exception for details.
 ---> Npgsql.PostgresException (0x80004005): 23503: insert or update on table "Users" violates foreign key constraint "FK_Users_Departments_DepartmentId"

DETAIL: Detail redacted as it may contain sensitive data. Specify 'Include Error Detail' in the connection string to include this information.
   at Npgsql.Internal.NpgsqlConnector.ReadMessageLong(Boolean async, DataRowLoadingMode dataRowLoadingMode, Boolean readingNotifications, Boolean isReadingPrependedMessage)
   at System.Runtime.CompilerServices.PoolingAsyncValueTaskMethodBuilder`1.StateMachineBox`1.System.Threading.Tasks.Sources.IValueTaskSource<TResult>.GetResult(Int16 token)
   at Npgsql.NpgsqlDataReader.NextResult(Boolean async, Boolean isConsuming, CancellationToken cancellationToken)
   at Npgsql.NpgsqlDataReader.NextResult(Boolean async, Boolean isConsuming, CancellationToken cancellationToken)
   at Npgsql.NpgsqlCommand.ExecuteReader(Boolean async, CommandBehavior behavior, CancellationToken cancellationToken)
   at Npgsql.NpgsqlCommand.ExecuteReader(Boolean async, CommandBehavior behavior, CancellationToken cancellationToken)
   at Npgsql.NpgsqlCommand.ExecuteDbDataReaderAsync(CommandBehavior behavior, CancellationToken cancellationToken)
   at Microsoft.EntityFrameworkCore.Storage.RelationalCommand.ExecuteReaderAsync(RelationalCommandParameterObject parameterObject, CancellationToken cancellationToken)
   at Microsoft.EntityFrameworkCore.Storage.RelationalCommand.ExecuteReaderAsync(RelationalCommandParameterObject parameterObject, CancellationToken cancellationToken)
   at Microsoft.EntityFrameworkCore.Update.ReaderModificationCommandBatch.ExecuteAsync(IRelationalConnection connection, CancellationToken cancellationToken)
  Exception data:
    Severity: ERROR
    SqlState: 23503
    MessageText: insert or update on table "Users" violates foreign key constraint "FK_Users_Departments_DepartmentId"
    Detail: Detail redacted as it may contain sensitive data. Specify 'Include Error Detail' in the connection string to include this information.
    SchemaName: public
    TableName: Users
    ConstraintName: FK_Users_Departments_DepartmentId
    File: ri_triggers.c
    Line: 2599
    Routine: ri_ReportViolation
   --- End of inner exception stack trace ---
   at Microsoft.EntityFrameworkCore.Update.ReaderModificationCommandBatch.ExecuteAsync(IRelationalConnection connection, CancellationToken cancellationToken)
   at Microsoft.EntityFrameworkCore.Update.Internal.BatchExecutor.ExecuteAsync(IEnumerable`1 commandBatches, IRelationalConnection connection, CancellationToken cancellationToken)
   at Microsoft.EntityFrameworkCore.Update.Internal.BatchExecutor.ExecuteAsync(IEnumerable`1 commandBatches, IRelationalConnection connection, CancellationToken cancellationToken)
   at Microsoft.EntityFrameworkCore.Update.Internal.BatchExecutor.ExecuteAsync(IEnumerable`1 commandBatches, IRelationalConnection connection, CancellationToken cancellationToken)
   at Microsoft.EntityFrameworkCore.Storage.RelationalDatabase.SaveChangesAsync(IList`1 entries, CancellationToken cancellationToken)
   at Microsoft.EntityFrameworkCore.ChangeTracking.Internal.StateManager.SaveChangesAsync(IList`1 entriesToSave, CancellationToken cancellationToken)
   at Microsoft.EntityFrameworkCore.ChangeTracking.Internal.StateManager.SaveChangesAsync(StateManager stateManager, Boolean acceptAllChangesOnSuccess, CancellationToken cancellationToken)
   at Npgsql.EntityFrameworkCore.PostgreSQL.Storage.Internal.NpgsqlExecutionStrategy.ExecuteAsync[TState,TResult](TState state, Func`4 operation, Func`4 verifySucceeded, CancellationToken cancellationToken)
   at Microsoft.EntityFrameworkCore.DbContext.SaveChangesAsync(Boolean acceptAllChangesOnSuccess, CancellationToken cancellationToken)
[14:01:06 ERR] Error handling CreateUserCommand { SourceContext: "AppWeaver.Mediator.Behaviors.LoggingBehavior", RequestId: "0HNLQV3TA8A11:00000001", RequestPath: "/users", ConnectionId: "0HNLQV3TA8A11" }

Microsoft.EntityFrameworkCore.DbUpdateException: An error occurred while saving the entity changes. See the inner exception for details.
 ---> Npgsql.PostgresException (0x80004005): 23503: insert or update on table "Users" violates foreign key constraint "FK_Users_Departments_DepartmentId"

DETAIL: Detail redacted as it may contain sensitive data. Specify 'Include Error Detail' in the connection string to include this information.
   at Npgsql.Internal.NpgsqlConnector.ReadMessageLong(Boolean async, DataRowLoadingMode dataRowLoadingMode, Boolean readingNotifications, Boolean isReadingPrependedMessage)
   at System.Runtime.CompilerServices.PoolingAsyncValueTaskMethodBuilder`1.StateMachineBox`1.System.Threading.Tasks.Sources.IValueTaskSource<TResult>.GetResult(Int16 token)
   at Npgsql.NpgsqlDataReader.NextResult(Boolean async, Boolean isConsuming, CancellationToken cancellationToken)
   at Npgsql.NpgsqlDataReader.NextResult(Boolean async, Boolean isConsuming, CancellationToken cancellationToken)
   at Npgsql.NpgsqlCommand.ExecuteReader(Boolean async, CommandBehavior behavior, CancellationToken cancellationToken)
   at Npgsql.NpgsqlCommand.ExecuteReader(Boolean async, CommandBehavior behavior, CancellationToken cancellationToken)
   at Npgsql.NpgsqlCommand.ExecuteDbDataReaderAsync(CommandBehavior behavior, CancellationToken cancellationToken)
   at Microsoft.EntityFrameworkCore.Storage.RelationalCommand.ExecuteReaderAsync(RelationalCommandParameterObject parameterObject, CancellationToken cancellationToken)
   at Microsoft.EntityFrameworkCore.Storage.RelationalCommand.ExecuteReaderAsync(RelationalCommandParameterObject parameterObject, CancellationToken cancellationToken)
   at Microsoft.EntityFrameworkCore.Update.ReaderModificationCommandBatch.ExecuteAsync(IRelationalConnection connection, CancellationToken cancellationToken)
  Exception data:
    Severity: ERROR
    SqlState: 23503
    MessageText: insert or update on table "Users" violates foreign key constraint "FK_Users_Departments_DepartmentId"
    Detail: Detail redacted as it may contain sensitive data. Specify 'Include Error Detail' in the connection string to include this information.
    SchemaName: public
    TableName: Users
    ConstraintName: FK_Users_Departments_DepartmentId
    File: ri_triggers.c
    Line: 2599
    Routine: ri_ReportViolation
   --- End of inner exception stack trace ---
   at Microsoft.EntityFrameworkCore.Update.ReaderModificationCommandBatch.ExecuteAsync(IRelationalConnection connection, CancellationToken cancellationToken)
   at Microsoft.EntityFrameworkCore.Update.Internal.BatchExecutor.ExecuteAsync(IEnumerable`1 commandBatches, IRelationalConnection connection, CancellationToken cancellationToken)
   at Microsoft.EntityFrameworkCore.Update.Internal.BatchExecutor.ExecuteAsync(IEnumerable`1 commandBatches, IRelationalConnection connection, CancellationToken cancellationToken)
   at Microsoft.EntityFrameworkCore.Update.Internal.BatchExecutor.ExecuteAsync(IEnumerable`1 commandBatches, IRelationalConnection connection, CancellationToken cancellationToken)
   at Microsoft.EntityFrameworkCore.Storage.RelationalDatabase.SaveChangesAsync(IList`1 entries, CancellationToken cancellationToken)
   at Microsoft.EntityFrameworkCore.ChangeTracking.Internal.StateManager.SaveChangesAsync(IList`1 entriesToSave, CancellationToken cancellationToken)
   at Microsoft.EntityFrameworkCore.ChangeTracking.Internal.StateManager.SaveChangesAsync(StateManager stateManager, Boolean acceptAllChangesOnSuccess, CancellationToken cancellationToken)
   at Npgsql.EntityFrameworkCore.PostgreSQL.Storage.Internal.NpgsqlExecutionStrategy.ExecuteAsync[TState,TResult](TState state, Func`4 operation, Func`4 verifySucceeded, CancellationToken cancellationToken)
   at Microsoft.EntityFrameworkCore.DbContext.SaveChangesAsync(Boolean acceptAllChangesOnSuccess, CancellationToken cancellationToken)
   at Microsoft.EntityFrameworkCore.DbContext.SaveChangesAsync(Boolean acceptAllChangesOnSuccess, CancellationToken cancellationToken)
   at AppWeaver.Repository.EfCore.EfUnitOfWorkBase`1.SaveChangesAsync(CancellationToken ct)
   at BytesRewards.Service.Features.Users.CreateUser.CreateUserCommandHandler.Handle(CreateUserCommand request, CancellationToken ct) in C:\Users\MariyaAF\Desktop\BytesRewards\BytesRewards\src\BytesRewards.Service\Users\Features\AddUser\CreateUserCommandHandler.cs:line 63
   at AppWeaver.Mediator.Behaviors.FluentValidationBehavior`2.Handle(TCommand request, CancellationToken ct, Next`1 next)
   at AppWeaver.Mediator.Behaviors.LoggingBehavior`2.Handle(TRequest request, CancellationToken ct, Next`1 next)
[14:01:06 INF] Executed endpoint 'HTTP: POST /users' { EventId: { Id: 1, Name: "ExecutedEndpoint" }, SourceContext: "Microsoft.AspNetCore.Routing.EndpointMiddleware", RequestId: "0HNLQV3TA8A11:00000001", RequestPath: "/users", ConnectionId: "0HNLQV3TA8A11" }

[14:01:07 INF] Exception occurred: An error occurred while saving the entity changes. See the inner exception for details. { SourceContext: "MiddlewareLibrary.ExceptionHandling.ExceptionLogHandler", Environment: "Development", TraceId: "0HNLQV3TA8A11:00000001", CorrelationId: "0HNLQV3TA8A11:00000001", TenantId: "", ExceptionType: "DbUpdateException", RequestId: "0HNLQV3TA8A11:00000001", RequestPath: "/users", ConnectionId: "0HNLQV3TA8A11" }

Microsoft.EntityFrameworkCore.DbUpdateException: An error occurred while saving the entity changes. See the inner exception for details.
 ---> Npgsql.PostgresException (0x80004005): 23503: insert or update on table "Users" violates foreign key constraint "FK_Users_Departments_DepartmentId"

DETAIL: Detail redacted as it may contain sensitive data. Specify 'Include Error Detail' in the connection string to include this information.
   at Npgsql.Internal.NpgsqlConnector.ReadMessageLong(Boolean async, DataRowLoadingMode dataRowLoadingMode, Boolean readingNotifications, Boolean isReadingPrependedMessage)
   at System.Runtime.CompilerServices.PoolingAsyncValueTaskMethodBuilder`1.StateMachineBox`1.System.Threading.Tasks.Sources.IValueTaskSource<TResult>.GetResult(Int16 token)
   at Npgsql.NpgsqlDataReader.NextResult(Boolean async, Boolean isConsuming, CancellationToken cancellationToken)
   at Npgsql.NpgsqlDataReader.NextResult(Boolean async, Boolean isConsuming, CancellationToken cancellationToken)
   at Npgsql.NpgsqlCommand.ExecuteReader(Boolean async, CommandBehavior behavior, CancellationToken cancellationToken)
   at Npgsql.NpgsqlCommand.ExecuteReader(Boolean async, CommandBehavior behavior, CancellationToken cancellationToken)
   at Npgsql.NpgsqlCommand.ExecuteDbDataReaderAsync(CommandBehavior behavior, CancellationToken cancellationToken)
   at Microsoft.EntityFrameworkCore.Storage.RelationalCommand.ExecuteReaderAsync(RelationalCommandParameterObject parameterObject, CancellationToken cancellationToken)
   at Microsoft.EntityFrameworkCore.Storage.RelationalCommand.ExecuteReaderAsync(RelationalCommandParameterObject parameterObject, CancellationToken cancellationToken)
   at Microsoft.EntityFrameworkCore.Update.ReaderModificationCommandBatch.ExecuteAsync(IRelationalConnection connection, CancellationToken cancellationToken)
  Exception data:
    Severity: ERROR
    SqlState: 23503
    MessageText: insert or update on table "Users" violates foreign key constraint "FK_Users_Departments_DepartmentId"
    Detail: Detail redacted as it may contain sensitive data. Specify 'Include Error Detail' in the connection string to include this information.
    SchemaName: public
    TableName: Users
    ConstraintName: FK_Users_Departments_DepartmentId
    File: ri_triggers.c
    Line: 2599
    Routine: ri_ReportViolation
   --- End of inner exception stack trace ---
   at Microsoft.EntityFrameworkCore.Update.ReaderModificationCommandBatch.ExecuteAsync(IRelationalConnection connection, CancellationToken cancellationToken)
   at Microsoft.EntityFrameworkCore.Update.Internal.BatchExecutor.ExecuteAsync(IEnumerable`1 commandBatches, IRelationalConnection connection, CancellationToken cancellationToken)
   at Microsoft.EntityFrameworkCore.Update.Internal.BatchExecutor.ExecuteAsync(IEnumerable`1 commandBatches, IRelationalConnection connection, CancellationToken cancellationToken)
   at Microsoft.EntityFrameworkCore.Update.Internal.BatchExecutor.ExecuteAsync(IEnumerable`1 commandBatches, IRelationalConnection connection, CancellationToken cancellationToken)
   at Microsoft.EntityFrameworkCore.Storage.RelationalDatabase.SaveChangesAsync(IList`1 entries, CancellationToken cancellationToken)
   at Microsoft.EntityFrameworkCore.ChangeTracking.Internal.StateManager.SaveChangesAsync(IList`1 entriesToSave, CancellationToken cancellationToken)
   at Microsoft.EntityFrameworkCore.ChangeTracking.Internal.StateManager.SaveChangesAsync(StateManager stateManager, Boolean acceptAllChangesOnSuccess, CancellationToken cancellationToken)
   at Npgsql.EntityFrameworkCore.PostgreSQL.Storage.Internal.NpgsqlExecutionStrategy.ExecuteAsync[TState,TResult](TState state, Func`4 operation, Func`4 verifySucceeded, CancellationToken cancellationToken)
   at Microsoft.EntityFrameworkCore.DbContext.SaveChangesAsync(Boolean acceptAllChangesOnSuccess, CancellationToken cancellationToken)
   at Microsoft.EntityFrameworkCore.DbContext.SaveChangesAsync(Boolean acceptAllChangesOnSuccess, CancellationToken cancellationToken)
   at AppWeaver.Repository.EfCore.EfUnitOfWorkBase`1.SaveChangesAsync(CancellationToken ct)
   at BytesRewards.Service.Features.Users.CreateUser.CreateUserCommandHandler.Handle(CreateUserCommand request, CancellationToken ct) in C:\Users\MariyaAF\Desktop\BytesRewards\BytesRewards\src\BytesRewards.Service\Users\Features\AddUser\CreateUserCommandHandler.cs:line 63
   at AppWeaver.Mediator.Behaviors.FluentValidationBehavior`2.Handle(TCommand request, CancellationToken ct, Next`1 next)
   at AppWeaver.Mediator.Behaviors.LoggingBehavior`2.Handle(TRequest request, CancellationToken ct, Next`1 next)
   at BytesRewards.Service.Features.Users.CreateUser.CreateUserEndpoint.ExecuteAsync(CreateUserRequest req, CancellationToken ct) in C:\Users\MariyaAF\Desktop\BytesRewards\BytesRewards\src\BytesRewards.Service\Users\Features\AddUser\CreateUserEndpoint.cs:line 35
   at AppWeaver.FastEndpoint.SecureFastEndpoint`2.HandleAsync(TRequest req, CancellationToken ct)
   at FastEndpoints.Endpoint`2.ExecAsync(CancellationToken ct)
   at FastEndpoints.Endpoint`2.ExecAsync(CancellationToken ct)
   at Microsoft.AspNetCore.Routing.EndpointMiddleware.<Invoke>g__AwaitRequestTask|7_0(Endpoint endpoint, Task requestTask, ILogger logger)
   at NSwag.AspNetCore.Middlewares.SwaggerUiIndexMiddleware.Invoke(HttpContext context)
   at NSwag.AspNetCore.Middlewares.RedirectToIndexMiddleware.Invoke(HttpContext context)
   at NSwag.AspNetCore.Middlewares.OpenApiDocumentMiddleware.Invoke(HttpContext context)
   at Microsoft.AspNetCore.Authorization.AuthorizationMiddleware.Invoke(HttpContext context)
   at Microsoft.AspNetCore.Authentication.AuthenticationMiddleware.Invoke(HttpContext context)
   at Microsoft.AspNetCore.Diagnostics.ExceptionHandlerMiddlewareImpl.<Invoke>g__Awaited|10_0(ExceptionHandlerMiddlewareImpl middleware, HttpContext context, Task task)
[14:03:49 INF] CORS policy execution successful. { EventId: { Id: 4, Name: "PolicySuccess" }, SourceContext: "Microsoft.AspNetCore.Cors.Infrastructure.CorsService", RequestId: "0HNLQV3TA8A12:00000001", RequestPath: "/users", ConnectionId: "0HNLQV3TA8A12" }

[14:03:49 INF] Executing endpoint 'HTTP: POST /users' { EventId: { Name: "ExecutingEndpoint" }, SourceContext: "Microsoft.AspNetCore.Routing.EndpointMiddleware", RequestId: "0HNLQV3TA8A12:00000001", RequestPath: "/users", ConnectionId: "0HNLQV3TA8A12" }

[14:03:49 INF] Handling CreateUserCommand { SourceContext: "AppWeaver.Mediator.Behaviors.LoggingBehavior", RequestId: "0HNLQV3TA8A12:00000001", RequestPath: "/users", ConnectionId: "0HNLQV3TA8A12" }

[14:03:49 WRN] The property 'AuditLog.Metadata' is a collection or enumeration type with a value converter but with no value comparer. Set a value comparer to ensure the collection/enumeration elements are compared correctly. { EventId: { Id: 10620, Name: "Microsoft.EntityFrameworkCore.Model.Validation.CollectionWithoutComparer" }, SourceContext: "Microsoft.EntityFrameworkCore.Model.Validation", RequestId: "0HNLQV3TA8A12:00000001", RequestPath: "/users", ConnectionId: "0HNLQV3TA8A12" }

[14:03:49 INF] Handled CreateUserCommand { SourceContext: "AppWeaver.Mediator.Behaviors.LoggingBehavior", RequestId: "0HNLQV3TA8A12:00000001", RequestPath: "/users", ConnectionId: "0HNLQV3TA8A12" }

[14:03:49 INF] Setting HTTP status code 200. { EventId: { Id: 1, Name: "WritingResultAsStatusCode" }, SourceContext: "Microsoft.AspNetCore.Http.Result.OkObjectResult", RequestId: "0HNLQV3TA8A12:00000001", RequestPath: "/users", ConnectionId: "0HNLQV3TA8A12" }

[14:03:49 INF] Writing value of type 'Guid' as Json. { EventId: { Id: 3, Name: "WritingResultAsJson" }, SourceContext: "Microsoft.AspNetCore.Http.Result.OkObjectResult", RequestId: "0HNLQV3TA8A12:00000001", RequestPath: "/users", ConnectionId: "0HNLQV3TA8A12" }

[14:03:49 INF] Executed endpoint 'HTTP: POST /users' { EventId: { Id: 1, Name: "ExecutedEndpoint" }, SourceContext: "Microsoft.AspNetCore.Routing.EndpointMiddleware", RequestId: "0HNLQV3TA8A12:00000001", RequestPath: "/users", ConnectionId: "0HNLQV3TA8A12" }

[14:04:14 INF] CORS policy execution successful. { EventId: { Id: 4, Name: "PolicySuccess" }, SourceContext: "Microsoft.AspNetCore.Cors.Infrastructure.CorsService", RequestId: "0HNLQV3TA8A12:00000002", RequestPath: "/users", ConnectionId: "0HNLQV3TA8A12" }

[14:04:14 INF] Executing endpoint 'HTTP: POST /users' { EventId: { Name: "ExecutingEndpoint" }, SourceContext: "Microsoft.AspNetCore.Routing.EndpointMiddleware", RequestId: "0HNLQV3TA8A12:00000002", RequestPath: "/users", ConnectionId: "0HNLQV3TA8A12" }

[14:04:14 INF] Handling CreateUserCommand { SourceContext: "AppWeaver.Mediator.Behaviors.LoggingBehavior", RequestId: "0HNLQV3TA8A12:00000002", RequestPath: "/users", ConnectionId: "0HNLQV3TA8A12" }

[14:04:14 INF] Handled CreateUserCommand { SourceContext: "AppWeaver.Mediator.Behaviors.LoggingBehavior", RequestId: "0HNLQV3TA8A12:00000002", RequestPath: "/users", ConnectionId: "0HNLQV3TA8A12" }

[14:04:14 INF] Setting HTTP status code 200. { EventId: { Id: 1, Name: "WritingResultAsStatusCode" }, SourceContext: "Microsoft.AspNetCore.Http.Result.OkObjectResult", RequestId: "0HNLQV3TA8A12:00000002", RequestPath: "/users", ConnectionId: "0HNLQV3TA8A12" }

[14:04:14 INF] Writing value of type 'Guid' as Json. { EventId: { Id: 3, Name: "WritingResultAsJson" }, SourceContext: "Microsoft.AspNetCore.Http.Result.OkObjectResult", RequestId: "0HNLQV3TA8A12:00000002", RequestPath: "/users", ConnectionId: "0HNLQV3TA8A12" }

[14:04:14 INF] Executed endpoint 'HTTP: POST /users' { EventId: { Id: 1, Name: "ExecutedEndpoint" }, SourceContext: "Microsoft.AspNetCore.Routing.EndpointMiddleware", RequestId: "0HNLQV3TA8A12:00000002", RequestPath: "/users", ConnectionId: "0HNLQV3TA8A12" }

[14:04:32 INF] CORS policy execution successful. { EventId: { Id: 4, Name: "PolicySuccess" }, SourceContext: "Microsoft.AspNetCore.Cors.Infrastructure.CorsService", RequestId: "0HNLQV3TA8A12:00000003", RequestPath: "/users", ConnectionId: "0HNLQV3TA8A12" }

[14:04:32 INF] Executing endpoint 'HTTP: POST /users' { EventId: { Name: "ExecutingEndpoint" }, SourceContext: "Microsoft.AspNetCore.Routing.EndpointMiddleware", RequestId: "0HNLQV3TA8A12:00000003", RequestPath: "/users", ConnectionId: "0HNLQV3TA8A12" }

[14:04:32 INF] Handling CreateUserCommand { SourceContext: "AppWeaver.Mediator.Behaviors.LoggingBehavior", RequestId: "0HNLQV3TA8A12:00000003", RequestPath: "/users", ConnectionId: "0HNLQV3TA8A12" }

[14:04:32 INF] Handled CreateUserCommand { SourceContext: "AppWeaver.Mediator.Behaviors.LoggingBehavior", RequestId: "0HNLQV3TA8A12:00000003", RequestPath: "/users", ConnectionId: "0HNLQV3TA8A12" }

[14:04:32 INF] Setting HTTP status code 200. { EventId: { Id: 1, Name: "WritingResultAsStatusCode" }, SourceContext: "Microsoft.AspNetCore.Http.Result.OkObjectResult", RequestId: "0HNLQV3TA8A12:00000003", RequestPath: "/users", ConnectionId: "0HNLQV3TA8A12" }

[14:04:32 INF] Writing value of type 'Guid' as Json. { EventId: { Id: 3, Name: "WritingResultAsJson" }, SourceContext: "Microsoft.AspNetCore.Http.Result.OkObjectResult", RequestId: "0HNLQV3TA8A12:00000003", RequestPath: "/users", ConnectionId: "0HNLQV3TA8A12" }

[14:04:32 INF] Executed endpoint 'HTTP: POST /users' { EventId: { Id: 1, Name: "ExecutedEndpoint" }, SourceContext: "Microsoft.AspNetCore.Routing.EndpointMiddleware", RequestId: "0HNLQV3TA8A12:00000003", RequestPath: "/users", ConnectionId: "0HNLQV3TA8A12" }

[14:39:38 INF] CORS policy execution successful. { EventId: { Id: 4, Name: "PolicySuccess" }, SourceContext: "Microsoft.AspNetCore.Cors.Infrastructure.CorsService", RequestId: "0HNLQV3TA8A13:00000001", RequestPath: "/users", ConnectionId: "0HNLQV3TA8A13" }

[14:39:38 INF] Executing endpoint 'HTTP: POST /users' { EventId: { Name: "ExecutingEndpoint" }, SourceContext: "Microsoft.AspNetCore.Routing.EndpointMiddleware", RequestId: "0HNLQV3TA8A13:00000001", RequestPath: "/users", ConnectionId: "0HNLQV3TA8A13" }

[14:39:38 INF] Handling CreateUserCommand { SourceContext: "AppWeaver.Mediator.Behaviors.LoggingBehavior", RequestId: "0HNLQV3TA8A13:00000001", RequestPath: "/users", ConnectionId: "0HNLQV3TA8A13" }

[14:39:38 INF] Handled CreateUserCommand { SourceContext: "AppWeaver.Mediator.Behaviors.LoggingBehavior", RequestId: "0HNLQV3TA8A13:00000001", RequestPath: "/users", ConnectionId: "0HNLQV3TA8A13" }

[14:39:38 INF] Setting HTTP status code 200. { EventId: { Id: 1, Name: "WritingResultAsStatusCode" }, SourceContext: "Microsoft.AspNetCore.Http.Result.OkObjectResult", RequestId: "0HNLQV3TA8A13:00000001", RequestPath: "/users", ConnectionId: "0HNLQV3TA8A13" }

[14:39:38 INF] Writing value of type 'Guid' as Json. { EventId: { Id: 3, Name: "WritingResultAsJson" }, SourceContext: "Microsoft.AspNetCore.Http.Result.OkObjectResult", RequestId: "0HNLQV3TA8A13:00000001", RequestPath: "/users", ConnectionId: "0HNLQV3TA8A13" }

[14:39:38 INF] Executed endpoint 'HTTP: POST /users' { EventId: { Id: 1, Name: "ExecutedEndpoint" }, SourceContext: "Microsoft.AspNetCore.Routing.EndpointMiddleware", RequestId: "0HNLQV3TA8A13:00000001", RequestPath: "/users", ConnectionId: "0HNLQV3TA8A13" }

[14:39:47 INF] Acquiring an exclusive lock for migration application. See https://aka.ms/efcore-docs-migrations-lock for more information if this takes too long. { EventId: { Id: 20411, Name: "Microsoft.EntityFrameworkCore.Migrations.AcquiringMigrationLock" }, SourceContext: "Microsoft.EntityFrameworkCore.Migrations" }

[14:39:47 INF] Applying migration '20260526073117_InitialCreate'. { EventId: { Id: 20402, Name: "Microsoft.EntityFrameworkCore.Migrations.MigrationApplying" }, SourceContext: "Microsoft.EntityFrameworkCore.Migrations" }

[14:39:48 INF] Registered 2 endpoints in 9,300 milliseconds. { EventId: { Id: 1, Name: "EndpointsRegistered" }, SourceContext: "FastEndpoints.StartupTimer" }

[14:39:49 INF] No validators found in the system! { EventId: { Id: 1, Name: "NoValidatorsFound" }, SourceContext: "FastEndpoints.Swagger.ValidationSchemaProcessor" }

[14:39:50 INF] User profile is available. Using 'C:\Users\MariyaAF\AppData\Local\ASP.NET\DataProtection-Keys' as key repository and Windows DPAPI to encrypt keys at rest. { EventId: { Id: 63, Name: "UsingProfileAsKeyRepositoryWithDPAPI" }, SourceContext: "Microsoft.AspNetCore.DataProtection.KeyManagement.XmlKeyManager" }

[14:39:50 WRN] The property 'AuditLog.Metadata' is a collection or enumeration type with a value converter but with no value comparer. Set a value comparer to ensure the collection/enumeration elements are compared correctly. { EventId: { Id: 10620, Name: "Microsoft.EntityFrameworkCore.Model.Validation.CollectionWithoutComparer" }, SourceContext: "Microsoft.EntityFrameworkCore.Model.Validation" }

[14:39:50 WRN] The entity type 'AuditLog' is configured to use schema 'Auditing', but SQLite does not support schemas. This configuration will be ignored by the SQLite provider. { EventId: { Id: 30000, Name: "Microsoft.EntityFrameworkCore.Model.Validation.SchemaConfiguredWarning" }, SourceContext: "Microsoft.EntityFrameworkCore.Model.Validation" }

[14:39:50 WRN] The entity type 'EntityChange' is configured to use schema 'Auditing', but SQLite does not support schemas. This configuration will be ignored by the SQLite provider. { EventId: { Id: 30000, Name: "Microsoft.EntityFrameworkCore.Model.Validation.SchemaConfiguredWarning" }, SourceContext: "Microsoft.EntityFrameworkCore.Model.Validation" }

[14:39:50 WRN] The entity type 'PropertyChange' is configured to use schema 'Auditing', but SQLite does not support schemas. This configuration will be ignored by the SQLite provider. { EventId: { Id: 30000, Name: "Microsoft.EntityFrameworkCore.Model.Validation.SchemaConfiguredWarning" }, SourceContext: "Microsoft.EntityFrameworkCore.Model.Validation" }

[14:39:51 INF] No migrations were found in assembly 'BytesRewards.Service'. A migration needs to be added before the database can be updated. { EventId: { Id: 20406, Name: "Microsoft.EntityFrameworkCore.Migrations.MigrationsNotFound" }, SourceContext: "Microsoft.EntityFrameworkCore.Migrations" }

[14:39:51 INF] Acquiring an exclusive lock for migration application. See https://aka.ms/efcore-docs-migrations-lock for more information if this takes too long. { EventId: { Id: 20411, Name: "Microsoft.EntityFrameworkCore.Migrations.AcquiringMigrationLock" }, SourceContext: "Microsoft.EntityFrameworkCore.Migrations" }

[14:39:51 INF] No migrations were applied. The database is already up to date. { EventId: { Id: 20405, Name: "Microsoft.EntityFrameworkCore.Migrations.MigrationsNotApplied" }, SourceContext: "Microsoft.EntityFrameworkCore.Migrations" }

[14:39:51 INF] Now listening on: https://localhost:5001 { EventId: { Id: 14, Name: "ListeningOnAddress" }, SourceContext: "Microsoft.Hosting.Lifetime" }

[14:39:51 INF] Application started. Press Ctrl+C to shut down. { SourceContext: "Microsoft.Hosting.Lifetime" }

[14:39:51 INF] Hosting environment: Development { SourceContext: "Microsoft.Hosting.Lifetime" }

[14:39:51 INF] Content root path: C:\Users\MariyaAF\Desktop\BytesRewards\BytesRewards\src\BytesRewards.Service { SourceContext: "Microsoft.Hosting.Lifetime" }

[14:40:53 INF] Acquiring an exclusive lock for migration application. See https://aka.ms/efcore-docs-migrations-lock for more information if this takes too long. { EventId: { Id: 20411, Name: "Microsoft.EntityFrameworkCore.Migrations.AcquiringMigrationLock" }, SourceContext: "Microsoft.EntityFrameworkCore.Migrations" }

[14:40:53 INF] No migrations were applied. The database is already up to date. { EventId: { Id: 20405, Name: "Microsoft.EntityFrameworkCore.Migrations.MigrationsNotApplied" }, SourceContext: "Microsoft.EntityFrameworkCore.Migrations" }

[14:40:53 INF] Registered 2 endpoints in 1,390 milliseconds. { EventId: { Id: 1, Name: "EndpointsRegistered" }, SourceContext: "FastEndpoints.StartupTimer" }

[14:40:53 INF] No validators found in the system! { EventId: { Id: 1, Name: "NoValidatorsFound" }, SourceContext: "FastEndpoints.Swagger.ValidationSchemaProcessor" }

[14:40:53 INF] User profile is available. Using 'C:\Users\MariyaAF\AppData\Local\ASP.NET\DataProtection-Keys' as key repository and Windows DPAPI to encrypt keys at rest. { EventId: { Id: 63, Name: "UsingProfileAsKeyRepositoryWithDPAPI" }, SourceContext: "Microsoft.AspNetCore.DataProtection.KeyManagement.XmlKeyManager" }

[14:40:53 WRN] The property 'AuditLog.Metadata' is a collection or enumeration type with a value converter but with no value comparer. Set a value comparer to ensure the collection/enumeration elements are compared correctly. { EventId: { Id: 10620, Name: "Microsoft.EntityFrameworkCore.Model.Validation.CollectionWithoutComparer" }, SourceContext: "Microsoft.EntityFrameworkCore.Model.Validation" }

[14:40:53 WRN] The entity type 'AuditLog' is configured to use schema 'Auditing', but SQLite does not support schemas. This configuration will be ignored by the SQLite provider. { EventId: { Id: 30000, Name: "Microsoft.EntityFrameworkCore.Model.Validation.SchemaConfiguredWarning" }, SourceContext: "Microsoft.EntityFrameworkCore.Model.Validation" }

[14:40:53 WRN] The entity type 'EntityChange' is configured to use schema 'Auditing', but SQLite does not support schemas. This configuration will be ignored by the SQLite provider. { EventId: { Id: 30000, Name: "Microsoft.EntityFrameworkCore.Model.Validation.SchemaConfiguredWarning" }, SourceContext: "Microsoft.EntityFrameworkCore.Model.Validation" }

[14:40:53 WRN] The entity type 'PropertyChange' is configured to use schema 'Auditing', but SQLite does not support schemas. This configuration will be ignored by the SQLite provider. { EventId: { Id: 30000, Name: "Microsoft.EntityFrameworkCore.Model.Validation.SchemaConfiguredWarning" }, SourceContext: "Microsoft.EntityFrameworkCore.Model.Validation" }

[14:40:53 INF] No migrations were found in assembly 'BytesRewards.Service'. A migration needs to be added before the database can be updated. { EventId: { Id: 20406, Name: "Microsoft.EntityFrameworkCore.Migrations.MigrationsNotFound" }, SourceContext: "Microsoft.EntityFrameworkCore.Migrations" }

[14:40:53 INF] Acquiring an exclusive lock for migration application. See https://aka.ms/efcore-docs-migrations-lock for more information if this takes too long. { EventId: { Id: 20411, Name: "Microsoft.EntityFrameworkCore.Migrations.AcquiringMigrationLock" }, SourceContext: "Microsoft.EntityFrameworkCore.Migrations" }

[14:40:54 INF] No migrations were applied. The database is already up to date. { EventId: { Id: 20405, Name: "Microsoft.EntityFrameworkCore.Migrations.MigrationsNotApplied" }, SourceContext: "Microsoft.EntityFrameworkCore.Migrations" }

[14:40:54 INF] Now listening on: https://localhost:5001 { EventId: { Id: 14, Name: "ListeningOnAddress" }, SourceContext: "Microsoft.Hosting.Lifetime" }

[14:40:54 INF] Application started. Press Ctrl+C to shut down. { SourceContext: "Microsoft.Hosting.Lifetime" }

[14:40:54 INF] Hosting environment: Development { SourceContext: "Microsoft.Hosting.Lifetime" }

[14:40:54 INF] Content root path: C:\Users\MariyaAF\Desktop\BytesRewards\BytesRewards\src\BytesRewards.Service { SourceContext: "Microsoft.Hosting.Lifetime" }

[14:41:58 INF] Acquiring an exclusive lock for migration application. See https://aka.ms/efcore-docs-migrations-lock for more information if this takes too long. { EventId: { Id: 20411, Name: "Microsoft.EntityFrameworkCore.Migrations.AcquiringMigrationLock" }, SourceContext: "Microsoft.EntityFrameworkCore.Migrations" }

[14:41:58 INF] No migrations were applied. The database is already up to date. { EventId: { Id: 20405, Name: "Microsoft.EntityFrameworkCore.Migrations.MigrationsNotApplied" }, SourceContext: "Microsoft.EntityFrameworkCore.Migrations" }

[14:43:17 INF] Registered 2 endpoints in 80,554 milliseconds. { EventId: { Id: 1, Name: "EndpointsRegistered" }, SourceContext: "FastEndpoints.StartupTimer" }

[14:43:26 INF] No validators found in the system! { EventId: { Id: 1, Name: "NoValidatorsFound" }, SourceContext: "FastEndpoints.Swagger.ValidationSchemaProcessor" }

[14:43:51 INF] User profile is available. Using 'C:\Users\MariyaAF\AppData\Local\ASP.NET\DataProtection-Keys' as key repository and Windows DPAPI to encrypt keys at rest. { EventId: { Id: 63, Name: "UsingProfileAsKeyRepositoryWithDPAPI" }, SourceContext: "Microsoft.AspNetCore.DataProtection.KeyManagement.XmlKeyManager" }

[14:43:51 WRN] The property 'AuditLog.Metadata' is a collection or enumeration type with a value converter but with no value comparer. Set a value comparer to ensure the collection/enumeration elements are compared correctly. { EventId: { Id: 10620, Name: "Microsoft.EntityFrameworkCore.Model.Validation.CollectionWithoutComparer" }, SourceContext: "Microsoft.EntityFrameworkCore.Model.Validation" }

[14:43:51 WRN] The entity type 'AuditLog' is configured to use schema 'Auditing', but SQLite does not support schemas. This configuration will be ignored by the SQLite provider. { EventId: { Id: 30000, Name: "Microsoft.EntityFrameworkCore.Model.Validation.SchemaConfiguredWarning" }, SourceContext: "Microsoft.EntityFrameworkCore.Model.Validation" }

[14:43:51 WRN] The entity type 'EntityChange' is configured to use schema 'Auditing', but SQLite does not support schemas. This configuration will be ignored by the SQLite provider. { EventId: { Id: 30000, Name: "Microsoft.EntityFrameworkCore.Model.Validation.SchemaConfiguredWarning" }, SourceContext: "Microsoft.EntityFrameworkCore.Model.Validation" }

[14:43:51 WRN] The entity type 'PropertyChange' is configured to use schema 'Auditing', but SQLite does not support schemas. This configuration will be ignored by the SQLite provider. { EventId: { Id: 30000, Name: "Microsoft.EntityFrameworkCore.Model.Validation.SchemaConfiguredWarning" }, SourceContext: "Microsoft.EntityFrameworkCore.Model.Validation" }

[14:43:51 INF] No migrations were found in assembly 'BytesRewards.Service'. A migration needs to be added before the database can be updated. { EventId: { Id: 20406, Name: "Microsoft.EntityFrameworkCore.Migrations.MigrationsNotFound" }, SourceContext: "Microsoft.EntityFrameworkCore.Migrations" }

[14:43:51 INF] Acquiring an exclusive lock for migration application. See https://aka.ms/efcore-docs-migrations-lock for more information if this takes too long. { EventId: { Id: 20411, Name: "Microsoft.EntityFrameworkCore.Migrations.AcquiringMigrationLock" }, SourceContext: "Microsoft.EntityFrameworkCore.Migrations" }

[14:43:51 INF] No migrations were applied. The database is already up to date. { EventId: { Id: 20405, Name: "Microsoft.EntityFrameworkCore.Migrations.MigrationsNotApplied" }, SourceContext: "Microsoft.EntityFrameworkCore.Migrations" }

[14:43:52 INF] Now listening on: https://localhost:5001 { EventId: { Id: 14, Name: "ListeningOnAddress" }, SourceContext: "Microsoft.Hosting.Lifetime" }

[14:43:52 INF] Application started. Press Ctrl+C to shut down. { SourceContext: "Microsoft.Hosting.Lifetime" }

[14:43:52 INF] Hosting environment: Development { SourceContext: "Microsoft.Hosting.Lifetime" }

[14:43:52 INF] Content root path: C:\Users\MariyaAF\Desktop\BytesRewards\BytesRewards\src\BytesRewards.Service { SourceContext: "Microsoft.Hosting.Lifetime" }

[14:54:39 INF] CORS policy execution successful. { EventId: { Id: 4, Name: "PolicySuccess" }, SourceContext: "Microsoft.AspNetCore.Cors.Infrastructure.CorsService", RequestId: "0HNLQV3TA8A14:00000001", RequestPath: "/users", ConnectionId: "0HNLQV3TA8A14" }

[14:54:39 INF] Executing endpoint 'HTTP: POST /users' { EventId: { Name: "ExecutingEndpoint" }, SourceContext: "Microsoft.AspNetCore.Routing.EndpointMiddleware", RequestId: "0HNLQV3TA8A14:00000001", RequestPath: "/users", ConnectionId: "0HNLQV3TA8A14" }

[14:54:39 INF] Handling CreateUserCommand { SourceContext: "AppWeaver.Mediator.Behaviors.LoggingBehavior", RequestId: "0HNLQV3TA8A14:00000001", RequestPath: "/users", ConnectionId: "0HNLQV3TA8A14" }

[14:54:39 INF] Handled CreateUserCommand { SourceContext: "AppWeaver.Mediator.Behaviors.LoggingBehavior", RequestId: "0HNLQV3TA8A14:00000001", RequestPath: "/users", ConnectionId: "0HNLQV3TA8A14" }

[14:54:39 INF] Setting HTTP status code 200. { EventId: { Id: 1, Name: "WritingResultAsStatusCode" }, SourceContext: "Microsoft.AspNetCore.Http.Result.OkObjectResult", RequestId: "0HNLQV3TA8A14:00000001", RequestPath: "/users", ConnectionId: "0HNLQV3TA8A14" }

[14:54:39 INF] Writing value of type 'Guid' as Json. { EventId: { Id: 3, Name: "WritingResultAsJson" }, SourceContext: "Microsoft.AspNetCore.Http.Result.OkObjectResult", RequestId: "0HNLQV3TA8A14:00000001", RequestPath: "/users", ConnectionId: "0HNLQV3TA8A14" }

[14:54:39 INF] Executed endpoint 'HTTP: POST /users' { EventId: { Id: 1, Name: "ExecutedEndpoint" }, SourceContext: "Microsoft.AspNetCore.Routing.EndpointMiddleware", RequestId: "0HNLQV3TA8A14:00000001", RequestPath: "/users", ConnectionId: "0HNLQV3TA8A14" }

[14:58:43 INF] CORS policy execution successful. { EventId: { Id: 4, Name: "PolicySuccess" }, SourceContext: "Microsoft.AspNetCore.Cors.Infrastructure.CorsService", RequestId: "0HNLQV3TA8A15:00000001", RequestPath: "/users", ConnectionId: "0HNLQV3TA8A15" }

[14:58:43 INF] Executing endpoint 'HTTP: POST /users' { EventId: { Name: "ExecutingEndpoint" }, SourceContext: "Microsoft.AspNetCore.Routing.EndpointMiddleware", RequestId: "0HNLQV3TA8A15:00000001", RequestPath: "/users", ConnectionId: "0HNLQV3TA8A15" }

[14:58:43 INF] Handling CreateUserCommand { SourceContext: "AppWeaver.Mediator.Behaviors.LoggingBehavior", RequestId: "0HNLQV3TA8A15:00000001", RequestPath: "/users", ConnectionId: "0HNLQV3TA8A15" }

[14:58:43 INF] Handled CreateUserCommand { SourceContext: "AppWeaver.Mediator.Behaviors.LoggingBehavior", RequestId: "0HNLQV3TA8A15:00000001", RequestPath: "/users", ConnectionId: "0HNLQV3TA8A15" }

[14:58:43 INF] Setting HTTP status code 200. { EventId: { Id: 1, Name: "WritingResultAsStatusCode" }, SourceContext: "Microsoft.AspNetCore.Http.Result.OkObjectResult", RequestId: "0HNLQV3TA8A15:00000001", RequestPath: "/users", ConnectionId: "0HNLQV3TA8A15" }

[14:58:43 INF] Writing value of type 'Guid' as Json. { EventId: { Id: 3, Name: "WritingResultAsJson" }, SourceContext: "Microsoft.AspNetCore.Http.Result.OkObjectResult", RequestId: "0HNLQV3TA8A15:00000001", RequestPath: "/users", ConnectionId: "0HNLQV3TA8A15" }

[14:58:43 INF] Executed endpoint 'HTTP: POST /users' { EventId: { Id: 1, Name: "ExecutedEndpoint" }, SourceContext: "Microsoft.AspNetCore.Routing.EndpointMiddleware", RequestId: "0HNLQV3TA8A15:00000001", RequestPath: "/users", ConnectionId: "0HNLQV3TA8A15" }

[14:59:20 INF] CORS policy execution successful. { EventId: { Id: 4, Name: "PolicySuccess" }, SourceContext: "Microsoft.AspNetCore.Cors.Infrastructure.CorsService", RequestId: "0HNLQV3TA8A15:00000002", RequestPath: "/users", ConnectionId: "0HNLQV3TA8A15" }

[14:59:20 INF] Executing endpoint 'HTTP: POST /users' { EventId: { Name: "ExecutingEndpoint" }, SourceContext: "Microsoft.AspNetCore.Routing.EndpointMiddleware", RequestId: "0HNLQV3TA8A15:00000002", RequestPath: "/users", ConnectionId: "0HNLQV3TA8A15" }

[14:59:20 INF] Handling CreateUserCommand { SourceContext: "AppWeaver.Mediator.Behaviors.LoggingBehavior", RequestId: "0HNLQV3TA8A15:00000002", RequestPath: "/users", ConnectionId: "0HNLQV3TA8A15" }

[14:59:20 INF] Handled CreateUserCommand { SourceContext: "AppWeaver.Mediator.Behaviors.LoggingBehavior", RequestId: "0HNLQV3TA8A15:00000002", RequestPath: "/users", ConnectionId: "0HNLQV3TA8A15" }

[14:59:20 INF] Setting HTTP status code 200. { EventId: { Id: 1, Name: "WritingResultAsStatusCode" }, SourceContext: "Microsoft.AspNetCore.Http.Result.OkObjectResult", RequestId: "0HNLQV3TA8A15:00000002", RequestPath: "/users", ConnectionId: "0HNLQV3TA8A15" }

[14:59:20 INF] Writing value of type 'Guid' as Json. { EventId: { Id: 3, Name: "WritingResultAsJson" }, SourceContext: "Microsoft.AspNetCore.Http.Result.OkObjectResult", RequestId: "0HNLQV3TA8A15:00000002", RequestPath: "/users", ConnectionId: "0HNLQV3TA8A15" }

[14:59:20 INF] Executed endpoint 'HTTP: POST /users' { EventId: { Id: 1, Name: "ExecutedEndpoint" }, SourceContext: "Microsoft.AspNetCore.Routing.EndpointMiddleware", RequestId: "0HNLQV3TA8A15:00000002", RequestPath: "/users", ConnectionId: "0HNLQV3TA8A15" }

[14:59:30 INF] Acquiring an exclusive lock for migration application. See https://aka.ms/efcore-docs-migrations-lock for more information if this takes too long. { EventId: { Id: 20411, Name: "Microsoft.EntityFrameworkCore.Migrations.AcquiringMigrationLock" }, SourceContext: "Microsoft.EntityFrameworkCore.Migrations" }

[14:59:31 INF] No migrations were applied. The database is already up to date. { EventId: { Id: 20405, Name: "Microsoft.EntityFrameworkCore.Migrations.MigrationsNotApplied" }, SourceContext: "Microsoft.EntityFrameworkCore.Migrations" }

[14:59:50 INF] Registered 2 endpoints in 25,008 milliseconds. { EventId: { Id: 1, Name: "EndpointsRegistered" }, SourceContext: "FastEndpoints.StartupTimer" }

[14:59:57 INF] No validators found in the system! { EventId: { Id: 1, Name: "NoValidatorsFound" }, SourceContext: "FastEndpoints.Swagger.ValidationSchemaProcessor" }

[15:00:03 INF] User profile is available. Using 'C:\Users\MariyaAF\AppData\Local\ASP.NET\DataProtection-Keys' as key repository and Windows DPAPI to encrypt keys at rest. { EventId: { Id: 63, Name: "UsingProfileAsKeyRepositoryWithDPAPI" }, SourceContext: "Microsoft.AspNetCore.DataProtection.KeyManagement.XmlKeyManager" }

[15:00:29 WRN] The property 'AuditLog.Metadata' is a collection or enumeration type with a value converter but with no value comparer. Set a value comparer to ensure the collection/enumeration elements are compared correctly. { EventId: { Id: 10620, Name: "Microsoft.EntityFrameworkCore.Model.Validation.CollectionWithoutComparer" }, SourceContext: "Microsoft.EntityFrameworkCore.Model.Validation" }

[15:00:29 WRN] The entity type 'AuditLog' is configured to use schema 'Auditing', but SQLite does not support schemas. This configuration will be ignored by the SQLite provider. { EventId: { Id: 30000, Name: "Microsoft.EntityFrameworkCore.Model.Validation.SchemaConfiguredWarning" }, SourceContext: "Microsoft.EntityFrameworkCore.Model.Validation" }

[15:00:29 WRN] The entity type 'EntityChange' is configured to use schema 'Auditing', but SQLite does not support schemas. This configuration will be ignored by the SQLite provider. { EventId: { Id: 30000, Name: "Microsoft.EntityFrameworkCore.Model.Validation.SchemaConfiguredWarning" }, SourceContext: "Microsoft.EntityFrameworkCore.Model.Validation" }

[15:00:29 WRN] The entity type 'PropertyChange' is configured to use schema 'Auditing', but SQLite does not support schemas. This configuration will be ignored by the SQLite provider. { EventId: { Id: 30000, Name: "Microsoft.EntityFrameworkCore.Model.Validation.SchemaConfiguredWarning" }, SourceContext: "Microsoft.EntityFrameworkCore.Model.Validation" }

[15:00:29 INF] No migrations were found in assembly 'BytesRewards.Service'. A migration needs to be added before the database can be updated. { EventId: { Id: 20406, Name: "Microsoft.EntityFrameworkCore.Migrations.MigrationsNotFound" }, SourceContext: "Microsoft.EntityFrameworkCore.Migrations" }

[15:00:29 INF] Acquiring an exclusive lock for migration application. See https://aka.ms/efcore-docs-migrations-lock for more information if this takes too long. { EventId: { Id: 20411, Name: "Microsoft.EntityFrameworkCore.Migrations.AcquiringMigrationLock" }, SourceContext: "Microsoft.EntityFrameworkCore.Migrations" }

[15:00:29 INF] No migrations were applied. The database is already up to date. { EventId: { Id: 20405, Name: "Microsoft.EntityFrameworkCore.Migrations.MigrationsNotApplied" }, SourceContext: "Microsoft.EntityFrameworkCore.Migrations" }

[15:00:35 INF] Now listening on: https://localhost:5001 { EventId: { Id: 14, Name: "ListeningOnAddress" }, SourceContext: "Microsoft.Hosting.Lifetime" }

[15:00:35 INF] Application started. Press Ctrl+C to shut down. { SourceContext: "Microsoft.Hosting.Lifetime" }

[15:00:35 INF] Hosting environment: Development { SourceContext: "Microsoft.Hosting.Lifetime" }

[15:00:35 INF] Content root path: C:\Users\MariyaAF\Desktop\BytesRewards\BytesRewards\src\BytesRewards.Service { SourceContext: "Microsoft.Hosting.Lifetime" }

[15:01:52 INF] CORS policy execution successful. { EventId: { Id: 4, Name: "PolicySuccess" }, SourceContext: "Microsoft.AspNetCore.Cors.Infrastructure.CorsService", RequestId: "0HNLQV3TA8A16:00000001", RequestPath: "/users", ConnectionId: "0HNLQV3TA8A16" }

[15:01:52 INF] Executing endpoint 'HTTP: POST /users' { EventId: { Name: "ExecutingEndpoint" }, SourceContext: "Microsoft.AspNetCore.Routing.EndpointMiddleware", RequestId: "0HNLQV3TA8A16:00000001", RequestPath: "/users", ConnectionId: "0HNLQV3TA8A16" }

[15:01:52 INF] Handling CreateUserCommand { SourceContext: "AppWeaver.Mediator.Behaviors.LoggingBehavior", RequestId: "0HNLQV3TA8A16:00000001", RequestPath: "/users", ConnectionId: "0HNLQV3TA8A16" }

[15:01:52 INF] Handled CreateUserCommand { SourceContext: "AppWeaver.Mediator.Behaviors.LoggingBehavior", RequestId: "0HNLQV3TA8A16:00000001", RequestPath: "/users", ConnectionId: "0HNLQV3TA8A16" }

[15:01:52 INF] Setting HTTP status code 200. { EventId: { Id: 1, Name: "WritingResultAsStatusCode" }, SourceContext: "Microsoft.AspNetCore.Http.Result.OkObjectResult", RequestId: "0HNLQV3TA8A16:00000001", RequestPath: "/users", ConnectionId: "0HNLQV3TA8A16" }

[15:01:52 INF] Writing value of type 'Guid' as Json. { EventId: { Id: 3, Name: "WritingResultAsJson" }, SourceContext: "Microsoft.AspNetCore.Http.Result.OkObjectResult", RequestId: "0HNLQV3TA8A16:00000001", RequestPath: "/users", ConnectionId: "0HNLQV3TA8A16" }

[15:01:52 INF] Executed endpoint 'HTTP: POST /users' { EventId: { Id: 1, Name: "ExecutedEndpoint" }, SourceContext: "Microsoft.AspNetCore.Routing.EndpointMiddleware", RequestId: "0HNLQV3TA8A16:00000001", RequestPath: "/users", ConnectionId: "0HNLQV3TA8A16" }

[15:02:22 INF] Acquiring an exclusive lock for migration application. See https://aka.ms/efcore-docs-migrations-lock for more information if this takes too long. { EventId: { Id: 20411, Name: "Microsoft.EntityFrameworkCore.Migrations.AcquiringMigrationLock" }, SourceContext: "Microsoft.EntityFrameworkCore.Migrations" }

[15:02:22 INF] No migrations were applied. The database is already up to date. { EventId: { Id: 20405, Name: "Microsoft.EntityFrameworkCore.Migrations.MigrationsNotApplied" }, SourceContext: "Microsoft.EntityFrameworkCore.Migrations" }

[15:06:18 INF] Acquiring an exclusive lock for migration application. See https://aka.ms/efcore-docs-migrations-lock for more information if this takes too long. { EventId: { Id: 20411, Name: "Microsoft.EntityFrameworkCore.Migrations.AcquiringMigrationLock" }, SourceContext: "Microsoft.EntityFrameworkCore.Migrations" }

[15:06:18 INF] No migrations were applied. The database is already up to date. { EventId: { Id: 20405, Name: "Microsoft.EntityFrameworkCore.Migrations.MigrationsNotApplied" }, SourceContext: "Microsoft.EntityFrameworkCore.Migrations" }

[15:06:18 INF] Registered 2 endpoints in 1,189 milliseconds. { EventId: { Id: 1, Name: "EndpointsRegistered" }, SourceContext: "FastEndpoints.StartupTimer" }

[15:06:18 INF] No validators found in the system! { EventId: { Id: 1, Name: "NoValidatorsFound" }, SourceContext: "FastEndpoints.Swagger.ValidationSchemaProcessor" }

[15:06:18 INF] User profile is available. Using 'C:\Users\MariyaAF\AppData\Local\ASP.NET\DataProtection-Keys' as key repository and Windows DPAPI to encrypt keys at rest. { EventId: { Id: 63, Name: "UsingProfileAsKeyRepositoryWithDPAPI" }, SourceContext: "Microsoft.AspNetCore.DataProtection.KeyManagement.XmlKeyManager" }

[15:06:18 WRN] The property 'AuditLog.Metadata' is a collection or enumeration type with a value converter but with no value comparer. Set a value comparer to ensure the collection/enumeration elements are compared correctly. { EventId: { Id: 10620, Name: "Microsoft.EntityFrameworkCore.Model.Validation.CollectionWithoutComparer" }, SourceContext: "Microsoft.EntityFrameworkCore.Model.Validation" }

[15:06:18 WRN] The entity type 'AuditLog' is configured to use schema 'Auditing', but SQLite does not support schemas. This configuration will be ignored by the SQLite provider. { EventId: { Id: 30000, Name: "Microsoft.EntityFrameworkCore.Model.Validation.SchemaConfiguredWarning" }, SourceContext: "Microsoft.EntityFrameworkCore.Model.Validation" }

[15:06:18 WRN] The entity type 'EntityChange' is configured to use schema 'Auditing', but SQLite does not support schemas. This configuration will be ignored by the SQLite provider. { EventId: { Id: 30000, Name: "Microsoft.EntityFrameworkCore.Model.Validation.SchemaConfiguredWarning" }, SourceContext: "Microsoft.EntityFrameworkCore.Model.Validation" }

[15:06:18 WRN] The entity type 'PropertyChange' is configured to use schema 'Auditing', but SQLite does not support schemas. This configuration will be ignored by the SQLite provider. { EventId: { Id: 30000, Name: "Microsoft.EntityFrameworkCore.Model.Validation.SchemaConfiguredWarning" }, SourceContext: "Microsoft.EntityFrameworkCore.Model.Validation" }

[15:06:18 INF] No migrations were found in assembly 'BytesRewards.Service'. A migration needs to be added before the database can be updated. { EventId: { Id: 20406, Name: "Microsoft.EntityFrameworkCore.Migrations.MigrationsNotFound" }, SourceContext: "Microsoft.EntityFrameworkCore.Migrations" }

[15:06:18 INF] Acquiring an exclusive lock for migration application. See https://aka.ms/efcore-docs-migrations-lock for more information if this takes too long. { EventId: { Id: 20411, Name: "Microsoft.EntityFrameworkCore.Migrations.AcquiringMigrationLock" }, SourceContext: "Microsoft.EntityFrameworkCore.Migrations" }

[15:06:18 INF] No migrations were applied. The database is already up to date. { EventId: { Id: 20405, Name: "Microsoft.EntityFrameworkCore.Migrations.MigrationsNotApplied" }, SourceContext: "Microsoft.EntityFrameworkCore.Migrations" }

[15:06:18 INF] Now listening on: https://localhost:5001 { EventId: { Id: 14, Name: "ListeningOnAddress" }, SourceContext: "Microsoft.Hosting.Lifetime" }

[15:06:18 INF] Application started. Press Ctrl+C to shut down. { SourceContext: "Microsoft.Hosting.Lifetime" }

[15:06:18 INF] Hosting environment: Development { SourceContext: "Microsoft.Hosting.Lifetime" }

[15:06:18 INF] Content root path: C:\Users\MariyaAF\Desktop\BytesRewards\BytesRewards\src\BytesRewards.Service { SourceContext: "Microsoft.Hosting.Lifetime" }

[15:06:29 INF] CORS policy execution successful. { EventId: { Id: 4, Name: "PolicySuccess" }, SourceContext: "Microsoft.AspNetCore.Cors.Infrastructure.CorsService", RequestId: "0HNLQV3TA8A17:00000001", RequestPath: "/users", ConnectionId: "0HNLQV3TA8A17" }

[15:06:29 INF] Executing endpoint 'HTTP: POST /users' { EventId: { Name: "ExecutingEndpoint" }, SourceContext: "Microsoft.AspNetCore.Routing.EndpointMiddleware", RequestId: "0HNLQV3TA8A17:00000001", RequestPath: "/users", ConnectionId: "0HNLQV3TA8A17" }

[15:06:29 INF] Handling CreateUserCommand { SourceContext: "AppWeaver.Mediator.Behaviors.LoggingBehavior", RequestId: "0HNLQV3TA8A17:00000001", RequestPath: "/users", ConnectionId: "0HNLQV3TA8A17" }

[15:06:29 INF] Handled CreateUserCommand { SourceContext: "AppWeaver.Mediator.Behaviors.LoggingBehavior", RequestId: "0HNLQV3TA8A17:00000001", RequestPath: "/users", ConnectionId: "0HNLQV3TA8A17" }

[15:06:29 INF] Setting HTTP status code 200. { EventId: { Id: 1, Name: "WritingResultAsStatusCode" }, SourceContext: "Microsoft.AspNetCore.Http.Result.OkObjectResult", RequestId: "0HNLQV3TA8A17:00000001", RequestPath: "/users", ConnectionId: "0HNLQV3TA8A17" }

[15:06:29 INF] Writing value of type 'Guid' as Json. { EventId: { Id: 3, Name: "WritingResultAsJson" }, SourceContext: "Microsoft.AspNetCore.Http.Result.OkObjectResult", RequestId: "0HNLQV3TA8A17:00000001", RequestPath: "/users", ConnectionId: "0HNLQV3TA8A17" }

[15:06:29 INF] Executed endpoint 'HTTP: POST /users' { EventId: { Id: 1, Name: "ExecutedEndpoint" }, SourceContext: "Microsoft.AspNetCore.Routing.EndpointMiddleware", RequestId: "0HNLQV3TA8A17:00000001", RequestPath: "/users", ConnectionId: "0HNLQV3TA8A17" }

[15:08:00 INF] Acquiring an exclusive lock for migration application. See https://aka.ms/efcore-docs-migrations-lock for more information if this takes too long. { EventId: { Id: 20411, Name: "Microsoft.EntityFrameworkCore.Migrations.AcquiringMigrationLock" }, SourceContext: "Microsoft.EntityFrameworkCore.Migrations" }

[15:08:00 INF] No migrations were applied. The database is already up to date. { EventId: { Id: 20405, Name: "Microsoft.EntityFrameworkCore.Migrations.MigrationsNotApplied" }, SourceContext: "Microsoft.EntityFrameworkCore.Migrations" }

[15:08:00 INF] Registered 2 endpoints in 1,384 milliseconds. { EventId: { Id: 1, Name: "EndpointsRegistered" }, SourceContext: "FastEndpoints.StartupTimer" }

[15:08:00 INF] No validators found in the system! { EventId: { Id: 1, Name: "NoValidatorsFound" }, SourceContext: "FastEndpoints.Swagger.ValidationSchemaProcessor" }

[15:08:01 INF] User profile is available. Using 'C:\Users\MariyaAF\AppData\Local\ASP.NET\DataProtection-Keys' as key repository and Windows DPAPI to encrypt keys at rest. { EventId: { Id: 63, Name: "UsingProfileAsKeyRepositoryWithDPAPI" }, SourceContext: "Microsoft.AspNetCore.DataProtection.KeyManagement.XmlKeyManager" }

[15:08:01 INF] CORS policy execution successful. { EventId: { Id: 4, Name: "PolicySuccess" }, SourceContext: "Microsoft.AspNetCore.Cors.Infrastructure.CorsService", RequestId: "0HNLQV3TA8A18:00000001", RequestPath: "/users", ConnectionId: "0HNLQV3TA8A18" }

[15:08:01 INF] Executing endpoint 'HTTP: POST /users' { EventId: { Name: "ExecutingEndpoint" }, SourceContext: "Microsoft.AspNetCore.Routing.EndpointMiddleware", RequestId: "0HNLQV3TA8A18:00000001", RequestPath: "/users", ConnectionId: "0HNLQV3TA8A18" }

[15:08:01 INF] Handling CreateUserCommand { SourceContext: "AppWeaver.Mediator.Behaviors.LoggingBehavior", RequestId: "0HNLQV3TA8A18:00000001", RequestPath: "/users", ConnectionId: "0HNLQV3TA8A18" }

[15:08:01 INF] Handled CreateUserCommand { SourceContext: "AppWeaver.Mediator.Behaviors.LoggingBehavior", RequestId: "0HNLQV3TA8A18:00000001", RequestPath: "/users", ConnectionId: "0HNLQV3TA8A18" }

[15:08:01 INF] Setting HTTP status code 200. { EventId: { Id: 1, Name: "WritingResultAsStatusCode" }, SourceContext: "Microsoft.AspNetCore.Http.Result.OkObjectResult", RequestId: "0HNLQV3TA8A18:00000001", RequestPath: "/users", ConnectionId: "0HNLQV3TA8A18" }

[15:08:01 INF] Writing value of type 'Guid' as Json. { EventId: { Id: 3, Name: "WritingResultAsJson" }, SourceContext: "Microsoft.AspNetCore.Http.Result.OkObjectResult", RequestId: "0HNLQV3TA8A18:00000001", RequestPath: "/users", ConnectionId: "0HNLQV3TA8A18" }

[15:08:01 INF] Executed endpoint 'HTTP: POST /users' { EventId: { Id: 1, Name: "ExecutedEndpoint" }, SourceContext: "Microsoft.AspNetCore.Routing.EndpointMiddleware", RequestId: "0HNLQV3TA8A18:00000001", RequestPath: "/users", ConnectionId: "0HNLQV3TA8A18" }

[15:08:01 WRN] The property 'AuditLog.Metadata' is a collection or enumeration type with a value converter but with no value comparer. Set a value comparer to ensure the collection/enumeration elements are compared correctly. { EventId: { Id: 10620, Name: "Microsoft.EntityFrameworkCore.Model.Validation.CollectionWithoutComparer" }, SourceContext: "Microsoft.EntityFrameworkCore.Model.Validation" }

[15:08:01 WRN] The entity type 'AuditLog' is configured to use schema 'Auditing', but SQLite does not support schemas. This configuration will be ignored by the SQLite provider. { EventId: { Id: 30000, Name: "Microsoft.EntityFrameworkCore.Model.Validation.SchemaConfiguredWarning" }, SourceContext: "Microsoft.EntityFrameworkCore.Model.Validation" }

[15:08:01 WRN] The entity type 'EntityChange' is configured to use schema 'Auditing', but SQLite does not support schemas. This configuration will be ignored by the SQLite provider. { EventId: { Id: 30000, Name: "Microsoft.EntityFrameworkCore.Model.Validation.SchemaConfiguredWarning" }, SourceContext: "Microsoft.EntityFrameworkCore.Model.Validation" }

[15:08:01 WRN] The entity type 'PropertyChange' is configured to use schema 'Auditing', but SQLite does not support schemas. This configuration will be ignored by the SQLite provider. { EventId: { Id: 30000, Name: "Microsoft.EntityFrameworkCore.Model.Validation.SchemaConfiguredWarning" }, SourceContext: "Microsoft.EntityFrameworkCore.Model.Validation" }

[15:08:01 INF] No migrations were found in assembly 'BytesRewards.Service'. A migration needs to be added before the database can be updated. { EventId: { Id: 20406, Name: "Microsoft.EntityFrameworkCore.Migrations.MigrationsNotFound" }, SourceContext: "Microsoft.EntityFrameworkCore.Migrations" }

[15:08:01 INF] Acquiring an exclusive lock for migration application. See https://aka.ms/efcore-docs-migrations-lock for more information if this takes too long. { EventId: { Id: 20411, Name: "Microsoft.EntityFrameworkCore.Migrations.AcquiringMigrationLock" }, SourceContext: "Microsoft.EntityFrameworkCore.Migrations" }

[15:08:01 INF] No migrations were applied. The database is already up to date. { EventId: { Id: 20405, Name: "Microsoft.EntityFrameworkCore.Migrations.MigrationsNotApplied" }, SourceContext: "Microsoft.EntityFrameworkCore.Migrations" }

[15:08:01 INF] Now listening on: https://localhost:5001 { EventId: { Id: 14, Name: "ListeningOnAddress" }, SourceContext: "Microsoft.Hosting.Lifetime" }

[15:08:01 INF] Application started. Press Ctrl+C to shut down. { SourceContext: "Microsoft.Hosting.Lifetime" }

[15:08:01 INF] Hosting environment: Development { SourceContext: "Microsoft.Hosting.Lifetime" }

[15:08:01 INF] Content root path: C:\Users\MariyaAF\Desktop\BytesRewards\BytesRewards\src\BytesRewards.Service { SourceContext: "Microsoft.Hosting.Lifetime" }

[15:08:09 INF] CORS policy execution successful. { EventId: { Id: 4, Name: "PolicySuccess" }, SourceContext: "Microsoft.AspNetCore.Cors.Infrastructure.CorsService", RequestId: "0HNLQV3TA8A18:00000002", RequestPath: "/users", ConnectionId: "0HNLQV3TA8A18" }

[15:08:09 INF] Executing endpoint 'HTTP: POST /users' { EventId: { Name: "ExecutingEndpoint" }, SourceContext: "Microsoft.AspNetCore.Routing.EndpointMiddleware", RequestId: "0HNLQV3TA8A18:00000002", RequestPath: "/users", ConnectionId: "0HNLQV3TA8A18" }

[15:08:09 INF] Handling CreateUserCommand { SourceContext: "AppWeaver.Mediator.Behaviors.LoggingBehavior", RequestId: "0HNLQV3TA8A18:00000002", RequestPath: "/users", ConnectionId: "0HNLQV3TA8A18" }

[15:08:09 INF] Handled CreateUserCommand { SourceContext: "AppWeaver.Mediator.Behaviors.LoggingBehavior", RequestId: "0HNLQV3TA8A18:00000002", RequestPath: "/users", ConnectionId: "0HNLQV3TA8A18" }

[15:08:09 INF] Setting HTTP status code 200. { EventId: { Id: 1, Name: "WritingResultAsStatusCode" }, SourceContext: "Microsoft.AspNetCore.Http.Result.OkObjectResult", RequestId: "0HNLQV3TA8A18:00000002", RequestPath: "/users", ConnectionId: "0HNLQV3TA8A18" }

[15:08:09 INF] Writing value of type 'Guid' as Json. { EventId: { Id: 3, Name: "WritingResultAsJson" }, SourceContext: "Microsoft.AspNetCore.Http.Result.OkObjectResult", RequestId: "0HNLQV3TA8A18:00000002", RequestPath: "/users", ConnectionId: "0HNLQV3TA8A18" }

[15:08:09 INF] Executed endpoint 'HTTP: POST /users' { EventId: { Id: 1, Name: "ExecutedEndpoint" }, SourceContext: "Microsoft.AspNetCore.Routing.EndpointMiddleware", RequestId: "0HNLQV3TA8A18:00000002", RequestPath: "/users", ConnectionId: "0HNLQV3TA8A18" }

[15:10:53 INF] Acquiring an exclusive lock for migration application. See https://aka.ms/efcore-docs-migrations-lock for more information if this takes too long. { EventId: { Id: 20411, Name: "Microsoft.EntityFrameworkCore.Migrations.AcquiringMigrationLock" }, SourceContext: "Microsoft.EntityFrameworkCore.Migrations" }

[15:10:53 INF] No migrations were applied. The database is already up to date. { EventId: { Id: 20405, Name: "Microsoft.EntityFrameworkCore.Migrations.MigrationsNotApplied" }, SourceContext: "Microsoft.EntityFrameworkCore.Migrations" }

[15:10:53 INF] Registered 2 endpoints in 1,231 milliseconds. { EventId: { Id: 1, Name: "EndpointsRegistered" }, SourceContext: "FastEndpoints.StartupTimer" }

[15:10:53 INF] No validators found in the system! { EventId: { Id: 1, Name: "NoValidatorsFound" }, SourceContext: "FastEndpoints.Swagger.ValidationSchemaProcessor" }

[15:10:53 INF] User profile is available. Using 'C:\Users\MariyaAF\AppData\Local\ASP.NET\DataProtection-Keys' as key repository and Windows DPAPI to encrypt keys at rest. { EventId: { Id: 63, Name: "UsingProfileAsKeyRepositoryWithDPAPI" }, SourceContext: "Microsoft.AspNetCore.DataProtection.KeyManagement.XmlKeyManager" }

[15:10:53 WRN] The property 'AuditLog.Metadata' is a collection or enumeration type with a value converter but with no value comparer. Set a value comparer to ensure the collection/enumeration elements are compared correctly. { EventId: { Id: 10620, Name: "Microsoft.EntityFrameworkCore.Model.Validation.CollectionWithoutComparer" }, SourceContext: "Microsoft.EntityFrameworkCore.Model.Validation" }

[15:10:53 WRN] The entity type 'AuditLog' is configured to use schema 'Auditing', but SQLite does not support schemas. This configuration will be ignored by the SQLite provider. { EventId: { Id: 30000, Name: "Microsoft.EntityFrameworkCore.Model.Validation.SchemaConfiguredWarning" }, SourceContext: "Microsoft.EntityFrameworkCore.Model.Validation" }

[15:10:53 WRN] The entity type 'EntityChange' is configured to use schema 'Auditing', but SQLite does not support schemas. This configuration will be ignored by the SQLite provider. { EventId: { Id: 30000, Name: "Microsoft.EntityFrameworkCore.Model.Validation.SchemaConfiguredWarning" }, SourceContext: "Microsoft.EntityFrameworkCore.Model.Validation" }

[15:10:53 WRN] The entity type 'PropertyChange' is configured to use schema 'Auditing', but SQLite does not support schemas. This configuration will be ignored by the SQLite provider. { EventId: { Id: 30000, Name: "Microsoft.EntityFrameworkCore.Model.Validation.SchemaConfiguredWarning" }, SourceContext: "Microsoft.EntityFrameworkCore.Model.Validation" }

[15:10:53 INF] No migrations were found in assembly 'BytesRewards.Service'. A migration needs to be added before the database can be updated. { EventId: { Id: 20406, Name: "Microsoft.EntityFrameworkCore.Migrations.MigrationsNotFound" }, SourceContext: "Microsoft.EntityFrameworkCore.Migrations" }

[15:10:53 INF] Acquiring an exclusive lock for migration application. See https://aka.ms/efcore-docs-migrations-lock for more information if this takes too long. { EventId: { Id: 20411, Name: "Microsoft.EntityFrameworkCore.Migrations.AcquiringMigrationLock" }, SourceContext: "Microsoft.EntityFrameworkCore.Migrations" }

[15:10:53 INF] No migrations were applied. The database is already up to date. { EventId: { Id: 20405, Name: "Microsoft.EntityFrameworkCore.Migrations.MigrationsNotApplied" }, SourceContext: "Microsoft.EntityFrameworkCore.Migrations" }

[15:10:53 INF] Now listening on: https://localhost:5001 { EventId: { Id: 14, Name: "ListeningOnAddress" }, SourceContext: "Microsoft.Hosting.Lifetime" }

[15:10:54 INF] Application started. Press Ctrl+C to shut down. { SourceContext: "Microsoft.Hosting.Lifetime" }

[15:10:54 INF] Hosting environment: Development { SourceContext: "Microsoft.Hosting.Lifetime" }

[15:10:54 INF] Content root path: C:\Users\MariyaAF\Desktop\BytesRewards\BytesRewards\src\BytesRewards.Service { SourceContext: "Microsoft.Hosting.Lifetime" }

[15:10:58 INF] CORS policy execution successful. { EventId: { Id: 4, Name: "PolicySuccess" }, SourceContext: "Microsoft.AspNetCore.Cors.Infrastructure.CorsService", RequestId: "0HNLQV3TA8A19:00000001", RequestPath: "/users", ConnectionId: "0HNLQV3TA8A19" }

[15:10:58 INF] Executing endpoint 'HTTP: POST /users' { EventId: { Name: "ExecutingEndpoint" }, SourceContext: "Microsoft.AspNetCore.Routing.EndpointMiddleware", RequestId: "0HNLQV3TA8A19:00000001", RequestPath: "/users", ConnectionId: "0HNLQV3TA8A19" }

[15:10:58 INF] Handling CreateUserCommand { SourceContext: "AppWeaver.Mediator.Behaviors.LoggingBehavior", RequestId: "0HNLQV3TA8A19:00000001", RequestPath: "/users", ConnectionId: "0HNLQV3TA8A19" }

[15:10:58 INF] Handled CreateUserCommand { SourceContext: "AppWeaver.Mediator.Behaviors.LoggingBehavior", RequestId: "0HNLQV3TA8A19:00000001", RequestPath: "/users", ConnectionId: "0HNLQV3TA8A19" }

[15:10:58 INF] Setting HTTP status code 200. { EventId: { Id: 1, Name: "WritingResultAsStatusCode" }, SourceContext: "Microsoft.AspNetCore.Http.Result.OkObjectResult", RequestId: "0HNLQV3TA8A19:00000001", RequestPath: "/users", ConnectionId: "0HNLQV3TA8A19" }

[15:10:58 INF] Writing value of type 'Guid' as Json. { EventId: { Id: 3, Name: "WritingResultAsJson" }, SourceContext: "Microsoft.AspNetCore.Http.Result.OkObjectResult", RequestId: "0HNLQV3TA8A19:00000001", RequestPath: "/users", ConnectionId: "0HNLQV3TA8A19" }

[15:10:58 INF] Executed endpoint 'HTTP: POST /users' { EventId: { Id: 1, Name: "ExecutedEndpoint" }, SourceContext: "Microsoft.AspNetCore.Routing.EndpointMiddleware", RequestId: "0HNLQV3TA8A19:00000001", RequestPath: "/users", ConnectionId: "0HNLQV3TA8A19" }

[15:12:46 INF] Acquiring an exclusive lock for migration application. See https://aka.ms/efcore-docs-migrations-lock for more information if this takes too long. { EventId: { Id: 20411, Name: "Microsoft.EntityFrameworkCore.Migrations.AcquiringMigrationLock" }, SourceContext: "Microsoft.EntityFrameworkCore.Migrations" }

[15:12:46 INF] No migrations were applied. The database is already up to date. { EventId: { Id: 20405, Name: "Microsoft.EntityFrameworkCore.Migrations.MigrationsNotApplied" }, SourceContext: "Microsoft.EntityFrameworkCore.Migrations" }

[15:12:46 INF] Registered 2 endpoints in 1,194 milliseconds. { EventId: { Id: 1, Name: "EndpointsRegistered" }, SourceContext: "FastEndpoints.StartupTimer" }

[15:12:46 INF] No validators found in the system! { EventId: { Id: 1, Name: "NoValidatorsFound" }, SourceContext: "FastEndpoints.Swagger.ValidationSchemaProcessor" }

[15:12:46 INF] User profile is available. Using 'C:\Users\MariyaAF\AppData\Local\ASP.NET\DataProtection-Keys' as key repository and Windows DPAPI to encrypt keys at rest. { EventId: { Id: 63, Name: "UsingProfileAsKeyRepositoryWithDPAPI" }, SourceContext: "Microsoft.AspNetCore.DataProtection.KeyManagement.XmlKeyManager" }

[15:12:47 WRN] The property 'AuditLog.Metadata' is a collection or enumeration type with a value converter but with no value comparer. Set a value comparer to ensure the collection/enumeration elements are compared correctly. { EventId: { Id: 10620, Name: "Microsoft.EntityFrameworkCore.Model.Validation.CollectionWithoutComparer" }, SourceContext: "Microsoft.EntityFrameworkCore.Model.Validation" }

[15:12:47 WRN] The entity type 'AuditLog' is configured to use schema 'Auditing', but SQLite does not support schemas. This configuration will be ignored by the SQLite provider. { EventId: { Id: 30000, Name: "Microsoft.EntityFrameworkCore.Model.Validation.SchemaConfiguredWarning" }, SourceContext: "Microsoft.EntityFrameworkCore.Model.Validation" }

[15:12:47 WRN] The entity type 'EntityChange' is configured to use schema 'Auditing', but SQLite does not support schemas. This configuration will be ignored by the SQLite provider. { EventId: { Id: 30000, Name: "Microsoft.EntityFrameworkCore.Model.Validation.SchemaConfiguredWarning" }, SourceContext: "Microsoft.EntityFrameworkCore.Model.Validation" }

[15:12:47 WRN] The entity type 'PropertyChange' is configured to use schema 'Auditing', but SQLite does not support schemas. This configuration will be ignored by the SQLite provider. { EventId: { Id: 30000, Name: "Microsoft.EntityFrameworkCore.Model.Validation.SchemaConfiguredWarning" }, SourceContext: "Microsoft.EntityFrameworkCore.Model.Validation" }

[15:12:47 INF] No migrations were found in assembly 'BytesRewards.Service'. A migration needs to be added before the database can be updated. { EventId: { Id: 20406, Name: "Microsoft.EntityFrameworkCore.Migrations.MigrationsNotFound" }, SourceContext: "Microsoft.EntityFrameworkCore.Migrations" }

[15:12:47 INF] Acquiring an exclusive lock for migration application. See https://aka.ms/efcore-docs-migrations-lock for more information if this takes too long. { EventId: { Id: 20411, Name: "Microsoft.EntityFrameworkCore.Migrations.AcquiringMigrationLock" }, SourceContext: "Microsoft.EntityFrameworkCore.Migrations" }

[15:12:47 INF] No migrations were applied. The database is already up to date. { EventId: { Id: 20405, Name: "Microsoft.EntityFrameworkCore.Migrations.MigrationsNotApplied" }, SourceContext: "Microsoft.EntityFrameworkCore.Migrations" }

[15:12:47 INF] Now listening on: https://localhost:5001 { EventId: { Id: 14, Name: "ListeningOnAddress" }, SourceContext: "Microsoft.Hosting.Lifetime" }

[15:12:47 INF] Application started. Press Ctrl+C to shut down. { SourceContext: "Microsoft.Hosting.Lifetime" }

[15:12:47 INF] Hosting environment: Development { SourceContext: "Microsoft.Hosting.Lifetime" }

[15:12:47 INF] Content root path: C:\Users\MariyaAF\Desktop\BytesRewards\BytesRewards\src\BytesRewards.Service { SourceContext: "Microsoft.Hosting.Lifetime" }

[15:12:59 INF] CORS policy execution successful. { EventId: { Id: 4, Name: "PolicySuccess" }, SourceContext: "Microsoft.AspNetCore.Cors.Infrastructure.CorsService", RequestId: "0HNLQV3TA8A19:00000002", RequestPath: "/users", ConnectionId: "0HNLQV3TA8A19" }

[15:12:59 INF] Executing endpoint 'HTTP: POST /users' { EventId: { Name: "ExecutingEndpoint" }, SourceContext: "Microsoft.AspNetCore.Routing.EndpointMiddleware", RequestId: "0HNLQV3TA8A19:00000002", RequestPath: "/users", ConnectionId: "0HNLQV3TA8A19" }

[15:12:59 INF] Handling CreateUserCommand { SourceContext: "AppWeaver.Mediator.Behaviors.LoggingBehavior", RequestId: "0HNLQV3TA8A19:00000002", RequestPath: "/users", ConnectionId: "0HNLQV3TA8A19" }

[15:12:59 INF] Handled CreateUserCommand { SourceContext: "AppWeaver.Mediator.Behaviors.LoggingBehavior", RequestId: "0HNLQV3TA8A19:00000002", RequestPath: "/users", ConnectionId: "0HNLQV3TA8A19" }

[15:12:59 INF] Setting HTTP status code 200. { EventId: { Id: 1, Name: "WritingResultAsStatusCode" }, SourceContext: "Microsoft.AspNetCore.Http.Result.OkObjectResult", RequestId: "0HNLQV3TA8A19:00000002", RequestPath: "/users", ConnectionId: "0HNLQV3TA8A19" }

[15:12:59 INF] Writing value of type 'Guid' as Json. { EventId: { Id: 3, Name: "WritingResultAsJson" }, SourceContext: "Microsoft.AspNetCore.Http.Result.OkObjectResult", RequestId: "0HNLQV3TA8A19:00000002", RequestPath: "/users", ConnectionId: "0HNLQV3TA8A19" }

[15:12:59 INF] Executed endpoint 'HTTP: POST /users' { EventId: { Id: 1, Name: "ExecutedEndpoint" }, SourceContext: "Microsoft.AspNetCore.Routing.EndpointMiddleware", RequestId: "0HNLQV3TA8A19:00000002", RequestPath: "/users", ConnectionId: "0HNLQV3TA8A19" }

[15:14:03 INF] CORS policy execution successful. { EventId: { Id: 4, Name: "PolicySuccess" }, SourceContext: "Microsoft.AspNetCore.Cors.Infrastructure.CorsService", RequestId: "0HNLQV3TA8A19:00000003", RequestPath: "/users", ConnectionId: "0HNLQV3TA8A19" }

[15:14:03 INF] Executing endpoint 'HTTP: POST /users' { EventId: { Name: "ExecutingEndpoint" }, SourceContext: "Microsoft.AspNetCore.Routing.EndpointMiddleware", RequestId: "0HNLQV3TA8A19:00000003", RequestPath: "/users", ConnectionId: "0HNLQV3TA8A19" }

[15:14:03 INF] Handling CreateUserCommand { SourceContext: "AppWeaver.Mediator.Behaviors.LoggingBehavior", RequestId: "0HNLQV3TA8A19:00000003", RequestPath: "/users", ConnectionId: "0HNLQV3TA8A19" }

[15:14:03 INF] Handled CreateUserCommand { SourceContext: "AppWeaver.Mediator.Behaviors.LoggingBehavior", RequestId: "0HNLQV3TA8A19:00000003", RequestPath: "/users", ConnectionId: "0HNLQV3TA8A19" }

[15:14:03 INF] Setting HTTP status code 200. { EventId: { Id: 1, Name: "WritingResultAsStatusCode" }, SourceContext: "Microsoft.AspNetCore.Http.Result.OkObjectResult", RequestId: "0HNLQV3TA8A19:00000003", RequestPath: "/users", ConnectionId: "0HNLQV3TA8A19" }

[15:14:03 INF] Writing value of type 'Guid' as Json. { EventId: { Id: 3, Name: "WritingResultAsJson" }, SourceContext: "Microsoft.AspNetCore.Http.Result.OkObjectResult", RequestId: "0HNLQV3TA8A19:00000003", RequestPath: "/users", ConnectionId: "0HNLQV3TA8A19" }

[15:14:03 INF] Executed endpoint 'HTTP: POST /users' { EventId: { Id: 1, Name: "ExecutedEndpoint" }, SourceContext: "Microsoft.AspNetCore.Routing.EndpointMiddleware", RequestId: "0HNLQV3TA8A19:00000003", RequestPath: "/users", ConnectionId: "0HNLQV3TA8A19" }

[15:16:28 INF] Acquiring an exclusive lock for migration application. See https://aka.ms/efcore-docs-migrations-lock for more information if this takes too long. { EventId: { Id: 20411, Name: "Microsoft.EntityFrameworkCore.Migrations.AcquiringMigrationLock" }, SourceContext: "Microsoft.EntityFrameworkCore.Migrations" }

[15:16:29 INF] No migrations were applied. The database is already up to date. { EventId: { Id: 20405, Name: "Microsoft.EntityFrameworkCore.Migrations.MigrationsNotApplied" }, SourceContext: "Microsoft.EntityFrameworkCore.Migrations" }

[15:16:29 INF] Registered 2 endpoints in 1,310 milliseconds. { EventId: { Id: 1, Name: "EndpointsRegistered" }, SourceContext: "FastEndpoints.StartupTimer" }

[15:16:29 INF] No validators found in the system! { EventId: { Id: 1, Name: "NoValidatorsFound" }, SourceContext: "FastEndpoints.Swagger.ValidationSchemaProcessor" }

[15:16:29 INF] User profile is available. Using 'C:\Users\MariyaAF\AppData\Local\ASP.NET\DataProtection-Keys' as key repository and Windows DPAPI to encrypt keys at rest. { EventId: { Id: 63, Name: "UsingProfileAsKeyRepositoryWithDPAPI" }, SourceContext: "Microsoft.AspNetCore.DataProtection.KeyManagement.XmlKeyManager" }

[15:16:29 WRN] The property 'AuditLog.Metadata' is a collection or enumeration type with a value converter but with no value comparer. Set a value comparer to ensure the collection/enumeration elements are compared correctly. { EventId: { Id: 10620, Name: "Microsoft.EntityFrameworkCore.Model.Validation.CollectionWithoutComparer" }, SourceContext: "Microsoft.EntityFrameworkCore.Model.Validation" }

[15:16:29 WRN] The entity type 'AuditLog' is configured to use schema 'Auditing', but SQLite does not support schemas. This configuration will be ignored by the SQLite provider. { EventId: { Id: 30000, Name: "Microsoft.EntityFrameworkCore.Model.Validation.SchemaConfiguredWarning" }, SourceContext: "Microsoft.EntityFrameworkCore.Model.Validation" }

[15:16:29 WRN] The entity type 'EntityChange' is configured to use schema 'Auditing', but SQLite does not support schemas. This configuration will be ignored by the SQLite provider. { EventId: { Id: 30000, Name: "Microsoft.EntityFrameworkCore.Model.Validation.SchemaConfiguredWarning" }, SourceContext: "Microsoft.EntityFrameworkCore.Model.Validation" }

[15:16:29 WRN] The entity type 'PropertyChange' is configured to use schema 'Auditing', but SQLite does not support schemas. This configuration will be ignored by the SQLite provider. { EventId: { Id: 30000, Name: "Microsoft.EntityFrameworkCore.Model.Validation.SchemaConfiguredWarning" }, SourceContext: "Microsoft.EntityFrameworkCore.Model.Validation" }

[15:16:29 INF] No migrations were found in assembly 'BytesRewards.Service'. A migration needs to be added before the database can be updated. { EventId: { Id: 20406, Name: "Microsoft.EntityFrameworkCore.Migrations.MigrationsNotFound" }, SourceContext: "Microsoft.EntityFrameworkCore.Migrations" }

[15:16:29 INF] Acquiring an exclusive lock for migration application. See https://aka.ms/efcore-docs-migrations-lock for more information if this takes too long. { EventId: { Id: 20411, Name: "Microsoft.EntityFrameworkCore.Migrations.AcquiringMigrationLock" }, SourceContext: "Microsoft.EntityFrameworkCore.Migrations" }

[15:16:29 INF] No migrations were applied. The database is already up to date. { EventId: { Id: 20405, Name: "Microsoft.EntityFrameworkCore.Migrations.MigrationsNotApplied" }, SourceContext: "Microsoft.EntityFrameworkCore.Migrations" }

[15:16:29 INF] Now listening on: https://localhost:5001 { EventId: { Id: 14, Name: "ListeningOnAddress" }, SourceContext: "Microsoft.Hosting.Lifetime" }

[15:16:29 INF] Application started. Press Ctrl+C to shut down. { SourceContext: "Microsoft.Hosting.Lifetime" }

[15:16:29 INF] Hosting environment: Development { SourceContext: "Microsoft.Hosting.Lifetime" }

[15:16:29 INF] Content root path: C:\Users\MariyaAF\Desktop\BytesRewards\BytesRewards\src\BytesRewards.Service { SourceContext: "Microsoft.Hosting.Lifetime" }

[15:17:08 INF] Acquiring an exclusive lock for migration application. See https://aka.ms/efcore-docs-migrations-lock for more information if this takes too long. { EventId: { Id: 20411, Name: "Microsoft.EntityFrameworkCore.Migrations.AcquiringMigrationLock" }, SourceContext: "Microsoft.EntityFrameworkCore.Migrations" }

[15:17:08 INF] No migrations were applied. The database is already up to date. { EventId: { Id: 20405, Name: "Microsoft.EntityFrameworkCore.Migrations.MigrationsNotApplied" }, SourceContext: "Microsoft.EntityFrameworkCore.Migrations" }

[15:17:08 INF] Registered 2 endpoints in 1,342 milliseconds. { EventId: { Id: 1, Name: "EndpointsRegistered" }, SourceContext: "FastEndpoints.StartupTimer" }

[15:17:08 INF] No validators found in the system! { EventId: { Id: 1, Name: "NoValidatorsFound" }, SourceContext: "FastEndpoints.Swagger.ValidationSchemaProcessor" }

[15:17:08 INF] User profile is available. Using 'C:\Users\MariyaAF\AppData\Local\ASP.NET\DataProtection-Keys' as key repository and Windows DPAPI to encrypt keys at rest. { EventId: { Id: 63, Name: "UsingProfileAsKeyRepositoryWithDPAPI" }, SourceContext: "Microsoft.AspNetCore.DataProtection.KeyManagement.XmlKeyManager" }

[15:17:08 WRN] The property 'AuditLog.Metadata' is a collection or enumeration type with a value converter but with no value comparer. Set a value comparer to ensure the collection/enumeration elements are compared correctly. { EventId: { Id: 10620, Name: "Microsoft.EntityFrameworkCore.Model.Validation.CollectionWithoutComparer" }, SourceContext: "Microsoft.EntityFrameworkCore.Model.Validation" }

[15:17:08 WRN] The entity type 'AuditLog' is configured to use schema 'Auditing', but SQLite does not support schemas. This configuration will be ignored by the SQLite provider. { EventId: { Id: 30000, Name: "Microsoft.EntityFrameworkCore.Model.Validation.SchemaConfiguredWarning" }, SourceContext: "Microsoft.EntityFrameworkCore.Model.Validation" }

[15:17:08 WRN] The entity type 'EntityChange' is configured to use schema 'Auditing', but SQLite does not support schemas. This configuration will be ignored by the SQLite provider. { EventId: { Id: 30000, Name: "Microsoft.EntityFrameworkCore.Model.Validation.SchemaConfiguredWarning" }, SourceContext: "Microsoft.EntityFrameworkCore.Model.Validation" }

[15:17:08 WRN] The entity type 'PropertyChange' is configured to use schema 'Auditing', but SQLite does not support schemas. This configuration will be ignored by the SQLite provider. { EventId: { Id: 30000, Name: "Microsoft.EntityFrameworkCore.Model.Validation.SchemaConfiguredWarning" }, SourceContext: "Microsoft.EntityFrameworkCore.Model.Validation" }

[15:17:08 INF] No migrations were found in assembly 'BytesRewards.Service'. A migration needs to be added before the database can be updated. { EventId: { Id: 20406, Name: "Microsoft.EntityFrameworkCore.Migrations.MigrationsNotFound" }, SourceContext: "Microsoft.EntityFrameworkCore.Migrations" }

[15:17:08 INF] Acquiring an exclusive lock for migration application. See https://aka.ms/efcore-docs-migrations-lock for more information if this takes too long. { EventId: { Id: 20411, Name: "Microsoft.EntityFrameworkCore.Migrations.AcquiringMigrationLock" }, SourceContext: "Microsoft.EntityFrameworkCore.Migrations" }

[15:17:08 INF] No migrations were applied. The database is already up to date. { EventId: { Id: 20405, Name: "Microsoft.EntityFrameworkCore.Migrations.MigrationsNotApplied" }, SourceContext: "Microsoft.EntityFrameworkCore.Migrations" }

[15:17:09 INF] Now listening on: https://localhost:5001 { EventId: { Id: 14, Name: "ListeningOnAddress" }, SourceContext: "Microsoft.Hosting.Lifetime" }

[15:17:09 INF] Application started. Press Ctrl+C to shut down. { SourceContext: "Microsoft.Hosting.Lifetime" }

[15:17:09 INF] Hosting environment: Development { SourceContext: "Microsoft.Hosting.Lifetime" }

[15:17:09 INF] Content root path: C:\Users\MariyaAF\Desktop\BytesRewards\BytesRewards\src\BytesRewards.Service { SourceContext: "Microsoft.Hosting.Lifetime" }

[15:17:12 INF] CORS policy execution successful. { EventId: { Id: 4, Name: "PolicySuccess" }, SourceContext: "Microsoft.AspNetCore.Cors.Infrastructure.CorsService", RequestId: "0HNLQV3TA8A1A:00000001", RequestPath: "/users", ConnectionId: "0HNLQV3TA8A1A" }

[15:17:12 INF] Executing endpoint 'HTTP: POST /users' { EventId: { Name: "ExecutingEndpoint" }, SourceContext: "Microsoft.AspNetCore.Routing.EndpointMiddleware", RequestId: "0HNLQV3TA8A1A:00000001", RequestPath: "/users", ConnectionId: "0HNLQV3TA8A1A" }

[15:17:12 INF] Handling CreateUserCommand { SourceContext: "AppWeaver.Mediator.Behaviors.LoggingBehavior", RequestId: "0HNLQV3TA8A1A:00000001", RequestPath: "/users", ConnectionId: "0HNLQV3TA8A1A" }

[15:17:12 INF] Handled CreateUserCommand { SourceContext: "AppWeaver.Mediator.Behaviors.LoggingBehavior", RequestId: "0HNLQV3TA8A1A:00000001", RequestPath: "/users", ConnectionId: "0HNLQV3TA8A1A" }

[15:17:12 INF] Setting HTTP status code 200. { EventId: { Id: 1, Name: "WritingResultAsStatusCode" }, SourceContext: "Microsoft.AspNetCore.Http.Result.OkObjectResult", RequestId: "0HNLQV3TA8A1A:00000001", RequestPath: "/users", ConnectionId: "0HNLQV3TA8A1A" }

[15:17:12 INF] Writing value of type 'Guid' as Json. { EventId: { Id: 3, Name: "WritingResultAsJson" }, SourceContext: "Microsoft.AspNetCore.Http.Result.OkObjectResult", RequestId: "0HNLQV3TA8A1A:00000001", RequestPath: "/users", ConnectionId: "0HNLQV3TA8A1A" }

[15:17:12 INF] Executed endpoint 'HTTP: POST /users' { EventId: { Id: 1, Name: "ExecutedEndpoint" }, SourceContext: "Microsoft.AspNetCore.Routing.EndpointMiddleware", RequestId: "0HNLQV3TA8A1A:00000001", RequestPath: "/users", ConnectionId: "0HNLQV3TA8A1A" }

[15:23:36 INF] CORS policy execution successful. { EventId: { Id: 4, Name: "PolicySuccess" }, SourceContext: "Microsoft.AspNetCore.Cors.Infrastructure.CorsService", RequestId: "0HNLQV3TA8A1B:00000001", RequestPath: "/users", ConnectionId: "0HNLQV3TA8A1B" }

[15:23:36 INF] Executing endpoint 'HTTP: POST /users' { EventId: { Name: "ExecutingEndpoint" }, SourceContext: "Microsoft.AspNetCore.Routing.EndpointMiddleware", RequestId: "0HNLQV3TA8A1B:00000001", RequestPath: "/users", ConnectionId: "0HNLQV3TA8A1B" }

[15:23:36 INF] Handling CreateUserCommand { SourceContext: "AppWeaver.Mediator.Behaviors.LoggingBehavior", RequestId: "0HNLQV3TA8A1B:00000001", RequestPath: "/users", ConnectionId: "0HNLQV3TA8A1B" }

[15:23:36 INF] Handled CreateUserCommand { SourceContext: "AppWeaver.Mediator.Behaviors.LoggingBehavior", RequestId: "0HNLQV3TA8A1B:00000001", RequestPath: "/users", ConnectionId: "0HNLQV3TA8A1B" }

[15:23:36 INF] Setting HTTP status code 200. { EventId: { Id: 1, Name: "WritingResultAsStatusCode" }, SourceContext: "Microsoft.AspNetCore.Http.Result.OkObjectResult", RequestId: "0HNLQV3TA8A1B:00000001", RequestPath: "/users", ConnectionId: "0HNLQV3TA8A1B" }

[15:23:36 INF] Writing value of type 'Guid' as Json. { EventId: { Id: 3, Name: "WritingResultAsJson" }, SourceContext: "Microsoft.AspNetCore.Http.Result.OkObjectResult", RequestId: "0HNLQV3TA8A1B:00000001", RequestPath: "/users", ConnectionId: "0HNLQV3TA8A1B" }

[15:23:36 INF] Executed endpoint 'HTTP: POST /users' { EventId: { Id: 1, Name: "ExecutedEndpoint" }, SourceContext: "Microsoft.AspNetCore.Routing.EndpointMiddleware", RequestId: "0HNLQV3TA8A1B:00000001", RequestPath: "/users", ConnectionId: "0HNLQV3TA8A1B" }

[15:23:55 INF] Acquiring an exclusive lock for migration application. See https://aka.ms/efcore-docs-migrations-lock for more information if this takes too long. { EventId: { Id: 20411, Name: "Microsoft.EntityFrameworkCore.Migrations.AcquiringMigrationLock" }, SourceContext: "Microsoft.EntityFrameworkCore.Migrations" }

[15:23:55 INF] No migrations were applied. The database is already up to date. { EventId: { Id: 20405, Name: "Microsoft.EntityFrameworkCore.Migrations.MigrationsNotApplied" }, SourceContext: "Microsoft.EntityFrameworkCore.Migrations" }

[15:23:55 INF] Registered 2 endpoints in 1,210 milliseconds. { EventId: { Id: 1, Name: "EndpointsRegistered" }, SourceContext: "FastEndpoints.StartupTimer" }

[15:23:55 INF] No validators found in the system! { EventId: { Id: 1, Name: "NoValidatorsFound" }, SourceContext: "FastEndpoints.Swagger.ValidationSchemaProcessor" }

[15:23:55 INF] User profile is available. Using 'C:\Users\MariyaAF\AppData\Local\ASP.NET\DataProtection-Keys' as key repository and Windows DPAPI to encrypt keys at rest. { EventId: { Id: 63, Name: "UsingProfileAsKeyRepositoryWithDPAPI" }, SourceContext: "Microsoft.AspNetCore.DataProtection.KeyManagement.XmlKeyManager" }

[15:23:56 WRN] The property 'AuditLog.Metadata' is a collection or enumeration type with a value converter but with no value comparer. Set a value comparer to ensure the collection/enumeration elements are compared correctly. { EventId: { Id: 10620, Name: "Microsoft.EntityFrameworkCore.Model.Validation.CollectionWithoutComparer" }, SourceContext: "Microsoft.EntityFrameworkCore.Model.Validation" }

[15:23:56 WRN] The entity type 'AuditLog' is configured to use schema 'Auditing', but SQLite does not support schemas. This configuration will be ignored by the SQLite provider. { EventId: { Id: 30000, Name: "Microsoft.EntityFrameworkCore.Model.Validation.SchemaConfiguredWarning" }, SourceContext: "Microsoft.EntityFrameworkCore.Model.Validation" }

[15:23:56 WRN] The entity type 'EntityChange' is configured to use schema 'Auditing', but SQLite does not support schemas. This configuration will be ignored by the SQLite provider. { EventId: { Id: 30000, Name: "Microsoft.EntityFrameworkCore.Model.Validation.SchemaConfiguredWarning" }, SourceContext: "Microsoft.EntityFrameworkCore.Model.Validation" }

[15:23:56 WRN] The entity type 'PropertyChange' is configured to use schema 'Auditing', but SQLite does not support schemas. This configuration will be ignored by the SQLite provider. { EventId: { Id: 30000, Name: "Microsoft.EntityFrameworkCore.Model.Validation.SchemaConfiguredWarning" }, SourceContext: "Microsoft.EntityFrameworkCore.Model.Validation" }

[15:23:56 INF] No migrations were found in assembly 'BytesRewards.Service'. A migration needs to be added before the database can be updated. { EventId: { Id: 20406, Name: "Microsoft.EntityFrameworkCore.Migrations.MigrationsNotFound" }, SourceContext: "Microsoft.EntityFrameworkCore.Migrations" }

[15:23:56 INF] Acquiring an exclusive lock for migration application. See https://aka.ms/efcore-docs-migrations-lock for more information if this takes too long. { EventId: { Id: 20411, Name: "Microsoft.EntityFrameworkCore.Migrations.AcquiringMigrationLock" }, SourceContext: "Microsoft.EntityFrameworkCore.Migrations" }

[15:23:56 INF] No migrations were applied. The database is already up to date. { EventId: { Id: 20405, Name: "Microsoft.EntityFrameworkCore.Migrations.MigrationsNotApplied" }, SourceContext: "Microsoft.EntityFrameworkCore.Migrations" }

[15:23:56 INF] Now listening on: https://localhost:5001 { EventId: { Id: 14, Name: "ListeningOnAddress" }, SourceContext: "Microsoft.Hosting.Lifetime" }

[15:23:56 INF] Application started. Press Ctrl+C to shut down. { SourceContext: "Microsoft.Hosting.Lifetime" }

[15:23:56 INF] Hosting environment: Development { SourceContext: "Microsoft.Hosting.Lifetime" }

[15:23:56 INF] Content root path: C:\Users\MariyaAF\Desktop\BytesRewards\BytesRewards\src\BytesRewards.Service { SourceContext: "Microsoft.Hosting.Lifetime" }

[15:28:49 INF] CORS policy execution successful. { EventId: { Id: 4, Name: "PolicySuccess" }, SourceContext: "Microsoft.AspNetCore.Cors.Infrastructure.CorsService", RequestId: "0HNLQV3TA8A1C:00000001", RequestPath: "/users", ConnectionId: "0HNLQV3TA8A1C" }

[15:28:49 INF] Executing endpoint 'HTTP: POST /users' { EventId: { Name: "ExecutingEndpoint" }, SourceContext: "Microsoft.AspNetCore.Routing.EndpointMiddleware", RequestId: "0HNLQV3TA8A1C:00000001", RequestPath: "/users", ConnectionId: "0HNLQV3TA8A1C" }

[15:28:49 INF] Handling CreateUserCommand { SourceContext: "AppWeaver.Mediator.Behaviors.LoggingBehavior", RequestId: "0HNLQV3TA8A1C:00000001", RequestPath: "/users", ConnectionId: "0HNLQV3TA8A1C" }

[15:28:49 INF] Handled CreateUserCommand { SourceContext: "AppWeaver.Mediator.Behaviors.LoggingBehavior", RequestId: "0HNLQV3TA8A1C:00000001", RequestPath: "/users", ConnectionId: "0HNLQV3TA8A1C" }

[15:28:49 INF] Setting HTTP status code 200. { EventId: { Id: 1, Name: "WritingResultAsStatusCode" }, SourceContext: "Microsoft.AspNetCore.Http.Result.OkObjectResult", RequestId: "0HNLQV3TA8A1C:00000001", RequestPath: "/users", ConnectionId: "0HNLQV3TA8A1C" }

[15:28:49 INF] Writing value of type 'Guid' as Json. { EventId: { Id: 3, Name: "WritingResultAsJson" }, SourceContext: "Microsoft.AspNetCore.Http.Result.OkObjectResult", RequestId: "0HNLQV3TA8A1C:00000001", RequestPath: "/users", ConnectionId: "0HNLQV3TA8A1C" }

[15:28:49 INF] Executed endpoint 'HTTP: POST /users' { EventId: { Id: 1, Name: "ExecutedEndpoint" }, SourceContext: "Microsoft.AspNetCore.Routing.EndpointMiddleware", RequestId: "0HNLQV3TA8A1C:00000001", RequestPath: "/users", ConnectionId: "0HNLQV3TA8A1C" }

[15:29:38 INF] Application is shutting down... { SourceContext: "Microsoft.Hosting.Lifetime" }

[15:41:39 INF] No migrations were applied. The database is already up to date. { EventId: { Id: 20405, Name: "Microsoft.EntityFrameworkCore.Migrations.MigrationsNotApplied" }, SourceContext: "Microsoft.EntityFrameworkCore.Migrations" }

[15:41:40 INF] Registered 2 endpoints in 8,675 milliseconds. { EventId: { Id: 1, Name: "EndpointsRegistered" }, SourceContext: "FastEndpoints.StartupTimer" }

[15:41:41 INF] No validators found in the system! { EventId: { Id: 1, Name: "NoValidatorsFound" }, SourceContext: "FastEndpoints.Swagger.ValidationSchemaProcessor" }

[15:41:41 INF] User profile is available. Using 'C:\Users\MariyaAF\AppData\Local\ASP.NET\DataProtection-Keys' as key repository and Windows DPAPI to encrypt keys at rest. { EventId: { Id: 63, Name: "UsingProfileAsKeyRepositoryWithDPAPI" }, SourceContext: "Microsoft.AspNetCore.DataProtection.KeyManagement.XmlKeyManager" }

[15:41:41 WRN] The property 'AuditLog.Metadata' is a collection or enumeration type with a value converter but with no value comparer. Set a value comparer to ensure the collection/enumeration elements are compared correctly. { EventId: { Id: 10620, Name: "Microsoft.EntityFrameworkCore.Model.Validation.CollectionWithoutComparer" }, SourceContext: "Microsoft.EntityFrameworkCore.Model.Validation" }

[15:41:42 INF] No migrations were found in assembly 'BytesRewards.Service'. A migration needs to be added before the database can be updated. { EventId: { Id: 20406, Name: "Microsoft.EntityFrameworkCore.Migrations.MigrationsNotFound" }, SourceContext: "Microsoft.EntityFrameworkCore.Migrations" }

[15:41:42 INF] No migrations were applied. The database is already up to date. { EventId: { Id: 20405, Name: "Microsoft.EntityFrameworkCore.Migrations.MigrationsNotApplied" }, SourceContext: "Microsoft.EntityFrameworkCore.Migrations" }

[15:41:42 INF] Now listening on: http://localhost:56039 { EventId: { Id: 14, Name: "ListeningOnAddress" }, SourceContext: "Microsoft.Hosting.Lifetime" }

[15:41:42 INF] Application started. Press Ctrl+C to shut down. { SourceContext: "Microsoft.Hosting.Lifetime" }

[15:41:42 INF] Hosting environment: Development { SourceContext: "Microsoft.Hosting.Lifetime" }

[15:41:42 INF] Content root path: C:\Users\MariyaAF\Desktop\BytesRewards\BytesRewards\src\BytesRewards.Service { SourceContext: "Microsoft.Hosting.Lifetime" }

[15:45:16 INF] Executing endpoint 'HTTP: GET /' { EventId: { Name: "ExecutingEndpoint" }, SourceContext: "Microsoft.AspNetCore.Routing.EndpointMiddleware", RequestId: "0HNLR1UNF9KNC:00000001", RequestPath: "/", ConnectionId: "0HNLR1UNF9KNC" }

[15:45:16 INF] Executing RedirectResult, redirecting to /swagger. { EventId: { Id: 1, Name: "RedirectResultExecuting" }, SourceContext: "Microsoft.AspNetCore.Http.Result.RedirectResult", RequestId: "0HNLR1UNF9KNC:00000001", RequestPath: "/", ConnectionId: "0HNLR1UNF9KNC" }

[15:45:16 INF] Executed endpoint 'HTTP: GET /' { EventId: { Id: 1, Name: "ExecutedEndpoint" }, SourceContext: "Microsoft.AspNetCore.Routing.EndpointMiddleware", RequestId: "0HNLR1UNF9KNC:00000001", RequestPath: "/", ConnectionId: "0HNLR1UNF9KNC" }

[15:45:17 INF] No action descriptors found. This may indicate an incorrectly configured application or missing application parts. To learn more, visit https://aka.ms/aspnet/mvc/app-parts { EventId: { Id: 1, Name: "NoActionDescriptors" }, SourceContext: "Microsoft.AspNetCore.Mvc.Infrastructure.DefaultActionDescriptorCollectionProvider", RequestId: "0HNLR1UNF9KNC:00000004", RequestPath: "/swagger/v1/swagger.json", ConnectionId: "0HNLR1UNF9KNC" }

[15:47:07 INF] Acquiring an exclusive lock for migration application. See https://aka.ms/efcore-docs-migrations-lock for more information if this takes too long. { EventId: { Id: 20411, Name: "Microsoft.EntityFrameworkCore.Migrations.AcquiringMigrationLock" }, SourceContext: "Microsoft.EntityFrameworkCore.Migrations" }

[15:47:07 INF] No migrations were applied. The database is already up to date. { EventId: { Id: 20405, Name: "Microsoft.EntityFrameworkCore.Migrations.MigrationsNotApplied" }, SourceContext: "Microsoft.EntityFrameworkCore.Migrations" }

[15:47:07 INF] Registered 2 endpoints in 5,591 milliseconds. { EventId: { Id: 1, Name: "EndpointsRegistered" }, SourceContext: "FastEndpoints.StartupTimer" }

[15:47:08 INF] No validators found in the system! { EventId: { Id: 1, Name: "NoValidatorsFound" }, SourceContext: "FastEndpoints.Swagger.ValidationSchemaProcessor" }

[15:47:08 INF] User profile is available. Using 'C:\Users\MariyaAF\AppData\Local\ASP.NET\DataProtection-Keys' as key repository and Windows DPAPI to encrypt keys at rest. { EventId: { Id: 63, Name: "UsingProfileAsKeyRepositoryWithDPAPI" }, SourceContext: "Microsoft.AspNetCore.DataProtection.KeyManagement.XmlKeyManager" }

[15:47:09 WRN] The property 'AuditLog.Metadata' is a collection or enumeration type with a value converter but with no value comparer. Set a value comparer to ensure the collection/enumeration elements are compared correctly. { EventId: { Id: 10620, Name: "Microsoft.EntityFrameworkCore.Model.Validation.CollectionWithoutComparer" }, SourceContext: "Microsoft.EntityFrameworkCore.Model.Validation" }

[15:47:09 WRN] The entity type 'AuditLog' is configured to use schema 'Auditing', but SQLite does not support schemas. This configuration will be ignored by the SQLite provider. { EventId: { Id: 30000, Name: "Microsoft.EntityFrameworkCore.Model.Validation.SchemaConfiguredWarning" }, SourceContext: "Microsoft.EntityFrameworkCore.Model.Validation" }

[15:47:09 WRN] The entity type 'EntityChange' is configured to use schema 'Auditing', but SQLite does not support schemas. This configuration will be ignored by the SQLite provider. { EventId: { Id: 30000, Name: "Microsoft.EntityFrameworkCore.Model.Validation.SchemaConfiguredWarning" }, SourceContext: "Microsoft.EntityFrameworkCore.Model.Validation" }

[15:47:09 WRN] The entity type 'PropertyChange' is configured to use schema 'Auditing', but SQLite does not support schemas. This configuration will be ignored by the SQLite provider. { EventId: { Id: 30000, Name: "Microsoft.EntityFrameworkCore.Model.Validation.SchemaConfiguredWarning" }, SourceContext: "Microsoft.EntityFrameworkCore.Model.Validation" }

[15:47:09 INF] No migrations were found in assembly 'BytesRewards.Service'. A migration needs to be added before the database can be updated. { EventId: { Id: 20406, Name: "Microsoft.EntityFrameworkCore.Migrations.MigrationsNotFound" }, SourceContext: "Microsoft.EntityFrameworkCore.Migrations" }

[15:47:09 INF] Acquiring an exclusive lock for migration application. See https://aka.ms/efcore-docs-migrations-lock for more information if this takes too long. { EventId: { Id: 20411, Name: "Microsoft.EntityFrameworkCore.Migrations.AcquiringMigrationLock" }, SourceContext: "Microsoft.EntityFrameworkCore.Migrations" }

[15:47:09 INF] No migrations were applied. The database is already up to date. { EventId: { Id: 20405, Name: "Microsoft.EntityFrameworkCore.Migrations.MigrationsNotApplied" }, SourceContext: "Microsoft.EntityFrameworkCore.Migrations" }

[15:47:09 INF] Now listening on: https://localhost:5001 { EventId: { Id: 14, Name: "ListeningOnAddress" }, SourceContext: "Microsoft.Hosting.Lifetime" }

[15:47:09 INF] Application started. Press Ctrl+C to shut down. { SourceContext: "Microsoft.Hosting.Lifetime" }

[15:47:09 INF] Hosting environment: Development { SourceContext: "Microsoft.Hosting.Lifetime" }

[15:47:09 INF] Content root path: C:\Users\MariyaAF\Desktop\BytesRewards\BytesRewards\src\BytesRewards.Service { SourceContext: "Microsoft.Hosting.Lifetime" }

[15:47:17 INF] CORS policy execution successful. { EventId: { Id: 4, Name: "PolicySuccess" }, SourceContext: "Microsoft.AspNetCore.Cors.Infrastructure.CorsService", RequestId: "0HNLR1UNF9KNC:00000005", RequestPath: "/users", ConnectionId: "0HNLR1UNF9KNC" }

[15:47:17 INF] Executing endpoint 'HTTP: POST /users' { EventId: { Name: "ExecutingEndpoint" }, SourceContext: "Microsoft.AspNetCore.Routing.EndpointMiddleware", RequestId: "0HNLR1UNF9KNC:00000005", RequestPath: "/users", ConnectionId: "0HNLR1UNF9KNC" }

[15:47:17 INF] Handling CreateUserCommand { SourceContext: "AppWeaver.Mediator.Behaviors.LoggingBehavior", RequestId: "0HNLR1UNF9KNC:00000005", RequestPath: "/users", ConnectionId: "0HNLR1UNF9KNC" }

[15:47:18 WRN] The property 'AuditLog.Metadata' is a collection or enumeration type with a value converter but with no value comparer. Set a value comparer to ensure the collection/enumeration elements are compared correctly. { EventId: { Id: 10620, Name: "Microsoft.EntityFrameworkCore.Model.Validation.CollectionWithoutComparer" }, SourceContext: "Microsoft.EntityFrameworkCore.Model.Validation", RequestId: "0HNLR1UNF9KNC:00000005", RequestPath: "/users", ConnectionId: "0HNLR1UNF9KNC" }

[15:47:18 INF] Handled CreateUserCommand { SourceContext: "AppWeaver.Mediator.Behaviors.LoggingBehavior", RequestId: "0HNLR1UNF9KNC:00000005", RequestPath: "/users", ConnectionId: "0HNLR1UNF9KNC" }

[15:47:18 INF] Setting HTTP status code 200. { EventId: { Id: 1, Name: "WritingResultAsStatusCode" }, SourceContext: "Microsoft.AspNetCore.Http.Result.OkObjectResult", RequestId: "0HNLR1UNF9KNC:00000005", RequestPath: "/users", ConnectionId: "0HNLR1UNF9KNC" }

[15:47:18 INF] Writing value of type 'Guid' as Json. { EventId: { Id: 3, Name: "WritingResultAsJson" }, SourceContext: "Microsoft.AspNetCore.Http.Result.OkObjectResult", RequestId: "0HNLR1UNF9KNC:00000005", RequestPath: "/users", ConnectionId: "0HNLR1UNF9KNC" }

[15:47:18 INF] Executed endpoint 'HTTP: POST /users' { EventId: { Id: 1, Name: "ExecutedEndpoint" }, SourceContext: "Microsoft.AspNetCore.Routing.EndpointMiddleware", RequestId: "0HNLR1UNF9KNC:00000005", RequestPath: "/users", ConnectionId: "0HNLR1UNF9KNC" }

[15:51:55 INF] Application is shutting down... { SourceContext: "Microsoft.Hosting.Lifetime" }

[15:52:19 INF] Acquiring an exclusive lock for migration application. See https://aka.ms/efcore-docs-migrations-lock for more information if this takes too long. { EventId: { Id: 20411, Name: "Microsoft.EntityFrameworkCore.Migrations.AcquiringMigrationLock" }, SourceContext: "Microsoft.EntityFrameworkCore.Migrations" }

[15:52:19 INF] No migrations were applied. The database is already up to date. { EventId: { Id: 20405, Name: "Microsoft.EntityFrameworkCore.Migrations.MigrationsNotApplied" }, SourceContext: "Microsoft.EntityFrameworkCore.Migrations" }

[15:52:20 INF] Registered 2 endpoints in 652 milliseconds. { EventId: { Id: 1, Name: "EndpointsRegistered" }, SourceContext: "FastEndpoints.StartupTimer" }

[15:52:20 INF] No validators found in the system! { EventId: { Id: 1, Name: "NoValidatorsFound" }, SourceContext: "FastEndpoints.Swagger.ValidationSchemaProcessor" }

[15:52:20 INF] User profile is available. Using 'C:\Users\MariyaAF\AppData\Local\ASP.NET\DataProtection-Keys' as key repository and Windows DPAPI to encrypt keys at rest. { EventId: { Id: 63, Name: "UsingProfileAsKeyRepositoryWithDPAPI" }, SourceContext: "Microsoft.AspNetCore.DataProtection.KeyManagement.XmlKeyManager" }

[15:52:20 WRN] The property 'AuditLog.Metadata' is a collection or enumeration type with a value converter but with no value comparer. Set a value comparer to ensure the collection/enumeration elements are compared correctly. { EventId: { Id: 10620, Name: "Microsoft.EntityFrameworkCore.Model.Validation.CollectionWithoutComparer" }, SourceContext: "Microsoft.EntityFrameworkCore.Model.Validation" }

[15:52:20 WRN] The entity type 'AuditLog' is configured to use schema 'Auditing', but SQLite does not support schemas. This configuration will be ignored by the SQLite provider. { EventId: { Id: 30000, Name: "Microsoft.EntityFrameworkCore.Model.Validation.SchemaConfiguredWarning" }, SourceContext: "Microsoft.EntityFrameworkCore.Model.Validation" }

[15:52:20 WRN] The entity type 'EntityChange' is configured to use schema 'Auditing', but SQLite does not support schemas. This configuration will be ignored by the SQLite provider. { EventId: { Id: 30000, Name: "Microsoft.EntityFrameworkCore.Model.Validation.SchemaConfiguredWarning" }, SourceContext: "Microsoft.EntityFrameworkCore.Model.Validation" }

[15:52:20 WRN] The entity type 'PropertyChange' is configured to use schema 'Auditing', but SQLite does not support schemas. This configuration will be ignored by the SQLite provider. { EventId: { Id: 30000, Name: "Microsoft.EntityFrameworkCore.Model.Validation.SchemaConfiguredWarning" }, SourceContext: "Microsoft.EntityFrameworkCore.Model.Validation" }

[15:52:20 INF] No migrations were found in assembly 'BytesRewards.Service'. A migration needs to be added before the database can be updated. { EventId: { Id: 20406, Name: "Microsoft.EntityFrameworkCore.Migrations.MigrationsNotFound" }, SourceContext: "Microsoft.EntityFrameworkCore.Migrations" }

[15:52:20 INF] Acquiring an exclusive lock for migration application. See https://aka.ms/efcore-docs-migrations-lock for more information if this takes too long. { EventId: { Id: 20411, Name: "Microsoft.EntityFrameworkCore.Migrations.AcquiringMigrationLock" }, SourceContext: "Microsoft.EntityFrameworkCore.Migrations" }

[15:52:20 INF] No migrations were applied. The database is already up to date. { EventId: { Id: 20405, Name: "Microsoft.EntityFrameworkCore.Migrations.MigrationsNotApplied" }, SourceContext: "Microsoft.EntityFrameworkCore.Migrations" }

[15:52:20 INF] Now listening on: http://localhost:5000 { EventId: { Id: 14, Name: "ListeningOnAddress" }, SourceContext: "Microsoft.Hosting.Lifetime" }

[15:52:20 INF] Application started. Press Ctrl+C to shut down. { SourceContext: "Microsoft.Hosting.Lifetime" }

[15:52:20 INF] Hosting environment: Development { SourceContext: "Microsoft.Hosting.Lifetime" }

[15:52:20 INF] Content root path: C:\Users\MariyaAF\Desktop\BytesRewards\BytesRewards\src\BytesRewards.Service { SourceContext: "Microsoft.Hosting.Lifetime" }

[15:54:00 INF] Executing endpoint 'HTTP: GET /' { EventId: { Name: "ExecutingEndpoint" }, SourceContext: "Microsoft.AspNetCore.Routing.EndpointMiddleware", RequestId: "0HNLR23JHHLQG:00000001", RequestPath: "/", ConnectionId: "0HNLR23JHHLQG" }

[15:54:00 INF] Executing RedirectResult, redirecting to /swagger. { EventId: { Id: 1, Name: "RedirectResultExecuting" }, SourceContext: "Microsoft.AspNetCore.Http.Result.RedirectResult", RequestId: "0HNLR23JHHLQG:00000001", RequestPath: "/", ConnectionId: "0HNLR23JHHLQG" }

[15:54:00 INF] Executed endpoint 'HTTP: GET /' { EventId: { Id: 1, Name: "ExecutedEndpoint" }, SourceContext: "Microsoft.AspNetCore.Routing.EndpointMiddleware", RequestId: "0HNLR23JHHLQG:00000001", RequestPath: "/", ConnectionId: "0HNLR23JHHLQG" }

[15:54:00 INF] Sending file. Request path: '/index.css'. Physical path: 'N/A' { EventId: { Id: 2, Name: "FileServed" }, SourceContext: "Microsoft.AspNetCore.StaticFiles.StaticFileMiddleware", RequestId: "0HNLR23JHHLQH:00000001", RequestPath: "/swagger/index.css", ConnectionId: "0HNLR23JHHLQH" }

[15:54:00 INF] Sending file. Request path: '/swagger-ui-standalone-preset.js'. Physical path: 'N/A' { EventId: { Id: 2, Name: "FileServed" }, SourceContext: "Microsoft.AspNetCore.StaticFiles.StaticFileMiddleware", RequestId: "0HNLR23JHHLQJ:00000001", RequestPath: "/swagger/swagger-ui-standalone-preset.js", ConnectionId: "0HNLR23JHHLQJ" }

[15:54:00 INF] Sending file. Request path: '/swagger-ui.css'. Physical path: 'N/A' { EventId: { Id: 2, Name: "FileServed" }, SourceContext: "Microsoft.AspNetCore.StaticFiles.StaticFileMiddleware", RequestId: "0HNLR23JHHLQG:00000004", RequestPath: "/swagger/swagger-ui.css", ConnectionId: "0HNLR23JHHLQG" }

[15:54:00 INF] Sending file. Request path: '/swagger-ui-bundle.js'. Physical path: 'N/A' { EventId: { Id: 2, Name: "FileServed" }, SourceContext: "Microsoft.AspNetCore.StaticFiles.StaticFileMiddleware", RequestId: "0HNLR23JHHLQI:00000001", RequestPath: "/swagger/swagger-ui-bundle.js", ConnectionId: "0HNLR23JHHLQI" }

[15:54:00 INF] Sending file. Request path: '/favicon-16x16.png'. Physical path: 'N/A' { EventId: { Id: 2, Name: "FileServed" }, SourceContext: "Microsoft.AspNetCore.StaticFiles.StaticFileMiddleware", RequestId: "0HNLR23JHHLQI:00000002", RequestPath: "/swagger/favicon-16x16.png", ConnectionId: "0HNLR23JHHLQI" }

[15:54:00 INF] No action descriptors found. This may indicate an incorrectly configured application or missing application parts. To learn more, visit https://aka.ms/aspnet/mvc/app-parts { EventId: { Id: 1, Name: "NoActionDescriptors" }, SourceContext: "Microsoft.AspNetCore.Mvc.Infrastructure.DefaultActionDescriptorCollectionProvider", RequestId: "0HNLR23JHHLQI:00000003", RequestPath: "/swagger/v1/swagger.json", ConnectionId: "0HNLR23JHHLQI" }

[15:54:13 INF] Sending file. Request path: '/swagger-ui.css'. Physical path: 'N/A' { EventId: { Id: 2, Name: "FileServed" }, SourceContext: "Microsoft.AspNetCore.StaticFiles.StaticFileMiddleware", RequestId: "0HNLR23JHHLQK:00000002", RequestPath: "/swagger/swagger-ui.css", ConnectionId: "0HNLR23JHHLQK" }

[15:54:13 INF] Sending file. Request path: '/index.css'. Physical path: 'N/A' { EventId: { Id: 2, Name: "FileServed" }, SourceContext: "Microsoft.AspNetCore.StaticFiles.StaticFileMiddleware", RequestId: "0HNLR23JHHLQL:00000001", RequestPath: "/swagger/index.css", ConnectionId: "0HNLR23JHHLQL" }

[15:54:13 INF] Sending file. Request path: '/swagger-ui-standalone-preset.js'. Physical path: 'N/A' { EventId: { Id: 2, Name: "FileServed" }, SourceContext: "Microsoft.AspNetCore.StaticFiles.StaticFileMiddleware", RequestId: "0HNLR23JHHLQN:00000001", RequestPath: "/swagger/swagger-ui-standalone-preset.js", ConnectionId: "0HNLR23JHHLQN" }

[15:54:13 INF] Sending file. Request path: '/swagger-ui-bundle.js'. Physical path: 'N/A' { EventId: { Id: 2, Name: "FileServed" }, SourceContext: "Microsoft.AspNetCore.StaticFiles.StaticFileMiddleware", RequestId: "0HNLR23JHHLQM:00000001", RequestPath: "/swagger/swagger-ui-bundle.js", ConnectionId: "0HNLR23JHHLQM" }

[15:54:13 INF] Sending file. Request path: '/favicon-32x32.png'. Physical path: 'N/A' { EventId: { Id: 2, Name: "FileServed" }, SourceContext: "Microsoft.AspNetCore.StaticFiles.StaticFileMiddleware", RequestId: "0HNLR23JHHLQM:00000003", RequestPath: "/swagger/favicon-32x32.png", ConnectionId: "0HNLR23JHHLQM" }

[15:54:52 INF] Acquiring an exclusive lock for migration application. See https://aka.ms/efcore-docs-migrations-lock for more information if this takes too long. { EventId: { Id: 20411, Name: "Microsoft.EntityFrameworkCore.Migrations.AcquiringMigrationLock" }, SourceContext: "Microsoft.EntityFrameworkCore.Migrations" }

[15:54:52 INF] No migrations were applied. The database is already up to date. { EventId: { Id: 20405, Name: "Microsoft.EntityFrameworkCore.Migrations.MigrationsNotApplied" }, SourceContext: "Microsoft.EntityFrameworkCore.Migrations" }

[15:54:52 INF] Registered 2 endpoints in 1,072 milliseconds. { EventId: { Id: 1, Name: "EndpointsRegistered" }, SourceContext: "FastEndpoints.StartupTimer" }

[15:54:52 INF] No validators found in the system! { EventId: { Id: 1, Name: "NoValidatorsFound" }, SourceContext: "FastEndpoints.Swagger.ValidationSchemaProcessor" }

[15:54:52 INF] User profile is available. Using 'C:\Users\MariyaAF\AppData\Local\ASP.NET\DataProtection-Keys' as key repository and Windows DPAPI to encrypt keys at rest. { EventId: { Id: 63, Name: "UsingProfileAsKeyRepositoryWithDPAPI" }, SourceContext: "Microsoft.AspNetCore.DataProtection.KeyManagement.XmlKeyManager" }

[15:54:52 WRN] The property 'AuditLog.Metadata' is a collection or enumeration type with a value converter but with no value comparer. Set a value comparer to ensure the collection/enumeration elements are compared correctly. { EventId: { Id: 10620, Name: "Microsoft.EntityFrameworkCore.Model.Validation.CollectionWithoutComparer" }, SourceContext: "Microsoft.EntityFrameworkCore.Model.Validation" }

[15:54:52 WRN] The entity type 'AuditLog' is configured to use schema 'Auditing', but SQLite does not support schemas. This configuration will be ignored by the SQLite provider. { EventId: { Id: 30000, Name: "Microsoft.EntityFrameworkCore.Model.Validation.SchemaConfiguredWarning" }, SourceContext: "Microsoft.EntityFrameworkCore.Model.Validation" }

[15:54:52 WRN] The entity type 'EntityChange' is configured to use schema 'Auditing', but SQLite does not support schemas. This configuration will be ignored by the SQLite provider. { EventId: { Id: 30000, Name: "Microsoft.EntityFrameworkCore.Model.Validation.SchemaConfiguredWarning" }, SourceContext: "Microsoft.EntityFrameworkCore.Model.Validation" }

[15:54:52 WRN] The entity type 'PropertyChange' is configured to use schema 'Auditing', but SQLite does not support schemas. This configuration will be ignored by the SQLite provider. { EventId: { Id: 30000, Name: "Microsoft.EntityFrameworkCore.Model.Validation.SchemaConfiguredWarning" }, SourceContext: "Microsoft.EntityFrameworkCore.Model.Validation" }

[15:54:52 INF] No migrations were found in assembly 'BytesRewards.Service'. A migration needs to be added before the database can be updated. { EventId: { Id: 20406, Name: "Microsoft.EntityFrameworkCore.Migrations.MigrationsNotFound" }, SourceContext: "Microsoft.EntityFrameworkCore.Migrations" }

[15:54:52 INF] Acquiring an exclusive lock for migration application. See https://aka.ms/efcore-docs-migrations-lock for more information if this takes too long. { EventId: { Id: 20411, Name: "Microsoft.EntityFrameworkCore.Migrations.AcquiringMigrationLock" }, SourceContext: "Microsoft.EntityFrameworkCore.Migrations" }

[15:54:52 INF] No migrations were applied. The database is already up to date. { EventId: { Id: 20405, Name: "Microsoft.EntityFrameworkCore.Migrations.MigrationsNotApplied" }, SourceContext: "Microsoft.EntityFrameworkCore.Migrations" }

[15:54:53 INF] Now listening on: https://localhost:5001 { EventId: { Id: 14, Name: "ListeningOnAddress" }, SourceContext: "Microsoft.Hosting.Lifetime" }

[15:54:53 INF] Application started. Press Ctrl+C to shut down. { SourceContext: "Microsoft.Hosting.Lifetime" }

[15:54:53 INF] Hosting environment: Development { SourceContext: "Microsoft.Hosting.Lifetime" }

[15:54:53 INF] Content root path: C:\Users\MariyaAF\Desktop\BytesRewards\BytesRewards\src\BytesRewards.Service { SourceContext: "Microsoft.Hosting.Lifetime" }

[15:55:05 INF] CORS policy execution failed. { EventId: { Id: 5, Name: "PolicyFailure" }, SourceContext: "Microsoft.AspNetCore.Cors.Infrastructure.CorsService", RequestId: "0HNLR23JHHLQM:00000004", RequestPath: "/users", ConnectionId: "0HNLR23JHHLQM" }

[15:55:05 INF] Request origin http://localhost:5000 does not have permission to access the resource. { EventId: { Id: 6, Name: "OriginNotAllowed" }, SourceContext: "Microsoft.AspNetCore.Cors.Infrastructure.CorsService", RequestId: "0HNLR23JHHLQM:00000004", RequestPath: "/users", ConnectionId: "0HNLR23JHHLQM" }

[15:55:05 INF] Executing endpoint 'HTTP: POST /users' { EventId: { Name: "ExecutingEndpoint" }, SourceContext: "Microsoft.AspNetCore.Routing.EndpointMiddleware", RequestId: "0HNLR23JHHLQM:00000004", RequestPath: "/users", ConnectionId: "0HNLR23JHHLQM" }

[15:55:05 INF] Handling CreateUserCommand { SourceContext: "AppWeaver.Mediator.Behaviors.LoggingBehavior", RequestId: "0HNLR23JHHLQM:00000004", RequestPath: "/users", ConnectionId: "0HNLR23JHHLQM" }

[15:55:05 ERR] Failed executing DbCommand (8ms) [Parameters=[@p0='?' (DbType = Guid), @p1='?' (DbType = DateTime), @p2='?' (DbType = Guid), @p3='?' (Size = 14), @p4='?' (Size = 16), @p5='?' (Size = 8), @p6='?' (Size = 6), @p7='?' (DbType = Boolean), @p8='?', @p9='?' (Size = 2), @p10='?' (Size = 10), @p11='?', @p12='?' (DbType = Guid), @p13='?' (DbType = Int32), @p14='?' (DbType = DateTime)], CommandType='"Text"', CommandTimeout='30']
INSERT INTO "Users" ("Id", "CreatedAt", "DepartmentId", "Designation", "Email", "EmployeeId", "FirstName", "IsActive", "KeycloakUserId", "LastName", "PhoneNumber", "ProfileImageUrl", "RoleId", "TotalBytes", "UpdatedAt")
VALUES (@p0, @p1, @p2, @p3, @p4, @p5, @p6, @p7, @p8, @p9, @p10, @p11, @p12, @p13, @p14); { EventId: { Id: 20102, Name: "Microsoft.EntityFrameworkCore.Database.Command.CommandError" }, SourceContext: "Microsoft.EntityFrameworkCore.Database.Command", RequestId: "0HNLR23JHHLQM:00000004", RequestPath: "/users", ConnectionId: "0HNLR23JHHLQM" }

[15:55:05 ERR] An exception occurred in the database while saving changes for context type 'BytesRewards.Service.Infrastructure.ApplicationDbContext'.
Microsoft.EntityFrameworkCore.DbUpdateException: An error occurred while saving the entity changes. See the inner exception for details.
 ---> Microsoft.Data.Sqlite.SqliteException (0x80004005): SQLite Error 19: 'FOREIGN KEY constraint failed'.
   at Microsoft.Data.Sqlite.SqliteException.ThrowExceptionForRC(Int32 rc, sqlite3 db)
   at Microsoft.Data.Sqlite.SqliteDataReader.NextResult()
   at Microsoft.Data.Sqlite.SqliteCommand.ExecuteReader(CommandBehavior behavior)
   at Microsoft.Data.Sqlite.SqliteCommand.ExecuteReaderAsync(CommandBehavior behavior, CancellationToken cancellationToken)
   at Microsoft.Data.Sqlite.SqliteCommand.ExecuteDbDataReaderAsync(CommandBehavior behavior, CancellationToken cancellationToken)
   at Microsoft.EntityFrameworkCore.Storage.RelationalCommand.ExecuteReaderAsync(RelationalCommandParameterObject parameterObject, CancellationToken cancellationToken)
   at Microsoft.EntityFrameworkCore.Storage.RelationalCommand.ExecuteReaderAsync(RelationalCommandParameterObject parameterObject, CancellationToken cancellationToken)
   at Microsoft.EntityFrameworkCore.Update.ReaderModificationCommandBatch.ExecuteAsync(IRelationalConnection connection, CancellationToken cancellationToken)
   --- End of inner exception stack trace ---
   at Microsoft.EntityFrameworkCore.Update.ReaderModificationCommandBatch.ExecuteAsync(IRelationalConnection connection, CancellationToken cancellationToken)
   at Microsoft.EntityFrameworkCore.Update.Internal.BatchExecutor.ExecuteAsync(IEnumerable`1 commandBatches, IRelationalConnection connection, CancellationToken cancellationToken)
   at Microsoft.EntityFrameworkCore.Update.Internal.BatchExecutor.ExecuteAsync(IEnumerable`1 commandBatches, IRelationalConnection connection, CancellationToken cancellationToken)
   at Microsoft.EntityFrameworkCore.Update.Internal.BatchExecutor.ExecuteAsync(IEnumerable`1 commandBatches, IRelationalConnection connection, CancellationToken cancellationToken)
   at Microsoft.EntityFrameworkCore.Storage.RelationalDatabase.SaveChangesAsync(IList`1 entries, CancellationToken cancellationToken)
   at Microsoft.EntityFrameworkCore.ChangeTracking.Internal.StateManager.SaveChangesAsync(IList`1 entriesToSave, CancellationToken cancellationToken)
   at Microsoft.EntityFrameworkCore.ChangeTracking.Internal.StateManager.SaveChangesAsync(StateManager stateManager, Boolean acceptAllChangesOnSuccess, CancellationToken cancellationToken)
   at Microsoft.EntityFrameworkCore.DbContext.SaveChangesAsync(Boolean acceptAllChangesOnSuccess, CancellationToken cancellationToken) { EventId: { Id: 10000, Name: "Microsoft.EntityFrameworkCore.Update.SaveChangesFailed" }, SourceContext: "Microsoft.EntityFrameworkCore.Update", RequestId: "0HNLR23JHHLQM:00000004", RequestPath: "/users", ConnectionId: "0HNLR23JHHLQM" }

Microsoft.EntityFrameworkCore.DbUpdateException: An error occurred while saving the entity changes. See the inner exception for details.
 ---> Microsoft.Data.Sqlite.SqliteException (0x80004005): SQLite Error 19: 'FOREIGN KEY constraint failed'.
   at Microsoft.Data.Sqlite.SqliteException.ThrowExceptionForRC(Int32 rc, sqlite3 db)
   at Microsoft.Data.Sqlite.SqliteDataReader.NextResult()
   at Microsoft.Data.Sqlite.SqliteCommand.ExecuteReader(CommandBehavior behavior)
   at Microsoft.Data.Sqlite.SqliteCommand.ExecuteReaderAsync(CommandBehavior behavior, CancellationToken cancellationToken)
   at Microsoft.Data.Sqlite.SqliteCommand.ExecuteDbDataReaderAsync(CommandBehavior behavior, CancellationToken cancellationToken)
   at Microsoft.EntityFrameworkCore.Storage.RelationalCommand.ExecuteReaderAsync(RelationalCommandParameterObject parameterObject, CancellationToken cancellationToken)
   at Microsoft.EntityFrameworkCore.Storage.RelationalCommand.ExecuteReaderAsync(RelationalCommandParameterObject parameterObject, CancellationToken cancellationToken)
   at Microsoft.EntityFrameworkCore.Update.ReaderModificationCommandBatch.ExecuteAsync(IRelationalConnection connection, CancellationToken cancellationToken)
   --- End of inner exception stack trace ---
   at Microsoft.EntityFrameworkCore.Update.ReaderModificationCommandBatch.ExecuteAsync(IRelationalConnection connection, CancellationToken cancellationToken)
   at Microsoft.EntityFrameworkCore.Update.Internal.BatchExecutor.ExecuteAsync(IEnumerable`1 commandBatches, IRelationalConnection connection, CancellationToken cancellationToken)
   at Microsoft.EntityFrameworkCore.Update.Internal.BatchExecutor.ExecuteAsync(IEnumerable`1 commandBatches, IRelationalConnection connection, CancellationToken cancellationToken)
   at Microsoft.EntityFrameworkCore.Update.Internal.BatchExecutor.ExecuteAsync(IEnumerable`1 commandBatches, IRelationalConnection connection, CancellationToken cancellationToken)
   at Microsoft.EntityFrameworkCore.Storage.RelationalDatabase.SaveChangesAsync(IList`1 entries, CancellationToken cancellationToken)
   at Microsoft.EntityFrameworkCore.ChangeTracking.Internal.StateManager.SaveChangesAsync(IList`1 entriesToSave, CancellationToken cancellationToken)
   at Microsoft.EntityFrameworkCore.ChangeTracking.Internal.StateManager.SaveChangesAsync(StateManager stateManager, Boolean acceptAllChangesOnSuccess, CancellationToken cancellationToken)
   at Microsoft.EntityFrameworkCore.DbContext.SaveChangesAsync(Boolean acceptAllChangesOnSuccess, CancellationToken cancellationToken)
[15:55:05 ERR] Error handling CreateUserCommand { SourceContext: "AppWeaver.Mediator.Behaviors.LoggingBehavior", RequestId: "0HNLR23JHHLQM:00000004", RequestPath: "/users", ConnectionId: "0HNLR23JHHLQM" }

Microsoft.EntityFrameworkCore.DbUpdateException: An error occurred while saving the entity changes. See the inner exception for details.
 ---> Microsoft.Data.Sqlite.SqliteException (0x80004005): SQLite Error 19: 'FOREIGN KEY constraint failed'.
   at Microsoft.Data.Sqlite.SqliteException.ThrowExceptionForRC(Int32 rc, sqlite3 db)
   at Microsoft.Data.Sqlite.SqliteDataReader.NextResult()
   at Microsoft.Data.Sqlite.SqliteCommand.ExecuteReader(CommandBehavior behavior)
   at Microsoft.Data.Sqlite.SqliteCommand.ExecuteReaderAsync(CommandBehavior behavior, CancellationToken cancellationToken)
   at Microsoft.Data.Sqlite.SqliteCommand.ExecuteDbDataReaderAsync(CommandBehavior behavior, CancellationToken cancellationToken)
   at Microsoft.EntityFrameworkCore.Storage.RelationalCommand.ExecuteReaderAsync(RelationalCommandParameterObject parameterObject, CancellationToken cancellationToken)
   at Microsoft.EntityFrameworkCore.Storage.RelationalCommand.ExecuteReaderAsync(RelationalCommandParameterObject parameterObject, CancellationToken cancellationToken)
   at Microsoft.EntityFrameworkCore.Update.ReaderModificationCommandBatch.ExecuteAsync(IRelationalConnection connection, CancellationToken cancellationToken)
   --- End of inner exception stack trace ---
   at Microsoft.EntityFrameworkCore.Update.ReaderModificationCommandBatch.ExecuteAsync(IRelationalConnection connection, CancellationToken cancellationToken)
   at Microsoft.EntityFrameworkCore.Update.Internal.BatchExecutor.ExecuteAsync(IEnumerable`1 commandBatches, IRelationalConnection connection, CancellationToken cancellationToken)
   at Microsoft.EntityFrameworkCore.Update.Internal.BatchExecutor.ExecuteAsync(IEnumerable`1 commandBatches, IRelationalConnection connection, CancellationToken cancellationToken)
   at Microsoft.EntityFrameworkCore.Update.Internal.BatchExecutor.ExecuteAsync(IEnumerable`1 commandBatches, IRelationalConnection connection, CancellationToken cancellationToken)
   at Microsoft.EntityFrameworkCore.Storage.RelationalDatabase.SaveChangesAsync(IList`1 entries, CancellationToken cancellationToken)
   at Microsoft.EntityFrameworkCore.ChangeTracking.Internal.StateManager.SaveChangesAsync(IList`1 entriesToSave, CancellationToken cancellationToken)
   at Microsoft.EntityFrameworkCore.ChangeTracking.Internal.StateManager.SaveChangesAsync(StateManager stateManager, Boolean acceptAllChangesOnSuccess, CancellationToken cancellationToken)
   at Microsoft.EntityFrameworkCore.DbContext.SaveChangesAsync(Boolean acceptAllChangesOnSuccess, CancellationToken cancellationToken)
   at Microsoft.EntityFrameworkCore.DbContext.SaveChangesAsync(Boolean acceptAllChangesOnSuccess, CancellationToken cancellationToken)
   at AppWeaver.Repository.EfCore.EfUnitOfWorkBase`1.SaveChangesAsync(CancellationToken ct)
   at BytesRewards.Service.Features.Users.CreateUser.CreateUserCommandHandler.Handle(CreateUserCommand request, CancellationToken ct) in C:\Users\MariyaAF\Desktop\BytesRewards\BytesRewards\src\BytesRewards.Service\Users\Features\AddUser\CreateUserCommandHandler.cs:line 63
   at AppWeaver.Mediator.Behaviors.FluentValidationBehavior`2.Handle(TCommand request, CancellationToken ct, Next`1 next)
   at AppWeaver.Mediator.Behaviors.LoggingBehavior`2.Handle(TRequest request, CancellationToken ct, Next`1 next)
[15:55:05 INF] Executed endpoint 'HTTP: POST /users' { EventId: { Id: 1, Name: "ExecutedEndpoint" }, SourceContext: "Microsoft.AspNetCore.Routing.EndpointMiddleware", RequestId: "0HNLR23JHHLQM:00000004", RequestPath: "/users", ConnectionId: "0HNLR23JHHLQM" }

[15:55:05 INF] Exception occurred: An error occurred while saving the entity changes. See the inner exception for details. { SourceContext: "MiddlewareLibrary.ExceptionHandling.ExceptionLogHandler", Environment: "Development", TraceId: "0HNLR23JHHLQM:00000004", CorrelationId: "0HNLR23JHHLQM:00000004", TenantId: "", ExceptionType: "DbUpdateException", RequestId: "0HNLR23JHHLQM:00000004", RequestPath: "/users", ConnectionId: "0HNLR23JHHLQM" }

Microsoft.EntityFrameworkCore.DbUpdateException: An error occurred while saving the entity changes. See the inner exception for details.
 ---> Microsoft.Data.Sqlite.SqliteException (0x80004005): SQLite Error 19: 'FOREIGN KEY constraint failed'.
   at Microsoft.Data.Sqlite.SqliteException.ThrowExceptionForRC(Int32 rc, sqlite3 db)
   at Microsoft.Data.Sqlite.SqliteDataReader.NextResult()
   at Microsoft.Data.Sqlite.SqliteCommand.ExecuteReader(CommandBehavior behavior)
   at Microsoft.Data.Sqlite.SqliteCommand.ExecuteReaderAsync(CommandBehavior behavior, CancellationToken cancellationToken)
   at Microsoft.Data.Sqlite.SqliteCommand.ExecuteDbDataReaderAsync(CommandBehavior behavior, CancellationToken cancellationToken)
   at Microsoft.EntityFrameworkCore.Storage.RelationalCommand.ExecuteReaderAsync(RelationalCommandParameterObject parameterObject, CancellationToken cancellationToken)
   at Microsoft.EntityFrameworkCore.Storage.RelationalCommand.ExecuteReaderAsync(RelationalCommandParameterObject parameterObject, CancellationToken cancellationToken)
   at Microsoft.EntityFrameworkCore.Update.ReaderModificationCommandBatch.ExecuteAsync(IRelationalConnection connection, CancellationToken cancellationToken)
   --- End of inner exception stack trace ---
   at Microsoft.EntityFrameworkCore.Update.ReaderModificationCommandBatch.ExecuteAsync(IRelationalConnection connection, CancellationToken cancellationToken)
   at Microsoft.EntityFrameworkCore.Update.Internal.BatchExecutor.ExecuteAsync(IEnumerable`1 commandBatches, IRelationalConnection connection, CancellationToken cancellationToken)
   at Microsoft.EntityFrameworkCore.Update.Internal.BatchExecutor.ExecuteAsync(IEnumerable`1 commandBatches, IRelationalConnection connection, CancellationToken cancellationToken)
   at Microsoft.EntityFrameworkCore.Update.Internal.BatchExecutor.ExecuteAsync(IEnumerable`1 commandBatches, IRelationalConnection connection, CancellationToken cancellationToken)
   at Microsoft.EntityFrameworkCore.Storage.RelationalDatabase.SaveChangesAsync(IList`1 entries, CancellationToken cancellationToken)
   at Microsoft.EntityFrameworkCore.ChangeTracking.Internal.StateManager.SaveChangesAsync(IList`1 entriesToSave, CancellationToken cancellationToken)
   at Microsoft.EntityFrameworkCore.ChangeTracking.Internal.StateManager.SaveChangesAsync(StateManager stateManager, Boolean acceptAllChangesOnSuccess, CancellationToken cancellationToken)
   at Microsoft.EntityFrameworkCore.DbContext.SaveChangesAsync(Boolean acceptAllChangesOnSuccess, CancellationToken cancellationToken)
   at Microsoft.EntityFrameworkCore.DbContext.SaveChangesAsync(Boolean acceptAllChangesOnSuccess, CancellationToken cancellationToken)
   at AppWeaver.Repository.EfCore.EfUnitOfWorkBase`1.SaveChangesAsync(CancellationToken ct)
   at BytesRewards.Service.Features.Users.CreateUser.CreateUserCommandHandler.Handle(CreateUserCommand request, CancellationToken ct) in C:\Users\MariyaAF\Desktop\BytesRewards\BytesRewards\src\BytesRewards.Service\Users\Features\AddUser\CreateUserCommandHandler.cs:line 63
   at AppWeaver.Mediator.Behaviors.FluentValidationBehavior`2.Handle(TCommand request, CancellationToken ct, Next`1 next)
   at AppWeaver.Mediator.Behaviors.LoggingBehavior`2.Handle(TRequest request, CancellationToken ct, Next`1 next)
   at BytesRewards.Service.Features.Users.CreateUser.CreateUserEndpoint.ExecuteAsync(CreateUserRequest req, CancellationToken ct) in C:\Users\MariyaAF\Desktop\BytesRewards\BytesRewards\src\BytesRewards.Service\Users\Features\AddUser\CreateUserEndpoint.cs:line 35
   at AppWeaver.FastEndpoint.SecureFastEndpoint`2.HandleAsync(TRequest req, CancellationToken ct)
   at FastEndpoints.Endpoint`2.ExecAsync(CancellationToken ct)
   at FastEndpoints.Endpoint`2.ExecAsync(CancellationToken ct)
   at Microsoft.AspNetCore.Routing.EndpointMiddleware.<Invoke>g__AwaitRequestTask|7_0(Endpoint endpoint, Task requestTask, ILogger logger)
   at NSwag.AspNetCore.Middlewares.SwaggerUiIndexMiddleware.Invoke(HttpContext context)
   at NSwag.AspNetCore.Middlewares.RedirectToIndexMiddleware.Invoke(HttpContext context)
   at NSwag.AspNetCore.Middlewares.OpenApiDocumentMiddleware.Invoke(HttpContext context)
   at Microsoft.AspNetCore.Authorization.AuthorizationMiddleware.Invoke(HttpContext context)
   at Microsoft.AspNetCore.Authentication.AuthenticationMiddleware.Invoke(HttpContext context)
   at Microsoft.AspNetCore.Diagnostics.ExceptionHandlerMiddlewareImpl.<Invoke>g__Awaited|10_0(ExceptionHandlerMiddlewareImpl middleware, HttpContext context, Task task)
[15:56:22 INF] CORS policy execution failed. { EventId: { Id: 5, Name: "PolicyFailure" }, SourceContext: "Microsoft.AspNetCore.Cors.Infrastructure.CorsService", RequestId: "0HNLR23JHHLQM:00000005", RequestPath: "/users", ConnectionId: "0HNLR23JHHLQM" }

[15:56:22 INF] Request origin http://localhost:5000 does not have permission to access the resource. { EventId: { Id: 6, Name: "OriginNotAllowed" }, SourceContext: "Microsoft.AspNetCore.Cors.Infrastructure.CorsService", RequestId: "0HNLR23JHHLQM:00000005", RequestPath: "/users", ConnectionId: "0HNLR23JHHLQM" }

[15:56:22 INF] Executing endpoint 'HTTP: POST /users' { EventId: { Name: "ExecutingEndpoint" }, SourceContext: "Microsoft.AspNetCore.Routing.EndpointMiddleware", RequestId: "0HNLR23JHHLQM:00000005", RequestPath: "/users", ConnectionId: "0HNLR23JHHLQM" }

[15:56:22 INF] Handling CreateUserCommand { SourceContext: "AppWeaver.Mediator.Behaviors.LoggingBehavior", RequestId: "0HNLR23JHHLQM:00000005", RequestPath: "/users", ConnectionId: "0HNLR23JHHLQM" }

[15:56:22 ERR] Failed executing DbCommand (0ms) [Parameters=[@p0='?' (DbType = Guid), @p1='?' (DbType = DateTime), @p2='?' (DbType = Guid), @p3='?' (Size = 14), @p4='?' (Size = 18), @p5='?' (Size = 8), @p6='?' (Size = 6), @p7='?' (DbType = Boolean), @p8='?', @p9='?' (Size = 2), @p10='?' (Size = 10), @p11='?', @p12='?' (DbType = Guid), @p13='?' (DbType = Int32), @p14='?' (DbType = DateTime)], CommandType='"Text"', CommandTimeout='30']
INSERT INTO "Users" ("Id", "CreatedAt", "DepartmentId", "Designation", "Email", "EmployeeId", "FirstName", "IsActive", "KeycloakUserId", "LastName", "PhoneNumber", "ProfileImageUrl", "RoleId", "TotalBytes", "UpdatedAt")
VALUES (@p0, @p1, @p2, @p3, @p4, @p5, @p6, @p7, @p8, @p9, @p10, @p11, @p12, @p13, @p14); { EventId: { Id: 20102, Name: "Microsoft.EntityFrameworkCore.Database.Command.CommandError" }, SourceContext: "Microsoft.EntityFrameworkCore.Database.Command", RequestId: "0HNLR23JHHLQM:00000005", RequestPath: "/users", ConnectionId: "0HNLR23JHHLQM" }

[15:56:22 ERR] An exception occurred in the database while saving changes for context type 'BytesRewards.Service.Infrastructure.ApplicationDbContext'.
Microsoft.EntityFrameworkCore.DbUpdateException: An error occurred while saving the entity changes. See the inner exception for details.
 ---> Microsoft.Data.Sqlite.SqliteException (0x80004005): SQLite Error 19: 'FOREIGN KEY constraint failed'.
   at Microsoft.Data.Sqlite.SqliteException.ThrowExceptionForRC(Int32 rc, sqlite3 db)
   at Microsoft.Data.Sqlite.SqliteDataReader.NextResult()
   at Microsoft.Data.Sqlite.SqliteCommand.ExecuteReader(CommandBehavior behavior)
   at Microsoft.Data.Sqlite.SqliteCommand.ExecuteReaderAsync(CommandBehavior behavior, CancellationToken cancellationToken)
   at Microsoft.Data.Sqlite.SqliteCommand.ExecuteDbDataReaderAsync(CommandBehavior behavior, CancellationToken cancellationToken)
   at Microsoft.EntityFrameworkCore.Storage.RelationalCommand.ExecuteReaderAsync(RelationalCommandParameterObject parameterObject, CancellationToken cancellationToken)
   at Microsoft.EntityFrameworkCore.Storage.RelationalCommand.ExecuteReaderAsync(RelationalCommandParameterObject parameterObject, CancellationToken cancellationToken)
   at Microsoft.EntityFrameworkCore.Update.ReaderModificationCommandBatch.ExecuteAsync(IRelationalConnection connection, CancellationToken cancellationToken)
   --- End of inner exception stack trace ---
   at Microsoft.EntityFrameworkCore.Update.ReaderModificationCommandBatch.ExecuteAsync(IRelationalConnection connection, CancellationToken cancellationToken)
   at Microsoft.EntityFrameworkCore.Update.Internal.BatchExecutor.ExecuteAsync(IEnumerable`1 commandBatches, IRelationalConnection connection, CancellationToken cancellationToken)
   at Microsoft.EntityFrameworkCore.Update.Internal.BatchExecutor.ExecuteAsync(IEnumerable`1 commandBatches, IRelationalConnection connection, CancellationToken cancellationToken)
   at Microsoft.EntityFrameworkCore.Update.Internal.BatchExecutor.ExecuteAsync(IEnumerable`1 commandBatches, IRelationalConnection connection, CancellationToken cancellationToken)
   at Microsoft.EntityFrameworkCore.Storage.RelationalDatabase.SaveChangesAsync(IList`1 entries, CancellationToken cancellationToken)
   at Microsoft.EntityFrameworkCore.ChangeTracking.Internal.StateManager.SaveChangesAsync(IList`1 entriesToSave, CancellationToken cancellationToken)
   at Microsoft.EntityFrameworkCore.ChangeTracking.Internal.StateManager.SaveChangesAsync(StateManager stateManager, Boolean acceptAllChangesOnSuccess, CancellationToken cancellationToken)
   at Microsoft.EntityFrameworkCore.DbContext.SaveChangesAsync(Boolean acceptAllChangesOnSuccess, CancellationToken cancellationToken) { EventId: { Id: 10000, Name: "Microsoft.EntityFrameworkCore.Update.SaveChangesFailed" }, SourceContext: "Microsoft.EntityFrameworkCore.Update", RequestId: "0HNLR23JHHLQM:00000005", RequestPath: "/users", ConnectionId: "0HNLR23JHHLQM" }

Microsoft.EntityFrameworkCore.DbUpdateException: An error occurred while saving the entity changes. See the inner exception for details.
 ---> Microsoft.Data.Sqlite.SqliteException (0x80004005): SQLite Error 19: 'FOREIGN KEY constraint failed'.
   at Microsoft.Data.Sqlite.SqliteException.ThrowExceptionForRC(Int32 rc, sqlite3 db)
   at Microsoft.Data.Sqlite.SqliteDataReader.NextResult()
   at Microsoft.Data.Sqlite.SqliteCommand.ExecuteReader(CommandBehavior behavior)
   at Microsoft.Data.Sqlite.SqliteCommand.ExecuteReaderAsync(CommandBehavior behavior, CancellationToken cancellationToken)
   at Microsoft.Data.Sqlite.SqliteCommand.ExecuteDbDataReaderAsync(CommandBehavior behavior, CancellationToken cancellationToken)
   at Microsoft.EntityFrameworkCore.Storage.RelationalCommand.ExecuteReaderAsync(RelationalCommandParameterObject parameterObject, CancellationToken cancellationToken)
   at Microsoft.EntityFrameworkCore.Storage.RelationalCommand.ExecuteReaderAsync(RelationalCommandParameterObject parameterObject, CancellationToken cancellationToken)
   at Microsoft.EntityFrameworkCore.Update.ReaderModificationCommandBatch.ExecuteAsync(IRelationalConnection connection, CancellationToken cancellationToken)
   --- End of inner exception stack trace ---
   at Microsoft.EntityFrameworkCore.Update.ReaderModificationCommandBatch.ExecuteAsync(IRelationalConnection connection, CancellationToken cancellationToken)
   at Microsoft.EntityFrameworkCore.Update.Internal.BatchExecutor.ExecuteAsync(IEnumerable`1 commandBatches, IRelationalConnection connection, CancellationToken cancellationToken)
   at Microsoft.EntityFrameworkCore.Update.Internal.BatchExecutor.ExecuteAsync(IEnumerable`1 commandBatches, IRelationalConnection connection, CancellationToken cancellationToken)
   at Microsoft.EntityFrameworkCore.Update.Internal.BatchExecutor.ExecuteAsync(IEnumerable`1 commandBatches, IRelationalConnection connection, CancellationToken cancellationToken)
   at Microsoft.EntityFrameworkCore.Storage.RelationalDatabase.SaveChangesAsync(IList`1 entries, CancellationToken cancellationToken)
   at Microsoft.EntityFrameworkCore.ChangeTracking.Internal.StateManager.SaveChangesAsync(IList`1 entriesToSave, CancellationToken cancellationToken)
   at Microsoft.EntityFrameworkCore.ChangeTracking.Internal.StateManager.SaveChangesAsync(StateManager stateManager, Boolean acceptAllChangesOnSuccess, CancellationToken cancellationToken)
   at Microsoft.EntityFrameworkCore.DbContext.SaveChangesAsync(Boolean acceptAllChangesOnSuccess, CancellationToken cancellationToken)
[15:56:22 ERR] Error handling CreateUserCommand { SourceContext: "AppWeaver.Mediator.Behaviors.LoggingBehavior", RequestId: "0HNLR23JHHLQM:00000005", RequestPath: "/users", ConnectionId: "0HNLR23JHHLQM" }

Microsoft.EntityFrameworkCore.DbUpdateException: An error occurred while saving the entity changes. See the inner exception for details.
 ---> Microsoft.Data.Sqlite.SqliteException (0x80004005): SQLite Error 19: 'FOREIGN KEY constraint failed'.
   at Microsoft.Data.Sqlite.SqliteException.ThrowExceptionForRC(Int32 rc, sqlite3 db)
   at Microsoft.Data.Sqlite.SqliteDataReader.NextResult()
   at Microsoft.Data.Sqlite.SqliteCommand.ExecuteReader(CommandBehavior behavior)
   at Microsoft.Data.Sqlite.SqliteCommand.ExecuteReaderAsync(CommandBehavior behavior, CancellationToken cancellationToken)
   at Microsoft.Data.Sqlite.SqliteCommand.ExecuteDbDataReaderAsync(CommandBehavior behavior, CancellationToken cancellationToken)
   at Microsoft.EntityFrameworkCore.Storage.RelationalCommand.ExecuteReaderAsync(RelationalCommandParameterObject parameterObject, CancellationToken cancellationToken)
   at Microsoft.EntityFrameworkCore.Storage.RelationalCommand.ExecuteReaderAsync(RelationalCommandParameterObject parameterObject, CancellationToken cancellationToken)
   at Microsoft.EntityFrameworkCore.Update.ReaderModificationCommandBatch.ExecuteAsync(IRelationalConnection connection, CancellationToken cancellationToken)
   --- End of inner exception stack trace ---
   at Microsoft.EntityFrameworkCore.Update.ReaderModificationCommandBatch.ExecuteAsync(IRelationalConnection connection, CancellationToken cancellationToken)
   at Microsoft.EntityFrameworkCore.Update.Internal.BatchExecutor.ExecuteAsync(IEnumerable`1 commandBatches, IRelationalConnection connection, CancellationToken cancellationToken)
   at Microsoft.EntityFrameworkCore.Update.Internal.BatchExecutor.ExecuteAsync(IEnumerable`1 commandBatches, IRelationalConnection connection, CancellationToken cancellationToken)
   at Microsoft.EntityFrameworkCore.Update.Internal.BatchExecutor.ExecuteAsync(IEnumerable`1 commandBatches, IRelationalConnection connection, CancellationToken cancellationToken)
   at Microsoft.EntityFrameworkCore.Storage.RelationalDatabase.SaveChangesAsync(IList`1 entries, CancellationToken cancellationToken)
   at Microsoft.EntityFrameworkCore.ChangeTracking.Internal.StateManager.SaveChangesAsync(IList`1 entriesToSave, CancellationToken cancellationToken)
   at Microsoft.EntityFrameworkCore.ChangeTracking.Internal.StateManager.SaveChangesAsync(StateManager stateManager, Boolean acceptAllChangesOnSuccess, CancellationToken cancellationToken)
   at Microsoft.EntityFrameworkCore.DbContext.SaveChangesAsync(Boolean acceptAllChangesOnSuccess, CancellationToken cancellationToken)
   at Microsoft.EntityFrameworkCore.DbContext.SaveChangesAsync(Boolean acceptAllChangesOnSuccess, CancellationToken cancellationToken)
   at AppWeaver.Repository.EfCore.EfUnitOfWorkBase`1.SaveChangesAsync(CancellationToken ct)
   at BytesRewards.Service.Features.Users.CreateUser.CreateUserCommandHandler.Handle(CreateUserCommand request, CancellationToken ct) in C:\Users\MariyaAF\Desktop\BytesRewards\BytesRewards\src\BytesRewards.Service\Users\Features\AddUser\CreateUserCommandHandler.cs:line 63
   at AppWeaver.Mediator.Behaviors.FluentValidationBehavior`2.Handle(TCommand request, CancellationToken ct, Next`1 next)
   at AppWeaver.Mediator.Behaviors.LoggingBehavior`2.Handle(TRequest request, CancellationToken ct, Next`1 next)
[15:56:22 INF] Executed endpoint 'HTTP: POST /users' { EventId: { Id: 1, Name: "ExecutedEndpoint" }, SourceContext: "Microsoft.AspNetCore.Routing.EndpointMiddleware", RequestId: "0HNLR23JHHLQM:00000005", RequestPath: "/users", ConnectionId: "0HNLR23JHHLQM" }

[15:56:22 INF] Exception occurred: An error occurred while saving the entity changes. See the inner exception for details. { SourceContext: "MiddlewareLibrary.ExceptionHandling.ExceptionLogHandler", Environment: "Development", TraceId: "0HNLR23JHHLQM:00000005", CorrelationId: "0HNLR23JHHLQM:00000005", TenantId: "", ExceptionType: "DbUpdateException", RequestId: "0HNLR23JHHLQM:00000005", RequestPath: "/users", ConnectionId: "0HNLR23JHHLQM" }

Microsoft.EntityFrameworkCore.DbUpdateException: An error occurred while saving the entity changes. See the inner exception for details.
 ---> Microsoft.Data.Sqlite.SqliteException (0x80004005): SQLite Error 19: 'FOREIGN KEY constraint failed'.
   at Microsoft.Data.Sqlite.SqliteException.ThrowExceptionForRC(Int32 rc, sqlite3 db)
   at Microsoft.Data.Sqlite.SqliteDataReader.NextResult()
   at Microsoft.Data.Sqlite.SqliteCommand.ExecuteReader(CommandBehavior behavior)
   at Microsoft.Data.Sqlite.SqliteCommand.ExecuteReaderAsync(CommandBehavior behavior, CancellationToken cancellationToken)
   at Microsoft.Data.Sqlite.SqliteCommand.ExecuteDbDataReaderAsync(CommandBehavior behavior, CancellationToken cancellationToken)
   at Microsoft.EntityFrameworkCore.Storage.RelationalCommand.ExecuteReaderAsync(RelationalCommandParameterObject parameterObject, CancellationToken cancellationToken)
   at Microsoft.EntityFrameworkCore.Storage.RelationalCommand.ExecuteReaderAsync(RelationalCommandParameterObject parameterObject, CancellationToken cancellationToken)
   at Microsoft.EntityFrameworkCore.Update.ReaderModificationCommandBatch.ExecuteAsync(IRelationalConnection connection, CancellationToken cancellationToken)
   --- End of inner exception stack trace ---
   at Microsoft.EntityFrameworkCore.Update.ReaderModificationCommandBatch.ExecuteAsync(IRelationalConnection connection, CancellationToken cancellationToken)
   at Microsoft.EntityFrameworkCore.Update.Internal.BatchExecutor.ExecuteAsync(IEnumerable`1 commandBatches, IRelationalConnection connection, CancellationToken cancellationToken)
   at Microsoft.EntityFrameworkCore.Update.Internal.BatchExecutor.ExecuteAsync(IEnumerable`1 commandBatches, IRelationalConnection connection, CancellationToken cancellationToken)
   at Microsoft.EntityFrameworkCore.Update.Internal.BatchExecutor.ExecuteAsync(IEnumerable`1 commandBatches, IRelationalConnection connection, CancellationToken cancellationToken)
   at Microsoft.EntityFrameworkCore.Storage.RelationalDatabase.SaveChangesAsync(IList`1 entries, CancellationToken cancellationToken)
   at Microsoft.EntityFrameworkCore.ChangeTracking.Internal.StateManager.SaveChangesAsync(IList`1 entriesToSave, CancellationToken cancellationToken)
   at Microsoft.EntityFrameworkCore.ChangeTracking.Internal.StateManager.SaveChangesAsync(StateManager stateManager, Boolean acceptAllChangesOnSuccess, CancellationToken cancellationToken)
   at Microsoft.EntityFrameworkCore.DbContext.SaveChangesAsync(Boolean acceptAllChangesOnSuccess, CancellationToken cancellationToken)
   at Microsoft.EntityFrameworkCore.DbContext.SaveChangesAsync(Boolean acceptAllChangesOnSuccess, CancellationToken cancellationToken)
   at AppWeaver.Repository.EfCore.EfUnitOfWorkBase`1.SaveChangesAsync(CancellationToken ct)
   at BytesRewards.Service.Features.Users.CreateUser.CreateUserCommandHandler.Handle(CreateUserCommand request, CancellationToken ct) in C:\Users\MariyaAF\Desktop\BytesRewards\BytesRewards\src\BytesRewards.Service\Users\Features\AddUser\CreateUserCommandHandler.cs:line 63
   at AppWeaver.Mediator.Behaviors.FluentValidationBehavior`2.Handle(TCommand request, CancellationToken ct, Next`1 next)
   at AppWeaver.Mediator.Behaviors.LoggingBehavior`2.Handle(TRequest request, CancellationToken ct, Next`1 next)
   at BytesRewards.Service.Features.Users.CreateUser.CreateUserEndpoint.ExecuteAsync(CreateUserRequest req, CancellationToken ct) in C:\Users\MariyaAF\Desktop\BytesRewards\BytesRewards\src\BytesRewards.Service\Users\Features\AddUser\CreateUserEndpoint.cs:line 35
   at AppWeaver.FastEndpoint.SecureFastEndpoint`2.HandleAsync(TRequest req, CancellationToken ct)
   at FastEndpoints.Endpoint`2.ExecAsync(CancellationToken ct)
   at FastEndpoints.Endpoint`2.ExecAsync(CancellationToken ct)
   at Microsoft.AspNetCore.Routing.EndpointMiddleware.<Invoke>g__AwaitRequestTask|7_0(Endpoint endpoint, Task requestTask, ILogger logger)
   at NSwag.AspNetCore.Middlewares.SwaggerUiIndexMiddleware.Invoke(HttpContext context)
   at NSwag.AspNetCore.Middlewares.RedirectToIndexMiddleware.Invoke(HttpContext context)
   at NSwag.AspNetCore.Middlewares.OpenApiDocumentMiddleware.Invoke(HttpContext context)
   at Microsoft.AspNetCore.Authorization.AuthorizationMiddleware.Invoke(HttpContext context)
   at Microsoft.AspNetCore.Authentication.AuthenticationMiddleware.Invoke(HttpContext context)
   at Microsoft.AspNetCore.Diagnostics.ExceptionHandlerMiddlewareImpl.<Invoke>g__Awaited|10_0(ExceptionHandlerMiddlewareImpl middleware, HttpContext context, Task task)
[15:58:27 INF] Application is shutting down... { SourceContext: "Microsoft.Hosting.Lifetime" }

[16:01:09 INF] No migrations were applied. The database is already up to date. { EventId: { Id: 20405, Name: "Microsoft.EntityFrameworkCore.Migrations.MigrationsNotApplied" }, SourceContext: "Microsoft.EntityFrameworkCore.Migrations" }

[16:01:09 INF] Registered 2 endpoints in 3,223 milliseconds. { EventId: { Id: 1, Name: "EndpointsRegistered" }, SourceContext: "FastEndpoints.StartupTimer" }

[16:01:09 INF] No validators found in the system! { EventId: { Id: 1, Name: "NoValidatorsFound" }, SourceContext: "FastEndpoints.Swagger.ValidationSchemaProcessor" }

[16:01:09 INF] User profile is available. Using 'C:\Users\MariyaAF\AppData\Local\ASP.NET\DataProtection-Keys' as key repository and Windows DPAPI to encrypt keys at rest. { EventId: { Id: 63, Name: "UsingProfileAsKeyRepositoryWithDPAPI" }, SourceContext: "Microsoft.AspNetCore.DataProtection.KeyManagement.XmlKeyManager" }

[16:01:09 WRN] The property 'AuditLog.Metadata' is a collection or enumeration type with a value converter but with no value comparer. Set a value comparer to ensure the collection/enumeration elements are compared correctly. { EventId: { Id: 10620, Name: "Microsoft.EntityFrameworkCore.Model.Validation.CollectionWithoutComparer" }, SourceContext: "Microsoft.EntityFrameworkCore.Model.Validation" }

[16:01:09 INF] No migrations were found in assembly 'BytesRewards.Service'. A migration needs to be added before the database can be updated. { EventId: { Id: 20406, Name: "Microsoft.EntityFrameworkCore.Migrations.MigrationsNotFound" }, SourceContext: "Microsoft.EntityFrameworkCore.Migrations" }

[16:01:09 INF] No migrations were applied. The database is already up to date. { EventId: { Id: 20405, Name: "Microsoft.EntityFrameworkCore.Migrations.MigrationsNotApplied" }, SourceContext: "Microsoft.EntityFrameworkCore.Migrations" }

[16:01:09 INF] Now listening on: http://localhost:56251 { EventId: { Id: 14, Name: "ListeningOnAddress" }, SourceContext: "Microsoft.Hosting.Lifetime" }

[16:01:09 INF] Application started. Press Ctrl+C to shut down. { SourceContext: "Microsoft.Hosting.Lifetime" }

[16:01:09 INF] Hosting environment: Development { SourceContext: "Microsoft.Hosting.Lifetime" }

[16:01:09 INF] Content root path: C:\Users\MariyaAF\Desktop\BytesRewards\BytesRewards\src\BytesRewards.Service { SourceContext: "Microsoft.Hosting.Lifetime" }

[16:02:22 INF] Executing endpoint 'HTTP: GET /' { EventId: { Name: "ExecutingEndpoint" }, SourceContext: "Microsoft.AspNetCore.Routing.EndpointMiddleware", RequestId: "0HNLR2891L369:00000001", RequestPath: "/", ConnectionId: "0HNLR2891L369" }

[16:02:22 INF] Executing RedirectResult, redirecting to /swagger. { EventId: { Id: 1, Name: "RedirectResultExecuting" }, SourceContext: "Microsoft.AspNetCore.Http.Result.RedirectResult", RequestId: "0HNLR2891L369:00000001", RequestPath: "/", ConnectionId: "0HNLR2891L369" }

[16:02:22 INF] Executed endpoint 'HTTP: GET /' { EventId: { Id: 1, Name: "ExecutedEndpoint" }, SourceContext: "Microsoft.AspNetCore.Routing.EndpointMiddleware", RequestId: "0HNLR2891L369:00000001", RequestPath: "/", ConnectionId: "0HNLR2891L369" }

[16:02:22 INF] No action descriptors found. This may indicate an incorrectly configured application or missing application parts. To learn more, visit https://aka.ms/aspnet/mvc/app-parts { EventId: { Id: 1, Name: "NoActionDescriptors" }, SourceContext: "Microsoft.AspNetCore.Mvc.Infrastructure.DefaultActionDescriptorCollectionProvider", RequestId: "0HNLR2891L369:00000004", RequestPath: "/swagger/v1/swagger.json", ConnectionId: "0HNLR2891L369" }

[16:07:06 INF] Acquiring an exclusive lock for migration application. See https://aka.ms/efcore-docs-migrations-lock for more information if this takes too long. { EventId: { Id: 20411, Name: "Microsoft.EntityFrameworkCore.Migrations.AcquiringMigrationLock" }, SourceContext: "Microsoft.EntityFrameworkCore.Migrations" }

[16:07:06 INF] No migrations were applied. The database is already up to date. { EventId: { Id: 20405, Name: "Microsoft.EntityFrameworkCore.Migrations.MigrationsNotApplied" }, SourceContext: "Microsoft.EntityFrameworkCore.Migrations" }

[16:07:06 INF] Registered 2 endpoints in 854 milliseconds. { EventId: { Id: 1, Name: "EndpointsRegistered" }, SourceContext: "FastEndpoints.StartupTimer" }

[16:07:07 INF] No validators found in the system! { EventId: { Id: 1, Name: "NoValidatorsFound" }, SourceContext: "FastEndpoints.Swagger.ValidationSchemaProcessor" }

[16:07:07 INF] User profile is available. Using 'C:\Users\MariyaAF\AppData\Local\ASP.NET\DataProtection-Keys' as key repository and Windows DPAPI to encrypt keys at rest. { EventId: { Id: 63, Name: "UsingProfileAsKeyRepositoryWithDPAPI" }, SourceContext: "Microsoft.AspNetCore.DataProtection.KeyManagement.XmlKeyManager" }

[16:07:07 WRN] The property 'AuditLog.Metadata' is a collection or enumeration type with a value converter but with no value comparer. Set a value comparer to ensure the collection/enumeration elements are compared correctly. { EventId: { Id: 10620, Name: "Microsoft.EntityFrameworkCore.Model.Validation.CollectionWithoutComparer" }, SourceContext: "Microsoft.EntityFrameworkCore.Model.Validation" }

[16:07:07 WRN] The entity type 'AuditLog' is configured to use schema 'Auditing', but SQLite does not support schemas. This configuration will be ignored by the SQLite provider. { EventId: { Id: 30000, Name: "Microsoft.EntityFrameworkCore.Model.Validation.SchemaConfiguredWarning" }, SourceContext: "Microsoft.EntityFrameworkCore.Model.Validation" }

[16:07:07 WRN] The entity type 'EntityChange' is configured to use schema 'Auditing', but SQLite does not support schemas. This configuration will be ignored by the SQLite provider. { EventId: { Id: 30000, Name: "Microsoft.EntityFrameworkCore.Model.Validation.SchemaConfiguredWarning" }, SourceContext: "Microsoft.EntityFrameworkCore.Model.Validation" }

[16:07:07 WRN] The entity type 'PropertyChange' is configured to use schema 'Auditing', but SQLite does not support schemas. This configuration will be ignored by the SQLite provider. { EventId: { Id: 30000, Name: "Microsoft.EntityFrameworkCore.Model.Validation.SchemaConfiguredWarning" }, SourceContext: "Microsoft.EntityFrameworkCore.Model.Validation" }

[16:07:07 INF] No migrations were found in assembly 'BytesRewards.Service'. A migration needs to be added before the database can be updated. { EventId: { Id: 20406, Name: "Microsoft.EntityFrameworkCore.Migrations.MigrationsNotFound" }, SourceContext: "Microsoft.EntityFrameworkCore.Migrations" }

[16:07:07 INF] Acquiring an exclusive lock for migration application. See https://aka.ms/efcore-docs-migrations-lock for more information if this takes too long. { EventId: { Id: 20411, Name: "Microsoft.EntityFrameworkCore.Migrations.AcquiringMigrationLock" }, SourceContext: "Microsoft.EntityFrameworkCore.Migrations" }

[16:07:07 INF] No migrations were applied. The database is already up to date. { EventId: { Id: 20405, Name: "Microsoft.EntityFrameworkCore.Migrations.MigrationsNotApplied" }, SourceContext: "Microsoft.EntityFrameworkCore.Migrations" }

[16:07:07 INF] Now listening on: https://localhost:5001 { EventId: { Id: 14, Name: "ListeningOnAddress" }, SourceContext: "Microsoft.Hosting.Lifetime" }

[16:07:07 INF] Application started. Press Ctrl+C to shut down. { SourceContext: "Microsoft.Hosting.Lifetime" }

[16:07:07 INF] Hosting environment: Development { SourceContext: "Microsoft.Hosting.Lifetime" }

[16:07:07 INF] Content root path: C:\Users\MariyaAF\Desktop\BytesRewards\BytesRewards\src\BytesRewards.Service { SourceContext: "Microsoft.Hosting.Lifetime" }

[16:08:13 INF] CORS policy execution successful. { EventId: { Id: 4, Name: "PolicySuccess" }, SourceContext: "Microsoft.AspNetCore.Cors.Infrastructure.CorsService", RequestId: "0HNLR2891L36B:00000001", RequestPath: "/users", ConnectionId: "0HNLR2891L36B" }

[16:08:13 INF] Executing endpoint 'HTTP: POST /users' { EventId: { Name: "ExecutingEndpoint" }, SourceContext: "Microsoft.AspNetCore.Routing.EndpointMiddleware", RequestId: "0HNLR2891L36B:00000001", RequestPath: "/users", ConnectionId: "0HNLR2891L36B" }

[16:08:13 INF] Handling CreateUserCommand { SourceContext: "AppWeaver.Mediator.Behaviors.LoggingBehavior", RequestId: "0HNLR2891L36B:00000001", RequestPath: "/users", ConnectionId: "0HNLR2891L36B" }

[16:08:14 ERR] Failed executing DbCommand (20ms) [Parameters=[@p0='?' (DbType = Guid), @p1='?' (DbType = DateTime), @p2='?' (DbType = Guid), @p3='?', @p4='?', @p5='?', @p6='?', @p7='?' (DbType = Boolean), @p8='?', @p9='?', @p10='?', @p11='?', @p12='?' (DbType = Guid), @p13='?' (DbType = Int32), @p14='?' (DbType = DateTime)], CommandType='"Text"', CommandTimeout='30']
INSERT INTO "Users" ("Id", "CreatedAt", "DepartmentId", "Designation", "Email", "EmployeeId", "FirstName", "IsActive", "KeycloakUserId", "LastName", "PhoneNumber", "ProfileImageUrl", "RoleId", "TotalBytes", "UpdatedAt")
VALUES (@p0, @p1, @p2, @p3, @p4, @p5, @p6, @p7, @p8, @p9, @p10, @p11, @p12, @p13, @p14); { EventId: { Id: 20102, Name: "Microsoft.EntityFrameworkCore.Database.Command.CommandError" }, SourceContext: "Microsoft.EntityFrameworkCore.Database.Command", RequestId: "0HNLR2891L36B:00000001", RequestPath: "/users", ConnectionId: "0HNLR2891L36B" }

[16:08:14 ERR] An exception occurred in the database while saving changes for context type 'BytesRewards.Service.Infrastructure.ApplicationDbContext'.
Microsoft.EntityFrameworkCore.DbUpdateException: An error occurred while saving the entity changes. See the inner exception for details.
 ---> Npgsql.PostgresException (0x80004005): 23503: insert or update on table "Users" violates foreign key constraint "FK_Users_Departments_DepartmentId"

DETAIL: Detail redacted as it may contain sensitive data. Specify 'Include Error Detail' in the connection string to include this information.
   at Npgsql.Internal.NpgsqlConnector.ReadMessageLong(Boolean async, DataRowLoadingMode dataRowLoadingMode, Boolean readingNotifications, Boolean isReadingPrependedMessage)
   at System.Runtime.CompilerServices.PoolingAsyncValueTaskMethodBuilder`1.StateMachineBox`1.System.Threading.Tasks.Sources.IValueTaskSource<TResult>.GetResult(Int16 token)
   at Npgsql.NpgsqlDataReader.NextResult(Boolean async, Boolean isConsuming, CancellationToken cancellationToken)
   at Npgsql.NpgsqlDataReader.NextResult(Boolean async, Boolean isConsuming, CancellationToken cancellationToken)
   at Npgsql.NpgsqlCommand.ExecuteReader(Boolean async, CommandBehavior behavior, CancellationToken cancellationToken)
   at Npgsql.NpgsqlCommand.ExecuteReader(Boolean async, CommandBehavior behavior, CancellationToken cancellationToken)
   at Npgsql.NpgsqlCommand.ExecuteDbDataReaderAsync(CommandBehavior behavior, CancellationToken cancellationToken)
   at Microsoft.EntityFrameworkCore.Storage.RelationalCommand.ExecuteReaderAsync(RelationalCommandParameterObject parameterObject, CancellationToken cancellationToken)
   at Microsoft.EntityFrameworkCore.Storage.RelationalCommand.ExecuteReaderAsync(RelationalCommandParameterObject parameterObject, CancellationToken cancellationToken)
   at Microsoft.EntityFrameworkCore.Update.ReaderModificationCommandBatch.ExecuteAsync(IRelationalConnection connection, CancellationToken cancellationToken)
  Exception data:
    Severity: ERROR
    SqlState: 23503
    MessageText: insert or update on table "Users" violates foreign key constraint "FK_Users_Departments_DepartmentId"
    Detail: Detail redacted as it may contain sensitive data. Specify 'Include Error Detail' in the connection string to include this information.
    SchemaName: public
    TableName: Users
    ConstraintName: FK_Users_Departments_DepartmentId
    File: ri_triggers.c
    Line: 2599
    Routine: ri_ReportViolation
   --- End of inner exception stack trace ---
   at Microsoft.EntityFrameworkCore.Update.ReaderModificationCommandBatch.ExecuteAsync(IRelationalConnection connection, CancellationToken cancellationToken)
   at Microsoft.EntityFrameworkCore.Update.Internal.BatchExecutor.ExecuteAsync(IEnumerable`1 commandBatches, IRelationalConnection connection, CancellationToken cancellationToken)
   at Microsoft.EntityFrameworkCore.Update.Internal.BatchExecutor.ExecuteAsync(IEnumerable`1 commandBatches, IRelationalConnection connection, CancellationToken cancellationToken)
   at Microsoft.EntityFrameworkCore.Update.Internal.BatchExecutor.ExecuteAsync(IEnumerable`1 commandBatches, IRelationalConnection connection, CancellationToken cancellationToken)
   at Microsoft.EntityFrameworkCore.Storage.RelationalDatabase.SaveChangesAsync(IList`1 entries, CancellationToken cancellationToken)
   at Microsoft.EntityFrameworkCore.ChangeTracking.Internal.StateManager.SaveChangesAsync(IList`1 entriesToSave, CancellationToken cancellationToken)
   at Microsoft.EntityFrameworkCore.ChangeTracking.Internal.StateManager.SaveChangesAsync(StateManager stateManager, Boolean acceptAllChangesOnSuccess, CancellationToken cancellationToken)
   at Npgsql.EntityFrameworkCore.PostgreSQL.Storage.Internal.NpgsqlExecutionStrategy.ExecuteAsync[TState,TResult](TState state, Func`4 operation, Func`4 verifySucceeded, CancellationToken cancellationToken)
   at Microsoft.EntityFrameworkCore.DbContext.SaveChangesAsync(Boolean acceptAllChangesOnSuccess, CancellationToken cancellationToken) { EventId: { Id: 10000, Name: "Microsoft.EntityFrameworkCore.Update.SaveChangesFailed" }, SourceContext: "Microsoft.EntityFrameworkCore.Update", RequestId: "0HNLR2891L36B:00000001", RequestPath: "/users", ConnectionId: "0HNLR2891L36B" }

Microsoft.EntityFrameworkCore.DbUpdateException: An error occurred while saving the entity changes. See the inner exception for details.
 ---> Npgsql.PostgresException (0x80004005): 23503: insert or update on table "Users" violates foreign key constraint "FK_Users_Departments_DepartmentId"

DETAIL: Detail redacted as it may contain sensitive data. Specify 'Include Error Detail' in the connection string to include this information.
   at Npgsql.Internal.NpgsqlConnector.ReadMessageLong(Boolean async, DataRowLoadingMode dataRowLoadingMode, Boolean readingNotifications, Boolean isReadingPrependedMessage)
   at System.Runtime.CompilerServices.PoolingAsyncValueTaskMethodBuilder`1.StateMachineBox`1.System.Threading.Tasks.Sources.IValueTaskSource<TResult>.GetResult(Int16 token)
   at Npgsql.NpgsqlDataReader.NextResult(Boolean async, Boolean isConsuming, CancellationToken cancellationToken)
   at Npgsql.NpgsqlDataReader.NextResult(Boolean async, Boolean isConsuming, CancellationToken cancellationToken)
   at Npgsql.NpgsqlCommand.ExecuteReader(Boolean async, CommandBehavior behavior, CancellationToken cancellationToken)
   at Npgsql.NpgsqlCommand.ExecuteReader(Boolean async, CommandBehavior behavior, CancellationToken cancellationToken)
   at Npgsql.NpgsqlCommand.ExecuteDbDataReaderAsync(CommandBehavior behavior, CancellationToken cancellationToken)
   at Microsoft.EntityFrameworkCore.Storage.RelationalCommand.ExecuteReaderAsync(RelationalCommandParameterObject parameterObject, CancellationToken cancellationToken)
   at Microsoft.EntityFrameworkCore.Storage.RelationalCommand.ExecuteReaderAsync(RelationalCommandParameterObject parameterObject, CancellationToken cancellationToken)
   at Microsoft.EntityFrameworkCore.Update.ReaderModificationCommandBatch.ExecuteAsync(IRelationalConnection connection, CancellationToken cancellationToken)
  Exception data:
    Severity: ERROR
    SqlState: 23503
    MessageText: insert or update on table "Users" violates foreign key constraint "FK_Users_Departments_DepartmentId"
    Detail: Detail redacted as it may contain sensitive data. Specify 'Include Error Detail' in the connection string to include this information.
    SchemaName: public
    TableName: Users
    ConstraintName: FK_Users_Departments_DepartmentId
    File: ri_triggers.c
    Line: 2599
    Routine: ri_ReportViolation
   --- End of inner exception stack trace ---
   at Microsoft.EntityFrameworkCore.Update.ReaderModificationCommandBatch.ExecuteAsync(IRelationalConnection connection, CancellationToken cancellationToken)
   at Microsoft.EntityFrameworkCore.Update.Internal.BatchExecutor.ExecuteAsync(IEnumerable`1 commandBatches, IRelationalConnection connection, CancellationToken cancellationToken)
   at Microsoft.EntityFrameworkCore.Update.Internal.BatchExecutor.ExecuteAsync(IEnumerable`1 commandBatches, IRelationalConnection connection, CancellationToken cancellationToken)
   at Microsoft.EntityFrameworkCore.Update.Internal.BatchExecutor.ExecuteAsync(IEnumerable`1 commandBatches, IRelationalConnection connection, CancellationToken cancellationToken)
   at Microsoft.EntityFrameworkCore.Storage.RelationalDatabase.SaveChangesAsync(IList`1 entries, CancellationToken cancellationToken)
   at Microsoft.EntityFrameworkCore.ChangeTracking.Internal.StateManager.SaveChangesAsync(IList`1 entriesToSave, CancellationToken cancellationToken)
   at Microsoft.EntityFrameworkCore.ChangeTracking.Internal.StateManager.SaveChangesAsync(StateManager stateManager, Boolean acceptAllChangesOnSuccess, CancellationToken cancellationToken)
   at Npgsql.EntityFrameworkCore.PostgreSQL.Storage.Internal.NpgsqlExecutionStrategy.ExecuteAsync[TState,TResult](TState state, Func`4 operation, Func`4 verifySucceeded, CancellationToken cancellationToken)
   at Microsoft.EntityFrameworkCore.DbContext.SaveChangesAsync(Boolean acceptAllChangesOnSuccess, CancellationToken cancellationToken)
[16:08:14 ERR] Error handling CreateUserCommand { SourceContext: "AppWeaver.Mediator.Behaviors.LoggingBehavior", RequestId: "0HNLR2891L36B:00000001", RequestPath: "/users", ConnectionId: "0HNLR2891L36B" }

Microsoft.EntityFrameworkCore.DbUpdateException: An error occurred while saving the entity changes. See the inner exception for details.
 ---> Npgsql.PostgresException (0x80004005): 23503: insert or update on table "Users" violates foreign key constraint "FK_Users_Departments_DepartmentId"

DETAIL: Detail redacted as it may contain sensitive data. Specify 'Include Error Detail' in the connection string to include this information.
   at Npgsql.Internal.NpgsqlConnector.ReadMessageLong(Boolean async, DataRowLoadingMode dataRowLoadingMode, Boolean readingNotifications, Boolean isReadingPrependedMessage)
   at System.Runtime.CompilerServices.PoolingAsyncValueTaskMethodBuilder`1.StateMachineBox`1.System.Threading.Tasks.Sources.IValueTaskSource<TResult>.GetResult(Int16 token)
   at Npgsql.NpgsqlDataReader.NextResult(Boolean async, Boolean isConsuming, CancellationToken cancellationToken)
   at Npgsql.NpgsqlDataReader.NextResult(Boolean async, Boolean isConsuming, CancellationToken cancellationToken)
   at Npgsql.NpgsqlCommand.ExecuteReader(Boolean async, CommandBehavior behavior, CancellationToken cancellationToken)
   at Npgsql.NpgsqlCommand.ExecuteReader(Boolean async, CommandBehavior behavior, CancellationToken cancellationToken)
   at Npgsql.NpgsqlCommand.ExecuteDbDataReaderAsync(CommandBehavior behavior, CancellationToken cancellationToken)
   at Microsoft.EntityFrameworkCore.Storage.RelationalCommand.ExecuteReaderAsync(RelationalCommandParameterObject parameterObject, CancellationToken cancellationToken)
   at Microsoft.EntityFrameworkCore.Storage.RelationalCommand.ExecuteReaderAsync(RelationalCommandParameterObject parameterObject, CancellationToken cancellationToken)
   at Microsoft.EntityFrameworkCore.Update.ReaderModificationCommandBatch.ExecuteAsync(IRelationalConnection connection, CancellationToken cancellationToken)
  Exception data:
    Severity: ERROR
    SqlState: 23503
    MessageText: insert or update on table "Users" violates foreign key constraint "FK_Users_Departments_DepartmentId"
    Detail: Detail redacted as it may contain sensitive data. Specify 'Include Error Detail' in the connection string to include this information.
    SchemaName: public
    TableName: Users
    ConstraintName: FK_Users_Departments_DepartmentId
    File: ri_triggers.c
    Line: 2599
    Routine: ri_ReportViolation
   --- End of inner exception stack trace ---
   at Microsoft.EntityFrameworkCore.Update.ReaderModificationCommandBatch.ExecuteAsync(IRelationalConnection connection, CancellationToken cancellationToken)
   at Microsoft.EntityFrameworkCore.Update.Internal.BatchExecutor.ExecuteAsync(IEnumerable`1 commandBatches, IRelationalConnection connection, CancellationToken cancellationToken)
   at Microsoft.EntityFrameworkCore.Update.Internal.BatchExecutor.ExecuteAsync(IEnumerable`1 commandBatches, IRelationalConnection connection, CancellationToken cancellationToken)
   at Microsoft.EntityFrameworkCore.Update.Internal.BatchExecutor.ExecuteAsync(IEnumerable`1 commandBatches, IRelationalConnection connection, CancellationToken cancellationToken)
   at Microsoft.EntityFrameworkCore.Storage.RelationalDatabase.SaveChangesAsync(IList`1 entries, CancellationToken cancellationToken)
   at Microsoft.EntityFrameworkCore.ChangeTracking.Internal.StateManager.SaveChangesAsync(IList`1 entriesToSave, CancellationToken cancellationToken)
   at Microsoft.EntityFrameworkCore.ChangeTracking.Internal.StateManager.SaveChangesAsync(StateManager stateManager, Boolean acceptAllChangesOnSuccess, CancellationToken cancellationToken)
   at Npgsql.EntityFrameworkCore.PostgreSQL.Storage.Internal.NpgsqlExecutionStrategy.ExecuteAsync[TState,TResult](TState state, Func`4 operation, Func`4 verifySucceeded, CancellationToken cancellationToken)
   at Microsoft.EntityFrameworkCore.DbContext.SaveChangesAsync(Boolean acceptAllChangesOnSuccess, CancellationToken cancellationToken)
   at Microsoft.EntityFrameworkCore.DbContext.SaveChangesAsync(Boolean acceptAllChangesOnSuccess, CancellationToken cancellationToken)
   at AppWeaver.Repository.EfCore.EfUnitOfWorkBase`1.SaveChangesAsync(CancellationToken ct)
   at BytesRewards.Service.Features.Users.CreateUser.CreateUserCommandHandler.Handle(CreateUserCommand request, CancellationToken ct) in C:\Users\MariyaAF\Desktop\BytesRewards\BytesRewards\src\BytesRewards.Service\Users\Features\AddUser\CreateUserCommandHandler.cs:line 63
   at AppWeaver.Mediator.Behaviors.FluentValidationBehavior`2.Handle(TCommand request, CancellationToken ct, Next`1 next)
   at AppWeaver.Mediator.Behaviors.LoggingBehavior`2.Handle(TRequest request, CancellationToken ct, Next`1 next)
[16:08:14 INF] Executed endpoint 'HTTP: POST /users' { EventId: { Id: 1, Name: "ExecutedEndpoint" }, SourceContext: "Microsoft.AspNetCore.Routing.EndpointMiddleware", RequestId: "0HNLR2891L36B:00000001", RequestPath: "/users", ConnectionId: "0HNLR2891L36B" }

[16:08:14 INF] Exception occurred: An error occurred while saving the entity changes. See the inner exception for details. { SourceContext: "MiddlewareLibrary.ExceptionHandling.ExceptionLogHandler", Environment: "Development", TraceId: "0HNLR2891L36B:00000001", CorrelationId: "0HNLR2891L36B:00000001", TenantId: "", ExceptionType: "DbUpdateException", RequestId: "0HNLR2891L36B:00000001", RequestPath: "/users", ConnectionId: "0HNLR2891L36B" }

Microsoft.EntityFrameworkCore.DbUpdateException: An error occurred while saving the entity changes. See the inner exception for details.
 ---> Npgsql.PostgresException (0x80004005): 23503: insert or update on table "Users" violates foreign key constraint "FK_Users_Departments_DepartmentId"

DETAIL: Detail redacted as it may contain sensitive data. Specify 'Include Error Detail' in the connection string to include this information.
   at Npgsql.Internal.NpgsqlConnector.ReadMessageLong(Boolean async, DataRowLoadingMode dataRowLoadingMode, Boolean readingNotifications, Boolean isReadingPrependedMessage)
   at System.Runtime.CompilerServices.PoolingAsyncValueTaskMethodBuilder`1.StateMachineBox`1.System.Threading.Tasks.Sources.IValueTaskSource<TResult>.GetResult(Int16 token)
   at Npgsql.NpgsqlDataReader.NextResult(Boolean async, Boolean isConsuming, CancellationToken cancellationToken)
   at Npgsql.NpgsqlDataReader.NextResult(Boolean async, Boolean isConsuming, CancellationToken cancellationToken)
   at Npgsql.NpgsqlCommand.ExecuteReader(Boolean async, CommandBehavior behavior, CancellationToken cancellationToken)
   at Npgsql.NpgsqlCommand.ExecuteReader(Boolean async, CommandBehavior behavior, CancellationToken cancellationToken)
   at Npgsql.NpgsqlCommand.ExecuteDbDataReaderAsync(CommandBehavior behavior, CancellationToken cancellationToken)
   at Microsoft.EntityFrameworkCore.Storage.RelationalCommand.ExecuteReaderAsync(RelationalCommandParameterObject parameterObject, CancellationToken cancellationToken)
   at Microsoft.EntityFrameworkCore.Storage.RelationalCommand.ExecuteReaderAsync(RelationalCommandParameterObject parameterObject, CancellationToken cancellationToken)
   at Microsoft.EntityFrameworkCore.Update.ReaderModificationCommandBatch.ExecuteAsync(IRelationalConnection connection, CancellationToken cancellationToken)
  Exception data:
    Severity: ERROR
    SqlState: 23503
    MessageText: insert or update on table "Users" violates foreign key constraint "FK_Users_Departments_DepartmentId"
    Detail: Detail redacted as it may contain sensitive data. Specify 'Include Error Detail' in the connection string to include this information.
    SchemaName: public
    TableName: Users
    ConstraintName: FK_Users_Departments_DepartmentId
    File: ri_triggers.c
    Line: 2599
    Routine: ri_ReportViolation
   --- End of inner exception stack trace ---
   at Microsoft.EntityFrameworkCore.Update.ReaderModificationCommandBatch.ExecuteAsync(IRelationalConnection connection, CancellationToken cancellationToken)
   at Microsoft.EntityFrameworkCore.Update.Internal.BatchExecutor.ExecuteAsync(IEnumerable`1 commandBatches, IRelationalConnection connection, CancellationToken cancellationToken)
   at Microsoft.EntityFrameworkCore.Update.Internal.BatchExecutor.ExecuteAsync(IEnumerable`1 commandBatches, IRelationalConnection connection, CancellationToken cancellationToken)
   at Microsoft.EntityFrameworkCore.Update.Internal.BatchExecutor.ExecuteAsync(IEnumerable`1 commandBatches, IRelationalConnection connection, CancellationToken cancellationToken)
   at Microsoft.EntityFrameworkCore.Storage.RelationalDatabase.SaveChangesAsync(IList`1 entries, CancellationToken cancellationToken)
   at Microsoft.EntityFrameworkCore.ChangeTracking.Internal.StateManager.SaveChangesAsync(IList`1 entriesToSave, CancellationToken cancellationToken)
   at Microsoft.EntityFrameworkCore.ChangeTracking.Internal.StateManager.SaveChangesAsync(StateManager stateManager, Boolean acceptAllChangesOnSuccess, CancellationToken cancellationToken)
   at Npgsql.EntityFrameworkCore.PostgreSQL.Storage.Internal.NpgsqlExecutionStrategy.ExecuteAsync[TState,TResult](TState state, Func`4 operation, Func`4 verifySucceeded, CancellationToken cancellationToken)
   at Microsoft.EntityFrameworkCore.DbContext.SaveChangesAsync(Boolean acceptAllChangesOnSuccess, CancellationToken cancellationToken)
   at Microsoft.EntityFrameworkCore.DbContext.SaveChangesAsync(Boolean acceptAllChangesOnSuccess, CancellationToken cancellationToken)
   at AppWeaver.Repository.EfCore.EfUnitOfWorkBase`1.SaveChangesAsync(CancellationToken ct)
   at BytesRewards.Service.Features.Users.CreateUser.CreateUserCommandHandler.Handle(CreateUserCommand request, CancellationToken ct) in C:\Users\MariyaAF\Desktop\BytesRewards\BytesRewards\src\BytesRewards.Service\Users\Features\AddUser\CreateUserCommandHandler.cs:line 63
   at AppWeaver.Mediator.Behaviors.FluentValidationBehavior`2.Handle(TCommand request, CancellationToken ct, Next`1 next)
   at AppWeaver.Mediator.Behaviors.LoggingBehavior`2.Handle(TRequest request, CancellationToken ct, Next`1 next)
   at BytesRewards.Service.Features.Users.CreateUser.CreateUserEndpoint.ExecuteAsync(CreateUserRequest req, CancellationToken ct) in C:\Users\MariyaAF\Desktop\BytesRewards\BytesRewards\src\BytesRewards.Service\Users\Features\AddUser\CreateUserEndpoint.cs:line 35
   at AppWeaver.FastEndpoint.SecureFastEndpoint`2.HandleAsync(TRequest req, CancellationToken ct)
   at FastEndpoints.Endpoint`2.ExecAsync(CancellationToken ct)
   at FastEndpoints.Endpoint`2.ExecAsync(CancellationToken ct)
   at Microsoft.AspNetCore.Routing.EndpointMiddleware.<Invoke>g__AwaitRequestTask|7_0(Endpoint endpoint, Task requestTask, ILogger logger)
   at NSwag.AspNetCore.Middlewares.SwaggerUiIndexMiddleware.Invoke(HttpContext context)
   at NSwag.AspNetCore.Middlewares.RedirectToIndexMiddleware.Invoke(HttpContext context)
   at NSwag.AspNetCore.Middlewares.OpenApiDocumentMiddleware.Invoke(HttpContext context)
   at Microsoft.AspNetCore.Authorization.AuthorizationMiddleware.Invoke(HttpContext context)
   at Microsoft.AspNetCore.Authentication.AuthenticationMiddleware.Invoke(HttpContext context)
   at Microsoft.AspNetCore.Diagnostics.ExceptionHandlerMiddlewareImpl.<Invoke>g__Awaited|10_0(ExceptionHandlerMiddlewareImpl middleware, HttpContext context, Task task)
[16:14:51 INF] Application is shutting down... { SourceContext: "Microsoft.Hosting.Lifetime" }

[16:15:14 INF] Acquiring an exclusive lock for migration application. See https://aka.ms/efcore-docs-migrations-lock for more information if this takes too long. { EventId: { Id: 20411, Name: "Microsoft.EntityFrameworkCore.Migrations.AcquiringMigrationLock" }, SourceContext: "Microsoft.EntityFrameworkCore.Migrations" }

[16:15:14 INF] No migrations were applied. The database is already up to date. { EventId: { Id: 20405, Name: "Microsoft.EntityFrameworkCore.Migrations.MigrationsNotApplied" }, SourceContext: "Microsoft.EntityFrameworkCore.Migrations" }

[16:15:14 INF] Registered 2 endpoints in 5,690 milliseconds. { EventId: { Id: 1, Name: "EndpointsRegistered" }, SourceContext: "FastEndpoints.StartupTimer" }

[16:15:15 INF] No validators found in the system! { EventId: { Id: 1, Name: "NoValidatorsFound" }, SourceContext: "FastEndpoints.Swagger.ValidationSchemaProcessor" }

[16:15:15 INF] User profile is available. Using 'C:\Users\MariyaAF\AppData\Local\ASP.NET\DataProtection-Keys' as key repository and Windows DPAPI to encrypt keys at rest. { EventId: { Id: 63, Name: "UsingProfileAsKeyRepositoryWithDPAPI" }, SourceContext: "Microsoft.AspNetCore.DataProtection.KeyManagement.XmlKeyManager" }

[16:15:15 WRN] The property 'AuditLog.Metadata' is a collection or enumeration type with a value converter but with no value comparer. Set a value comparer to ensure the collection/enumeration elements are compared correctly. { EventId: { Id: 10620, Name: "Microsoft.EntityFrameworkCore.Model.Validation.CollectionWithoutComparer" }, SourceContext: "Microsoft.EntityFrameworkCore.Model.Validation" }

[16:15:15 WRN] The entity type 'AuditLog' is configured to use schema 'Auditing', but SQLite does not support schemas. This configuration will be ignored by the SQLite provider. { EventId: { Id: 30000, Name: "Microsoft.EntityFrameworkCore.Model.Validation.SchemaConfiguredWarning" }, SourceContext: "Microsoft.EntityFrameworkCore.Model.Validation" }

[16:15:15 WRN] The entity type 'EntityChange' is configured to use schema 'Auditing', but SQLite does not support schemas. This configuration will be ignored by the SQLite provider. { EventId: { Id: 30000, Name: "Microsoft.EntityFrameworkCore.Model.Validation.SchemaConfiguredWarning" }, SourceContext: "Microsoft.EntityFrameworkCore.Model.Validation" }

[16:15:15 WRN] The entity type 'PropertyChange' is configured to use schema 'Auditing', but SQLite does not support schemas. This configuration will be ignored by the SQLite provider. { EventId: { Id: 30000, Name: "Microsoft.EntityFrameworkCore.Model.Validation.SchemaConfiguredWarning" }, SourceContext: "Microsoft.EntityFrameworkCore.Model.Validation" }

[16:15:15 INF] No migrations were found in assembly 'BytesRewards.Service'. A migration needs to be added before the database can be updated. { EventId: { Id: 20406, Name: "Microsoft.EntityFrameworkCore.Migrations.MigrationsNotFound" }, SourceContext: "Microsoft.EntityFrameworkCore.Migrations" }

[16:15:15 INF] Acquiring an exclusive lock for migration application. See https://aka.ms/efcore-docs-migrations-lock for more information if this takes too long. { EventId: { Id: 20411, Name: "Microsoft.EntityFrameworkCore.Migrations.AcquiringMigrationLock" }, SourceContext: "Microsoft.EntityFrameworkCore.Migrations" }

[16:15:15 INF] No migrations were applied. The database is already up to date. { EventId: { Id: 20405, Name: "Microsoft.EntityFrameworkCore.Migrations.MigrationsNotApplied" }, SourceContext: "Microsoft.EntityFrameworkCore.Migrations" }

[16:15:15 INF] Now listening on: https://localhost:5001 { EventId: { Id: 14, Name: "ListeningOnAddress" }, SourceContext: "Microsoft.Hosting.Lifetime" }

[16:15:15 INF] Application started. Press Ctrl+C to shut down. { SourceContext: "Microsoft.Hosting.Lifetime" }

[16:15:15 INF] Hosting environment: Development { SourceContext: "Microsoft.Hosting.Lifetime" }

[16:15:15 INF] Content root path: C:\Users\MariyaAF\Desktop\BytesRewards\BytesRewards\src\BytesRewards.Service { SourceContext: "Microsoft.Hosting.Lifetime" }

[16:18:59 INF] No migrations were applied. The database is already up to date. { EventId: { Id: 20405, Name: "Microsoft.EntityFrameworkCore.Migrations.MigrationsNotApplied" }, SourceContext: "Microsoft.EntityFrameworkCore.Migrations" }

[16:18:59 INF] Registered 2 endpoints in 3,666 milliseconds. { EventId: { Id: 1, Name: "EndpointsRegistered" }, SourceContext: "FastEndpoints.StartupTimer" }

[16:18:59 INF] No validators found in the system! { EventId: { Id: 1, Name: "NoValidatorsFound" }, SourceContext: "FastEndpoints.Swagger.ValidationSchemaProcessor" }

[16:18:59 INF] User profile is available. Using 'C:\Users\MariyaAF\AppData\Local\ASP.NET\DataProtection-Keys' as key repository and Windows DPAPI to encrypt keys at rest. { EventId: { Id: 63, Name: "UsingProfileAsKeyRepositoryWithDPAPI" }, SourceContext: "Microsoft.AspNetCore.DataProtection.KeyManagement.XmlKeyManager" }

[16:18:59 WRN] The property 'AuditLog.Metadata' is a collection or enumeration type with a value converter but with no value comparer. Set a value comparer to ensure the collection/enumeration elements are compared correctly. { EventId: { Id: 10620, Name: "Microsoft.EntityFrameworkCore.Model.Validation.CollectionWithoutComparer" }, SourceContext: "Microsoft.EntityFrameworkCore.Model.Validation" }

[16:18:59 INF] No migrations were found in assembly 'BytesRewards.Service'. A migration needs to be added before the database can be updated. { EventId: { Id: 20406, Name: "Microsoft.EntityFrameworkCore.Migrations.MigrationsNotFound" }, SourceContext: "Microsoft.EntityFrameworkCore.Migrations" }

[16:18:59 INF] No migrations were applied. The database is already up to date. { EventId: { Id: 20405, Name: "Microsoft.EntityFrameworkCore.Migrations.MigrationsNotApplied" }, SourceContext: "Microsoft.EntityFrameworkCore.Migrations" }

[16:19:00 INF] Now listening on: http://localhost:53785 { EventId: { Id: 14, Name: "ListeningOnAddress" }, SourceContext: "Microsoft.Hosting.Lifetime" }

[16:19:00 INF] Application started. Press Ctrl+C to shut down. { SourceContext: "Microsoft.Hosting.Lifetime" }

[16:19:00 INF] Hosting environment: Development { SourceContext: "Microsoft.Hosting.Lifetime" }

[16:19:00 INF] Content root path: C:\Users\MariyaAF\Desktop\BytesRewards\BytesRewards\src\BytesRewards.Service { SourceContext: "Microsoft.Hosting.Lifetime" }

[16:21:11 INF] CORS policy execution successful. { EventId: { Id: 4, Name: "PolicySuccess" }, SourceContext: "Microsoft.AspNetCore.Cors.Infrastructure.CorsService", RequestId: "0HNLR2IPF7RT3:00000001", RequestPath: "/users", ConnectionId: "0HNLR2IPF7RT3" }

[16:21:11 INF] Executing endpoint 'HTTP: POST /users' { EventId: { Name: "ExecutingEndpoint" }, SourceContext: "Microsoft.AspNetCore.Routing.EndpointMiddleware", RequestId: "0HNLR2IPF7RT3:00000001", RequestPath: "/users", ConnectionId: "0HNLR2IPF7RT3" }

[16:21:11 INF] Handling CreateUserCommand { SourceContext: "AppWeaver.Mediator.Behaviors.LoggingBehavior", RequestId: "0HNLR2IPF7RT3:00000001", RequestPath: "/users", ConnectionId: "0HNLR2IPF7RT3" }

[16:21:11 ERR] Failed executing DbCommand (21ms) [Parameters=[@p0='?' (DbType = Guid), @p1='?' (DbType = DateTime), @p2='?' (DbType = Guid), @p3='?', @p4='?', @p5='?', @p6='?', @p7='?' (DbType = Boolean), @p8='?', @p9='?', @p10='?', @p11='?', @p12='?' (DbType = Guid), @p13='?' (DbType = Int32), @p14='?' (DbType = DateTime)], CommandType='"Text"', CommandTimeout='30']
INSERT INTO "Users" ("Id", "CreatedAt", "DepartmentId", "Designation", "Email", "EmployeeId", "FirstName", "IsActive", "KeycloakUserId", "LastName", "PhoneNumber", "ProfileImageUrl", "RoleId", "TotalBytes", "UpdatedAt")
VALUES (@p0, @p1, @p2, @p3, @p4, @p5, @p6, @p7, @p8, @p9, @p10, @p11, @p12, @p13, @p14); { EventId: { Id: 20102, Name: "Microsoft.EntityFrameworkCore.Database.Command.CommandError" }, SourceContext: "Microsoft.EntityFrameworkCore.Database.Command", RequestId: "0HNLR2IPF7RT3:00000001", RequestPath: "/users", ConnectionId: "0HNLR2IPF7RT3" }

[16:21:11 ERR] An exception occurred in the database while saving changes for context type 'BytesRewards.Service.Infrastructure.ApplicationDbContext'.
Microsoft.EntityFrameworkCore.DbUpdateException: An error occurred while saving the entity changes. See the inner exception for details.
 ---> Npgsql.PostgresException (0x80004005): 23503: insert or update on table "Users" violates foreign key constraint "FK_Users_Departments_DepartmentId"

DETAIL: Detail redacted as it may contain sensitive data. Specify 'Include Error Detail' in the connection string to include this information.
   at Npgsql.Internal.NpgsqlConnector.ReadMessageLong(Boolean async, DataRowLoadingMode dataRowLoadingMode, Boolean readingNotifications, Boolean isReadingPrependedMessage)
   at System.Runtime.CompilerServices.PoolingAsyncValueTaskMethodBuilder`1.StateMachineBox`1.System.Threading.Tasks.Sources.IValueTaskSource<TResult>.GetResult(Int16 token)
   at Npgsql.NpgsqlDataReader.NextResult(Boolean async, Boolean isConsuming, CancellationToken cancellationToken)
   at Npgsql.NpgsqlDataReader.NextResult(Boolean async, Boolean isConsuming, CancellationToken cancellationToken)
   at Npgsql.NpgsqlCommand.ExecuteReader(Boolean async, CommandBehavior behavior, CancellationToken cancellationToken)
   at Npgsql.NpgsqlCommand.ExecuteReader(Boolean async, CommandBehavior behavior, CancellationToken cancellationToken)
   at Npgsql.NpgsqlCommand.ExecuteDbDataReaderAsync(CommandBehavior behavior, CancellationToken cancellationToken)
   at Microsoft.EntityFrameworkCore.Storage.RelationalCommand.ExecuteReaderAsync(RelationalCommandParameterObject parameterObject, CancellationToken cancellationToken)
   at Microsoft.EntityFrameworkCore.Storage.RelationalCommand.ExecuteReaderAsync(RelationalCommandParameterObject parameterObject, CancellationToken cancellationToken)
   at Microsoft.EntityFrameworkCore.Update.ReaderModificationCommandBatch.ExecuteAsync(IRelationalConnection connection, CancellationToken cancellationToken)
  Exception data:
    Severity: ERROR
    SqlState: 23503
    MessageText: insert or update on table "Users" violates foreign key constraint "FK_Users_Departments_DepartmentId"
    Detail: Detail redacted as it may contain sensitive data. Specify 'Include Error Detail' in the connection string to include this information.
    SchemaName: public
    TableName: Users
    ConstraintName: FK_Users_Departments_DepartmentId
    File: ri_triggers.c
    Line: 2599
    Routine: ri_ReportViolation
   --- End of inner exception stack trace ---
   at Microsoft.EntityFrameworkCore.Update.ReaderModificationCommandBatch.ExecuteAsync(IRelationalConnection connection, CancellationToken cancellationToken)
   at Microsoft.EntityFrameworkCore.Update.Internal.BatchExecutor.ExecuteAsync(IEnumerable`1 commandBatches, IRelationalConnection connection, CancellationToken cancellationToken)
   at Microsoft.EntityFrameworkCore.Update.Internal.BatchExecutor.ExecuteAsync(IEnumerable`1 commandBatches, IRelationalConnection connection, CancellationToken cancellationToken)
   at Microsoft.EntityFrameworkCore.Update.Internal.BatchExecutor.ExecuteAsync(IEnumerable`1 commandBatches, IRelationalConnection connection, CancellationToken cancellationToken)
   at Microsoft.EntityFrameworkCore.Storage.RelationalDatabase.SaveChangesAsync(IList`1 entries, CancellationToken cancellationToken)
   at Microsoft.EntityFrameworkCore.ChangeTracking.Internal.StateManager.SaveChangesAsync(IList`1 entriesToSave, CancellationToken cancellationToken)
   at Microsoft.EntityFrameworkCore.ChangeTracking.Internal.StateManager.SaveChangesAsync(StateManager stateManager, Boolean acceptAllChangesOnSuccess, CancellationToken cancellationToken)
   at Npgsql.EntityFrameworkCore.PostgreSQL.Storage.Internal.NpgsqlExecutionStrategy.ExecuteAsync[TState,TResult](TState state, Func`4 operation, Func`4 verifySucceeded, CancellationToken cancellationToken)
   at Microsoft.EntityFrameworkCore.DbContext.SaveChangesAsync(Boolean acceptAllChangesOnSuccess, CancellationToken cancellationToken) { EventId: { Id: 10000, Name: "Microsoft.EntityFrameworkCore.Update.SaveChangesFailed" }, SourceContext: "Microsoft.EntityFrameworkCore.Update", RequestId: "0HNLR2IPF7RT3:00000001", RequestPath: "/users", ConnectionId: "0HNLR2IPF7RT3" }

Microsoft.EntityFrameworkCore.DbUpdateException: An error occurred while saving the entity changes. See the inner exception for details.
 ---> Npgsql.PostgresException (0x80004005): 23503: insert or update on table "Users" violates foreign key constraint "FK_Users_Departments_DepartmentId"

DETAIL: Detail redacted as it may contain sensitive data. Specify 'Include Error Detail' in the connection string to include this information.
   at Npgsql.Internal.NpgsqlConnector.ReadMessageLong(Boolean async, DataRowLoadingMode dataRowLoadingMode, Boolean readingNotifications, Boolean isReadingPrependedMessage)
   at System.Runtime.CompilerServices.PoolingAsyncValueTaskMethodBuilder`1.StateMachineBox`1.System.Threading.Tasks.Sources.IValueTaskSource<TResult>.GetResult(Int16 token)
   at Npgsql.NpgsqlDataReader.NextResult(Boolean async, Boolean isConsuming, CancellationToken cancellationToken)
   at Npgsql.NpgsqlDataReader.NextResult(Boolean async, Boolean isConsuming, CancellationToken cancellationToken)
   at Npgsql.NpgsqlCommand.ExecuteReader(Boolean async, CommandBehavior behavior, CancellationToken cancellationToken)
   at Npgsql.NpgsqlCommand.ExecuteReader(Boolean async, CommandBehavior behavior, CancellationToken cancellationToken)
   at Npgsql.NpgsqlCommand.ExecuteDbDataReaderAsync(CommandBehavior behavior, CancellationToken cancellationToken)
   at Microsoft.EntityFrameworkCore.Storage.RelationalCommand.ExecuteReaderAsync(RelationalCommandParameterObject parameterObject, CancellationToken cancellationToken)
   at Microsoft.EntityFrameworkCore.Storage.RelationalCommand.ExecuteReaderAsync(RelationalCommandParameterObject parameterObject, CancellationToken cancellationToken)
   at Microsoft.EntityFrameworkCore.Update.ReaderModificationCommandBatch.ExecuteAsync(IRelationalConnection connection, CancellationToken cancellationToken)
  Exception data:
    Severity: ERROR
    SqlState: 23503
    MessageText: insert or update on table "Users" violates foreign key constraint "FK_Users_Departments_DepartmentId"
    Detail: Detail redacted as it may contain sensitive data. Specify 'Include Error Detail' in the connection string to include this information.
    SchemaName: public
    TableName: Users
    ConstraintName: FK_Users_Departments_DepartmentId
    File: ri_triggers.c
    Line: 2599
    Routine: ri_ReportViolation
   --- End of inner exception stack trace ---
   at Microsoft.EntityFrameworkCore.Update.ReaderModificationCommandBatch.ExecuteAsync(IRelationalConnection connection, CancellationToken cancellationToken)
   at Microsoft.EntityFrameworkCore.Update.Internal.BatchExecutor.ExecuteAsync(IEnumerable`1 commandBatches, IRelationalConnection connection, CancellationToken cancellationToken)
   at Microsoft.EntityFrameworkCore.Update.Internal.BatchExecutor.ExecuteAsync(IEnumerable`1 commandBatches, IRelationalConnection connection, CancellationToken cancellationToken)
   at Microsoft.EntityFrameworkCore.Update.Internal.BatchExecutor.ExecuteAsync(IEnumerable`1 commandBatches, IRelationalConnection connection, CancellationToken cancellationToken)
   at Microsoft.EntityFrameworkCore.Storage.RelationalDatabase.SaveChangesAsync(IList`1 entries, CancellationToken cancellationToken)
   at Microsoft.EntityFrameworkCore.ChangeTracking.Internal.StateManager.SaveChangesAsync(IList`1 entriesToSave, CancellationToken cancellationToken)
   at Microsoft.EntityFrameworkCore.ChangeTracking.Internal.StateManager.SaveChangesAsync(StateManager stateManager, Boolean acceptAllChangesOnSuccess, CancellationToken cancellationToken)
   at Npgsql.EntityFrameworkCore.PostgreSQL.Storage.Internal.NpgsqlExecutionStrategy.ExecuteAsync[TState,TResult](TState state, Func`4 operation, Func`4 verifySucceeded, CancellationToken cancellationToken)
   at Microsoft.EntityFrameworkCore.DbContext.SaveChangesAsync(Boolean acceptAllChangesOnSuccess, CancellationToken cancellationToken)
[16:21:11 ERR] Error handling CreateUserCommand { SourceContext: "AppWeaver.Mediator.Behaviors.LoggingBehavior", RequestId: "0HNLR2IPF7RT3:00000001", RequestPath: "/users", ConnectionId: "0HNLR2IPF7RT3" }

Microsoft.EntityFrameworkCore.DbUpdateException: An error occurred while saving the entity changes. See the inner exception for details.
 ---> Npgsql.PostgresException (0x80004005): 23503: insert or update on table "Users" violates foreign key constraint "FK_Users_Departments_DepartmentId"

DETAIL: Detail redacted as it may contain sensitive data. Specify 'Include Error Detail' in the connection string to include this information.
   at Npgsql.Internal.NpgsqlConnector.ReadMessageLong(Boolean async, DataRowLoadingMode dataRowLoadingMode, Boolean readingNotifications, Boolean isReadingPrependedMessage)
   at System.Runtime.CompilerServices.PoolingAsyncValueTaskMethodBuilder`1.StateMachineBox`1.System.Threading.Tasks.Sources.IValueTaskSource<TResult>.GetResult(Int16 token)
   at Npgsql.NpgsqlDataReader.NextResult(Boolean async, Boolean isConsuming, CancellationToken cancellationToken)
   at Npgsql.NpgsqlDataReader.NextResult(Boolean async, Boolean isConsuming, CancellationToken cancellationToken)
   at Npgsql.NpgsqlCommand.ExecuteReader(Boolean async, CommandBehavior behavior, CancellationToken cancellationToken)
   at Npgsql.NpgsqlCommand.ExecuteReader(Boolean async, CommandBehavior behavior, CancellationToken cancellationToken)
   at Npgsql.NpgsqlCommand.ExecuteDbDataReaderAsync(CommandBehavior behavior, CancellationToken cancellationToken)
   at Microsoft.EntityFrameworkCore.Storage.RelationalCommand.ExecuteReaderAsync(RelationalCommandParameterObject parameterObject, CancellationToken cancellationToken)
   at Microsoft.EntityFrameworkCore.Storage.RelationalCommand.ExecuteReaderAsync(RelationalCommandParameterObject parameterObject, CancellationToken cancellationToken)
   at Microsoft.EntityFrameworkCore.Update.ReaderModificationCommandBatch.ExecuteAsync(IRelationalConnection connection, CancellationToken cancellationToken)
  Exception data:
    Severity: ERROR
    SqlState: 23503
    MessageText: insert or update on table "Users" violates foreign key constraint "FK_Users_Departments_DepartmentId"
    Detail: Detail redacted as it may contain sensitive data. Specify 'Include Error Detail' in the connection string to include this information.
    SchemaName: public
    TableName: Users
    ConstraintName: FK_Users_Departments_DepartmentId
    File: ri_triggers.c
    Line: 2599
    Routine: ri_ReportViolation
   --- End of inner exception stack trace ---
   at Microsoft.EntityFrameworkCore.Update.ReaderModificationCommandBatch.ExecuteAsync(IRelationalConnection connection, CancellationToken cancellationToken)
   at Microsoft.EntityFrameworkCore.Update.Internal.BatchExecutor.ExecuteAsync(IEnumerable`1 commandBatches, IRelationalConnection connection, CancellationToken cancellationToken)
   at Microsoft.EntityFrameworkCore.Update.Internal.BatchExecutor.ExecuteAsync(IEnumerable`1 commandBatches, IRelationalConnection connection, CancellationToken cancellationToken)
   at Microsoft.EntityFrameworkCore.Update.Internal.BatchExecutor.ExecuteAsync(IEnumerable`1 commandBatches, IRelationalConnection connection, CancellationToken cancellationToken)
   at Microsoft.EntityFrameworkCore.Storage.RelationalDatabase.SaveChangesAsync(IList`1 entries, CancellationToken cancellationToken)
   at Microsoft.EntityFrameworkCore.ChangeTracking.Internal.StateManager.SaveChangesAsync(IList`1 entriesToSave, CancellationToken cancellationToken)
   at Microsoft.EntityFrameworkCore.ChangeTracking.Internal.StateManager.SaveChangesAsync(StateManager stateManager, Boolean acceptAllChangesOnSuccess, CancellationToken cancellationToken)
   at Npgsql.EntityFrameworkCore.PostgreSQL.Storage.Internal.NpgsqlExecutionStrategy.ExecuteAsync[TState,TResult](TState state, Func`4 operation, Func`4 verifySucceeded, CancellationToken cancellationToken)
   at Microsoft.EntityFrameworkCore.DbContext.SaveChangesAsync(Boolean acceptAllChangesOnSuccess, CancellationToken cancellationToken)
   at Microsoft.EntityFrameworkCore.DbContext.SaveChangesAsync(Boolean acceptAllChangesOnSuccess, CancellationToken cancellationToken)
   at AppWeaver.Repository.EfCore.EfUnitOfWorkBase`1.SaveChangesAsync(CancellationToken ct)
   at BytesRewards.Service.Features.Users.CreateUser.CreateUserCommandHandler.Handle(CreateUserCommand request, CancellationToken ct) in C:\Users\MariyaAF\Desktop\BytesRewards\BytesRewards\src\BytesRewards.Service\Users\Features\AddUser\CreateUserCommandHandler.cs:line 63
   at AppWeaver.Mediator.Behaviors.FluentValidationBehavior`2.Handle(TCommand request, CancellationToken ct, Next`1 next)
   at AppWeaver.Mediator.Behaviors.LoggingBehavior`2.Handle(TRequest request, CancellationToken ct, Next`1 next)
[16:21:11 INF] Executed endpoint 'HTTP: POST /users' { EventId: { Id: 1, Name: "ExecutedEndpoint" }, SourceContext: "Microsoft.AspNetCore.Routing.EndpointMiddleware", RequestId: "0HNLR2IPF7RT3:00000001", RequestPath: "/users", ConnectionId: "0HNLR2IPF7RT3" }

[16:21:11 INF] Exception occurred: An error occurred while saving the entity changes. See the inner exception for details. { SourceContext: "MiddlewareLibrary.ExceptionHandling.ExceptionLogHandler", Environment: "Development", TraceId: "0HNLR2IPF7RT3:00000001", CorrelationId: "0HNLR2IPF7RT3:00000001", TenantId: "", ExceptionType: "DbUpdateException", RequestId: "0HNLR2IPF7RT3:00000001", RequestPath: "/users", ConnectionId: "0HNLR2IPF7RT3" }

Microsoft.EntityFrameworkCore.DbUpdateException: An error occurred while saving the entity changes. See the inner exception for details.
 ---> Npgsql.PostgresException (0x80004005): 23503: insert or update on table "Users" violates foreign key constraint "FK_Users_Departments_DepartmentId"

DETAIL: Detail redacted as it may contain sensitive data. Specify 'Include Error Detail' in the connection string to include this information.
   at Npgsql.Internal.NpgsqlConnector.ReadMessageLong(Boolean async, DataRowLoadingMode dataRowLoadingMode, Boolean readingNotifications, Boolean isReadingPrependedMessage)
   at System.Runtime.CompilerServices.PoolingAsyncValueTaskMethodBuilder`1.StateMachineBox`1.System.Threading.Tasks.Sources.IValueTaskSource<TResult>.GetResult(Int16 token)
   at Npgsql.NpgsqlDataReader.NextResult(Boolean async, Boolean isConsuming, CancellationToken cancellationToken)
   at Npgsql.NpgsqlDataReader.NextResult(Boolean async, Boolean isConsuming, CancellationToken cancellationToken)
   at Npgsql.NpgsqlCommand.ExecuteReader(Boolean async, CommandBehavior behavior, CancellationToken cancellationToken)
   at Npgsql.NpgsqlCommand.ExecuteReader(Boolean async, CommandBehavior behavior, CancellationToken cancellationToken)
   at Npgsql.NpgsqlCommand.ExecuteDbDataReaderAsync(CommandBehavior behavior, CancellationToken cancellationToken)
   at Microsoft.EntityFrameworkCore.Storage.RelationalCommand.ExecuteReaderAsync(RelationalCommandParameterObject parameterObject, CancellationToken cancellationToken)
   at Microsoft.EntityFrameworkCore.Storage.RelationalCommand.ExecuteReaderAsync(RelationalCommandParameterObject parameterObject, CancellationToken cancellationToken)
   at Microsoft.EntityFrameworkCore.Update.ReaderModificationCommandBatch.ExecuteAsync(IRelationalConnection connection, CancellationToken cancellationToken)
  Exception data:
    Severity: ERROR
    SqlState: 23503
    MessageText: insert or update on table "Users" violates foreign key constraint "FK_Users_Departments_DepartmentId"
    Detail: Detail redacted as it may contain sensitive data. Specify 'Include Error Detail' in the connection string to include this information.
    SchemaName: public
    TableName: Users
    ConstraintName: FK_Users_Departments_DepartmentId
    File: ri_triggers.c
    Line: 2599
    Routine: ri_ReportViolation
   --- End of inner exception stack trace ---
   at Microsoft.EntityFrameworkCore.Update.ReaderModificationCommandBatch.ExecuteAsync(IRelationalConnection connection, CancellationToken cancellationToken)
   at Microsoft.EntityFrameworkCore.Update.Internal.BatchExecutor.ExecuteAsync(IEnumerable`1 commandBatches, IRelationalConnection connection, CancellationToken cancellationToken)
   at Microsoft.EntityFrameworkCore.Update.Internal.BatchExecutor.ExecuteAsync(IEnumerable`1 commandBatches, IRelationalConnection connection, CancellationToken cancellationToken)
   at Microsoft.EntityFrameworkCore.Update.Internal.BatchExecutor.ExecuteAsync(IEnumerable`1 commandBatches, IRelationalConnection connection, CancellationToken cancellationToken)
   at Microsoft.EntityFrameworkCore.Storage.RelationalDatabase.SaveChangesAsync(IList`1 entries, CancellationToken cancellationToken)
   at Microsoft.EntityFrameworkCore.ChangeTracking.Internal.StateManager.SaveChangesAsync(IList`1 entriesToSave, CancellationToken cancellationToken)
   at Microsoft.EntityFrameworkCore.ChangeTracking.Internal.StateManager.SaveChangesAsync(StateManager stateManager, Boolean acceptAllChangesOnSuccess, CancellationToken cancellationToken)
   at Npgsql.EntityFrameworkCore.PostgreSQL.Storage.Internal.NpgsqlExecutionStrategy.ExecuteAsync[TState,TResult](TState state, Func`4 operation, Func`4 verifySucceeded, CancellationToken cancellationToken)
   at Microsoft.EntityFrameworkCore.DbContext.SaveChangesAsync(Boolean acceptAllChangesOnSuccess, CancellationToken cancellationToken)
   at Microsoft.EntityFrameworkCore.DbContext.SaveChangesAsync(Boolean acceptAllChangesOnSuccess, CancellationToken cancellationToken)
   at AppWeaver.Repository.EfCore.EfUnitOfWorkBase`1.SaveChangesAsync(CancellationToken ct)
   at BytesRewards.Service.Features.Users.CreateUser.CreateUserCommandHandler.Handle(CreateUserCommand request, CancellationToken ct) in C:\Users\MariyaAF\Desktop\BytesRewards\BytesRewards\src\BytesRewards.Service\Users\Features\AddUser\CreateUserCommandHandler.cs:line 63
   at AppWeaver.Mediator.Behaviors.FluentValidationBehavior`2.Handle(TCommand request, CancellationToken ct, Next`1 next)
   at AppWeaver.Mediator.Behaviors.LoggingBehavior`2.Handle(TRequest request, CancellationToken ct, Next`1 next)
   at BytesRewards.Service.Features.Users.CreateUser.CreateUserEndpoint.ExecuteAsync(CreateUserRequest req, CancellationToken ct) in C:\Users\MariyaAF\Desktop\BytesRewards\BytesRewards\src\BytesRewards.Service\Users\Features\AddUser\CreateUserEndpoint.cs:line 35
   at AppWeaver.FastEndpoint.SecureFastEndpoint`2.HandleAsync(TRequest req, CancellationToken ct)
   at FastEndpoints.Endpoint`2.ExecAsync(CancellationToken ct)
   at FastEndpoints.Endpoint`2.ExecAsync(CancellationToken ct)
   at Microsoft.AspNetCore.Routing.EndpointMiddleware.<Invoke>g__AwaitRequestTask|7_0(Endpoint endpoint, Task requestTask, ILogger logger)
   at NSwag.AspNetCore.Middlewares.SwaggerUiIndexMiddleware.Invoke(HttpContext context)
   at NSwag.AspNetCore.Middlewares.RedirectToIndexMiddleware.Invoke(HttpContext context)
   at NSwag.AspNetCore.Middlewares.OpenApiDocumentMiddleware.Invoke(HttpContext context)
   at Microsoft.AspNetCore.Authorization.AuthorizationMiddleware.Invoke(HttpContext context)
   at Microsoft.AspNetCore.Authentication.AuthenticationMiddleware.Invoke(HttpContext context)
   at Microsoft.AspNetCore.Diagnostics.ExceptionHandlerMiddlewareImpl.<Invoke>g__Awaited|10_0(ExceptionHandlerMiddlewareImpl middleware, HttpContext context, Task task)
[16:27:06 INF] CORS policy execution successful. { EventId: { Id: 4, Name: "PolicySuccess" }, SourceContext: "Microsoft.AspNetCore.Cors.Infrastructure.CorsService", RequestId: "0HNLR2IPF7RT4:00000001", RequestPath: "/users", ConnectionId: "0HNLR2IPF7RT4" }

[16:27:06 INF] Executing endpoint 'HTTP: POST /users' { EventId: { Name: "ExecutingEndpoint" }, SourceContext: "Microsoft.AspNetCore.Routing.EndpointMiddleware", RequestId: "0HNLR2IPF7RT4:00000001", RequestPath: "/users", ConnectionId: "0HNLR2IPF7RT4" }

[16:27:06 INF] Handling CreateUserCommand { SourceContext: "AppWeaver.Mediator.Behaviors.LoggingBehavior", RequestId: "0HNLR2IPF7RT4:00000001", RequestPath: "/users", ConnectionId: "0HNLR2IPF7RT4" }

[16:27:06 ERR] Failed executing DbCommand (2ms) [Parameters=[@p0='?' (DbType = Guid), @p1='?' (DbType = DateTime), @p2='?' (DbType = Guid), @p3='?', @p4='?', @p5='?', @p6='?', @p7='?' (DbType = Boolean), @p8='?', @p9='?', @p10='?', @p11='?', @p12='?' (DbType = Guid), @p13='?' (DbType = Int32), @p14='?' (DbType = DateTime)], CommandType='"Text"', CommandTimeout='30']
INSERT INTO "Users" ("Id", "CreatedAt", "DepartmentId", "Designation", "Email", "EmployeeId", "FirstName", "IsActive", "KeycloakUserId", "LastName", "PhoneNumber", "ProfileImageUrl", "RoleId", "TotalBytes", "UpdatedAt")
VALUES (@p0, @p1, @p2, @p3, @p4, @p5, @p6, @p7, @p8, @p9, @p10, @p11, @p12, @p13, @p14); { EventId: { Id: 20102, Name: "Microsoft.EntityFrameworkCore.Database.Command.CommandError" }, SourceContext: "Microsoft.EntityFrameworkCore.Database.Command", RequestId: "0HNLR2IPF7RT4:00000001", RequestPath: "/users", ConnectionId: "0HNLR2IPF7RT4" }

[16:27:06 ERR] An exception occurred in the database while saving changes for context type 'BytesRewards.Service.Infrastructure.ApplicationDbContext'.
Microsoft.EntityFrameworkCore.DbUpdateException: An error occurred while saving the entity changes. See the inner exception for details.
 ---> Npgsql.PostgresException (0x80004005): 23503: insert or update on table "Users" violates foreign key constraint "FK_Users_Departments_DepartmentId"

DETAIL: Detail redacted as it may contain sensitive data. Specify 'Include Error Detail' in the connection string to include this information.
   at Npgsql.Internal.NpgsqlConnector.ReadMessageLong(Boolean async, DataRowLoadingMode dataRowLoadingMode, Boolean readingNotifications, Boolean isReadingPrependedMessage)
   at System.Runtime.CompilerServices.PoolingAsyncValueTaskMethodBuilder`1.StateMachineBox`1.System.Threading.Tasks.Sources.IValueTaskSource<TResult>.GetResult(Int16 token)
   at Npgsql.NpgsqlDataReader.NextResult(Boolean async, Boolean isConsuming, CancellationToken cancellationToken)
   at Npgsql.NpgsqlDataReader.NextResult(Boolean async, Boolean isConsuming, CancellationToken cancellationToken)
   at Npgsql.NpgsqlCommand.ExecuteReader(Boolean async, CommandBehavior behavior, CancellationToken cancellationToken)
   at Npgsql.NpgsqlCommand.ExecuteReader(Boolean async, CommandBehavior behavior, CancellationToken cancellationToken)
   at Npgsql.NpgsqlCommand.ExecuteDbDataReaderAsync(CommandBehavior behavior, CancellationToken cancellationToken)
   at Microsoft.EntityFrameworkCore.Storage.RelationalCommand.ExecuteReaderAsync(RelationalCommandParameterObject parameterObject, CancellationToken cancellationToken)
   at Microsoft.EntityFrameworkCore.Storage.RelationalCommand.ExecuteReaderAsync(RelationalCommandParameterObject parameterObject, CancellationToken cancellationToken)
   at Microsoft.EntityFrameworkCore.Update.ReaderModificationCommandBatch.ExecuteAsync(IRelationalConnection connection, CancellationToken cancellationToken)
  Exception data:
    Severity: ERROR
    SqlState: 23503
    MessageText: insert or update on table "Users" violates foreign key constraint "FK_Users_Departments_DepartmentId"
    Detail: Detail redacted as it may contain sensitive data. Specify 'Include Error Detail' in the connection string to include this information.
    SchemaName: public
    TableName: Users
    ConstraintName: FK_Users_Departments_DepartmentId
    File: ri_triggers.c
    Line: 2599
    Routine: ri_ReportViolation
   --- End of inner exception stack trace ---
   at Microsoft.EntityFrameworkCore.Update.ReaderModificationCommandBatch.ExecuteAsync(IRelationalConnection connection, CancellationToken cancellationToken)
   at Microsoft.EntityFrameworkCore.Update.Internal.BatchExecutor.ExecuteAsync(IEnumerable`1 commandBatches, IRelationalConnection connection, CancellationToken cancellationToken)
   at Microsoft.EntityFrameworkCore.Update.Internal.BatchExecutor.ExecuteAsync(IEnumerable`1 commandBatches, IRelationalConnection connection, CancellationToken cancellationToken)
   at Microsoft.EntityFrameworkCore.Update.Internal.BatchExecutor.ExecuteAsync(IEnumerable`1 commandBatches, IRelationalConnection connection, CancellationToken cancellationToken)
   at Microsoft.EntityFrameworkCore.Storage.RelationalDatabase.SaveChangesAsync(IList`1 entries, CancellationToken cancellationToken)
   at Microsoft.EntityFrameworkCore.ChangeTracking.Internal.StateManager.SaveChangesAsync(IList`1 entriesToSave, CancellationToken cancellationToken)
   at Microsoft.EntityFrameworkCore.ChangeTracking.Internal.StateManager.SaveChangesAsync(StateManager stateManager, Boolean acceptAllChangesOnSuccess, CancellationToken cancellationToken)
   at Npgsql.EntityFrameworkCore.PostgreSQL.Storage.Internal.NpgsqlExecutionStrategy.ExecuteAsync[TState,TResult](TState state, Func`4 operation, Func`4 verifySucceeded, CancellationToken cancellationToken)
   at Microsoft.EntityFrameworkCore.DbContext.SaveChangesAsync(Boolean acceptAllChangesOnSuccess, CancellationToken cancellationToken) { EventId: { Id: 10000, Name: "Microsoft.EntityFrameworkCore.Update.SaveChangesFailed" }, SourceContext: "Microsoft.EntityFrameworkCore.Update", RequestId: "0HNLR2IPF7RT4:00000001", RequestPath: "/users", ConnectionId: "0HNLR2IPF7RT4" }

Microsoft.EntityFrameworkCore.DbUpdateException: An error occurred while saving the entity changes. See the inner exception for details.
 ---> Npgsql.PostgresException (0x80004005): 23503: insert or update on table "Users" violates foreign key constraint "FK_Users_Departments_DepartmentId"

DETAIL: Detail redacted as it may contain sensitive data. Specify 'Include Error Detail' in the connection string to include this information.
   at Npgsql.Internal.NpgsqlConnector.ReadMessageLong(Boolean async, DataRowLoadingMode dataRowLoadingMode, Boolean readingNotifications, Boolean isReadingPrependedMessage)
   at System.Runtime.CompilerServices.PoolingAsyncValueTaskMethodBuilder`1.StateMachineBox`1.System.Threading.Tasks.Sources.IValueTaskSource<TResult>.GetResult(Int16 token)
   at Npgsql.NpgsqlDataReader.NextResult(Boolean async, Boolean isConsuming, CancellationToken cancellationToken)
   at Npgsql.NpgsqlDataReader.NextResult(Boolean async, Boolean isConsuming, CancellationToken cancellationToken)
   at Npgsql.NpgsqlCommand.ExecuteReader(Boolean async, CommandBehavior behavior, CancellationToken cancellationToken)
   at Npgsql.NpgsqlCommand.ExecuteReader(Boolean async, CommandBehavior behavior, CancellationToken cancellationToken)
   at Npgsql.NpgsqlCommand.ExecuteDbDataReaderAsync(CommandBehavior behavior, CancellationToken cancellationToken)
   at Microsoft.EntityFrameworkCore.Storage.RelationalCommand.ExecuteReaderAsync(RelationalCommandParameterObject parameterObject, CancellationToken cancellationToken)
   at Microsoft.EntityFrameworkCore.Storage.RelationalCommand.ExecuteReaderAsync(RelationalCommandParameterObject parameterObject, CancellationToken cancellationToken)
   at Microsoft.EntityFrameworkCore.Update.ReaderModificationCommandBatch.ExecuteAsync(IRelationalConnection connection, CancellationToken cancellationToken)
  Exception data:
    Severity: ERROR
    SqlState: 23503
    MessageText: insert or update on table "Users" violates foreign key constraint "FK_Users_Departments_DepartmentId"
    Detail: Detail redacted as it may contain sensitive data. Specify 'Include Error Detail' in the connection string to include this information.
    SchemaName: public
    TableName: Users
    ConstraintName: FK_Users_Departments_DepartmentId
    File: ri_triggers.c
    Line: 2599
    Routine: ri_ReportViolation
   --- End of inner exception stack trace ---
   at Microsoft.EntityFrameworkCore.Update.ReaderModificationCommandBatch.ExecuteAsync(IRelationalConnection connection, CancellationToken cancellationToken)
   at Microsoft.EntityFrameworkCore.Update.Internal.BatchExecutor.ExecuteAsync(IEnumerable`1 commandBatches, IRelationalConnection connection, CancellationToken cancellationToken)
   at Microsoft.EntityFrameworkCore.Update.Internal.BatchExecutor.ExecuteAsync(IEnumerable`1 commandBatches, IRelationalConnection connection, CancellationToken cancellationToken)
   at Microsoft.EntityFrameworkCore.Update.Internal.BatchExecutor.ExecuteAsync(IEnumerable`1 commandBatches, IRelationalConnection connection, CancellationToken cancellationToken)
   at Microsoft.EntityFrameworkCore.Storage.RelationalDatabase.SaveChangesAsync(IList`1 entries, CancellationToken cancellationToken)
   at Microsoft.EntityFrameworkCore.ChangeTracking.Internal.StateManager.SaveChangesAsync(IList`1 entriesToSave, CancellationToken cancellationToken)
   at Microsoft.EntityFrameworkCore.ChangeTracking.Internal.StateManager.SaveChangesAsync(StateManager stateManager, Boolean acceptAllChangesOnSuccess, CancellationToken cancellationToken)
   at Npgsql.EntityFrameworkCore.PostgreSQL.Storage.Internal.NpgsqlExecutionStrategy.ExecuteAsync[TState,TResult](TState state, Func`4 operation, Func`4 verifySucceeded, CancellationToken cancellationToken)
   at Microsoft.EntityFrameworkCore.DbContext.SaveChangesAsync(Boolean acceptAllChangesOnSuccess, CancellationToken cancellationToken)
[16:27:06 ERR] Error handling CreateUserCommand { SourceContext: "AppWeaver.Mediator.Behaviors.LoggingBehavior", RequestId: "0HNLR2IPF7RT4:00000001", RequestPath: "/users", ConnectionId: "0HNLR2IPF7RT4" }

Microsoft.EntityFrameworkCore.DbUpdateException: An error occurred while saving the entity changes. See the inner exception for details.
 ---> Npgsql.PostgresException (0x80004005): 23503: insert or update on table "Users" violates foreign key constraint "FK_Users_Departments_DepartmentId"

DETAIL: Detail redacted as it may contain sensitive data. Specify 'Include Error Detail' in the connection string to include this information.
   at Npgsql.Internal.NpgsqlConnector.ReadMessageLong(Boolean async, DataRowLoadingMode dataRowLoadingMode, Boolean readingNotifications, Boolean isReadingPrependedMessage)
   at System.Runtime.CompilerServices.PoolingAsyncValueTaskMethodBuilder`1.StateMachineBox`1.System.Threading.Tasks.Sources.IValueTaskSource<TResult>.GetResult(Int16 token)
   at Npgsql.NpgsqlDataReader.NextResult(Boolean async, Boolean isConsuming, CancellationToken cancellationToken)
   at Npgsql.NpgsqlDataReader.NextResult(Boolean async, Boolean isConsuming, CancellationToken cancellationToken)
   at Npgsql.NpgsqlCommand.ExecuteReader(Boolean async, CommandBehavior behavior, CancellationToken cancellationToken)
   at Npgsql.NpgsqlCommand.ExecuteReader(Boolean async, CommandBehavior behavior, CancellationToken cancellationToken)
   at Npgsql.NpgsqlCommand.ExecuteDbDataReaderAsync(CommandBehavior behavior, CancellationToken cancellationToken)
   at Microsoft.EntityFrameworkCore.Storage.RelationalCommand.ExecuteReaderAsync(RelationalCommandParameterObject parameterObject, CancellationToken cancellationToken)
   at Microsoft.EntityFrameworkCore.Storage.RelationalCommand.ExecuteReaderAsync(RelationalCommandParameterObject parameterObject, CancellationToken cancellationToken)
   at Microsoft.EntityFrameworkCore.Update.ReaderModificationCommandBatch.ExecuteAsync(IRelationalConnection connection, CancellationToken cancellationToken)
  Exception data:
    Severity: ERROR
    SqlState: 23503
    MessageText: insert or update on table "Users" violates foreign key constraint "FK_Users_Departments_DepartmentId"
    Detail: Detail redacted as it may contain sensitive data. Specify 'Include Error Detail' in the connection string to include this information.
    SchemaName: public
    TableName: Users
    ConstraintName: FK_Users_Departments_DepartmentId
    File: ri_triggers.c
    Line: 2599
    Routine: ri_ReportViolation
   --- End of inner exception stack trace ---
   at Microsoft.EntityFrameworkCore.Update.ReaderModificationCommandBatch.ExecuteAsync(IRelationalConnection connection, CancellationToken cancellationToken)
   at Microsoft.EntityFrameworkCore.Update.Internal.BatchExecutor.ExecuteAsync(IEnumerable`1 commandBatches, IRelationalConnection connection, CancellationToken cancellationToken)
   at Microsoft.EntityFrameworkCore.Update.Internal.BatchExecutor.ExecuteAsync(IEnumerable`1 commandBatches, IRelationalConnection connection, CancellationToken cancellationToken)
   at Microsoft.EntityFrameworkCore.Update.Internal.BatchExecutor.ExecuteAsync(IEnumerable`1 commandBatches, IRelationalConnection connection, CancellationToken cancellationToken)
   at Microsoft.EntityFrameworkCore.Storage.RelationalDatabase.SaveChangesAsync(IList`1 entries, CancellationToken cancellationToken)
   at Microsoft.EntityFrameworkCore.ChangeTracking.Internal.StateManager.SaveChangesAsync(IList`1 entriesToSave, CancellationToken cancellationToken)
   at Microsoft.EntityFrameworkCore.ChangeTracking.Internal.StateManager.SaveChangesAsync(StateManager stateManager, Boolean acceptAllChangesOnSuccess, CancellationToken cancellationToken)
   at Npgsql.EntityFrameworkCore.PostgreSQL.Storage.Internal.NpgsqlExecutionStrategy.ExecuteAsync[TState,TResult](TState state, Func`4 operation, Func`4 verifySucceeded, CancellationToken cancellationToken)
   at Microsoft.EntityFrameworkCore.DbContext.SaveChangesAsync(Boolean acceptAllChangesOnSuccess, CancellationToken cancellationToken)
   at Microsoft.EntityFrameworkCore.DbContext.SaveChangesAsync(Boolean acceptAllChangesOnSuccess, CancellationToken cancellationToken)
   at AppWeaver.Repository.EfCore.EfUnitOfWorkBase`1.SaveChangesAsync(CancellationToken ct)
   at BytesRewards.Service.Features.Users.CreateUser.CreateUserCommandHandler.Handle(CreateUserCommand request, CancellationToken ct) in C:\Users\MariyaAF\Desktop\BytesRewards\BytesRewards\src\BytesRewards.Service\Users\Features\AddUser\CreateUserCommandHandler.cs:line 63
   at AppWeaver.Mediator.Behaviors.FluentValidationBehavior`2.Handle(TCommand request, CancellationToken ct, Next`1 next)
   at AppWeaver.Mediator.Behaviors.LoggingBehavior`2.Handle(TRequest request, CancellationToken ct, Next`1 next)
[16:27:06 INF] Executed endpoint 'HTTP: POST /users' { EventId: { Id: 1, Name: "ExecutedEndpoint" }, SourceContext: "Microsoft.AspNetCore.Routing.EndpointMiddleware", RequestId: "0HNLR2IPF7RT4:00000001", RequestPath: "/users", ConnectionId: "0HNLR2IPF7RT4" }

[16:27:06 INF] Exception occurred: An error occurred while saving the entity changes. See the inner exception for details. { SourceContext: "MiddlewareLibrary.ExceptionHandling.ExceptionLogHandler", Environment: "Development", TraceId: "0HNLR2IPF7RT4:00000001", CorrelationId: "0HNLR2IPF7RT4:00000001", TenantId: "", ExceptionType: "DbUpdateException", RequestId: "0HNLR2IPF7RT4:00000001", RequestPath: "/users", ConnectionId: "0HNLR2IPF7RT4" }

Microsoft.EntityFrameworkCore.DbUpdateException: An error occurred while saving the entity changes. See the inner exception for details.
 ---> Npgsql.PostgresException (0x80004005): 23503: insert or update on table "Users" violates foreign key constraint "FK_Users_Departments_DepartmentId"

DETAIL: Detail redacted as it may contain sensitive data. Specify 'Include Error Detail' in the connection string to include this information.
   at Npgsql.Internal.NpgsqlConnector.ReadMessageLong(Boolean async, DataRowLoadingMode dataRowLoadingMode, Boolean readingNotifications, Boolean isReadingPrependedMessage)
   at System.Runtime.CompilerServices.PoolingAsyncValueTaskMethodBuilder`1.StateMachineBox`1.System.Threading.Tasks.Sources.IValueTaskSource<TResult>.GetResult(Int16 token)
   at Npgsql.NpgsqlDataReader.NextResult(Boolean async, Boolean isConsuming, CancellationToken cancellationToken)
   at Npgsql.NpgsqlDataReader.NextResult(Boolean async, Boolean isConsuming, CancellationToken cancellationToken)
   at Npgsql.NpgsqlCommand.ExecuteReader(Boolean async, CommandBehavior behavior, CancellationToken cancellationToken)
   at Npgsql.NpgsqlCommand.ExecuteReader(Boolean async, CommandBehavior behavior, CancellationToken cancellationToken)
   at Npgsql.NpgsqlCommand.ExecuteDbDataReaderAsync(CommandBehavior behavior, CancellationToken cancellationToken)
   at Microsoft.EntityFrameworkCore.Storage.RelationalCommand.ExecuteReaderAsync(RelationalCommandParameterObject parameterObject, CancellationToken cancellationToken)
   at Microsoft.EntityFrameworkCore.Storage.RelationalCommand.ExecuteReaderAsync(RelationalCommandParameterObject parameterObject, CancellationToken cancellationToken)
   at Microsoft.EntityFrameworkCore.Update.ReaderModificationCommandBatch.ExecuteAsync(IRelationalConnection connection, CancellationToken cancellationToken)
  Exception data:
    Severity: ERROR
    SqlState: 23503
    MessageText: insert or update on table "Users" violates foreign key constraint "FK_Users_Departments_DepartmentId"
    Detail: Detail redacted as it may contain sensitive data. Specify 'Include Error Detail' in the connection string to include this information.
    SchemaName: public
    TableName: Users
    ConstraintName: FK_Users_Departments_DepartmentId
    File: ri_triggers.c
    Line: 2599
    Routine: ri_ReportViolation
   --- End of inner exception stack trace ---
   at Microsoft.EntityFrameworkCore.Update.ReaderModificationCommandBatch.ExecuteAsync(IRelationalConnection connection, CancellationToken cancellationToken)
   at Microsoft.EntityFrameworkCore.Update.Internal.BatchExecutor.ExecuteAsync(IEnumerable`1 commandBatches, IRelationalConnection connection, CancellationToken cancellationToken)
   at Microsoft.EntityFrameworkCore.Update.Internal.BatchExecutor.ExecuteAsync(IEnumerable`1 commandBatches, IRelationalConnection connection, CancellationToken cancellationToken)
   at Microsoft.EntityFrameworkCore.Update.Internal.BatchExecutor.ExecuteAsync(IEnumerable`1 commandBatches, IRelationalConnection connection, CancellationToken cancellationToken)
   at Microsoft.EntityFrameworkCore.Storage.RelationalDatabase.SaveChangesAsync(IList`1 entries, CancellationToken cancellationToken)
   at Microsoft.EntityFrameworkCore.ChangeTracking.Internal.StateManager.SaveChangesAsync(IList`1 entriesToSave, CancellationToken cancellationToken)
   at Microsoft.EntityFrameworkCore.ChangeTracking.Internal.StateManager.SaveChangesAsync(StateManager stateManager, Boolean acceptAllChangesOnSuccess, CancellationToken cancellationToken)
   at Npgsql.EntityFrameworkCore.PostgreSQL.Storage.Internal.NpgsqlExecutionStrategy.ExecuteAsync[TState,TResult](TState state, Func`4 operation, Func`4 verifySucceeded, CancellationToken cancellationToken)
   at Microsoft.EntityFrameworkCore.DbContext.SaveChangesAsync(Boolean acceptAllChangesOnSuccess, CancellationToken cancellationToken)
   at Microsoft.EntityFrameworkCore.DbContext.SaveChangesAsync(Boolean acceptAllChangesOnSuccess, CancellationToken cancellationToken)
   at AppWeaver.Repository.EfCore.EfUnitOfWorkBase`1.SaveChangesAsync(CancellationToken ct)
   at BytesRewards.Service.Features.Users.CreateUser.CreateUserCommandHandler.Handle(CreateUserCommand request, CancellationToken ct) in C:\Users\MariyaAF\Desktop\BytesRewards\BytesRewards\src\BytesRewards.Service\Users\Features\AddUser\CreateUserCommandHandler.cs:line 63
   at AppWeaver.Mediator.Behaviors.FluentValidationBehavior`2.Handle(TCommand request, CancellationToken ct, Next`1 next)
   at AppWeaver.Mediator.Behaviors.LoggingBehavior`2.Handle(TRequest request, CancellationToken ct, Next`1 next)
   at BytesRewards.Service.Features.Users.CreateUser.CreateUserEndpoint.ExecuteAsync(CreateUserRequest req, CancellationToken ct) in C:\Users\MariyaAF\Desktop\BytesRewards\BytesRewards\src\BytesRewards.Service\Users\Features\AddUser\CreateUserEndpoint.cs:line 35
   at AppWeaver.FastEndpoint.SecureFastEndpoint`2.HandleAsync(TRequest req, CancellationToken ct)
   at FastEndpoints.Endpoint`2.ExecAsync(CancellationToken ct)
   at FastEndpoints.Endpoint`2.ExecAsync(CancellationToken ct)
   at Microsoft.AspNetCore.Routing.EndpointMiddleware.<Invoke>g__AwaitRequestTask|7_0(Endpoint endpoint, Task requestTask, ILogger logger)
   at NSwag.AspNetCore.Middlewares.SwaggerUiIndexMiddleware.Invoke(HttpContext context)
   at NSwag.AspNetCore.Middlewares.RedirectToIndexMiddleware.Invoke(HttpContext context)
   at NSwag.AspNetCore.Middlewares.OpenApiDocumentMiddleware.Invoke(HttpContext context)
   at Microsoft.AspNetCore.Authorization.AuthorizationMiddleware.Invoke(HttpContext context)
   at Microsoft.AspNetCore.Authentication.AuthenticationMiddleware.Invoke(HttpContext context)
   at Microsoft.AspNetCore.Diagnostics.ExceptionHandlerMiddlewareImpl.<Invoke>g__Awaited|10_0(ExceptionHandlerMiddlewareImpl middleware, HttpContext context, Task task)
[16:27:33 INF] Application is shutting down... { SourceContext: "Microsoft.Hosting.Lifetime" }

[16:27:46 INF] No migrations were applied. The database is already up to date. { EventId: { Id: 20405, Name: "Microsoft.EntityFrameworkCore.Migrations.MigrationsNotApplied" }, SourceContext: "Microsoft.EntityFrameworkCore.Migrations" }

[16:27:46 INF] Registered 2 endpoints in 1,337 milliseconds. { EventId: { Id: 1, Name: "EndpointsRegistered" }, SourceContext: "FastEndpoints.StartupTimer" }

[16:27:47 INF] No validators found in the system! { EventId: { Id: 1, Name: "NoValidatorsFound" }, SourceContext: "FastEndpoints.Swagger.ValidationSchemaProcessor" }

[16:27:47 INF] User profile is available. Using 'C:\Users\MariyaAF\AppData\Local\ASP.NET\DataProtection-Keys' as key repository and Windows DPAPI to encrypt keys at rest. { EventId: { Id: 63, Name: "UsingProfileAsKeyRepositoryWithDPAPI" }, SourceContext: "Microsoft.AspNetCore.DataProtection.KeyManagement.XmlKeyManager" }

[16:27:47 WRN] The property 'AuditLog.Metadata' is a collection or enumeration type with a value converter but with no value comparer. Set a value comparer to ensure the collection/enumeration elements are compared correctly. { EventId: { Id: 10620, Name: "Microsoft.EntityFrameworkCore.Model.Validation.CollectionWithoutComparer" }, SourceContext: "Microsoft.EntityFrameworkCore.Model.Validation" }

[16:27:47 INF] No migrations were found in assembly 'BytesRewards.Service'. A migration needs to be added before the database can be updated. { EventId: { Id: 20406, Name: "Microsoft.EntityFrameworkCore.Migrations.MigrationsNotFound" }, SourceContext: "Microsoft.EntityFrameworkCore.Migrations" }

[16:27:47 INF] No migrations were applied. The database is already up to date. { EventId: { Id: 20405, Name: "Microsoft.EntityFrameworkCore.Migrations.MigrationsNotApplied" }, SourceContext: "Microsoft.EntityFrameworkCore.Migrations" }

[16:27:47 INF] Now listening on: http://localhost:62100 { EventId: { Id: 14, Name: "ListeningOnAddress" }, SourceContext: "Microsoft.Hosting.Lifetime" }

[16:27:47 INF] Application started. Press Ctrl+C to shut down. { SourceContext: "Microsoft.Hosting.Lifetime" }

[16:27:47 INF] Hosting environment: Development { SourceContext: "Microsoft.Hosting.Lifetime" }

[16:27:47 INF] Content root path: C:\Users\MariyaAF\Desktop\BytesRewards\BytesRewards\src\BytesRewards.Service { SourceContext: "Microsoft.Hosting.Lifetime" }

[16:28:29 INF] Executing endpoint 'HTTP: GET /' { EventId: { Name: "ExecutingEndpoint" }, SourceContext: "Microsoft.AspNetCore.Routing.EndpointMiddleware", RequestId: "0HNLR2MS1HE59:00000001", RequestPath: "/", ConnectionId: "0HNLR2MS1HE59" }

[16:28:29 INF] Executing RedirectResult, redirecting to /swagger. { EventId: { Id: 1, Name: "RedirectResultExecuting" }, SourceContext: "Microsoft.AspNetCore.Http.Result.RedirectResult", RequestId: "0HNLR2MS1HE59:00000001", RequestPath: "/", ConnectionId: "0HNLR2MS1HE59" }

[16:28:29 INF] Executed endpoint 'HTTP: GET /' { EventId: { Id: 1, Name: "ExecutedEndpoint" }, SourceContext: "Microsoft.AspNetCore.Routing.EndpointMiddleware", RequestId: "0HNLR2MS1HE59:00000001", RequestPath: "/", ConnectionId: "0HNLR2MS1HE59" }

[16:28:30 INF] No action descriptors found. This may indicate an incorrectly configured application or missing application parts. To learn more, visit https://aka.ms/aspnet/mvc/app-parts { EventId: { Id: 1, Name: "NoActionDescriptors" }, SourceContext: "Microsoft.AspNetCore.Mvc.Infrastructure.DefaultActionDescriptorCollectionProvider", RequestId: "0HNLR2MS1HE59:00000004", RequestPath: "/swagger/v1/swagger.json", ConnectionId: "0HNLR2MS1HE59" }

[16:28:48 INF] CORS policy execution successful. { EventId: { Id: 4, Name: "PolicySuccess" }, SourceContext: "Microsoft.AspNetCore.Cors.Infrastructure.CorsService", RequestId: "0HNLR2MS1HE59:00000005", RequestPath: "/users", ConnectionId: "0HNLR2MS1HE59" }

[16:28:48 INF] Executing endpoint 'HTTP: POST /users' { EventId: { Name: "ExecutingEndpoint" }, SourceContext: "Microsoft.AspNetCore.Routing.EndpointMiddleware", RequestId: "0HNLR2MS1HE59:00000005", RequestPath: "/users", ConnectionId: "0HNLR2MS1HE59" }

[16:28:48 INF] Handling CreateUserCommand { SourceContext: "AppWeaver.Mediator.Behaviors.LoggingBehavior", RequestId: "0HNLR2MS1HE59:00000005", RequestPath: "/users", ConnectionId: "0HNLR2MS1HE59" }

[16:28:49 ERR] Failed executing DbCommand (30ms) [Parameters=[@p0='?' (DbType = Guid), @p1='?' (DbType = DateTime), @p2='?' (DbType = Guid), @p3='?', @p4='?', @p5='?', @p6='?', @p7='?' (DbType = Boolean), @p8='?', @p9='?', @p10='?', @p11='?', @p12='?' (DbType = Guid), @p13='?' (DbType = Int32), @p14='?' (DbType = DateTime)], CommandType='"Text"', CommandTimeout='30']
INSERT INTO "Users" ("Id", "CreatedAt", "DepartmentId", "Designation", "Email", "EmployeeId", "FirstName", "IsActive", "KeycloakUserId", "LastName", "PhoneNumber", "ProfileImageUrl", "RoleId", "TotalBytes", "UpdatedAt")
VALUES (@p0, @p1, @p2, @p3, @p4, @p5, @p6, @p7, @p8, @p9, @p10, @p11, @p12, @p13, @p14); { EventId: { Id: 20102, Name: "Microsoft.EntityFrameworkCore.Database.Command.CommandError" }, SourceContext: "Microsoft.EntityFrameworkCore.Database.Command", RequestId: "0HNLR2MS1HE59:00000005", RequestPath: "/users", ConnectionId: "0HNLR2MS1HE59" }

[16:28:49 ERR] An exception occurred in the database while saving changes for context type 'BytesRewards.Service.Infrastructure.ApplicationDbContext'.
Microsoft.EntityFrameworkCore.DbUpdateException: An error occurred while saving the entity changes. See the inner exception for details.
 ---> Npgsql.PostgresException (0x80004005): 23503: insert or update on table "Users" violates foreign key constraint "FK_Users_Departments_DepartmentId"

DETAIL: Detail redacted as it may contain sensitive data. Specify 'Include Error Detail' in the connection string to include this information.
   at Npgsql.Internal.NpgsqlConnector.ReadMessageLong(Boolean async, DataRowLoadingMode dataRowLoadingMode, Boolean readingNotifications, Boolean isReadingPrependedMessage)
   at System.Runtime.CompilerServices.PoolingAsyncValueTaskMethodBuilder`1.StateMachineBox`1.System.Threading.Tasks.Sources.IValueTaskSource<TResult>.GetResult(Int16 token)
   at Npgsql.NpgsqlDataReader.NextResult(Boolean async, Boolean isConsuming, CancellationToken cancellationToken)
   at Npgsql.NpgsqlDataReader.NextResult(Boolean async, Boolean isConsuming, CancellationToken cancellationToken)
   at Npgsql.NpgsqlCommand.ExecuteReader(Boolean async, CommandBehavior behavior, CancellationToken cancellationToken)
   at Npgsql.NpgsqlCommand.ExecuteReader(Boolean async, CommandBehavior behavior, CancellationToken cancellationToken)
   at Npgsql.NpgsqlCommand.ExecuteDbDataReaderAsync(CommandBehavior behavior, CancellationToken cancellationToken)
   at Microsoft.EntityFrameworkCore.Storage.RelationalCommand.ExecuteReaderAsync(RelationalCommandParameterObject parameterObject, CancellationToken cancellationToken)
   at Microsoft.EntityFrameworkCore.Storage.RelationalCommand.ExecuteReaderAsync(RelationalCommandParameterObject parameterObject, CancellationToken cancellationToken)
   at Microsoft.EntityFrameworkCore.Update.ReaderModificationCommandBatch.ExecuteAsync(IRelationalConnection connection, CancellationToken cancellationToken)
  Exception data:
    Severity: ERROR
    SqlState: 23503
    MessageText: insert or update on table "Users" violates foreign key constraint "FK_Users_Departments_DepartmentId"
    Detail: Detail redacted as it may contain sensitive data. Specify 'Include Error Detail' in the connection string to include this information.
    SchemaName: public
    TableName: Users
    ConstraintName: FK_Users_Departments_DepartmentId
    File: ri_triggers.c
    Line: 2599
    Routine: ri_ReportViolation
   --- End of inner exception stack trace ---
   at Microsoft.EntityFrameworkCore.Update.ReaderModificationCommandBatch.ExecuteAsync(IRelationalConnection connection, CancellationToken cancellationToken)
   at Microsoft.EntityFrameworkCore.Update.Internal.BatchExecutor.ExecuteAsync(IEnumerable`1 commandBatches, IRelationalConnection connection, CancellationToken cancellationToken)
   at Microsoft.EntityFrameworkCore.Update.Internal.BatchExecutor.ExecuteAsync(IEnumerable`1 commandBatches, IRelationalConnection connection, CancellationToken cancellationToken)
   at Microsoft.EntityFrameworkCore.Update.Internal.BatchExecutor.ExecuteAsync(IEnumerable`1 commandBatches, IRelationalConnection connection, CancellationToken cancellationToken)
   at Microsoft.EntityFrameworkCore.Storage.RelationalDatabase.SaveChangesAsync(IList`1 entries, CancellationToken cancellationToken)
   at Microsoft.EntityFrameworkCore.ChangeTracking.Internal.StateManager.SaveChangesAsync(IList`1 entriesToSave, CancellationToken cancellationToken)
   at Microsoft.EntityFrameworkCore.ChangeTracking.Internal.StateManager.SaveChangesAsync(StateManager stateManager, Boolean acceptAllChangesOnSuccess, CancellationToken cancellationToken)
   at Npgsql.EntityFrameworkCore.PostgreSQL.Storage.Internal.NpgsqlExecutionStrategy.ExecuteAsync[TState,TResult](TState state, Func`4 operation, Func`4 verifySucceeded, CancellationToken cancellationToken)
   at Microsoft.EntityFrameworkCore.DbContext.SaveChangesAsync(Boolean acceptAllChangesOnSuccess, CancellationToken cancellationToken) { EventId: { Id: 10000, Name: "Microsoft.EntityFrameworkCore.Update.SaveChangesFailed" }, SourceContext: "Microsoft.EntityFrameworkCore.Update", RequestId: "0HNLR2MS1HE59:00000005", RequestPath: "/users", ConnectionId: "0HNLR2MS1HE59" }

Microsoft.EntityFrameworkCore.DbUpdateException: An error occurred while saving the entity changes. See the inner exception for details.
 ---> Npgsql.PostgresException (0x80004005): 23503: insert or update on table "Users" violates foreign key constraint "FK_Users_Departments_DepartmentId"

DETAIL: Detail redacted as it may contain sensitive data. Specify 'Include Error Detail' in the connection string to include this information.
   at Npgsql.Internal.NpgsqlConnector.ReadMessageLong(Boolean async, DataRowLoadingMode dataRowLoadingMode, Boolean readingNotifications, Boolean isReadingPrependedMessage)
   at System.Runtime.CompilerServices.PoolingAsyncValueTaskMethodBuilder`1.StateMachineBox`1.System.Threading.Tasks.Sources.IValueTaskSource<TResult>.GetResult(Int16 token)
   at Npgsql.NpgsqlDataReader.NextResult(Boolean async, Boolean isConsuming, CancellationToken cancellationToken)
   at Npgsql.NpgsqlDataReader.NextResult(Boolean async, Boolean isConsuming, CancellationToken cancellationToken)
   at Npgsql.NpgsqlCommand.ExecuteReader(Boolean async, CommandBehavior behavior, CancellationToken cancellationToken)
   at Npgsql.NpgsqlCommand.ExecuteReader(Boolean async, CommandBehavior behavior, CancellationToken cancellationToken)
   at Npgsql.NpgsqlCommand.ExecuteDbDataReaderAsync(CommandBehavior behavior, CancellationToken cancellationToken)
   at Microsoft.EntityFrameworkCore.Storage.RelationalCommand.ExecuteReaderAsync(RelationalCommandParameterObject parameterObject, CancellationToken cancellationToken)
   at Microsoft.EntityFrameworkCore.Storage.RelationalCommand.ExecuteReaderAsync(RelationalCommandParameterObject parameterObject, CancellationToken cancellationToken)
   at Microsoft.EntityFrameworkCore.Update.ReaderModificationCommandBatch.ExecuteAsync(IRelationalConnection connection, CancellationToken cancellationToken)
  Exception data:
    Severity: ERROR
    SqlState: 23503
    MessageText: insert or update on table "Users" violates foreign key constraint "FK_Users_Departments_DepartmentId"
    Detail: Detail redacted as it may contain sensitive data. Specify 'Include Error Detail' in the connection string to include this information.
    SchemaName: public
    TableName: Users
    ConstraintName: FK_Users_Departments_DepartmentId
    File: ri_triggers.c
    Line: 2599
    Routine: ri_ReportViolation
   --- End of inner exception stack trace ---
   at Microsoft.EntityFrameworkCore.Update.ReaderModificationCommandBatch.ExecuteAsync(IRelationalConnection connection, CancellationToken cancellationToken)
   at Microsoft.EntityFrameworkCore.Update.Internal.BatchExecutor.ExecuteAsync(IEnumerable`1 commandBatches, IRelationalConnection connection, CancellationToken cancellationToken)
   at Microsoft.EntityFrameworkCore.Update.Internal.BatchExecutor.ExecuteAsync(IEnumerable`1 commandBatches, IRelationalConnection connection, CancellationToken cancellationToken)
   at Microsoft.EntityFrameworkCore.Update.Internal.BatchExecutor.ExecuteAsync(IEnumerable`1 commandBatches, IRelationalConnection connection, CancellationToken cancellationToken)
   at Microsoft.EntityFrameworkCore.Storage.RelationalDatabase.SaveChangesAsync(IList`1 entries, CancellationToken cancellationToken)
   at Microsoft.EntityFrameworkCore.ChangeTracking.Internal.StateManager.SaveChangesAsync(IList`1 entriesToSave, CancellationToken cancellationToken)
   at Microsoft.EntityFrameworkCore.ChangeTracking.Internal.StateManager.SaveChangesAsync(StateManager stateManager, Boolean acceptAllChangesOnSuccess, CancellationToken cancellationToken)
   at Npgsql.EntityFrameworkCore.PostgreSQL.Storage.Internal.NpgsqlExecutionStrategy.ExecuteAsync[TState,TResult](TState state, Func`4 operation, Func`4 verifySucceeded, CancellationToken cancellationToken)
   at Microsoft.EntityFrameworkCore.DbContext.SaveChangesAsync(Boolean acceptAllChangesOnSuccess, CancellationToken cancellationToken)
[16:28:49 ERR] Error handling CreateUserCommand { SourceContext: "AppWeaver.Mediator.Behaviors.LoggingBehavior", RequestId: "0HNLR2MS1HE59:00000005", RequestPath: "/users", ConnectionId: "0HNLR2MS1HE59" }

Microsoft.EntityFrameworkCore.DbUpdateException: An error occurred while saving the entity changes. See the inner exception for details.
 ---> Npgsql.PostgresException (0x80004005): 23503: insert or update on table "Users" violates foreign key constraint "FK_Users_Departments_DepartmentId"

DETAIL: Detail redacted as it may contain sensitive data. Specify 'Include Error Detail' in the connection string to include this information.
   at Npgsql.Internal.NpgsqlConnector.ReadMessageLong(Boolean async, DataRowLoadingMode dataRowLoadingMode, Boolean readingNotifications, Boolean isReadingPrependedMessage)
   at System.Runtime.CompilerServices.PoolingAsyncValueTaskMethodBuilder`1.StateMachineBox`1.System.Threading.Tasks.Sources.IValueTaskSource<TResult>.GetResult(Int16 token)
   at Npgsql.NpgsqlDataReader.NextResult(Boolean async, Boolean isConsuming, CancellationToken cancellationToken)
   at Npgsql.NpgsqlDataReader.NextResult(Boolean async, Boolean isConsuming, CancellationToken cancellationToken)
   at Npgsql.NpgsqlCommand.ExecuteReader(Boolean async, CommandBehavior behavior, CancellationToken cancellationToken)
   at Npgsql.NpgsqlCommand.ExecuteReader(Boolean async, CommandBehavior behavior, CancellationToken cancellationToken)
   at Npgsql.NpgsqlCommand.ExecuteDbDataReaderAsync(CommandBehavior behavior, CancellationToken cancellationToken)
   at Microsoft.EntityFrameworkCore.Storage.RelationalCommand.ExecuteReaderAsync(RelationalCommandParameterObject parameterObject, CancellationToken cancellationToken)
   at Microsoft.EntityFrameworkCore.Storage.RelationalCommand.ExecuteReaderAsync(RelationalCommandParameterObject parameterObject, CancellationToken cancellationToken)
   at Microsoft.EntityFrameworkCore.Update.ReaderModificationCommandBatch.ExecuteAsync(IRelationalConnection connection, CancellationToken cancellationToken)
  Exception data:
    Severity: ERROR
    SqlState: 23503
    MessageText: insert or update on table "Users" violates foreign key constraint "FK_Users_Departments_DepartmentId"
    Detail: Detail redacted as it may contain sensitive data. Specify 'Include Error Detail' in the connection string to include this information.
    SchemaName: public
    TableName: Users
    ConstraintName: FK_Users_Departments_DepartmentId
    File: ri_triggers.c
    Line: 2599
    Routine: ri_ReportViolation
   --- End of inner exception stack trace ---
   at Microsoft.EntityFrameworkCore.Update.ReaderModificationCommandBatch.ExecuteAsync(IRelationalConnection connection, CancellationToken cancellationToken)
   at Microsoft.EntityFrameworkCore.Update.Internal.BatchExecutor.ExecuteAsync(IEnumerable`1 commandBatches, IRelationalConnection connection, CancellationToken cancellationToken)
   at Microsoft.EntityFrameworkCore.Update.Internal.BatchExecutor.ExecuteAsync(IEnumerable`1 commandBatches, IRelationalConnection connection, CancellationToken cancellationToken)
   at Microsoft.EntityFrameworkCore.Update.Internal.BatchExecutor.ExecuteAsync(IEnumerable`1 commandBatches, IRelationalConnection connection, CancellationToken cancellationToken)
   at Microsoft.EntityFrameworkCore.Storage.RelationalDatabase.SaveChangesAsync(IList`1 entries, CancellationToken cancellationToken)
   at Microsoft.EntityFrameworkCore.ChangeTracking.Internal.StateManager.SaveChangesAsync(IList`1 entriesToSave, CancellationToken cancellationToken)
   at Microsoft.EntityFrameworkCore.ChangeTracking.Internal.StateManager.SaveChangesAsync(StateManager stateManager, Boolean acceptAllChangesOnSuccess, CancellationToken cancellationToken)
   at Npgsql.EntityFrameworkCore.PostgreSQL.Storage.Internal.NpgsqlExecutionStrategy.ExecuteAsync[TState,TResult](TState state, Func`4 operation, Func`4 verifySucceeded, CancellationToken cancellationToken)
   at Microsoft.EntityFrameworkCore.DbContext.SaveChangesAsync(Boolean acceptAllChangesOnSuccess, CancellationToken cancellationToken)
   at Microsoft.EntityFrameworkCore.DbContext.SaveChangesAsync(Boolean acceptAllChangesOnSuccess, CancellationToken cancellationToken)
   at AppWeaver.Repository.EfCore.EfUnitOfWorkBase`1.SaveChangesAsync(CancellationToken ct)
   at BytesRewards.Service.Features.Users.CreateUser.CreateUserCommandHandler.Handle(CreateUserCommand request, CancellationToken ct) in C:\Users\MariyaAF\Desktop\BytesRewards\BytesRewards\src\BytesRewards.Service\Users\Features\AddUser\CreateUserCommandHandler.cs:line 110
   at AppWeaver.Mediator.Behaviors.FluentValidationBehavior`2.Handle(TCommand request, CancellationToken ct, Next`1 next)
   at AppWeaver.Mediator.Behaviors.LoggingBehavior`2.Handle(TRequest request, CancellationToken ct, Next`1 next)
[16:28:49 INF] Executed endpoint 'HTTP: POST /users' { EventId: { Id: 1, Name: "ExecutedEndpoint" }, SourceContext: "Microsoft.AspNetCore.Routing.EndpointMiddleware", RequestId: "0HNLR2MS1HE59:00000005", RequestPath: "/users", ConnectionId: "0HNLR2MS1HE59" }

[16:28:49 INF] Exception occurred: An error occurred while saving the entity changes. See the inner exception for details. { SourceContext: "MiddlewareLibrary.ExceptionHandling.ExceptionLogHandler", Environment: "Development", TraceId: "0HNLR2MS1HE59:00000005", CorrelationId: "0HNLR2MS1HE59:00000005", TenantId: "", ExceptionType: "DbUpdateException", RequestId: "0HNLR2MS1HE59:00000005", RequestPath: "/users", ConnectionId: "0HNLR2MS1HE59" }

Microsoft.EntityFrameworkCore.DbUpdateException: An error occurred while saving the entity changes. See the inner exception for details.
 ---> Npgsql.PostgresException (0x80004005): 23503: insert or update on table "Users" violates foreign key constraint "FK_Users_Departments_DepartmentId"

DETAIL: Detail redacted as it may contain sensitive data. Specify 'Include Error Detail' in the connection string to include this information.
   at Npgsql.Internal.NpgsqlConnector.ReadMessageLong(Boolean async, DataRowLoadingMode dataRowLoadingMode, Boolean readingNotifications, Boolean isReadingPrependedMessage)
   at System.Runtime.CompilerServices.PoolingAsyncValueTaskMethodBuilder`1.StateMachineBox`1.System.Threading.Tasks.Sources.IValueTaskSource<TResult>.GetResult(Int16 token)
   at Npgsql.NpgsqlDataReader.NextResult(Boolean async, Boolean isConsuming, CancellationToken cancellationToken)
   at Npgsql.NpgsqlDataReader.NextResult(Boolean async, Boolean isConsuming, CancellationToken cancellationToken)
   at Npgsql.NpgsqlCommand.ExecuteReader(Boolean async, CommandBehavior behavior, CancellationToken cancellationToken)
   at Npgsql.NpgsqlCommand.ExecuteReader(Boolean async, CommandBehavior behavior, CancellationToken cancellationToken)
   at Npgsql.NpgsqlCommand.ExecuteDbDataReaderAsync(CommandBehavior behavior, CancellationToken cancellationToken)
   at Microsoft.EntityFrameworkCore.Storage.RelationalCommand.ExecuteReaderAsync(RelationalCommandParameterObject parameterObject, CancellationToken cancellationToken)
   at Microsoft.EntityFrameworkCore.Storage.RelationalCommand.ExecuteReaderAsync(RelationalCommandParameterObject parameterObject, CancellationToken cancellationToken)
   at Microsoft.EntityFrameworkCore.Update.ReaderModificationCommandBatch.ExecuteAsync(IRelationalConnection connection, CancellationToken cancellationToken)
  Exception data:
    Severity: ERROR
    SqlState: 23503
    MessageText: insert or update on table "Users" violates foreign key constraint "FK_Users_Departments_DepartmentId"
    Detail: Detail redacted as it may contain sensitive data. Specify 'Include Error Detail' in the connection string to include this information.
    SchemaName: public
    TableName: Users
    ConstraintName: FK_Users_Departments_DepartmentId
    File: ri_triggers.c
    Line: 2599
    Routine: ri_ReportViolation
   --- End of inner exception stack trace ---
   at Microsoft.EntityFrameworkCore.Update.ReaderModificationCommandBatch.ExecuteAsync(IRelationalConnection connection, CancellationToken cancellationToken)
   at Microsoft.EntityFrameworkCore.Update.Internal.BatchExecutor.ExecuteAsync(IEnumerable`1 commandBatches, IRelationalConnection connection, CancellationToken cancellationToken)
   at Microsoft.EntityFrameworkCore.Update.Internal.BatchExecutor.ExecuteAsync(IEnumerable`1 commandBatches, IRelationalConnection connection, CancellationToken cancellationToken)
   at Microsoft.EntityFrameworkCore.Update.Internal.BatchExecutor.ExecuteAsync(IEnumerable`1 commandBatches, IRelationalConnection connection, CancellationToken cancellationToken)
   at Microsoft.EntityFrameworkCore.Storage.RelationalDatabase.SaveChangesAsync(IList`1 entries, CancellationToken cancellationToken)
   at Microsoft.EntityFrameworkCore.ChangeTracking.Internal.StateManager.SaveChangesAsync(IList`1 entriesToSave, CancellationToken cancellationToken)
   at Microsoft.EntityFrameworkCore.ChangeTracking.Internal.StateManager.SaveChangesAsync(StateManager stateManager, Boolean acceptAllChangesOnSuccess, CancellationToken cancellationToken)
   at Npgsql.EntityFrameworkCore.PostgreSQL.Storage.Internal.NpgsqlExecutionStrategy.ExecuteAsync[TState,TResult](TState state, Func`4 operation, Func`4 verifySucceeded, CancellationToken cancellationToken)
   at Microsoft.EntityFrameworkCore.DbContext.SaveChangesAsync(Boolean acceptAllChangesOnSuccess, CancellationToken cancellationToken)
   at Microsoft.EntityFrameworkCore.DbContext.SaveChangesAsync(Boolean acceptAllChangesOnSuccess, CancellationToken cancellationToken)
   at AppWeaver.Repository.EfCore.EfUnitOfWorkBase`1.SaveChangesAsync(CancellationToken ct)
   at BytesRewards.Service.Features.Users.CreateUser.CreateUserCommandHandler.Handle(CreateUserCommand request, CancellationToken ct) in C:\Users\MariyaAF\Desktop\BytesRewards\BytesRewards\src\BytesRewards.Service\Users\Features\AddUser\CreateUserCommandHandler.cs:line 110
   at AppWeaver.Mediator.Behaviors.FluentValidationBehavior`2.Handle(TCommand request, CancellationToken ct, Next`1 next)
   at AppWeaver.Mediator.Behaviors.LoggingBehavior`2.Handle(TRequest request, CancellationToken ct, Next`1 next)
   at BytesRewards.Service.Features.Users.CreateUser.CreateUserEndpoint.ExecuteAsync(CreateUserRequest req, CancellationToken ct) in C:\Users\MariyaAF\Desktop\BytesRewards\BytesRewards\src\BytesRewards.Service\Users\Features\AddUser\CreateUserEndpoint.cs:line 35
   at AppWeaver.FastEndpoint.SecureFastEndpoint`2.HandleAsync(TRequest req, CancellationToken ct)
   at FastEndpoints.Endpoint`2.ExecAsync(CancellationToken ct)
   at FastEndpoints.Endpoint`2.ExecAsync(CancellationToken ct)
   at Microsoft.AspNetCore.Routing.EndpointMiddleware.<Invoke>g__AwaitRequestTask|7_0(Endpoint endpoint, Task requestTask, ILogger logger)
   at NSwag.AspNetCore.Middlewares.SwaggerUiIndexMiddleware.Invoke(HttpContext context)
   at NSwag.AspNetCore.Middlewares.RedirectToIndexMiddleware.Invoke(HttpContext context)
   at NSwag.AspNetCore.Middlewares.OpenApiDocumentMiddleware.Invoke(HttpContext context)
   at Microsoft.AspNetCore.Authorization.AuthorizationMiddleware.Invoke(HttpContext context)
   at Microsoft.AspNetCore.Authentication.AuthenticationMiddleware.Invoke(HttpContext context)
   at Microsoft.AspNetCore.Diagnostics.ExceptionHandlerMiddlewareImpl.<Invoke>g__Awaited|10_0(ExceptionHandlerMiddlewareImpl middleware, HttpContext context, Task task)
[16:43:56 INF] CORS policy execution successful. { EventId: { Id: 4, Name: "PolicySuccess" }, SourceContext: "Microsoft.AspNetCore.Cors.Infrastructure.CorsService", RequestId: "0HNLR2MS1HE5B:00000001", RequestPath: "/users", ConnectionId: "0HNLR2MS1HE5B" }

[16:43:56 INF] Executing endpoint 'HTTP: POST /users' { EventId: { Name: "ExecutingEndpoint" }, SourceContext: "Microsoft.AspNetCore.Routing.EndpointMiddleware", RequestId: "0HNLR2MS1HE5B:00000001", RequestPath: "/users", ConnectionId: "0HNLR2MS1HE5B" }

[16:43:56 INF] Handling CreateUserCommand { SourceContext: "AppWeaver.Mediator.Behaviors.LoggingBehavior", RequestId: "0HNLR2MS1HE5B:00000001", RequestPath: "/users", ConnectionId: "0HNLR2MS1HE5B" }

[16:43:56 ERR] Failed executing DbCommand (7ms) [Parameters=[@p0='?' (DbType = Guid), @p1='?' (DbType = DateTime), @p2='?' (DbType = Guid), @p3='?', @p4='?', @p5='?', @p6='?', @p7='?' (DbType = Boolean), @p8='?', @p9='?', @p10='?', @p11='?', @p12='?' (DbType = Guid), @p13='?' (DbType = Int32), @p14='?' (DbType = DateTime)], CommandType='"Text"', CommandTimeout='30']
INSERT INTO "Users" ("Id", "CreatedAt", "DepartmentId", "Designation", "Email", "EmployeeId", "FirstName", "IsActive", "KeycloakUserId", "LastName", "PhoneNumber", "ProfileImageUrl", "RoleId", "TotalBytes", "UpdatedAt")
VALUES (@p0, @p1, @p2, @p3, @p4, @p5, @p6, @p7, @p8, @p9, @p10, @p11, @p12, @p13, @p14); { EventId: { Id: 20102, Name: "Microsoft.EntityFrameworkCore.Database.Command.CommandError" }, SourceContext: "Microsoft.EntityFrameworkCore.Database.Command", RequestId: "0HNLR2MS1HE5B:00000001", RequestPath: "/users", ConnectionId: "0HNLR2MS1HE5B" }

[16:43:56 ERR] An exception occurred in the database while saving changes for context type 'BytesRewards.Service.Infrastructure.ApplicationDbContext'.
Microsoft.EntityFrameworkCore.DbUpdateException: An error occurred while saving the entity changes. See the inner exception for details.
 ---> Npgsql.PostgresException (0x80004005): 23503: insert or update on table "Users" violates foreign key constraint "FK_Users_Departments_DepartmentId"

DETAIL: Detail redacted as it may contain sensitive data. Specify 'Include Error Detail' in the connection string to include this information.
   at Npgsql.Internal.NpgsqlConnector.ReadMessageLong(Boolean async, DataRowLoadingMode dataRowLoadingMode, Boolean readingNotifications, Boolean isReadingPrependedMessage)
   at System.Runtime.CompilerServices.PoolingAsyncValueTaskMethodBuilder`1.StateMachineBox`1.System.Threading.Tasks.Sources.IValueTaskSource<TResult>.GetResult(Int16 token)
   at Npgsql.NpgsqlDataReader.NextResult(Boolean async, Boolean isConsuming, CancellationToken cancellationToken)
   at Npgsql.NpgsqlDataReader.NextResult(Boolean async, Boolean isConsuming, CancellationToken cancellationToken)
   at Npgsql.NpgsqlCommand.ExecuteReader(Boolean async, CommandBehavior behavior, CancellationToken cancellationToken)
   at Npgsql.NpgsqlCommand.ExecuteReader(Boolean async, CommandBehavior behavior, CancellationToken cancellationToken)
   at Npgsql.NpgsqlCommand.ExecuteDbDataReaderAsync(CommandBehavior behavior, CancellationToken cancellationToken)
   at Microsoft.EntityFrameworkCore.Storage.RelationalCommand.ExecuteReaderAsync(RelationalCommandParameterObject parameterObject, CancellationToken cancellationToken)
   at Microsoft.EntityFrameworkCore.Storage.RelationalCommand.ExecuteReaderAsync(RelationalCommandParameterObject parameterObject, CancellationToken cancellationToken)
   at Microsoft.EntityFrameworkCore.Update.ReaderModificationCommandBatch.ExecuteAsync(IRelationalConnection connection, CancellationToken cancellationToken)
  Exception data:
    Severity: ERROR
    SqlState: 23503
    MessageText: insert or update on table "Users" violates foreign key constraint "FK_Users_Departments_DepartmentId"
    Detail: Detail redacted as it may contain sensitive data. Specify 'Include Error Detail' in the connection string to include this information.
    SchemaName: public
    TableName: Users
    ConstraintName: FK_Users_Departments_DepartmentId
    File: ri_triggers.c
    Line: 2599
    Routine: ri_ReportViolation
   --- End of inner exception stack trace ---
   at Microsoft.EntityFrameworkCore.Update.ReaderModificationCommandBatch.ExecuteAsync(IRelationalConnection connection, CancellationToken cancellationToken)
   at Microsoft.EntityFrameworkCore.Update.Internal.BatchExecutor.ExecuteAsync(IEnumerable`1 commandBatches, IRelationalConnection connection, CancellationToken cancellationToken)
   at Microsoft.EntityFrameworkCore.Update.Internal.BatchExecutor.ExecuteAsync(IEnumerable`1 commandBatches, IRelationalConnection connection, CancellationToken cancellationToken)
   at Microsoft.EntityFrameworkCore.Update.Internal.BatchExecutor.ExecuteAsync(IEnumerable`1 commandBatches, IRelationalConnection connection, CancellationToken cancellationToken)
   at Microsoft.EntityFrameworkCore.Storage.RelationalDatabase.SaveChangesAsync(IList`1 entries, CancellationToken cancellationToken)
   at Microsoft.EntityFrameworkCore.ChangeTracking.Internal.StateManager.SaveChangesAsync(IList`1 entriesToSave, CancellationToken cancellationToken)
   at Microsoft.EntityFrameworkCore.ChangeTracking.Internal.StateManager.SaveChangesAsync(StateManager stateManager, Boolean acceptAllChangesOnSuccess, CancellationToken cancellationToken)
   at Npgsql.EntityFrameworkCore.PostgreSQL.Storage.Internal.NpgsqlExecutionStrategy.ExecuteAsync[TState,TResult](TState state, Func`4 operation, Func`4 verifySucceeded, CancellationToken cancellationToken)
   at Microsoft.EntityFrameworkCore.DbContext.SaveChangesAsync(Boolean acceptAllChangesOnSuccess, CancellationToken cancellationToken) { EventId: { Id: 10000, Name: "Microsoft.EntityFrameworkCore.Update.SaveChangesFailed" }, SourceContext: "Microsoft.EntityFrameworkCore.Update", RequestId: "0HNLR2MS1HE5B:00000001", RequestPath: "/users", ConnectionId: "0HNLR2MS1HE5B" }

Microsoft.EntityFrameworkCore.DbUpdateException: An error occurred while saving the entity changes. See the inner exception for details.
 ---> Npgsql.PostgresException (0x80004005): 23503: insert or update on table "Users" violates foreign key constraint "FK_Users_Departments_DepartmentId"

DETAIL: Detail redacted as it may contain sensitive data. Specify 'Include Error Detail' in the connection string to include this information.
   at Npgsql.Internal.NpgsqlConnector.ReadMessageLong(Boolean async, DataRowLoadingMode dataRowLoadingMode, Boolean readingNotifications, Boolean isReadingPrependedMessage)
   at System.Runtime.CompilerServices.PoolingAsyncValueTaskMethodBuilder`1.StateMachineBox`1.System.Threading.Tasks.Sources.IValueTaskSource<TResult>.GetResult(Int16 token)
   at Npgsql.NpgsqlDataReader.NextResult(Boolean async, Boolean isConsuming, CancellationToken cancellationToken)
   at Npgsql.NpgsqlDataReader.NextResult(Boolean async, Boolean isConsuming, CancellationToken cancellationToken)
   at Npgsql.NpgsqlCommand.ExecuteReader(Boolean async, CommandBehavior behavior, CancellationToken cancellationToken)
   at Npgsql.NpgsqlCommand.ExecuteReader(Boolean async, CommandBehavior behavior, CancellationToken cancellationToken)
   at Npgsql.NpgsqlCommand.ExecuteDbDataReaderAsync(CommandBehavior behavior, CancellationToken cancellationToken)
   at Microsoft.EntityFrameworkCore.Storage.RelationalCommand.ExecuteReaderAsync(RelationalCommandParameterObject parameterObject, CancellationToken cancellationToken)
   at Microsoft.EntityFrameworkCore.Storage.RelationalCommand.ExecuteReaderAsync(RelationalCommandParameterObject parameterObject, CancellationToken cancellationToken)
   at Microsoft.EntityFrameworkCore.Update.ReaderModificationCommandBatch.ExecuteAsync(IRelationalConnection connection, CancellationToken cancellationToken)
  Exception data:
    Severity: ERROR
    SqlState: 23503
    MessageText: insert or update on table "Users" violates foreign key constraint "FK_Users_Departments_DepartmentId"
    Detail: Detail redacted as it may contain sensitive data. Specify 'Include Error Detail' in the connection string to include this information.
    SchemaName: public
    TableName: Users
    ConstraintName: FK_Users_Departments_DepartmentId
    File: ri_triggers.c
    Line: 2599
    Routine: ri_ReportViolation
   --- End of inner exception stack trace ---
   at Microsoft.EntityFrameworkCore.Update.ReaderModificationCommandBatch.ExecuteAsync(IRelationalConnection connection, CancellationToken cancellationToken)
   at Microsoft.EntityFrameworkCore.Update.Internal.BatchExecutor.ExecuteAsync(IEnumerable`1 commandBatches, IRelationalConnection connection, CancellationToken cancellationToken)
   at Microsoft.EntityFrameworkCore.Update.Internal.BatchExecutor.ExecuteAsync(IEnumerable`1 commandBatches, IRelationalConnection connection, CancellationToken cancellationToken)
   at Microsoft.EntityFrameworkCore.Update.Internal.BatchExecutor.ExecuteAsync(IEnumerable`1 commandBatches, IRelationalConnection connection, CancellationToken cancellationToken)
   at Microsoft.EntityFrameworkCore.Storage.RelationalDatabase.SaveChangesAsync(IList`1 entries, CancellationToken cancellationToken)
   at Microsoft.EntityFrameworkCore.ChangeTracking.Internal.StateManager.SaveChangesAsync(IList`1 entriesToSave, CancellationToken cancellationToken)
   at Microsoft.EntityFrameworkCore.ChangeTracking.Internal.StateManager.SaveChangesAsync(StateManager stateManager, Boolean acceptAllChangesOnSuccess, CancellationToken cancellationToken)
   at Npgsql.EntityFrameworkCore.PostgreSQL.Storage.Internal.NpgsqlExecutionStrategy.ExecuteAsync[TState,TResult](TState state, Func`4 operation, Func`4 verifySucceeded, CancellationToken cancellationToken)
   at Microsoft.EntityFrameworkCore.DbContext.SaveChangesAsync(Boolean acceptAllChangesOnSuccess, CancellationToken cancellationToken)
[16:43:56 ERR] Error handling CreateUserCommand { SourceContext: "AppWeaver.Mediator.Behaviors.LoggingBehavior", RequestId: "0HNLR2MS1HE5B:00000001", RequestPath: "/users", ConnectionId: "0HNLR2MS1HE5B" }

Microsoft.EntityFrameworkCore.DbUpdateException: An error occurred while saving the entity changes. See the inner exception for details.
 ---> Npgsql.PostgresException (0x80004005): 23503: insert or update on table "Users" violates foreign key constraint "FK_Users_Departments_DepartmentId"

DETAIL: Detail redacted as it may contain sensitive data. Specify 'Include Error Detail' in the connection string to include this information.
   at Npgsql.Internal.NpgsqlConnector.ReadMessageLong(Boolean async, DataRowLoadingMode dataRowLoadingMode, Boolean readingNotifications, Boolean isReadingPrependedMessage)
   at System.Runtime.CompilerServices.PoolingAsyncValueTaskMethodBuilder`1.StateMachineBox`1.System.Threading.Tasks.Sources.IValueTaskSource<TResult>.GetResult(Int16 token)
   at Npgsql.NpgsqlDataReader.NextResult(Boolean async, Boolean isConsuming, CancellationToken cancellationToken)
   at Npgsql.NpgsqlDataReader.NextResult(Boolean async, Boolean isConsuming, CancellationToken cancellationToken)
   at Npgsql.NpgsqlCommand.ExecuteReader(Boolean async, CommandBehavior behavior, CancellationToken cancellationToken)
   at Npgsql.NpgsqlCommand.ExecuteReader(Boolean async, CommandBehavior behavior, CancellationToken cancellationToken)
   at Npgsql.NpgsqlCommand.ExecuteDbDataReaderAsync(CommandBehavior behavior, CancellationToken cancellationToken)
   at Microsoft.EntityFrameworkCore.Storage.RelationalCommand.ExecuteReaderAsync(RelationalCommandParameterObject parameterObject, CancellationToken cancellationToken)
   at Microsoft.EntityFrameworkCore.Storage.RelationalCommand.ExecuteReaderAsync(RelationalCommandParameterObject parameterObject, CancellationToken cancellationToken)
   at Microsoft.EntityFrameworkCore.Update.ReaderModificationCommandBatch.ExecuteAsync(IRelationalConnection connection, CancellationToken cancellationToken)
  Exception data:
    Severity: ERROR
    SqlState: 23503
    MessageText: insert or update on table "Users" violates foreign key constraint "FK_Users_Departments_DepartmentId"
    Detail: Detail redacted as it may contain sensitive data. Specify 'Include Error Detail' in the connection string to include this information.
    SchemaName: public
    TableName: Users
    ConstraintName: FK_Users_Departments_DepartmentId
    File: ri_triggers.c
    Line: 2599
    Routine: ri_ReportViolation
   --- End of inner exception stack trace ---
   at Microsoft.EntityFrameworkCore.Update.ReaderModificationCommandBatch.ExecuteAsync(IRelationalConnection connection, CancellationToken cancellationToken)
   at Microsoft.EntityFrameworkCore.Update.Internal.BatchExecutor.ExecuteAsync(IEnumerable`1 commandBatches, IRelationalConnection connection, CancellationToken cancellationToken)
   at Microsoft.EntityFrameworkCore.Update.Internal.BatchExecutor.ExecuteAsync(IEnumerable`1 commandBatches, IRelationalConnection connection, CancellationToken cancellationToken)
   at Microsoft.EntityFrameworkCore.Update.Internal.BatchExecutor.ExecuteAsync(IEnumerable`1 commandBatches, IRelationalConnection connection, CancellationToken cancellationToken)
   at Microsoft.EntityFrameworkCore.Storage.RelationalDatabase.SaveChangesAsync(IList`1 entries, CancellationToken cancellationToken)
   at Microsoft.EntityFrameworkCore.ChangeTracking.Internal.StateManager.SaveChangesAsync(IList`1 entriesToSave, CancellationToken cancellationToken)
   at Microsoft.EntityFrameworkCore.ChangeTracking.Internal.StateManager.SaveChangesAsync(StateManager stateManager, Boolean acceptAllChangesOnSuccess, CancellationToken cancellationToken)
   at Npgsql.EntityFrameworkCore.PostgreSQL.Storage.Internal.NpgsqlExecutionStrategy.ExecuteAsync[TState,TResult](TState state, Func`4 operation, Func`4 verifySucceeded, CancellationToken cancellationToken)
   at Microsoft.EntityFrameworkCore.DbContext.SaveChangesAsync(Boolean acceptAllChangesOnSuccess, CancellationToken cancellationToken)
   at Microsoft.EntityFrameworkCore.DbContext.SaveChangesAsync(Boolean acceptAllChangesOnSuccess, CancellationToken cancellationToken)
   at AppWeaver.Repository.EfCore.EfUnitOfWorkBase`1.SaveChangesAsync(CancellationToken ct)
   at BytesRewards.Service.Features.Users.CreateUser.CreateUserCommandHandler.Handle(CreateUserCommand request, CancellationToken ct) in C:\Users\MariyaAF\Desktop\BytesRewards\BytesRewards\src\BytesRewards.Service\Users\Features\AddUser\CreateUserCommandHandler.cs:line 110
   at AppWeaver.Mediator.Behaviors.FluentValidationBehavior`2.Handle(TCommand request, CancellationToken ct, Next`1 next)
   at AppWeaver.Mediator.Behaviors.LoggingBehavior`2.Handle(TRequest request, CancellationToken ct, Next`1 next)
[16:43:56 INF] Executed endpoint 'HTTP: POST /users' { EventId: { Id: 1, Name: "ExecutedEndpoint" }, SourceContext: "Microsoft.AspNetCore.Routing.EndpointMiddleware", RequestId: "0HNLR2MS1HE5B:00000001", RequestPath: "/users", ConnectionId: "0HNLR2MS1HE5B" }

[16:43:56 INF] Exception occurred: An error occurred while saving the entity changes. See the inner exception for details. { SourceContext: "MiddlewareLibrary.ExceptionHandling.ExceptionLogHandler", Environment: "Development", TraceId: "0HNLR2MS1HE5B:00000001", CorrelationId: "0HNLR2MS1HE5B:00000001", TenantId: "", ExceptionType: "DbUpdateException", RequestId: "0HNLR2MS1HE5B:00000001", RequestPath: "/users", ConnectionId: "0HNLR2MS1HE5B" }

Microsoft.EntityFrameworkCore.DbUpdateException: An error occurred while saving the entity changes. See the inner exception for details.
 ---> Npgsql.PostgresException (0x80004005): 23503: insert or update on table "Users" violates foreign key constraint "FK_Users_Departments_DepartmentId"

DETAIL: Detail redacted as it may contain sensitive data. Specify 'Include Error Detail' in the connection string to include this information.
   at Npgsql.Internal.NpgsqlConnector.ReadMessageLong(Boolean async, DataRowLoadingMode dataRowLoadingMode, Boolean readingNotifications, Boolean isReadingPrependedMessage)
   at System.Runtime.CompilerServices.PoolingAsyncValueTaskMethodBuilder`1.StateMachineBox`1.System.Threading.Tasks.Sources.IValueTaskSource<TResult>.GetResult(Int16 token)
   at Npgsql.NpgsqlDataReader.NextResult(Boolean async, Boolean isConsuming, CancellationToken cancellationToken)
   at Npgsql.NpgsqlDataReader.NextResult(Boolean async, Boolean isConsuming, CancellationToken cancellationToken)
   at Npgsql.NpgsqlCommand.ExecuteReader(Boolean async, CommandBehavior behavior, CancellationToken cancellationToken)
   at Npgsql.NpgsqlCommand.ExecuteReader(Boolean async, CommandBehavior behavior, CancellationToken cancellationToken)
   at Npgsql.NpgsqlCommand.ExecuteDbDataReaderAsync(CommandBehavior behavior, CancellationToken cancellationToken)
   at Microsoft.EntityFrameworkCore.Storage.RelationalCommand.ExecuteReaderAsync(RelationalCommandParameterObject parameterObject, CancellationToken cancellationToken)
   at Microsoft.EntityFrameworkCore.Storage.RelationalCommand.ExecuteReaderAsync(RelationalCommandParameterObject parameterObject, CancellationToken cancellationToken)
   at Microsoft.EntityFrameworkCore.Update.ReaderModificationCommandBatch.ExecuteAsync(IRelationalConnection connection, CancellationToken cancellationToken)
  Exception data:
    Severity: ERROR
    SqlState: 23503
    MessageText: insert or update on table "Users" violates foreign key constraint "FK_Users_Departments_DepartmentId"
    Detail: Detail redacted as it may contain sensitive data. Specify 'Include Error Detail' in the connection string to include this information.
    SchemaName: public
    TableName: Users
    ConstraintName: FK_Users_Departments_DepartmentId
    File: ri_triggers.c
    Line: 2599
    Routine: ri_ReportViolation
   --- End of inner exception stack trace ---
   at Microsoft.EntityFrameworkCore.Update.ReaderModificationCommandBatch.ExecuteAsync(IRelationalConnection connection, CancellationToken cancellationToken)
   at Microsoft.EntityFrameworkCore.Update.Internal.BatchExecutor.ExecuteAsync(IEnumerable`1 commandBatches, IRelationalConnection connection, CancellationToken cancellationToken)
   at Microsoft.EntityFrameworkCore.Update.Internal.BatchExecutor.ExecuteAsync(IEnumerable`1 commandBatches, IRelationalConnection connection, CancellationToken cancellationToken)
   at Microsoft.EntityFrameworkCore.Update.Internal.BatchExecutor.ExecuteAsync(IEnumerable`1 commandBatches, IRelationalConnection connection, CancellationToken cancellationToken)
   at Microsoft.EntityFrameworkCore.Storage.RelationalDatabase.SaveChangesAsync(IList`1 entries, CancellationToken cancellationToken)
   at Microsoft.EntityFrameworkCore.ChangeTracking.Internal.StateManager.SaveChangesAsync(IList`1 entriesToSave, CancellationToken cancellationToken)
   at Microsoft.EntityFrameworkCore.ChangeTracking.Internal.StateManager.SaveChangesAsync(StateManager stateManager, Boolean acceptAllChangesOnSuccess, CancellationToken cancellationToken)
   at Npgsql.EntityFrameworkCore.PostgreSQL.Storage.Internal.NpgsqlExecutionStrategy.ExecuteAsync[TState,TResult](TState state, Func`4 operation, Func`4 verifySucceeded, CancellationToken cancellationToken)
   at Microsoft.EntityFrameworkCore.DbContext.SaveChangesAsync(Boolean acceptAllChangesOnSuccess, CancellationToken cancellationToken)
   at Microsoft.EntityFrameworkCore.DbContext.SaveChangesAsync(Boolean acceptAllChangesOnSuccess, CancellationToken cancellationToken)
   at AppWeaver.Repository.EfCore.EfUnitOfWorkBase`1.SaveChangesAsync(CancellationToken ct)
   at BytesRewards.Service.Features.Users.CreateUser.CreateUserCommandHandler.Handle(CreateUserCommand request, CancellationToken ct) in C:\Users\MariyaAF\Desktop\BytesRewards\BytesRewards\src\BytesRewards.Service\Users\Features\AddUser\CreateUserCommandHandler.cs:line 110
   at AppWeaver.Mediator.Behaviors.FluentValidationBehavior`2.Handle(TCommand request, CancellationToken ct, Next`1 next)
   at AppWeaver.Mediator.Behaviors.LoggingBehavior`2.Handle(TRequest request, CancellationToken ct, Next`1 next)
   at BytesRewards.Service.Features.Users.CreateUser.CreateUserEndpoint.ExecuteAsync(CreateUserRequest req, CancellationToken ct) in C:\Users\MariyaAF\Desktop\BytesRewards\BytesRewards\src\BytesRewards.Service\Users\Features\AddUser\CreateUserEndpoint.cs:line 35
   at AppWeaver.FastEndpoint.SecureFastEndpoint`2.HandleAsync(TRequest req, CancellationToken ct)
   at FastEndpoints.Endpoint`2.ExecAsync(CancellationToken ct)
   at FastEndpoints.Endpoint`2.ExecAsync(CancellationToken ct)
   at Microsoft.AspNetCore.Routing.EndpointMiddleware.<Invoke>g__AwaitRequestTask|7_0(Endpoint endpoint, Task requestTask, ILogger logger)
   at NSwag.AspNetCore.Middlewares.SwaggerUiIndexMiddleware.Invoke(HttpContext context)
   at NSwag.AspNetCore.Middlewares.RedirectToIndexMiddleware.Invoke(HttpContext context)
   at NSwag.AspNetCore.Middlewares.OpenApiDocumentMiddleware.Invoke(HttpContext context)
   at Microsoft.AspNetCore.Authorization.AuthorizationMiddleware.Invoke(HttpContext context)
   at Microsoft.AspNetCore.Authentication.AuthenticationMiddleware.Invoke(HttpContext context)
   at Microsoft.AspNetCore.Diagnostics.ExceptionHandlerMiddlewareImpl.<Invoke>g__Awaited|10_0(ExceptionHandlerMiddlewareImpl middleware, HttpContext context, Task task)
[16:45:46 INF] CORS policy execution successful. { EventId: { Id: 4, Name: "PolicySuccess" }, SourceContext: "Microsoft.AspNetCore.Cors.Infrastructure.CorsService", RequestId: "0HNLR2MS1HE5B:00000002", RequestPath: "/users", ConnectionId: "0HNLR2MS1HE5B" }

[16:45:46 INF] Executing endpoint 'HTTP: POST /users' { EventId: { Name: "ExecutingEndpoint" }, SourceContext: "Microsoft.AspNetCore.Routing.EndpointMiddleware", RequestId: "0HNLR2MS1HE5B:00000002", RequestPath: "/users", ConnectionId: "0HNLR2MS1HE5B" }

[16:45:46 INF] Handling CreateUserCommand { SourceContext: "AppWeaver.Mediator.Behaviors.LoggingBehavior", RequestId: "0HNLR2MS1HE5B:00000002", RequestPath: "/users", ConnectionId: "0HNLR2MS1HE5B" }

[16:45:46 ERR] Failed executing DbCommand (3ms) [Parameters=[@p0='?' (DbType = Guid), @p1='?' (DbType = DateTime), @p2='?' (DbType = Guid), @p3='?', @p4='?', @p5='?', @p6='?', @p7='?' (DbType = Boolean), @p8='?', @p9='?', @p10='?', @p11='?', @p12='?' (DbType = Guid), @p13='?' (DbType = Int32), @p14='?' (DbType = DateTime)], CommandType='"Text"', CommandTimeout='30']
INSERT INTO "Users" ("Id", "CreatedAt", "DepartmentId", "Designation", "Email", "EmployeeId", "FirstName", "IsActive", "KeycloakUserId", "LastName", "PhoneNumber", "ProfileImageUrl", "RoleId", "TotalBytes", "UpdatedAt")
VALUES (@p0, @p1, @p2, @p3, @p4, @p5, @p6, @p7, @p8, @p9, @p10, @p11, @p12, @p13, @p14); { EventId: { Id: 20102, Name: "Microsoft.EntityFrameworkCore.Database.Command.CommandError" }, SourceContext: "Microsoft.EntityFrameworkCore.Database.Command", RequestId: "0HNLR2MS1HE5B:00000002", RequestPath: "/users", ConnectionId: "0HNLR2MS1HE5B" }

[16:45:46 ERR] An exception occurred in the database while saving changes for context type 'BytesRewards.Service.Infrastructure.ApplicationDbContext'.
Microsoft.EntityFrameworkCore.DbUpdateException: An error occurred while saving the entity changes. See the inner exception for details.
 ---> Npgsql.PostgresException (0x80004005): 23503: insert or update on table "Users" violates foreign key constraint "FK_Users_Departments_DepartmentId"

DETAIL: Detail redacted as it may contain sensitive data. Specify 'Include Error Detail' in the connection string to include this information.
   at Npgsql.Internal.NpgsqlConnector.ReadMessageLong(Boolean async, DataRowLoadingMode dataRowLoadingMode, Boolean readingNotifications, Boolean isReadingPrependedMessage)
   at System.Runtime.CompilerServices.PoolingAsyncValueTaskMethodBuilder`1.StateMachineBox`1.System.Threading.Tasks.Sources.IValueTaskSource<TResult>.GetResult(Int16 token)
   at Npgsql.NpgsqlDataReader.NextResult(Boolean async, Boolean isConsuming, CancellationToken cancellationToken)
   at Npgsql.NpgsqlDataReader.NextResult(Boolean async, Boolean isConsuming, CancellationToken cancellationToken)
   at Npgsql.NpgsqlCommand.ExecuteReader(Boolean async, CommandBehavior behavior, CancellationToken cancellationToken)
   at Npgsql.NpgsqlCommand.ExecuteReader(Boolean async, CommandBehavior behavior, CancellationToken cancellationToken)
   at Npgsql.NpgsqlCommand.ExecuteDbDataReaderAsync(CommandBehavior behavior, CancellationToken cancellationToken)
   at Microsoft.EntityFrameworkCore.Storage.RelationalCommand.ExecuteReaderAsync(RelationalCommandParameterObject parameterObject, CancellationToken cancellationToken)
   at Microsoft.EntityFrameworkCore.Storage.RelationalCommand.ExecuteReaderAsync(RelationalCommandParameterObject parameterObject, CancellationToken cancellationToken)
   at Microsoft.EntityFrameworkCore.Update.ReaderModificationCommandBatch.ExecuteAsync(IRelationalConnection connection, CancellationToken cancellationToken)
  Exception data:
    Severity: ERROR
    SqlState: 23503
    MessageText: insert or update on table "Users" violates foreign key constraint "FK_Users_Departments_DepartmentId"
    Detail: Detail redacted as it may contain sensitive data. Specify 'Include Error Detail' in the connection string to include this information.
    SchemaName: public
    TableName: Users
    ConstraintName: FK_Users_Departments_DepartmentId
    File: ri_triggers.c
    Line: 2599
    Routine: ri_ReportViolation
   --- End of inner exception stack trace ---
   at Microsoft.EntityFrameworkCore.Update.ReaderModificationCommandBatch.ExecuteAsync(IRelationalConnection connection, CancellationToken cancellationToken)
   at Microsoft.EntityFrameworkCore.Update.Internal.BatchExecutor.ExecuteAsync(IEnumerable`1 commandBatches, IRelationalConnection connection, CancellationToken cancellationToken)
   at Microsoft.EntityFrameworkCore.Update.Internal.BatchExecutor.ExecuteAsync(IEnumerable`1 commandBatches, IRelationalConnection connection, CancellationToken cancellationToken)
   at Microsoft.EntityFrameworkCore.Update.Internal.BatchExecutor.ExecuteAsync(IEnumerable`1 commandBatches, IRelationalConnection connection, CancellationToken cancellationToken)
   at Microsoft.EntityFrameworkCore.Storage.RelationalDatabase.SaveChangesAsync(IList`1 entries, CancellationToken cancellationToken)
   at Microsoft.EntityFrameworkCore.ChangeTracking.Internal.StateManager.SaveChangesAsync(IList`1 entriesToSave, CancellationToken cancellationToken)
   at Microsoft.EntityFrameworkCore.ChangeTracking.Internal.StateManager.SaveChangesAsync(StateManager stateManager, Boolean acceptAllChangesOnSuccess, CancellationToken cancellationToken)
   at Npgsql.EntityFrameworkCore.PostgreSQL.Storage.Internal.NpgsqlExecutionStrategy.ExecuteAsync[TState,TResult](TState state, Func`4 operation, Func`4 verifySucceeded, CancellationToken cancellationToken)
   at Microsoft.EntityFrameworkCore.DbContext.SaveChangesAsync(Boolean acceptAllChangesOnSuccess, CancellationToken cancellationToken) { EventId: { Id: 10000, Name: "Microsoft.EntityFrameworkCore.Update.SaveChangesFailed" }, SourceContext: "Microsoft.EntityFrameworkCore.Update", RequestId: "0HNLR2MS1HE5B:00000002", RequestPath: "/users", ConnectionId: "0HNLR2MS1HE5B" }

Microsoft.EntityFrameworkCore.DbUpdateException: An error occurred while saving the entity changes. See the inner exception for details.
 ---> Npgsql.PostgresException (0x80004005): 23503: insert or update on table "Users" violates foreign key constraint "FK_Users_Departments_DepartmentId"

DETAIL: Detail redacted as it may contain sensitive data. Specify 'Include Error Detail' in the connection string to include this information.
   at Npgsql.Internal.NpgsqlConnector.ReadMessageLong(Boolean async, DataRowLoadingMode dataRowLoadingMode, Boolean readingNotifications, Boolean isReadingPrependedMessage)
   at System.Runtime.CompilerServices.PoolingAsyncValueTaskMethodBuilder`1.StateMachineBox`1.System.Threading.Tasks.Sources.IValueTaskSource<TResult>.GetResult(Int16 token)
   at Npgsql.NpgsqlDataReader.NextResult(Boolean async, Boolean isConsuming, CancellationToken cancellationToken)
   at Npgsql.NpgsqlDataReader.NextResult(Boolean async, Boolean isConsuming, CancellationToken cancellationToken)
   at Npgsql.NpgsqlCommand.ExecuteReader(Boolean async, CommandBehavior behavior, CancellationToken cancellationToken)
   at Npgsql.NpgsqlCommand.ExecuteReader(Boolean async, CommandBehavior behavior, CancellationToken cancellationToken)
   at Npgsql.NpgsqlCommand.ExecuteDbDataReaderAsync(CommandBehavior behavior, CancellationToken cancellationToken)
   at Microsoft.EntityFrameworkCore.Storage.RelationalCommand.ExecuteReaderAsync(RelationalCommandParameterObject parameterObject, CancellationToken cancellationToken)
   at Microsoft.EntityFrameworkCore.Storage.RelationalCommand.ExecuteReaderAsync(RelationalCommandParameterObject parameterObject, CancellationToken cancellationToken)
   at Microsoft.EntityFrameworkCore.Update.ReaderModificationCommandBatch.ExecuteAsync(IRelationalConnection connection, CancellationToken cancellationToken)
  Exception data:
    Severity: ERROR
    SqlState: 23503
    MessageText: insert or update on table "Users" violates foreign key constraint "FK_Users_Departments_DepartmentId"
    Detail: Detail redacted as it may contain sensitive data. Specify 'Include Error Detail' in the connection string to include this information.
    SchemaName: public
    TableName: Users
    ConstraintName: FK_Users_Departments_DepartmentId
    File: ri_triggers.c
    Line: 2599
    Routine: ri_ReportViolation
   --- End of inner exception stack trace ---
   at Microsoft.EntityFrameworkCore.Update.ReaderModificationCommandBatch.ExecuteAsync(IRelationalConnection connection, CancellationToken cancellationToken)
   at Microsoft.EntityFrameworkCore.Update.Internal.BatchExecutor.ExecuteAsync(IEnumerable`1 commandBatches, IRelationalConnection connection, CancellationToken cancellationToken)
   at Microsoft.EntityFrameworkCore.Update.Internal.BatchExecutor.ExecuteAsync(IEnumerable`1 commandBatches, IRelationalConnection connection, CancellationToken cancellationToken)
   at Microsoft.EntityFrameworkCore.Update.Internal.BatchExecutor.ExecuteAsync(IEnumerable`1 commandBatches, IRelationalConnection connection, CancellationToken cancellationToken)
   at Microsoft.EntityFrameworkCore.Storage.RelationalDatabase.SaveChangesAsync(IList`1 entries, CancellationToken cancellationToken)
   at Microsoft.EntityFrameworkCore.ChangeTracking.Internal.StateManager.SaveChangesAsync(IList`1 entriesToSave, CancellationToken cancellationToken)
   at Microsoft.EntityFrameworkCore.ChangeTracking.Internal.StateManager.SaveChangesAsync(StateManager stateManager, Boolean acceptAllChangesOnSuccess, CancellationToken cancellationToken)
   at Npgsql.EntityFrameworkCore.PostgreSQL.Storage.Internal.NpgsqlExecutionStrategy.ExecuteAsync[TState,TResult](TState state, Func`4 operation, Func`4 verifySucceeded, CancellationToken cancellationToken)
   at Microsoft.EntityFrameworkCore.DbContext.SaveChangesAsync(Boolean acceptAllChangesOnSuccess, CancellationToken cancellationToken)
[16:45:46 ERR] Error handling CreateUserCommand { SourceContext: "AppWeaver.Mediator.Behaviors.LoggingBehavior", RequestId: "0HNLR2MS1HE5B:00000002", RequestPath: "/users", ConnectionId: "0HNLR2MS1HE5B" }

Microsoft.EntityFrameworkCore.DbUpdateException: An error occurred while saving the entity changes. See the inner exception for details.
 ---> Npgsql.PostgresException (0x80004005): 23503: insert or update on table "Users" violates foreign key constraint "FK_Users_Departments_DepartmentId"

DETAIL: Detail redacted as it may contain sensitive data. Specify 'Include Error Detail' in the connection string to include this information.
   at Npgsql.Internal.NpgsqlConnector.ReadMessageLong(Boolean async, DataRowLoadingMode dataRowLoadingMode, Boolean readingNotifications, Boolean isReadingPrependedMessage)
   at System.Runtime.CompilerServices.PoolingAsyncValueTaskMethodBuilder`1.StateMachineBox`1.System.Threading.Tasks.Sources.IValueTaskSource<TResult>.GetResult(Int16 token)
   at Npgsql.NpgsqlDataReader.NextResult(Boolean async, Boolean isConsuming, CancellationToken cancellationToken)
   at Npgsql.NpgsqlDataReader.NextResult(Boolean async, Boolean isConsuming, CancellationToken cancellationToken)
   at Npgsql.NpgsqlCommand.ExecuteReader(Boolean async, CommandBehavior behavior, CancellationToken cancellationToken)
   at Npgsql.NpgsqlCommand.ExecuteReader(Boolean async, CommandBehavior behavior, CancellationToken cancellationToken)
   at Npgsql.NpgsqlCommand.ExecuteDbDataReaderAsync(CommandBehavior behavior, CancellationToken cancellationToken)
   at Microsoft.EntityFrameworkCore.Storage.RelationalCommand.ExecuteReaderAsync(RelationalCommandParameterObject parameterObject, CancellationToken cancellationToken)
   at Microsoft.EntityFrameworkCore.Storage.RelationalCommand.ExecuteReaderAsync(RelationalCommandParameterObject parameterObject, CancellationToken cancellationToken)
   at Microsoft.EntityFrameworkCore.Update.ReaderModificationCommandBatch.ExecuteAsync(IRelationalConnection connection, CancellationToken cancellationToken)
  Exception data:
    Severity: ERROR
    SqlState: 23503
    MessageText: insert or update on table "Users" violates foreign key constraint "FK_Users_Departments_DepartmentId"
    Detail: Detail redacted as it may contain sensitive data. Specify 'Include Error Detail' in the connection string to include this information.
    SchemaName: public
    TableName: Users
    ConstraintName: FK_Users_Departments_DepartmentId
    File: ri_triggers.c
    Line: 2599
    Routine: ri_ReportViolation
   --- End of inner exception stack trace ---
   at Microsoft.EntityFrameworkCore.Update.ReaderModificationCommandBatch.ExecuteAsync(IRelationalConnection connection, CancellationToken cancellationToken)
   at Microsoft.EntityFrameworkCore.Update.Internal.BatchExecutor.ExecuteAsync(IEnumerable`1 commandBatches, IRelationalConnection connection, CancellationToken cancellationToken)
   at Microsoft.EntityFrameworkCore.Update.Internal.BatchExecutor.ExecuteAsync(IEnumerable`1 commandBatches, IRelationalConnection connection, CancellationToken cancellationToken)
   at Microsoft.EntityFrameworkCore.Update.Internal.BatchExecutor.ExecuteAsync(IEnumerable`1 commandBatches, IRelationalConnection connection, CancellationToken cancellationToken)
   at Microsoft.EntityFrameworkCore.Storage.RelationalDatabase.SaveChangesAsync(IList`1 entries, CancellationToken cancellationToken)
   at Microsoft.EntityFrameworkCore.ChangeTracking.Internal.StateManager.SaveChangesAsync(IList`1 entriesToSave, CancellationToken cancellationToken)
   at Microsoft.EntityFrameworkCore.ChangeTracking.Internal.StateManager.SaveChangesAsync(StateManager stateManager, Boolean acceptAllChangesOnSuccess, CancellationToken cancellationToken)
   at Npgsql.EntityFrameworkCore.PostgreSQL.Storage.Internal.NpgsqlExecutionStrategy.ExecuteAsync[TState,TResult](TState state, Func`4 operation, Func`4 verifySucceeded, CancellationToken cancellationToken)
   at Microsoft.EntityFrameworkCore.DbContext.SaveChangesAsync(Boolean acceptAllChangesOnSuccess, CancellationToken cancellationToken)
   at Microsoft.EntityFrameworkCore.DbContext.SaveChangesAsync(Boolean acceptAllChangesOnSuccess, CancellationToken cancellationToken)
   at AppWeaver.Repository.EfCore.EfUnitOfWorkBase`1.SaveChangesAsync(CancellationToken ct)
   at BytesRewards.Service.Features.Users.CreateUser.CreateUserCommandHandler.Handle(CreateUserCommand request, CancellationToken ct) in C:\Users\MariyaAF\Desktop\BytesRewards\BytesRewards\src\BytesRewards.Service\Users\Features\AddUser\CreateUserCommandHandler.cs:line 110
   at AppWeaver.Mediator.Behaviors.FluentValidationBehavior`2.Handle(TCommand request, CancellationToken ct, Next`1 next)
   at AppWeaver.Mediator.Behaviors.LoggingBehavior`2.Handle(TRequest request, CancellationToken ct, Next`1 next)
[16:45:46 INF] Executed endpoint 'HTTP: POST /users' { EventId: { Id: 1, Name: "ExecutedEndpoint" }, SourceContext: "Microsoft.AspNetCore.Routing.EndpointMiddleware", RequestId: "0HNLR2MS1HE5B:00000002", RequestPath: "/users", ConnectionId: "0HNLR2MS1HE5B" }

[16:45:46 INF] Exception occurred: An error occurred while saving the entity changes. See the inner exception for details. { SourceContext: "MiddlewareLibrary.ExceptionHandling.ExceptionLogHandler", Environment: "Development", TraceId: "0HNLR2MS1HE5B:00000002", CorrelationId: "0HNLR2MS1HE5B:00000002", TenantId: "", ExceptionType: "DbUpdateException", RequestId: "0HNLR2MS1HE5B:00000002", RequestPath: "/users", ConnectionId: "0HNLR2MS1HE5B" }

Microsoft.EntityFrameworkCore.DbUpdateException: An error occurred while saving the entity changes. See the inner exception for details.
 ---> Npgsql.PostgresException (0x80004005): 23503: insert or update on table "Users" violates foreign key constraint "FK_Users_Departments_DepartmentId"

DETAIL: Detail redacted as it may contain sensitive data. Specify 'Include Error Detail' in the connection string to include this information.
   at Npgsql.Internal.NpgsqlConnector.ReadMessageLong(Boolean async, DataRowLoadingMode dataRowLoadingMode, Boolean readingNotifications, Boolean isReadingPrependedMessage)
   at System.Runtime.CompilerServices.PoolingAsyncValueTaskMethodBuilder`1.StateMachineBox`1.System.Threading.Tasks.Sources.IValueTaskSource<TResult>.GetResult(Int16 token)
   at Npgsql.NpgsqlDataReader.NextResult(Boolean async, Boolean isConsuming, CancellationToken cancellationToken)
   at Npgsql.NpgsqlDataReader.NextResult(Boolean async, Boolean isConsuming, CancellationToken cancellationToken)
   at Npgsql.NpgsqlCommand.ExecuteReader(Boolean async, CommandBehavior behavior, CancellationToken cancellationToken)
   at Npgsql.NpgsqlCommand.ExecuteReader(Boolean async, CommandBehavior behavior, CancellationToken cancellationToken)
   at Npgsql.NpgsqlCommand.ExecuteDbDataReaderAsync(CommandBehavior behavior, CancellationToken cancellationToken)
   at Microsoft.EntityFrameworkCore.Storage.RelationalCommand.ExecuteReaderAsync(RelationalCommandParameterObject parameterObject, CancellationToken cancellationToken)
   at Microsoft.EntityFrameworkCore.Storage.RelationalCommand.ExecuteReaderAsync(RelationalCommandParameterObject parameterObject, CancellationToken cancellationToken)
   at Microsoft.EntityFrameworkCore.Update.ReaderModificationCommandBatch.ExecuteAsync(IRelationalConnection connection, CancellationToken cancellationToken)
  Exception data:
    Severity: ERROR
    SqlState: 23503
    MessageText: insert or update on table "Users" violates foreign key constraint "FK_Users_Departments_DepartmentId"
    Detail: Detail redacted as it may contain sensitive data. Specify 'Include Error Detail' in the connection string to include this information.
    SchemaName: public
    TableName: Users
    ConstraintName: FK_Users_Departments_DepartmentId
    File: ri_triggers.c
    Line: 2599
    Routine: ri_ReportViolation
   --- End of inner exception stack trace ---
   at Microsoft.EntityFrameworkCore.Update.ReaderModificationCommandBatch.ExecuteAsync(IRelationalConnection connection, CancellationToken cancellationToken)
   at Microsoft.EntityFrameworkCore.Update.Internal.BatchExecutor.ExecuteAsync(IEnumerable`1 commandBatches, IRelationalConnection connection, CancellationToken cancellationToken)
   at Microsoft.EntityFrameworkCore.Update.Internal.BatchExecutor.ExecuteAsync(IEnumerable`1 commandBatches, IRelationalConnection connection, CancellationToken cancellationToken)
   at Microsoft.EntityFrameworkCore.Update.Internal.BatchExecutor.ExecuteAsync(IEnumerable`1 commandBatches, IRelationalConnection connection, CancellationToken cancellationToken)
   at Microsoft.EntityFrameworkCore.Storage.RelationalDatabase.SaveChangesAsync(IList`1 entries, CancellationToken cancellationToken)
   at Microsoft.EntityFrameworkCore.ChangeTracking.Internal.StateManager.SaveChangesAsync(IList`1 entriesToSave, CancellationToken cancellationToken)
   at Microsoft.EntityFrameworkCore.ChangeTracking.Internal.StateManager.SaveChangesAsync(StateManager stateManager, Boolean acceptAllChangesOnSuccess, CancellationToken cancellationToken)
   at Npgsql.EntityFrameworkCore.PostgreSQL.Storage.Internal.NpgsqlExecutionStrategy.ExecuteAsync[TState,TResult](TState state, Func`4 operation, Func`4 verifySucceeded, CancellationToken cancellationToken)
   at Microsoft.EntityFrameworkCore.DbContext.SaveChangesAsync(Boolean acceptAllChangesOnSuccess, CancellationToken cancellationToken)
   at Microsoft.EntityFrameworkCore.DbContext.SaveChangesAsync(Boolean acceptAllChangesOnSuccess, CancellationToken cancellationToken)
   at AppWeaver.Repository.EfCore.EfUnitOfWorkBase`1.SaveChangesAsync(CancellationToken ct)
   at BytesRewards.Service.Features.Users.CreateUser.CreateUserCommandHandler.Handle(CreateUserCommand request, CancellationToken ct) in C:\Users\MariyaAF\Desktop\BytesRewards\BytesRewards\src\BytesRewards.Service\Users\Features\AddUser\CreateUserCommandHandler.cs:line 110
   at AppWeaver.Mediator.Behaviors.FluentValidationBehavior`2.Handle(TCommand request, CancellationToken ct, Next`1 next)
   at AppWeaver.Mediator.Behaviors.LoggingBehavior`2.Handle(TRequest request, CancellationToken ct, Next`1 next)
   at BytesRewards.Service.Features.Users.CreateUser.CreateUserEndpoint.ExecuteAsync(CreateUserRequest req, CancellationToken ct) in C:\Users\MariyaAF\Desktop\BytesRewards\BytesRewards\src\BytesRewards.Service\Users\Features\AddUser\CreateUserEndpoint.cs:line 35
   at AppWeaver.FastEndpoint.SecureFastEndpoint`2.HandleAsync(TRequest req, CancellationToken ct)
   at FastEndpoints.Endpoint`2.ExecAsync(CancellationToken ct)
   at FastEndpoints.Endpoint`2.ExecAsync(CancellationToken ct)
   at Microsoft.AspNetCore.Routing.EndpointMiddleware.<Invoke>g__AwaitRequestTask|7_0(Endpoint endpoint, Task requestTask, ILogger logger)
   at NSwag.AspNetCore.Middlewares.SwaggerUiIndexMiddleware.Invoke(HttpContext context)
   at NSwag.AspNetCore.Middlewares.RedirectToIndexMiddleware.Invoke(HttpContext context)
   at NSwag.AspNetCore.Middlewares.OpenApiDocumentMiddleware.Invoke(HttpContext context)
   at Microsoft.AspNetCore.Authorization.AuthorizationMiddleware.Invoke(HttpContext context)
   at Microsoft.AspNetCore.Authentication.AuthenticationMiddleware.Invoke(HttpContext context)
   at Microsoft.AspNetCore.Diagnostics.ExceptionHandlerMiddlewareImpl.<Invoke>g__Awaited|10_0(ExceptionHandlerMiddlewareImpl middleware, HttpContext context, Task task)
[16:49:14 INF] Application is shutting down... { SourceContext: "Microsoft.Hosting.Lifetime" }

[16:50:04 INF] Acquiring an exclusive lock for migration application. See https://aka.ms/efcore-docs-migrations-lock for more information if this takes too long. { EventId: { Id: 20411, Name: "Microsoft.EntityFrameworkCore.Migrations.AcquiringMigrationLock" }, SourceContext: "Microsoft.EntityFrameworkCore.Migrations" }

[16:50:04 INF] No migrations were applied. The database is already up to date. { EventId: { Id: 20405, Name: "Microsoft.EntityFrameworkCore.Migrations.MigrationsNotApplied" }, SourceContext: "Microsoft.EntityFrameworkCore.Migrations" }

[16:50:04 INF] Acquiring an exclusive lock for migration application. See https://aka.ms/efcore-docs-migrations-lock for more information if this takes too long. { EventId: { Id: 20411, Name: "Microsoft.EntityFrameworkCore.Migrations.AcquiringMigrationLock" }, SourceContext: "Microsoft.EntityFrameworkCore.Migrations" }

[16:50:04 INF] No migrations were applied. The database is already up to date. { EventId: { Id: 20405, Name: "Microsoft.EntityFrameworkCore.Migrations.MigrationsNotApplied" }, SourceContext: "Microsoft.EntityFrameworkCore.Migrations" }

[16:50:05 WRN] The property 'AuditLog.Metadata' is a collection or enumeration type with a value converter but with no value comparer. Set a value comparer to ensure the collection/enumeration elements are compared correctly. { EventId: { Id: 10620, Name: "Microsoft.EntityFrameworkCore.Model.Validation.CollectionWithoutComparer" }, SourceContext: "Microsoft.EntityFrameworkCore.Model.Validation" }

[16:50:05 WRN] The entity type 'AuditLog' is configured to use schema 'Auditing', but SQLite does not support schemas. This configuration will be ignored by the SQLite provider. { EventId: { Id: 30000, Name: "Microsoft.EntityFrameworkCore.Model.Validation.SchemaConfiguredWarning" }, SourceContext: "Microsoft.EntityFrameworkCore.Model.Validation" }

[16:50:05 WRN] The entity type 'EntityChange' is configured to use schema 'Auditing', but SQLite does not support schemas. This configuration will be ignored by the SQLite provider. { EventId: { Id: 30000, Name: "Microsoft.EntityFrameworkCore.Model.Validation.SchemaConfiguredWarning" }, SourceContext: "Microsoft.EntityFrameworkCore.Model.Validation" }

[16:50:05 WRN] The entity type 'PropertyChange' is configured to use schema 'Auditing', but SQLite does not support schemas. This configuration will be ignored by the SQLite provider. { EventId: { Id: 30000, Name: "Microsoft.EntityFrameworkCore.Model.Validation.SchemaConfiguredWarning" }, SourceContext: "Microsoft.EntityFrameworkCore.Model.Validation" }

[16:50:05 INF] Registered 2 endpoints in 7,396 milliseconds. { EventId: { Id: 1, Name: "EndpointsRegistered" }, SourceContext: "FastEndpoints.StartupTimer" }

[16:50:06 INF] No validators found in the system! { EventId: { Id: 1, Name: "NoValidatorsFound" }, SourceContext: "FastEndpoints.Swagger.ValidationSchemaProcessor" }

[16:50:06 INF] User profile is available. Using 'C:\Users\MariyaAF\AppData\Local\ASP.NET\DataProtection-Keys' as key repository and Windows DPAPI to encrypt keys at rest. { EventId: { Id: 63, Name: "UsingProfileAsKeyRepositoryWithDPAPI" }, SourceContext: "Microsoft.AspNetCore.DataProtection.KeyManagement.XmlKeyManager" }

[16:50:07 WRN] The property 'AuditLog.Metadata' is a collection or enumeration type with a value converter but with no value comparer. Set a value comparer to ensure the collection/enumeration elements are compared correctly. { EventId: { Id: 10620, Name: "Microsoft.EntityFrameworkCore.Model.Validation.CollectionWithoutComparer" }, SourceContext: "Microsoft.EntityFrameworkCore.Model.Validation" }

[16:50:07 WRN] The entity type 'AuditLog' is configured to use schema 'Auditing', but SQLite does not support schemas. This configuration will be ignored by the SQLite provider. { EventId: { Id: 30000, Name: "Microsoft.EntityFrameworkCore.Model.Validation.SchemaConfiguredWarning" }, SourceContext: "Microsoft.EntityFrameworkCore.Model.Validation" }

[16:50:07 WRN] The entity type 'EntityChange' is configured to use schema 'Auditing', but SQLite does not support schemas. This configuration will be ignored by the SQLite provider. { EventId: { Id: 30000, Name: "Microsoft.EntityFrameworkCore.Model.Validation.SchemaConfiguredWarning" }, SourceContext: "Microsoft.EntityFrameworkCore.Model.Validation" }

[16:50:07 WRN] The entity type 'PropertyChange' is configured to use schema 'Auditing', but SQLite does not support schemas. This configuration will be ignored by the SQLite provider. { EventId: { Id: 30000, Name: "Microsoft.EntityFrameworkCore.Model.Validation.SchemaConfiguredWarning" }, SourceContext: "Microsoft.EntityFrameworkCore.Model.Validation" }

[16:50:07 INF] No migrations were found in assembly 'BytesRewards.Service'. A migration needs to be added before the database can be updated. { EventId: { Id: 20406, Name: "Microsoft.EntityFrameworkCore.Migrations.MigrationsNotFound" }, SourceContext: "Microsoft.EntityFrameworkCore.Migrations" }

[16:50:07 INF] Acquiring an exclusive lock for migration application. See https://aka.ms/efcore-docs-migrations-lock for more information if this takes too long. { EventId: { Id: 20411, Name: "Microsoft.EntityFrameworkCore.Migrations.AcquiringMigrationLock" }, SourceContext: "Microsoft.EntityFrameworkCore.Migrations" }

[16:50:07 INF] No migrations were applied. The database is already up to date. { EventId: { Id: 20405, Name: "Microsoft.EntityFrameworkCore.Migrations.MigrationsNotApplied" }, SourceContext: "Microsoft.EntityFrameworkCore.Migrations" }

[16:50:07 INF] Now listening on: http://localhost:5000 { EventId: { Id: 14, Name: "ListeningOnAddress" }, SourceContext: "Microsoft.Hosting.Lifetime" }

[16:50:07 INF] Application started. Press Ctrl+C to shut down. { SourceContext: "Microsoft.Hosting.Lifetime" }

[16:50:07 INF] Hosting environment: Development { SourceContext: "Microsoft.Hosting.Lifetime" }

[16:50:07 INF] Content root path: C:\Users\MariyaAF\Desktop\BytesRewards\BytesRewards\src\BytesRewards.Service { SourceContext: "Microsoft.Hosting.Lifetime" }

[16:50:58 INF] Executing endpoint 'HTTP: GET /' { EventId: { Name: "ExecutingEndpoint" }, SourceContext: "Microsoft.AspNetCore.Routing.EndpointMiddleware", RequestId: "0HNLR33E3OPCF:00000001", RequestPath: "/", ConnectionId: "0HNLR33E3OPCF" }

[16:50:58 INF] Executing RedirectResult, redirecting to /swagger. { EventId: { Id: 1, Name: "RedirectResultExecuting" }, SourceContext: "Microsoft.AspNetCore.Http.Result.RedirectResult", RequestId: "0HNLR33E3OPCF:00000001", RequestPath: "/", ConnectionId: "0HNLR33E3OPCF" }

[16:50:58 INF] Executed endpoint 'HTTP: GET /' { EventId: { Id: 1, Name: "ExecutedEndpoint" }, SourceContext: "Microsoft.AspNetCore.Routing.EndpointMiddleware", RequestId: "0HNLR33E3OPCF:00000001", RequestPath: "/", ConnectionId: "0HNLR33E3OPCF" }

[16:50:58 INF] No action descriptors found. This may indicate an incorrectly configured application or missing application parts. To learn more, visit https://aka.ms/aspnet/mvc/app-parts { EventId: { Id: 1, Name: "NoActionDescriptors" }, SourceContext: "Microsoft.AspNetCore.Mvc.Infrastructure.DefaultActionDescriptorCollectionProvider", RequestId: "0HNLR33E3OPCF:00000004", RequestPath: "/swagger/v1/swagger.json", ConnectionId: "0HNLR33E3OPCF" }

[17:00:17 INF] Application is shutting down... { SourceContext: "Microsoft.Hosting.Lifetime" }

[17:00:44 INF] No migrations were applied. The database is already up to date. { EventId: { Id: 20405, Name: "Microsoft.EntityFrameworkCore.Migrations.MigrationsNotApplied" }, SourceContext: "Microsoft.EntityFrameworkCore.Migrations" }

[17:00:45 INF] No migrations were applied. The database is already up to date. { EventId: { Id: 20405, Name: "Microsoft.EntityFrameworkCore.Migrations.MigrationsNotApplied" }, SourceContext: "Microsoft.EntityFrameworkCore.Migrations" }

[17:00:45 INF] Registered 2 endpoints in 3,585 milliseconds. { EventId: { Id: 1, Name: "EndpointsRegistered" }, SourceContext: "FastEndpoints.StartupTimer" }

[17:00:45 INF] No validators found in the system! { EventId: { Id: 1, Name: "NoValidatorsFound" }, SourceContext: "FastEndpoints.Swagger.ValidationSchemaProcessor" }

[17:00:45 INF] User profile is available. Using 'C:\Users\MariyaAF\AppData\Local\ASP.NET\DataProtection-Keys' as key repository and Windows DPAPI to encrypt keys at rest. { EventId: { Id: 63, Name: "UsingProfileAsKeyRepositoryWithDPAPI" }, SourceContext: "Microsoft.AspNetCore.DataProtection.KeyManagement.XmlKeyManager" }

[17:00:45 WRN] The property 'AuditLog.Metadata' is a collection or enumeration type with a value converter but with no value comparer. Set a value comparer to ensure the collection/enumeration elements are compared correctly. { EventId: { Id: 10620, Name: "Microsoft.EntityFrameworkCore.Model.Validation.CollectionWithoutComparer" }, SourceContext: "Microsoft.EntityFrameworkCore.Model.Validation" }

[17:00:45 INF] No migrations were found in assembly 'BytesRewards.Service'. A migration needs to be added before the database can be updated. { EventId: { Id: 20406, Name: "Microsoft.EntityFrameworkCore.Migrations.MigrationsNotFound" }, SourceContext: "Microsoft.EntityFrameworkCore.Migrations" }

[17:00:45 INF] No migrations were applied. The database is already up to date. { EventId: { Id: 20405, Name: "Microsoft.EntityFrameworkCore.Migrations.MigrationsNotApplied" }, SourceContext: "Microsoft.EntityFrameworkCore.Migrations" }

[17:00:45 INF] Now listening on: http://localhost:59128 { EventId: { Id: 14, Name: "ListeningOnAddress" }, SourceContext: "Microsoft.Hosting.Lifetime" }

[17:00:45 INF] Application started. Press Ctrl+C to shut down. { SourceContext: "Microsoft.Hosting.Lifetime" }

[17:00:45 INF] Hosting environment: Development { SourceContext: "Microsoft.Hosting.Lifetime" }

[17:00:45 INF] Content root path: C:\Users\MariyaAF\Desktop\BytesRewards\BytesRewards\src\BytesRewards.Service { SourceContext: "Microsoft.Hosting.Lifetime" }

[17:01:00 INF] Executing endpoint 'HTTP: GET /' { EventId: { Name: "ExecutingEndpoint" }, SourceContext: "Microsoft.AspNetCore.Routing.EndpointMiddleware", RequestId: "0HNLR391DBLEE:00000001", RequestPath: "/", ConnectionId: "0HNLR391DBLEE" }

[17:01:00 INF] Executing RedirectResult, redirecting to /swagger. { EventId: { Id: 1, Name: "RedirectResultExecuting" }, SourceContext: "Microsoft.AspNetCore.Http.Result.RedirectResult", RequestId: "0HNLR391DBLEE:00000001", RequestPath: "/", ConnectionId: "0HNLR391DBLEE" }

[17:01:00 INF] Executed endpoint 'HTTP: GET /' { EventId: { Id: 1, Name: "ExecutedEndpoint" }, SourceContext: "Microsoft.AspNetCore.Routing.EndpointMiddleware", RequestId: "0HNLR391DBLEE:00000001", RequestPath: "/", ConnectionId: "0HNLR391DBLEE" }

[17:01:00 INF] No action descriptors found. This may indicate an incorrectly configured application or missing application parts. To learn more, visit https://aka.ms/aspnet/mvc/app-parts { EventId: { Id: 1, Name: "NoActionDescriptors" }, SourceContext: "Microsoft.AspNetCore.Mvc.Infrastructure.DefaultActionDescriptorCollectionProvider", RequestId: "0HNLR391DBLEE:00000004", RequestPath: "/swagger/v1/swagger.json", ConnectionId: "0HNLR391DBLEE" }

[17:01:55 INF] CORS policy execution successful. { EventId: { Id: 4, Name: "PolicySuccess" }, SourceContext: "Microsoft.AspNetCore.Cors.Infrastructure.CorsService", RequestId: "0HNLR391DBLEE:00000005", RequestPath: "/users", ConnectionId: "0HNLR391DBLEE" }

[17:01:55 INF] Executing endpoint 'HTTP: POST /users' { EventId: { Name: "ExecutingEndpoint" }, SourceContext: "Microsoft.AspNetCore.Routing.EndpointMiddleware", RequestId: "0HNLR391DBLEE:00000005", RequestPath: "/users", ConnectionId: "0HNLR391DBLEE" }

[17:01:55 INF] Handling CreateUserCommand { SourceContext: "AppWeaver.Mediator.Behaviors.LoggingBehavior", RequestId: "0HNLR391DBLEE:00000005", RequestPath: "/users", ConnectionId: "0HNLR391DBLEE" }

[17:01:56 ERR] Failed executing DbCommand (70ms) [Parameters=[@p0='?' (DbType = Guid), @p1='?' (DbType = DateTime), @p2='?' (DbType = Guid), @p3='?', @p4='?', @p5='?', @p6='?', @p7='?' (DbType = Boolean), @p8='?', @p9='?', @p10='?', @p11='?', @p12='?' (DbType = Guid), @p13='?' (DbType = Int32), @p14='?' (DbType = DateTime)], CommandType='"Text"', CommandTimeout='30']
INSERT INTO "Users" ("Id", "CreatedAt", "DepartmentId", "Designation", "Email", "EmployeeId", "FirstName", "IsActive", "KeycloakUserId", "LastName", "PhoneNumber", "ProfileImageUrl", "RoleId", "TotalBytes", "UpdatedAt")
VALUES (@p0, @p1, @p2, @p3, @p4, @p5, @p6, @p7, @p8, @p9, @p10, @p11, @p12, @p13, @p14); { EventId: { Id: 20102, Name: "Microsoft.EntityFrameworkCore.Database.Command.CommandError" }, SourceContext: "Microsoft.EntityFrameworkCore.Database.Command", RequestId: "0HNLR391DBLEE:00000005", RequestPath: "/users", ConnectionId: "0HNLR391DBLEE" }

[17:01:56 ERR] An exception occurred in the database while saving changes for context type 'BytesRewards.Service.Infrastructure.ApplicationDbContext'.
Microsoft.EntityFrameworkCore.DbUpdateException: An error occurred while saving the entity changes. See the inner exception for details.
 ---> Npgsql.PostgresException (0x80004005): 23503: insert or update on table "Users" violates foreign key constraint "FK_Users_Departments_DepartmentId"

DETAIL: Detail redacted as it may contain sensitive data. Specify 'Include Error Detail' in the connection string to include this information.
   at Npgsql.Internal.NpgsqlConnector.ReadMessageLong(Boolean async, DataRowLoadingMode dataRowLoadingMode, Boolean readingNotifications, Boolean isReadingPrependedMessage)
   at System.Runtime.CompilerServices.PoolingAsyncValueTaskMethodBuilder`1.StateMachineBox`1.System.Threading.Tasks.Sources.IValueTaskSource<TResult>.GetResult(Int16 token)
   at Npgsql.NpgsqlDataReader.NextResult(Boolean async, Boolean isConsuming, CancellationToken cancellationToken)
   at Npgsql.NpgsqlDataReader.NextResult(Boolean async, Boolean isConsuming, CancellationToken cancellationToken)
   at Npgsql.NpgsqlCommand.ExecuteReader(Boolean async, CommandBehavior behavior, CancellationToken cancellationToken)
   at Npgsql.NpgsqlCommand.ExecuteReader(Boolean async, CommandBehavior behavior, CancellationToken cancellationToken)
   at Npgsql.NpgsqlCommand.ExecuteDbDataReaderAsync(CommandBehavior behavior, CancellationToken cancellationToken)
   at Microsoft.EntityFrameworkCore.Storage.RelationalCommand.ExecuteReaderAsync(RelationalCommandParameterObject parameterObject, CancellationToken cancellationToken)
   at Microsoft.EntityFrameworkCore.Storage.RelationalCommand.ExecuteReaderAsync(RelationalCommandParameterObject parameterObject, CancellationToken cancellationToken)
   at Microsoft.EntityFrameworkCore.Update.ReaderModificationCommandBatch.ExecuteAsync(IRelationalConnection connection, CancellationToken cancellationToken)
  Exception data:
    Severity: ERROR
    SqlState: 23503
    MessageText: insert or update on table "Users" violates foreign key constraint "FK_Users_Departments_DepartmentId"
    Detail: Detail redacted as it may contain sensitive data. Specify 'Include Error Detail' in the connection string to include this information.
    SchemaName: public
    TableName: Users
    ConstraintName: FK_Users_Departments_DepartmentId
    File: ri_triggers.c
    Line: 2599
    Routine: ri_ReportViolation
   --- End of inner exception stack trace ---
   at Microsoft.EntityFrameworkCore.Update.ReaderModificationCommandBatch.ExecuteAsync(IRelationalConnection connection, CancellationToken cancellationToken)
   at Microsoft.EntityFrameworkCore.Update.Internal.BatchExecutor.ExecuteAsync(IEnumerable`1 commandBatches, IRelationalConnection connection, CancellationToken cancellationToken)
   at Microsoft.EntityFrameworkCore.Update.Internal.BatchExecutor.ExecuteAsync(IEnumerable`1 commandBatches, IRelationalConnection connection, CancellationToken cancellationToken)
   at Microsoft.EntityFrameworkCore.Update.Internal.BatchExecutor.ExecuteAsync(IEnumerable`1 commandBatches, IRelationalConnection connection, CancellationToken cancellationToken)
   at Microsoft.EntityFrameworkCore.Storage.RelationalDatabase.SaveChangesAsync(IList`1 entries, CancellationToken cancellationToken)
   at Microsoft.EntityFrameworkCore.ChangeTracking.Internal.StateManager.SaveChangesAsync(IList`1 entriesToSave, CancellationToken cancellationToken)
   at Microsoft.EntityFrameworkCore.ChangeTracking.Internal.StateManager.SaveChangesAsync(StateManager stateManager, Boolean acceptAllChangesOnSuccess, CancellationToken cancellationToken)
   at Npgsql.EntityFrameworkCore.PostgreSQL.Storage.Internal.NpgsqlExecutionStrategy.ExecuteAsync[TState,TResult](TState state, Func`4 operation, Func`4 verifySucceeded, CancellationToken cancellationToken)
   at Microsoft.EntityFrameworkCore.DbContext.SaveChangesAsync(Boolean acceptAllChangesOnSuccess, CancellationToken cancellationToken) { EventId: { Id: 10000, Name: "Microsoft.EntityFrameworkCore.Update.SaveChangesFailed" }, SourceContext: "Microsoft.EntityFrameworkCore.Update", RequestId: "0HNLR391DBLEE:00000005", RequestPath: "/users", ConnectionId: "0HNLR391DBLEE" }

Microsoft.EntityFrameworkCore.DbUpdateException: An error occurred while saving the entity changes. See the inner exception for details.
 ---> Npgsql.PostgresException (0x80004005): 23503: insert or update on table "Users" violates foreign key constraint "FK_Users_Departments_DepartmentId"

DETAIL: Detail redacted as it may contain sensitive data. Specify 'Include Error Detail' in the connection string to include this information.
   at Npgsql.Internal.NpgsqlConnector.ReadMessageLong(Boolean async, DataRowLoadingMode dataRowLoadingMode, Boolean readingNotifications, Boolean isReadingPrependedMessage)
   at System.Runtime.CompilerServices.PoolingAsyncValueTaskMethodBuilder`1.StateMachineBox`1.System.Threading.Tasks.Sources.IValueTaskSource<TResult>.GetResult(Int16 token)
   at Npgsql.NpgsqlDataReader.NextResult(Boolean async, Boolean isConsuming, CancellationToken cancellationToken)
   at Npgsql.NpgsqlDataReader.NextResult(Boolean async, Boolean isConsuming, CancellationToken cancellationToken)
   at Npgsql.NpgsqlCommand.ExecuteReader(Boolean async, CommandBehavior behavior, CancellationToken cancellationToken)
   at Npgsql.NpgsqlCommand.ExecuteReader(Boolean async, CommandBehavior behavior, CancellationToken cancellationToken)
   at Npgsql.NpgsqlCommand.ExecuteDbDataReaderAsync(CommandBehavior behavior, CancellationToken cancellationToken)
   at Microsoft.EntityFrameworkCore.Storage.RelationalCommand.ExecuteReaderAsync(RelationalCommandParameterObject parameterObject, CancellationToken cancellationToken)
   at Microsoft.EntityFrameworkCore.Storage.RelationalCommand.ExecuteReaderAsync(RelationalCommandParameterObject parameterObject, CancellationToken cancellationToken)
   at Microsoft.EntityFrameworkCore.Update.ReaderModificationCommandBatch.ExecuteAsync(IRelationalConnection connection, CancellationToken cancellationToken)
  Exception data:
    Severity: ERROR
    SqlState: 23503
    MessageText: insert or update on table "Users" violates foreign key constraint "FK_Users_Departments_DepartmentId"
    Detail: Detail redacted as it may contain sensitive data. Specify 'Include Error Detail' in the connection string to include this information.
    SchemaName: public
    TableName: Users
    ConstraintName: FK_Users_Departments_DepartmentId
    File: ri_triggers.c
    Line: 2599
    Routine: ri_ReportViolation
   --- End of inner exception stack trace ---
   at Microsoft.EntityFrameworkCore.Update.ReaderModificationCommandBatch.ExecuteAsync(IRelationalConnection connection, CancellationToken cancellationToken)
   at Microsoft.EntityFrameworkCore.Update.Internal.BatchExecutor.ExecuteAsync(IEnumerable`1 commandBatches, IRelationalConnection connection, CancellationToken cancellationToken)
   at Microsoft.EntityFrameworkCore.Update.Internal.BatchExecutor.ExecuteAsync(IEnumerable`1 commandBatches, IRelationalConnection connection, CancellationToken cancellationToken)
   at Microsoft.EntityFrameworkCore.Update.Internal.BatchExecutor.ExecuteAsync(IEnumerable`1 commandBatches, IRelationalConnection connection, CancellationToken cancellationToken)
   at Microsoft.EntityFrameworkCore.Storage.RelationalDatabase.SaveChangesAsync(IList`1 entries, CancellationToken cancellationToken)
   at Microsoft.EntityFrameworkCore.ChangeTracking.Internal.StateManager.SaveChangesAsync(IList`1 entriesToSave, CancellationToken cancellationToken)
   at Microsoft.EntityFrameworkCore.ChangeTracking.Internal.StateManager.SaveChangesAsync(StateManager stateManager, Boolean acceptAllChangesOnSuccess, CancellationToken cancellationToken)
   at Npgsql.EntityFrameworkCore.PostgreSQL.Storage.Internal.NpgsqlExecutionStrategy.ExecuteAsync[TState,TResult](TState state, Func`4 operation, Func`4 verifySucceeded, CancellationToken cancellationToken)
   at Microsoft.EntityFrameworkCore.DbContext.SaveChangesAsync(Boolean acceptAllChangesOnSuccess, CancellationToken cancellationToken)
[17:01:56 ERR] Error handling CreateUserCommand { SourceContext: "AppWeaver.Mediator.Behaviors.LoggingBehavior", RequestId: "0HNLR391DBLEE:00000005", RequestPath: "/users", ConnectionId: "0HNLR391DBLEE" }

Microsoft.EntityFrameworkCore.DbUpdateException: An error occurred while saving the entity changes. See the inner exception for details.
 ---> Npgsql.PostgresException (0x80004005): 23503: insert or update on table "Users" violates foreign key constraint "FK_Users_Departments_DepartmentId"

DETAIL: Detail redacted as it may contain sensitive data. Specify 'Include Error Detail' in the connection string to include this information.
   at Npgsql.Internal.NpgsqlConnector.ReadMessageLong(Boolean async, DataRowLoadingMode dataRowLoadingMode, Boolean readingNotifications, Boolean isReadingPrependedMessage)
   at System.Runtime.CompilerServices.PoolingAsyncValueTaskMethodBuilder`1.StateMachineBox`1.System.Threading.Tasks.Sources.IValueTaskSource<TResult>.GetResult(Int16 token)
   at Npgsql.NpgsqlDataReader.NextResult(Boolean async, Boolean isConsuming, CancellationToken cancellationToken)
   at Npgsql.NpgsqlDataReader.NextResult(Boolean async, Boolean isConsuming, CancellationToken cancellationToken)
   at Npgsql.NpgsqlCommand.ExecuteReader(Boolean async, CommandBehavior behavior, CancellationToken cancellationToken)
   at Npgsql.NpgsqlCommand.ExecuteReader(Boolean async, CommandBehavior behavior, CancellationToken cancellationToken)
   at Npgsql.NpgsqlCommand.ExecuteDbDataReaderAsync(CommandBehavior behavior, CancellationToken cancellationToken)
   at Microsoft.EntityFrameworkCore.Storage.RelationalCommand.ExecuteReaderAsync(RelationalCommandParameterObject parameterObject, CancellationToken cancellationToken)
   at Microsoft.EntityFrameworkCore.Storage.RelationalCommand.ExecuteReaderAsync(RelationalCommandParameterObject parameterObject, CancellationToken cancellationToken)
   at Microsoft.EntityFrameworkCore.Update.ReaderModificationCommandBatch.ExecuteAsync(IRelationalConnection connection, CancellationToken cancellationToken)
  Exception data:
    Severity: ERROR
    SqlState: 23503
    MessageText: insert or update on table "Users" violates foreign key constraint "FK_Users_Departments_DepartmentId"
    Detail: Detail redacted as it may contain sensitive data. Specify 'Include Error Detail' in the connection string to include this information.
    SchemaName: public
    TableName: Users
    ConstraintName: FK_Users_Departments_DepartmentId
    File: ri_triggers.c
    Line: 2599
    Routine: ri_ReportViolation
   --- End of inner exception stack trace ---
   at Microsoft.EntityFrameworkCore.Update.ReaderModificationCommandBatch.ExecuteAsync(IRelationalConnection connection, CancellationToken cancellationToken)
   at Microsoft.EntityFrameworkCore.Update.Internal.BatchExecutor.ExecuteAsync(IEnumerable`1 commandBatches, IRelationalConnection connection, CancellationToken cancellationToken)
   at Microsoft.EntityFrameworkCore.Update.Internal.BatchExecutor.ExecuteAsync(IEnumerable`1 commandBatches, IRelationalConnection connection, CancellationToken cancellationToken)
   at Microsoft.EntityFrameworkCore.Update.Internal.BatchExecutor.ExecuteAsync(IEnumerable`1 commandBatches, IRelationalConnection connection, CancellationToken cancellationToken)
   at Microsoft.EntityFrameworkCore.Storage.RelationalDatabase.SaveChangesAsync(IList`1 entries, CancellationToken cancellationToken)
   at Microsoft.EntityFrameworkCore.ChangeTracking.Internal.StateManager.SaveChangesAsync(IList`1 entriesToSave, CancellationToken cancellationToken)
   at Microsoft.EntityFrameworkCore.ChangeTracking.Internal.StateManager.SaveChangesAsync(StateManager stateManager, Boolean acceptAllChangesOnSuccess, CancellationToken cancellationToken)
   at Npgsql.EntityFrameworkCore.PostgreSQL.Storage.Internal.NpgsqlExecutionStrategy.ExecuteAsync[TState,TResult](TState state, Func`4 operation, Func`4 verifySucceeded, CancellationToken cancellationToken)
   at Microsoft.EntityFrameworkCore.DbContext.SaveChangesAsync(Boolean acceptAllChangesOnSuccess, CancellationToken cancellationToken)
   at Microsoft.EntityFrameworkCore.DbContext.SaveChangesAsync(Boolean acceptAllChangesOnSuccess, CancellationToken cancellationToken)
   at BytesRewards.Service.Features.Users.CreateUser.CreateUserCommandHandler.Handle(CreateUserCommand request, CancellationToken ct) in C:\Users\MariyaAF\Desktop\BytesRewards\BytesRewards\src\BytesRewards.Service\Users\Features\AddUser\CreateUserCommandHandler.cs:line 113
   at AppWeaver.Mediator.Behaviors.FluentValidationBehavior`2.Handle(TCommand request, CancellationToken ct, Next`1 next)
   at AppWeaver.Mediator.Behaviors.LoggingBehavior`2.Handle(TRequest request, CancellationToken ct, Next`1 next)
[17:01:56 INF] Executed endpoint 'HTTP: POST /users' { EventId: { Id: 1, Name: "ExecutedEndpoint" }, SourceContext: "Microsoft.AspNetCore.Routing.EndpointMiddleware", RequestId: "0HNLR391DBLEE:00000005", RequestPath: "/users", ConnectionId: "0HNLR391DBLEE" }

[17:01:56 INF] Exception occurred: An error occurred while saving the entity changes. See the inner exception for details. { SourceContext: "MiddlewareLibrary.ExceptionHandling.ExceptionLogHandler", Environment: "Development", TraceId: "0HNLR391DBLEE:00000005", CorrelationId: "0HNLR391DBLEE:00000005", TenantId: "", ExceptionType: "DbUpdateException", RequestId: "0HNLR391DBLEE:00000005", RequestPath: "/users", ConnectionId: "0HNLR391DBLEE" }

Microsoft.EntityFrameworkCore.DbUpdateException: An error occurred while saving the entity changes. See the inner exception for details.
 ---> Npgsql.PostgresException (0x80004005): 23503: insert or update on table "Users" violates foreign key constraint "FK_Users_Departments_DepartmentId"

DETAIL: Detail redacted as it may contain sensitive data. Specify 'Include Error Detail' in the connection string to include this information.
   at Npgsql.Internal.NpgsqlConnector.ReadMessageLong(Boolean async, DataRowLoadingMode dataRowLoadingMode, Boolean readingNotifications, Boolean isReadingPrependedMessage)
   at System.Runtime.CompilerServices.PoolingAsyncValueTaskMethodBuilder`1.StateMachineBox`1.System.Threading.Tasks.Sources.IValueTaskSource<TResult>.GetResult(Int16 token)
   at Npgsql.NpgsqlDataReader.NextResult(Boolean async, Boolean isConsuming, CancellationToken cancellationToken)
   at Npgsql.NpgsqlDataReader.NextResult(Boolean async, Boolean isConsuming, CancellationToken cancellationToken)
   at Npgsql.NpgsqlCommand.ExecuteReader(Boolean async, CommandBehavior behavior, CancellationToken cancellationToken)
   at Npgsql.NpgsqlCommand.ExecuteReader(Boolean async, CommandBehavior behavior, CancellationToken cancellationToken)
   at Npgsql.NpgsqlCommand.ExecuteDbDataReaderAsync(CommandBehavior behavior, CancellationToken cancellationToken)
   at Microsoft.EntityFrameworkCore.Storage.RelationalCommand.ExecuteReaderAsync(RelationalCommandParameterObject parameterObject, CancellationToken cancellationToken)
   at Microsoft.EntityFrameworkCore.Storage.RelationalCommand.ExecuteReaderAsync(RelationalCommandParameterObject parameterObject, CancellationToken cancellationToken)
   at Microsoft.EntityFrameworkCore.Update.ReaderModificationCommandBatch.ExecuteAsync(IRelationalConnection connection, CancellationToken cancellationToken)
  Exception data:
    Severity: ERROR
    SqlState: 23503
    MessageText: insert or update on table "Users" violates foreign key constraint "FK_Users_Departments_DepartmentId"
    Detail: Detail redacted as it may contain sensitive data. Specify 'Include Error Detail' in the connection string to include this information.
    SchemaName: public
    TableName: Users
    ConstraintName: FK_Users_Departments_DepartmentId
    File: ri_triggers.c
    Line: 2599
    Routine: ri_ReportViolation
   --- End of inner exception stack trace ---
   at Microsoft.EntityFrameworkCore.Update.ReaderModificationCommandBatch.ExecuteAsync(IRelationalConnection connection, CancellationToken cancellationToken)
   at Microsoft.EntityFrameworkCore.Update.Internal.BatchExecutor.ExecuteAsync(IEnumerable`1 commandBatches, IRelationalConnection connection, CancellationToken cancellationToken)
   at Microsoft.EntityFrameworkCore.Update.Internal.BatchExecutor.ExecuteAsync(IEnumerable`1 commandBatches, IRelationalConnection connection, CancellationToken cancellationToken)
   at Microsoft.EntityFrameworkCore.Update.Internal.BatchExecutor.ExecuteAsync(IEnumerable`1 commandBatches, IRelationalConnection connection, CancellationToken cancellationToken)
   at Microsoft.EntityFrameworkCore.Storage.RelationalDatabase.SaveChangesAsync(IList`1 entries, CancellationToken cancellationToken)
   at Microsoft.EntityFrameworkCore.ChangeTracking.Internal.StateManager.SaveChangesAsync(IList`1 entriesToSave, CancellationToken cancellationToken)
   at Microsoft.EntityFrameworkCore.ChangeTracking.Internal.StateManager.SaveChangesAsync(StateManager stateManager, Boolean acceptAllChangesOnSuccess, CancellationToken cancellationToken)
   at Npgsql.EntityFrameworkCore.PostgreSQL.Storage.Internal.NpgsqlExecutionStrategy.ExecuteAsync[TState,TResult](TState state, Func`4 operation, Func`4 verifySucceeded, CancellationToken cancellationToken)
   at Microsoft.EntityFrameworkCore.DbContext.SaveChangesAsync(Boolean acceptAllChangesOnSuccess, CancellationToken cancellationToken)
   at Microsoft.EntityFrameworkCore.DbContext.SaveChangesAsync(Boolean acceptAllChangesOnSuccess, CancellationToken cancellationToken)
   at BytesRewards.Service.Features.Users.CreateUser.CreateUserCommandHandler.Handle(CreateUserCommand request, CancellationToken ct) in C:\Users\MariyaAF\Desktop\BytesRewards\BytesRewards\src\BytesRewards.Service\Users\Features\AddUser\CreateUserCommandHandler.cs:line 113
   at AppWeaver.Mediator.Behaviors.FluentValidationBehavior`2.Handle(TCommand request, CancellationToken ct, Next`1 next)
   at AppWeaver.Mediator.Behaviors.LoggingBehavior`2.Handle(TRequest request, CancellationToken ct, Next`1 next)
   at BytesRewards.Service.Features.Users.CreateUser.CreateUserEndpoint.ExecuteAsync(CreateUserRequest req, CancellationToken ct) in C:\Users\MariyaAF\Desktop\BytesRewards\BytesRewards\src\BytesRewards.Service\Users\Features\AddUser\CreateUserEndpoint.cs:line 35
   at AppWeaver.FastEndpoint.SecureFastEndpoint`2.HandleAsync(TRequest req, CancellationToken ct)
   at FastEndpoints.Endpoint`2.ExecAsync(CancellationToken ct)
   at FastEndpoints.Endpoint`2.ExecAsync(CancellationToken ct)
   at Microsoft.AspNetCore.Routing.EndpointMiddleware.<Invoke>g__AwaitRequestTask|7_0(Endpoint endpoint, Task requestTask, ILogger logger)
   at NSwag.AspNetCore.Middlewares.SwaggerUiIndexMiddleware.Invoke(HttpContext context)
   at NSwag.AspNetCore.Middlewares.RedirectToIndexMiddleware.Invoke(HttpContext context)
   at NSwag.AspNetCore.Middlewares.OpenApiDocumentMiddleware.Invoke(HttpContext context)
   at Microsoft.AspNetCore.Authorization.AuthorizationMiddleware.Invoke(HttpContext context)
   at Microsoft.AspNetCore.Authentication.AuthenticationMiddleware.Invoke(HttpContext context)
   at Microsoft.AspNetCore.Diagnostics.ExceptionHandlerMiddlewareImpl.<Invoke>g__Awaited|10_0(ExceptionHandlerMiddlewareImpl middleware, HttpContext context, Task task)
[17:08:04 INF] CORS policy execution successful. { EventId: { Id: 4, Name: "PolicySuccess" }, SourceContext: "Microsoft.AspNetCore.Cors.Infrastructure.CorsService", RequestId: "0HNLR391DBLEG:00000001", RequestPath: "/users", ConnectionId: "0HNLR391DBLEG" }

[17:08:04 INF] Executing endpoint 'HTTP: POST /users' { EventId: { Name: "ExecutingEndpoint" }, SourceContext: "Microsoft.AspNetCore.Routing.EndpointMiddleware", RequestId: "0HNLR391DBLEG:00000001", RequestPath: "/users", ConnectionId: "0HNLR391DBLEG" }

[17:08:04 INF] Handling CreateUserCommand { SourceContext: "AppWeaver.Mediator.Behaviors.LoggingBehavior", RequestId: "0HNLR391DBLEG:00000001", RequestPath: "/users", ConnectionId: "0HNLR391DBLEG" }

[17:08:04 ERR] Failed executing DbCommand (7ms) [Parameters=[@p0='?' (DbType = Guid), @p1='?' (DbType = DateTime), @p2='?' (DbType = Guid), @p3='?', @p4='?', @p5='?', @p6='?', @p7='?' (DbType = Boolean), @p8='?', @p9='?', @p10='?', @p11='?', @p12='?' (DbType = Guid), @p13='?' (DbType = Int32), @p14='?' (DbType = DateTime)], CommandType='"Text"', CommandTimeout='30']
INSERT INTO "Users" ("Id", "CreatedAt", "DepartmentId", "Designation", "Email", "EmployeeId", "FirstName", "IsActive", "KeycloakUserId", "LastName", "PhoneNumber", "ProfileImageUrl", "RoleId", "TotalBytes", "UpdatedAt")
VALUES (@p0, @p1, @p2, @p3, @p4, @p5, @p6, @p7, @p8, @p9, @p10, @p11, @p12, @p13, @p14); { EventId: { Id: 20102, Name: "Microsoft.EntityFrameworkCore.Database.Command.CommandError" }, SourceContext: "Microsoft.EntityFrameworkCore.Database.Command", RequestId: "0HNLR391DBLEG:00000001", RequestPath: "/users", ConnectionId: "0HNLR391DBLEG" }

[17:08:04 ERR] An exception occurred in the database while saving changes for context type 'BytesRewards.Service.Infrastructure.ApplicationDbContext'.
Microsoft.EntityFrameworkCore.DbUpdateException: An error occurred while saving the entity changes. See the inner exception for details.
 ---> Npgsql.PostgresException (0x80004005): 23503: insert or update on table "Users" violates foreign key constraint "FK_Users_Departments_DepartmentId"

DETAIL: Detail redacted as it may contain sensitive data. Specify 'Include Error Detail' in the connection string to include this information.
   at Npgsql.Internal.NpgsqlConnector.ReadMessageLong(Boolean async, DataRowLoadingMode dataRowLoadingMode, Boolean readingNotifications, Boolean isReadingPrependedMessage)
   at System.Runtime.CompilerServices.PoolingAsyncValueTaskMethodBuilder`1.StateMachineBox`1.System.Threading.Tasks.Sources.IValueTaskSource<TResult>.GetResult(Int16 token)
   at Npgsql.NpgsqlDataReader.NextResult(Boolean async, Boolean isConsuming, CancellationToken cancellationToken)
   at Npgsql.NpgsqlDataReader.NextResult(Boolean async, Boolean isConsuming, CancellationToken cancellationToken)
   at Npgsql.NpgsqlCommand.ExecuteReader(Boolean async, CommandBehavior behavior, CancellationToken cancellationToken)
   at Npgsql.NpgsqlCommand.ExecuteReader(Boolean async, CommandBehavior behavior, CancellationToken cancellationToken)
   at Npgsql.NpgsqlCommand.ExecuteDbDataReaderAsync(CommandBehavior behavior, CancellationToken cancellationToken)
   at Microsoft.EntityFrameworkCore.Storage.RelationalCommand.ExecuteReaderAsync(RelationalCommandParameterObject parameterObject, CancellationToken cancellationToken)
   at Microsoft.EntityFrameworkCore.Storage.RelationalCommand.ExecuteReaderAsync(RelationalCommandParameterObject parameterObject, CancellationToken cancellationToken)
   at Microsoft.EntityFrameworkCore.Update.ReaderModificationCommandBatch.ExecuteAsync(IRelationalConnection connection, CancellationToken cancellationToken)
  Exception data:
    Severity: ERROR
    SqlState: 23503
    MessageText: insert or update on table "Users" violates foreign key constraint "FK_Users_Departments_DepartmentId"
    Detail: Detail redacted as it may contain sensitive data. Specify 'Include Error Detail' in the connection string to include this information.
    SchemaName: public
    TableName: Users
    ConstraintName: FK_Users_Departments_DepartmentId
    File: ri_triggers.c
    Line: 2599
    Routine: ri_ReportViolation
   --- End of inner exception stack trace ---
   at Microsoft.EntityFrameworkCore.Update.ReaderModificationCommandBatch.ExecuteAsync(IRelationalConnection connection, CancellationToken cancellationToken)
   at Microsoft.EntityFrameworkCore.Update.Internal.BatchExecutor.ExecuteAsync(IEnumerable`1 commandBatches, IRelationalConnection connection, CancellationToken cancellationToken)
   at Microsoft.EntityFrameworkCore.Update.Internal.BatchExecutor.ExecuteAsync(IEnumerable`1 commandBatches, IRelationalConnection connection, CancellationToken cancellationToken)
   at Microsoft.EntityFrameworkCore.Update.Internal.BatchExecutor.ExecuteAsync(IEnumerable`1 commandBatches, IRelationalConnection connection, CancellationToken cancellationToken)
   at Microsoft.EntityFrameworkCore.Storage.RelationalDatabase.SaveChangesAsync(IList`1 entries, CancellationToken cancellationToken)
   at Microsoft.EntityFrameworkCore.ChangeTracking.Internal.StateManager.SaveChangesAsync(IList`1 entriesToSave, CancellationToken cancellationToken)
   at Microsoft.EntityFrameworkCore.ChangeTracking.Internal.StateManager.SaveChangesAsync(StateManager stateManager, Boolean acceptAllChangesOnSuccess, CancellationToken cancellationToken)
   at Npgsql.EntityFrameworkCore.PostgreSQL.Storage.Internal.NpgsqlExecutionStrategy.ExecuteAsync[TState,TResult](TState state, Func`4 operation, Func`4 verifySucceeded, CancellationToken cancellationToken)
   at Microsoft.EntityFrameworkCore.DbContext.SaveChangesAsync(Boolean acceptAllChangesOnSuccess, CancellationToken cancellationToken) { EventId: { Id: 10000, Name: "Microsoft.EntityFrameworkCore.Update.SaveChangesFailed" }, SourceContext: "Microsoft.EntityFrameworkCore.Update", RequestId: "0HNLR391DBLEG:00000001", RequestPath: "/users", ConnectionId: "0HNLR391DBLEG" }

Microsoft.EntityFrameworkCore.DbUpdateException: An error occurred while saving the entity changes. See the inner exception for details.
 ---> Npgsql.PostgresException (0x80004005): 23503: insert or update on table "Users" violates foreign key constraint "FK_Users_Departments_DepartmentId"

DETAIL: Detail redacted as it may contain sensitive data. Specify 'Include Error Detail' in the connection string to include this information.
   at Npgsql.Internal.NpgsqlConnector.ReadMessageLong(Boolean async, DataRowLoadingMode dataRowLoadingMode, Boolean readingNotifications, Boolean isReadingPrependedMessage)
   at System.Runtime.CompilerServices.PoolingAsyncValueTaskMethodBuilder`1.StateMachineBox`1.System.Threading.Tasks.Sources.IValueTaskSource<TResult>.GetResult(Int16 token)
   at Npgsql.NpgsqlDataReader.NextResult(Boolean async, Boolean isConsuming, CancellationToken cancellationToken)
   at Npgsql.NpgsqlDataReader.NextResult(Boolean async, Boolean isConsuming, CancellationToken cancellationToken)
   at Npgsql.NpgsqlCommand.ExecuteReader(Boolean async, CommandBehavior behavior, CancellationToken cancellationToken)
   at Npgsql.NpgsqlCommand.ExecuteReader(Boolean async, CommandBehavior behavior, CancellationToken cancellationToken)
   at Npgsql.NpgsqlCommand.ExecuteDbDataReaderAsync(CommandBehavior behavior, CancellationToken cancellationToken)
   at Microsoft.EntityFrameworkCore.Storage.RelationalCommand.ExecuteReaderAsync(RelationalCommandParameterObject parameterObject, CancellationToken cancellationToken)
   at Microsoft.EntityFrameworkCore.Storage.RelationalCommand.ExecuteReaderAsync(RelationalCommandParameterObject parameterObject, CancellationToken cancellationToken)
   at Microsoft.EntityFrameworkCore.Update.ReaderModificationCommandBatch.ExecuteAsync(IRelationalConnection connection, CancellationToken cancellationToken)
  Exception data:
    Severity: ERROR
    SqlState: 23503
    MessageText: insert or update on table "Users" violates foreign key constraint "FK_Users_Departments_DepartmentId"
    Detail: Detail redacted as it may contain sensitive data. Specify 'Include Error Detail' in the connection string to include this information.
    SchemaName: public
    TableName: Users
    ConstraintName: FK_Users_Departments_DepartmentId
    File: ri_triggers.c
    Line: 2599
    Routine: ri_ReportViolation
   --- End of inner exception stack trace ---
   at Microsoft.EntityFrameworkCore.Update.ReaderModificationCommandBatch.ExecuteAsync(IRelationalConnection connection, CancellationToken cancellationToken)
   at Microsoft.EntityFrameworkCore.Update.Internal.BatchExecutor.ExecuteAsync(IEnumerable`1 commandBatches, IRelationalConnection connection, CancellationToken cancellationToken)
   at Microsoft.EntityFrameworkCore.Update.Internal.BatchExecutor.ExecuteAsync(IEnumerable`1 commandBatches, IRelationalConnection connection, CancellationToken cancellationToken)
   at Microsoft.EntityFrameworkCore.Update.Internal.BatchExecutor.ExecuteAsync(IEnumerable`1 commandBatches, IRelationalConnection connection, CancellationToken cancellationToken)
   at Microsoft.EntityFrameworkCore.Storage.RelationalDatabase.SaveChangesAsync(IList`1 entries, CancellationToken cancellationToken)
   at Microsoft.EntityFrameworkCore.ChangeTracking.Internal.StateManager.SaveChangesAsync(IList`1 entriesToSave, CancellationToken cancellationToken)
   at Microsoft.EntityFrameworkCore.ChangeTracking.Internal.StateManager.SaveChangesAsync(StateManager stateManager, Boolean acceptAllChangesOnSuccess, CancellationToken cancellationToken)
   at Npgsql.EntityFrameworkCore.PostgreSQL.Storage.Internal.NpgsqlExecutionStrategy.ExecuteAsync[TState,TResult](TState state, Func`4 operation, Func`4 verifySucceeded, CancellationToken cancellationToken)
   at Microsoft.EntityFrameworkCore.DbContext.SaveChangesAsync(Boolean acceptAllChangesOnSuccess, CancellationToken cancellationToken)
[17:08:04 ERR] Error handling CreateUserCommand { SourceContext: "AppWeaver.Mediator.Behaviors.LoggingBehavior", RequestId: "0HNLR391DBLEG:00000001", RequestPath: "/users", ConnectionId: "0HNLR391DBLEG" }

Microsoft.EntityFrameworkCore.DbUpdateException: An error occurred while saving the entity changes. See the inner exception for details.
 ---> Npgsql.PostgresException (0x80004005): 23503: insert or update on table "Users" violates foreign key constraint "FK_Users_Departments_DepartmentId"

DETAIL: Detail redacted as it may contain sensitive data. Specify 'Include Error Detail' in the connection string to include this information.
   at Npgsql.Internal.NpgsqlConnector.ReadMessageLong(Boolean async, DataRowLoadingMode dataRowLoadingMode, Boolean readingNotifications, Boolean isReadingPrependedMessage)
   at System.Runtime.CompilerServices.PoolingAsyncValueTaskMethodBuilder`1.StateMachineBox`1.System.Threading.Tasks.Sources.IValueTaskSource<TResult>.GetResult(Int16 token)
   at Npgsql.NpgsqlDataReader.NextResult(Boolean async, Boolean isConsuming, CancellationToken cancellationToken)
   at Npgsql.NpgsqlDataReader.NextResult(Boolean async, Boolean isConsuming, CancellationToken cancellationToken)
   at Npgsql.NpgsqlCommand.ExecuteReader(Boolean async, CommandBehavior behavior, CancellationToken cancellationToken)
   at Npgsql.NpgsqlCommand.ExecuteReader(Boolean async, CommandBehavior behavior, CancellationToken cancellationToken)
   at Npgsql.NpgsqlCommand.ExecuteDbDataReaderAsync(CommandBehavior behavior, CancellationToken cancellationToken)
   at Microsoft.EntityFrameworkCore.Storage.RelationalCommand.ExecuteReaderAsync(RelationalCommandParameterObject parameterObject, CancellationToken cancellationToken)
   at Microsoft.EntityFrameworkCore.Storage.RelationalCommand.ExecuteReaderAsync(RelationalCommandParameterObject parameterObject, CancellationToken cancellationToken)
   at Microsoft.EntityFrameworkCore.Update.ReaderModificationCommandBatch.ExecuteAsync(IRelationalConnection connection, CancellationToken cancellationToken)
  Exception data:
    Severity: ERROR
    SqlState: 23503
    MessageText: insert or update on table "Users" violates foreign key constraint "FK_Users_Departments_DepartmentId"
    Detail: Detail redacted as it may contain sensitive data. Specify 'Include Error Detail' in the connection string to include this information.
    SchemaName: public
    TableName: Users
    ConstraintName: FK_Users_Departments_DepartmentId
    File: ri_triggers.c
    Line: 2599
    Routine: ri_ReportViolation
   --- End of inner exception stack trace ---
   at Microsoft.EntityFrameworkCore.Update.ReaderModificationCommandBatch.ExecuteAsync(IRelationalConnection connection, CancellationToken cancellationToken)
   at Microsoft.EntityFrameworkCore.Update.Internal.BatchExecutor.ExecuteAsync(IEnumerable`1 commandBatches, IRelationalConnection connection, CancellationToken cancellationToken)
   at Microsoft.EntityFrameworkCore.Update.Internal.BatchExecutor.ExecuteAsync(IEnumerable`1 commandBatches, IRelationalConnection connection, CancellationToken cancellationToken)
   at Microsoft.EntityFrameworkCore.Update.Internal.BatchExecutor.ExecuteAsync(IEnumerable`1 commandBatches, IRelationalConnection connection, CancellationToken cancellationToken)
   at Microsoft.EntityFrameworkCore.Storage.RelationalDatabase.SaveChangesAsync(IList`1 entries, CancellationToken cancellationToken)
   at Microsoft.EntityFrameworkCore.ChangeTracking.Internal.StateManager.SaveChangesAsync(IList`1 entriesToSave, CancellationToken cancellationToken)
   at Microsoft.EntityFrameworkCore.ChangeTracking.Internal.StateManager.SaveChangesAsync(StateManager stateManager, Boolean acceptAllChangesOnSuccess, CancellationToken cancellationToken)
   at Npgsql.EntityFrameworkCore.PostgreSQL.Storage.Internal.NpgsqlExecutionStrategy.ExecuteAsync[TState,TResult](TState state, Func`4 operation, Func`4 verifySucceeded, CancellationToken cancellationToken)
   at Microsoft.EntityFrameworkCore.DbContext.SaveChangesAsync(Boolean acceptAllChangesOnSuccess, CancellationToken cancellationToken)
   at Microsoft.EntityFrameworkCore.DbContext.SaveChangesAsync(Boolean acceptAllChangesOnSuccess, CancellationToken cancellationToken)
   at BytesRewards.Service.Features.Users.CreateUser.CreateUserCommandHandler.Handle(CreateUserCommand request, CancellationToken ct) in C:\Users\MariyaAF\Desktop\BytesRewards\BytesRewards\src\BytesRewards.Service\Users\Features\AddUser\CreateUserCommandHandler.cs:line 113
   at AppWeaver.Mediator.Behaviors.FluentValidationBehavior`2.Handle(TCommand request, CancellationToken ct, Next`1 next)
   at AppWeaver.Mediator.Behaviors.LoggingBehavior`2.Handle(TRequest request, CancellationToken ct, Next`1 next)
[17:08:04 INF] Executed endpoint 'HTTP: POST /users' { EventId: { Id: 1, Name: "ExecutedEndpoint" }, SourceContext: "Microsoft.AspNetCore.Routing.EndpointMiddleware", RequestId: "0HNLR391DBLEG:00000001", RequestPath: "/users", ConnectionId: "0HNLR391DBLEG" }

[17:08:04 INF] Exception occurred: An error occurred while saving the entity changes. See the inner exception for details. { SourceContext: "MiddlewareLibrary.ExceptionHandling.ExceptionLogHandler", Environment: "Development", TraceId: "0HNLR391DBLEG:00000001", CorrelationId: "0HNLR391DBLEG:00000001", TenantId: "", ExceptionType: "DbUpdateException", RequestId: "0HNLR391DBLEG:00000001", RequestPath: "/users", ConnectionId: "0HNLR391DBLEG" }

Microsoft.EntityFrameworkCore.DbUpdateException: An error occurred while saving the entity changes. See the inner exception for details.
 ---> Npgsql.PostgresException (0x80004005): 23503: insert or update on table "Users" violates foreign key constraint "FK_Users_Departments_DepartmentId"

DETAIL: Detail redacted as it may contain sensitive data. Specify 'Include Error Detail' in the connection string to include this information.
   at Npgsql.Internal.NpgsqlConnector.ReadMessageLong(Boolean async, DataRowLoadingMode dataRowLoadingMode, Boolean readingNotifications, Boolean isReadingPrependedMessage)
   at System.Runtime.CompilerServices.PoolingAsyncValueTaskMethodBuilder`1.StateMachineBox`1.System.Threading.Tasks.Sources.IValueTaskSource<TResult>.GetResult(Int16 token)
   at Npgsql.NpgsqlDataReader.NextResult(Boolean async, Boolean isConsuming, CancellationToken cancellationToken)
   at Npgsql.NpgsqlDataReader.NextResult(Boolean async, Boolean isConsuming, CancellationToken cancellationToken)
   at Npgsql.NpgsqlCommand.ExecuteReader(Boolean async, CommandBehavior behavior, CancellationToken cancellationToken)
   at Npgsql.NpgsqlCommand.ExecuteReader(Boolean async, CommandBehavior behavior, CancellationToken cancellationToken)
   at Npgsql.NpgsqlCommand.ExecuteDbDataReaderAsync(CommandBehavior behavior, CancellationToken cancellationToken)
   at Microsoft.EntityFrameworkCore.Storage.RelationalCommand.ExecuteReaderAsync(RelationalCommandParameterObject parameterObject, CancellationToken cancellationToken)
   at Microsoft.EntityFrameworkCore.Storage.RelationalCommand.ExecuteReaderAsync(RelationalCommandParameterObject parameterObject, CancellationToken cancellationToken)
   at Microsoft.EntityFrameworkCore.Update.ReaderModificationCommandBatch.ExecuteAsync(IRelationalConnection connection, CancellationToken cancellationToken)
  Exception data:
    Severity: ERROR
    SqlState: 23503
    MessageText: insert or update on table "Users" violates foreign key constraint "FK_Users_Departments_DepartmentId"
    Detail: Detail redacted as it may contain sensitive data. Specify 'Include Error Detail' in the connection string to include this information.
    SchemaName: public
    TableName: Users
    ConstraintName: FK_Users_Departments_DepartmentId
    File: ri_triggers.c
    Line: 2599
    Routine: ri_ReportViolation
   --- End of inner exception stack trace ---
   at Microsoft.EntityFrameworkCore.Update.ReaderModificationCommandBatch.ExecuteAsync(IRelationalConnection connection, CancellationToken cancellationToken)
   at Microsoft.EntityFrameworkCore.Update.Internal.BatchExecutor.ExecuteAsync(IEnumerable`1 commandBatches, IRelationalConnection connection, CancellationToken cancellationToken)
   at Microsoft.EntityFrameworkCore.Update.Internal.BatchExecutor.ExecuteAsync(IEnumerable`1 commandBatches, IRelationalConnection connection, CancellationToken cancellationToken)
   at Microsoft.EntityFrameworkCore.Update.Internal.BatchExecutor.ExecuteAsync(IEnumerable`1 commandBatches, IRelationalConnection connection, CancellationToken cancellationToken)
   at Microsoft.EntityFrameworkCore.Storage.RelationalDatabase.SaveChangesAsync(IList`1 entries, CancellationToken cancellationToken)
   at Microsoft.EntityFrameworkCore.ChangeTracking.Internal.StateManager.SaveChangesAsync(IList`1 entriesToSave, CancellationToken cancellationToken)
   at Microsoft.EntityFrameworkCore.ChangeTracking.Internal.StateManager.SaveChangesAsync(StateManager stateManager, Boolean acceptAllChangesOnSuccess, CancellationToken cancellationToken)
   at Npgsql.EntityFrameworkCore.PostgreSQL.Storage.Internal.NpgsqlExecutionStrategy.ExecuteAsync[TState,TResult](TState state, Func`4 operation, Func`4 verifySucceeded, CancellationToken cancellationToken)
   at Microsoft.EntityFrameworkCore.DbContext.SaveChangesAsync(Boolean acceptAllChangesOnSuccess, CancellationToken cancellationToken)
   at Microsoft.EntityFrameworkCore.DbContext.SaveChangesAsync(Boolean acceptAllChangesOnSuccess, CancellationToken cancellationToken)
   at BytesRewards.Service.Features.Users.CreateUser.CreateUserCommandHandler.Handle(CreateUserCommand request, CancellationToken ct) in C:\Users\MariyaAF\Desktop\BytesRewards\BytesRewards\src\BytesRewards.Service\Users\Features\AddUser\CreateUserCommandHandler.cs:line 113
   at AppWeaver.Mediator.Behaviors.FluentValidationBehavior`2.Handle(TCommand request, CancellationToken ct, Next`1 next)
   at AppWeaver.Mediator.Behaviors.LoggingBehavior`2.Handle(TRequest request, CancellationToken ct, Next`1 next)
   at BytesRewards.Service.Features.Users.CreateUser.CreateUserEndpoint.ExecuteAsync(CreateUserRequest req, CancellationToken ct) in C:\Users\MariyaAF\Desktop\BytesRewards\BytesRewards\src\BytesRewards.Service\Users\Features\AddUser\CreateUserEndpoint.cs:line 35
   at AppWeaver.FastEndpoint.SecureFastEndpoint`2.HandleAsync(TRequest req, CancellationToken ct)
   at FastEndpoints.Endpoint`2.ExecAsync(CancellationToken ct)
   at FastEndpoints.Endpoint`2.ExecAsync(CancellationToken ct)
   at Microsoft.AspNetCore.Routing.EndpointMiddleware.<Invoke>g__AwaitRequestTask|7_0(Endpoint endpoint, Task requestTask, ILogger logger)
   at NSwag.AspNetCore.Middlewares.SwaggerUiIndexMiddleware.Invoke(HttpContext context)
   at NSwag.AspNetCore.Middlewares.RedirectToIndexMiddleware.Invoke(HttpContext context)
   at NSwag.AspNetCore.Middlewares.OpenApiDocumentMiddleware.Invoke(HttpContext context)
   at Microsoft.AspNetCore.Authorization.AuthorizationMiddleware.Invoke(HttpContext context)
   at Microsoft.AspNetCore.Authentication.AuthenticationMiddleware.Invoke(HttpContext context)
   at Microsoft.AspNetCore.Diagnostics.ExceptionHandlerMiddlewareImpl.<Invoke>g__Awaited|10_0(ExceptionHandlerMiddlewareImpl middleware, HttpContext context, Task task)
[17:09:04 INF] Application is shutting down... { SourceContext: "Microsoft.Hosting.Lifetime" }

[17:09:22 INF] No migrations were applied. The database is already up to date. { EventId: { Id: 20405, Name: "Microsoft.EntityFrameworkCore.Migrations.MigrationsNotApplied" }, SourceContext: "Microsoft.EntityFrameworkCore.Migrations" }

[17:09:23 INF] No migrations were applied. The database is already up to date. { EventId: { Id: 20405, Name: "Microsoft.EntityFrameworkCore.Migrations.MigrationsNotApplied" }, SourceContext: "Microsoft.EntityFrameworkCore.Migrations" }

[17:09:23 INF] Registered 2 endpoints in 3,370 milliseconds. { EventId: { Id: 1, Name: "EndpointsRegistered" }, SourceContext: "FastEndpoints.StartupTimer" }

[17:09:23 INF] No validators found in the system! { EventId: { Id: 1, Name: "NoValidatorsFound" }, SourceContext: "FastEndpoints.Swagger.ValidationSchemaProcessor" }

[17:09:23 INF] User profile is available. Using 'C:\Users\MariyaAF\AppData\Local\ASP.NET\DataProtection-Keys' as key repository and Windows DPAPI to encrypt keys at rest. { EventId: { Id: 63, Name: "UsingProfileAsKeyRepositoryWithDPAPI" }, SourceContext: "Microsoft.AspNetCore.DataProtection.KeyManagement.XmlKeyManager" }

[17:09:23 WRN] The property 'AuditLog.Metadata' is a collection or enumeration type with a value converter but with no value comparer. Set a value comparer to ensure the collection/enumeration elements are compared correctly. { EventId: { Id: 10620, Name: "Microsoft.EntityFrameworkCore.Model.Validation.CollectionWithoutComparer" }, SourceContext: "Microsoft.EntityFrameworkCore.Model.Validation" }

[17:09:23 INF] No migrations were found in assembly 'BytesRewards.Service'. A migration needs to be added before the database can be updated. { EventId: { Id: 20406, Name: "Microsoft.EntityFrameworkCore.Migrations.MigrationsNotFound" }, SourceContext: "Microsoft.EntityFrameworkCore.Migrations" }

[17:09:23 INF] No migrations were applied. The database is already up to date. { EventId: { Id: 20405, Name: "Microsoft.EntityFrameworkCore.Migrations.MigrationsNotApplied" }, SourceContext: "Microsoft.EntityFrameworkCore.Migrations" }

[17:09:23 INF] Now listening on: http://localhost:58119 { EventId: { Id: 14, Name: "ListeningOnAddress" }, SourceContext: "Microsoft.Hosting.Lifetime" }

[17:09:23 INF] Application started. Press Ctrl+C to shut down. { SourceContext: "Microsoft.Hosting.Lifetime" }

[17:09:23 INF] Hosting environment: Development { SourceContext: "Microsoft.Hosting.Lifetime" }

[17:09:23 INF] Content root path: C:\Users\MariyaAF\Desktop\BytesRewards\BytesRewards\src\BytesRewards.Service { SourceContext: "Microsoft.Hosting.Lifetime" }

[17:10:30 INF] Executing endpoint 'HTTP: GET /' { EventId: { Name: "ExecutingEndpoint" }, SourceContext: "Microsoft.AspNetCore.Routing.EndpointMiddleware", RequestId: "0HNLR3EBBU53D:00000001", RequestPath: "/", ConnectionId: "0HNLR3EBBU53D" }

[17:10:30 INF] Executing RedirectResult, redirecting to /swagger. { EventId: { Id: 1, Name: "RedirectResultExecuting" }, SourceContext: "Microsoft.AspNetCore.Http.Result.RedirectResult", RequestId: "0HNLR3EBBU53D:00000001", RequestPath: "/", ConnectionId: "0HNLR3EBBU53D" }

[17:10:30 INF] Executed endpoint 'HTTP: GET /' { EventId: { Id: 1, Name: "ExecutedEndpoint" }, SourceContext: "Microsoft.AspNetCore.Routing.EndpointMiddleware", RequestId: "0HNLR3EBBU53D:00000001", RequestPath: "/", ConnectionId: "0HNLR3EBBU53D" }

[17:10:30 INF] No action descriptors found. This may indicate an incorrectly configured application or missing application parts. To learn more, visit https://aka.ms/aspnet/mvc/app-parts { EventId: { Id: 1, Name: "NoActionDescriptors" }, SourceContext: "Microsoft.AspNetCore.Mvc.Infrastructure.DefaultActionDescriptorCollectionProvider", RequestId: "0HNLR3EBBU53D:00000004", RequestPath: "/swagger/v1/swagger.json", ConnectionId: "0HNLR3EBBU53D" }

[17:19:52 INF] CORS policy execution successful. { EventId: { Id: 4, Name: "PolicySuccess" }, SourceContext: "Microsoft.AspNetCore.Cors.Infrastructure.CorsService", RequestId: "0HNLR3EBBU53F:00000001", RequestPath: "/users", ConnectionId: "0HNLR3EBBU53F" }

[17:19:52 INF] Executing endpoint 'HTTP: POST /users' { EventId: { Name: "ExecutingEndpoint" }, SourceContext: "Microsoft.AspNetCore.Routing.EndpointMiddleware", RequestId: "0HNLR3EBBU53F:00000001", RequestPath: "/users", ConnectionId: "0HNLR3EBBU53F" }

[17:19:52 INF] Handling CreateUserCommand { SourceContext: "AppWeaver.Mediator.Behaviors.LoggingBehavior", RequestId: "0HNLR3EBBU53F:00000001", RequestPath: "/users", ConnectionId: "0HNLR3EBBU53F" }

[17:19:53 WRN] The property 'AuditLog.Metadata' is a collection or enumeration type with a value converter but with no value comparer. Set a value comparer to ensure the collection/enumeration elements are compared correctly. { EventId: { Id: 10620, Name: "Microsoft.EntityFrameworkCore.Model.Validation.CollectionWithoutComparer" }, SourceContext: "Microsoft.EntityFrameworkCore.Model.Validation", RequestId: "0HNLR3EBBU53F:00000001", RequestPath: "/users", ConnectionId: "0HNLR3EBBU53F" }

[17:19:53 INF] Handled CreateUserCommand { SourceContext: "AppWeaver.Mediator.Behaviors.LoggingBehavior", RequestId: "0HNLR3EBBU53F:00000001", RequestPath: "/users", ConnectionId: "0HNLR3EBBU53F" }

[17:19:53 INF] Setting HTTP status code 200. { EventId: { Id: 1, Name: "WritingResultAsStatusCode" }, SourceContext: "Microsoft.AspNetCore.Http.Result.OkObjectResult", RequestId: "0HNLR3EBBU53F:00000001", RequestPath: "/users", ConnectionId: "0HNLR3EBBU53F" }

[17:19:53 INF] Writing value of type 'Guid' as Json. { EventId: { Id: 3, Name: "WritingResultAsJson" }, SourceContext: "Microsoft.AspNetCore.Http.Result.OkObjectResult", RequestId: "0HNLR3EBBU53F:00000001", RequestPath: "/users", ConnectionId: "0HNLR3EBBU53F" }

[17:19:53 INF] Executed endpoint 'HTTP: POST /users' { EventId: { Id: 1, Name: "ExecutedEndpoint" }, SourceContext: "Microsoft.AspNetCore.Routing.EndpointMiddleware", RequestId: "0HNLR3EBBU53F:00000001", RequestPath: "/users", ConnectionId: "0HNLR3EBBU53F" }

[18:41:31 INF] Application is shutting down... { SourceContext: "Microsoft.Hosting.Lifetime" }

[19:01:34 INF] No migrations were applied. The database is already up to date. { EventId: { Id: 20405, Name: "Microsoft.EntityFrameworkCore.Migrations.MigrationsNotApplied" }, SourceContext: "Microsoft.EntityFrameworkCore.Migrations" }

[19:01:34 INF] No migrations were applied. The database is already up to date. { EventId: { Id: 20405, Name: "Microsoft.EntityFrameworkCore.Migrations.MigrationsNotApplied" }, SourceContext: "Microsoft.EntityFrameworkCore.Migrations" }

[19:01:35 INF] Registered 2 endpoints in 8,214 milliseconds. { EventId: { Id: 1, Name: "EndpointsRegistered" }, SourceContext: "FastEndpoints.StartupTimer" }

[19:01:36 INF] No validators found in the system! { EventId: { Id: 1, Name: "NoValidatorsFound" }, SourceContext: "FastEndpoints.Swagger.ValidationSchemaProcessor" }

[19:01:36 INF] User profile is available. Using 'C:\Users\MariyaAF\AppData\Local\ASP.NET\DataProtection-Keys' as key repository and Windows DPAPI to encrypt keys at rest. { EventId: { Id: 63, Name: "UsingProfileAsKeyRepositoryWithDPAPI" }, SourceContext: "Microsoft.AspNetCore.DataProtection.KeyManagement.XmlKeyManager" }

[19:01:37 WRN] The property 'AuditLog.Metadata' is a collection or enumeration type with a value converter but with no value comparer. Set a value comparer to ensure the collection/enumeration elements are compared correctly. { EventId: { Id: 10620, Name: "Microsoft.EntityFrameworkCore.Model.Validation.CollectionWithoutComparer" }, SourceContext: "Microsoft.EntityFrameworkCore.Model.Validation" }

[19:01:37 INF] No migrations were found in assembly 'BytesRewards.Service'. A migration needs to be added before the database can be updated. { EventId: { Id: 20406, Name: "Microsoft.EntityFrameworkCore.Migrations.MigrationsNotFound" }, SourceContext: "Microsoft.EntityFrameworkCore.Migrations" }

[19:01:37 INF] No migrations were applied. The database is already up to date. { EventId: { Id: 20405, Name: "Microsoft.EntityFrameworkCore.Migrations.MigrationsNotApplied" }, SourceContext: "Microsoft.EntityFrameworkCore.Migrations" }

[19:01:37 INF] Now listening on: http://localhost:64791 { EventId: { Id: 14, Name: "ListeningOnAddress" }, SourceContext: "Microsoft.Hosting.Lifetime" }

[19:01:37 INF] Application started. Press Ctrl+C to shut down. { SourceContext: "Microsoft.Hosting.Lifetime" }

[19:01:37 INF] Hosting environment: Development { SourceContext: "Microsoft.Hosting.Lifetime" }

[19:01:37 INF] Content root path: C:\Users\MariyaAF\Desktop\BytesRewards\BytesRewards\src\BytesRewards.Service { SourceContext: "Microsoft.Hosting.Lifetime" }

[19:02:19 INF] Executing endpoint 'HTTP: GET /' { EventId: { Name: "ExecutingEndpoint" }, SourceContext: "Microsoft.AspNetCore.Routing.EndpointMiddleware", RequestId: "0HNLR5CQUP18N:00000001", RequestPath: "/", ConnectionId: "0HNLR5CQUP18N" }

[19:02:19 INF] Executing RedirectResult, redirecting to /swagger. { EventId: { Id: 1, Name: "RedirectResultExecuting" }, SourceContext: "Microsoft.AspNetCore.Http.Result.RedirectResult", RequestId: "0HNLR5CQUP18N:00000001", RequestPath: "/", ConnectionId: "0HNLR5CQUP18N" }

[19:02:19 INF] Executed endpoint 'HTTP: GET /' { EventId: { Id: 1, Name: "ExecutedEndpoint" }, SourceContext: "Microsoft.AspNetCore.Routing.EndpointMiddleware", RequestId: "0HNLR5CQUP18N:00000001", RequestPath: "/", ConnectionId: "0HNLR5CQUP18N" }

[19:02:20 INF] No action descriptors found. This may indicate an incorrectly configured application or missing application parts. To learn more, visit https://aka.ms/aspnet/mvc/app-parts { EventId: { Id: 1, Name: "NoActionDescriptors" }, SourceContext: "Microsoft.AspNetCore.Mvc.Infrastructure.DefaultActionDescriptorCollectionProvider", RequestId: "0HNLR5CQUP18N:00000004", RequestPath: "/swagger/v1/swagger.json", ConnectionId: "0HNLR5CQUP18N" }

[19:09:31 INF] Application is shutting down... { SourceContext: "Microsoft.Hosting.Lifetime" }

[19:10:02 INF] No migrations were applied. The database is already up to date. { EventId: { Id: 20405, Name: "Microsoft.EntityFrameworkCore.Migrations.MigrationsNotApplied" }, SourceContext: "Microsoft.EntityFrameworkCore.Migrations" }

[19:10:03 INF] No migrations were applied. The database is already up to date. { EventId: { Id: 20405, Name: "Microsoft.EntityFrameworkCore.Migrations.MigrationsNotApplied" }, SourceContext: "Microsoft.EntityFrameworkCore.Migrations" }

[19:10:03 INF] Registered 2 endpoints in 6,912 milliseconds. { EventId: { Id: 1, Name: "EndpointsRegistered" }, SourceContext: "FastEndpoints.StartupTimer" }

[19:10:04 INF] No validators found in the system! { EventId: { Id: 1, Name: "NoValidatorsFound" }, SourceContext: "FastEndpoints.Swagger.ValidationSchemaProcessor" }

[19:10:04 INF] User profile is available. Using 'C:\Users\MariyaAF\AppData\Local\ASP.NET\DataProtection-Keys' as key repository and Windows DPAPI to encrypt keys at rest. { EventId: { Id: 63, Name: "UsingProfileAsKeyRepositoryWithDPAPI" }, SourceContext: "Microsoft.AspNetCore.DataProtection.KeyManagement.XmlKeyManager" }

[19:10:04 WRN] The property 'AuditLog.Metadata' is a collection or enumeration type with a value converter but with no value comparer. Set a value comparer to ensure the collection/enumeration elements are compared correctly. { EventId: { Id: 10620, Name: "Microsoft.EntityFrameworkCore.Model.Validation.CollectionWithoutComparer" }, SourceContext: "Microsoft.EntityFrameworkCore.Model.Validation" }

[19:10:04 INF] No migrations were found in assembly 'BytesRewards.Service'. A migration needs to be added before the database can be updated. { EventId: { Id: 20406, Name: "Microsoft.EntityFrameworkCore.Migrations.MigrationsNotFound" }, SourceContext: "Microsoft.EntityFrameworkCore.Migrations" }

[19:10:04 INF] No migrations were applied. The database is already up to date. { EventId: { Id: 20405, Name: "Microsoft.EntityFrameworkCore.Migrations.MigrationsNotApplied" }, SourceContext: "Microsoft.EntityFrameworkCore.Migrations" }

[19:10:04 INF] Now listening on: http://localhost:55788 { EventId: { Id: 14, Name: "ListeningOnAddress" }, SourceContext: "Microsoft.Hosting.Lifetime" }

[19:10:04 INF] Application started. Press Ctrl+C to shut down. { SourceContext: "Microsoft.Hosting.Lifetime" }

[19:10:04 INF] Hosting environment: Development { SourceContext: "Microsoft.Hosting.Lifetime" }

[19:10:04 INF] Content root path: C:\Users\MariyaAF\Desktop\BytesRewards\BytesRewards\src\BytesRewards.Service { SourceContext: "Microsoft.Hosting.Lifetime" }

[19:10:32 INF] Executing endpoint 'HTTP: GET /' { EventId: { Name: "ExecutingEndpoint" }, SourceContext: "Microsoft.AspNetCore.Routing.EndpointMiddleware", RequestId: "0HNLR5HDL1TBI:00000001", RequestPath: "/", ConnectionId: "0HNLR5HDL1TBI" }

[19:10:32 INF] Executing RedirectResult, redirecting to /swagger. { EventId: { Id: 1, Name: "RedirectResultExecuting" }, SourceContext: "Microsoft.AspNetCore.Http.Result.RedirectResult", RequestId: "0HNLR5HDL1TBI:00000001", RequestPath: "/", ConnectionId: "0HNLR5HDL1TBI" }

[19:10:32 INF] Executed endpoint 'HTTP: GET /' { EventId: { Id: 1, Name: "ExecutedEndpoint" }, SourceContext: "Microsoft.AspNetCore.Routing.EndpointMiddleware", RequestId: "0HNLR5HDL1TBI:00000001", RequestPath: "/", ConnectionId: "0HNLR5HDL1TBI" }

[19:10:32 INF] No action descriptors found. This may indicate an incorrectly configured application or missing application parts. To learn more, visit https://aka.ms/aspnet/mvc/app-parts { EventId: { Id: 1, Name: "NoActionDescriptors" }, SourceContext: "Microsoft.AspNetCore.Mvc.Infrastructure.DefaultActionDescriptorCollectionProvider", RequestId: "0HNLR5HDL1TBI:00000004", RequestPath: "/swagger/v1/swagger.json", ConnectionId: "0HNLR5HDL1TBI" }

[19:14:16 INF] CORS policy execution successful. { EventId: { Id: 4, Name: "PolicySuccess" }, SourceContext: "Microsoft.AspNetCore.Cors.Infrastructure.CorsService", RequestId: "0HNLR5HDL1TBK:00000001", RequestPath: "/users", ConnectionId: "0HNLR5HDL1TBK" }

[19:14:16 INF] Authorization failed. These requirements were not met:
DenyAnonymousAuthorizationRequirement: Requires an authenticated user.
RolesAuthorizationRequirement:User.IsInRole must be true for one of the following roles: (Admin) { EventId: { Id: 2, Name: "UserAuthorizationFailed" }, SourceContext: "Microsoft.AspNetCore.Authorization.DefaultAuthorizationService", RequestId: "0HNLR5HDL1TBK:00000001", RequestPath: "/users", ConnectionId: "0HNLR5HDL1TBK" }

[19:14:16 INF] AuthenticationScheme: Bearer was challenged. { EventId: { Id: 12, Name: "AuthenticationSchemeChallenged" }, SourceContext: "Microsoft.AspNetCore.Authentication.JwtBearer.JwtBearerHandler", RequestId: "0HNLR5HDL1TBK:00000001", RequestPath: "/users", ConnectionId: "0HNLR5HDL1TBK" }

[19:41:08 INF] CORS policy execution successful. { EventId: { Id: 4, Name: "PolicySuccess" }, SourceContext: "Microsoft.AspNetCore.Cors.Infrastructure.CorsService", RequestId: "0HNLR5HDL1TBL:00000001", RequestPath: "/users", ConnectionId: "0HNLR5HDL1TBL" }

[19:41:09 INF] Failed to validate the token. { EventId: { Id: 1, Name: "TokenValidationFailed" }, SourceContext: "Microsoft.AspNetCore.Authentication.JwtBearer.JwtBearerHandler", RequestId: "0HNLR5HDL1TBL:00000001", RequestPath: "/users", ConnectionId: "0HNLR5HDL1TBL" }

Microsoft.IdentityModel.Tokens.SecurityTokenInvalidAudienceException: IDX10214: Audience validation failed. See https://aka.ms/identitymodel/app-context-switches
   at Microsoft.IdentityModel.Tokens.Validators.ValidateAudience(IEnumerable`1 audiences, SecurityToken securityToken, TokenValidationParameters validationParameters)
   at Microsoft.IdentityModel.JsonWebTokens.JsonWebTokenHandler.ValidateTokenPayloadAsync(JsonWebToken jsonWebToken, TokenValidationParameters validationParameters, BaseConfiguration configuration)
   at Microsoft.IdentityModel.JsonWebTokens.JsonWebTokenHandler.ValidateJWSAsync(JsonWebToken jsonWebToken, TokenValidationParameters validationParameters, BaseConfiguration configuration)
[19:41:09 INF] Bearer was not authenticated. Failure message: IDX10214: Audience validation failed. See https://aka.ms/identitymodel/app-context-switches { EventId: { Id: 7, Name: "AuthenticationSchemeNotAuthenticatedWithFailure" }, SourceContext: "Microsoft.AspNetCore.Authentication.JwtBearer.JwtBearerHandler", RequestId: "0HNLR5HDL1TBL:00000001", RequestPath: "/users", ConnectionId: "0HNLR5HDL1TBL" }

[19:41:09 INF] Authorization failed. These requirements were not met:
DenyAnonymousAuthorizationRequirement: Requires an authenticated user.
RolesAuthorizationRequirement:User.IsInRole must be true for one of the following roles: (Admin) { EventId: { Id: 2, Name: "UserAuthorizationFailed" }, SourceContext: "Microsoft.AspNetCore.Authorization.DefaultAuthorizationService", RequestId: "0HNLR5HDL1TBL:00000001", RequestPath: "/users", ConnectionId: "0HNLR5HDL1TBL" }

[19:41:09 INF] AuthenticationScheme: Bearer was challenged. { EventId: { Id: 12, Name: "AuthenticationSchemeChallenged" }, SourceContext: "Microsoft.AspNetCore.Authentication.JwtBearer.JwtBearerHandler", RequestId: "0HNLR5HDL1TBL:00000001", RequestPath: "/users", ConnectionId: "0HNLR5HDL1TBL" }

[19:41:26 INF] CORS policy execution successful. { EventId: { Id: 4, Name: "PolicySuccess" }, SourceContext: "Microsoft.AspNetCore.Cors.Infrastructure.CorsService", RequestId: "0HNLR5HDL1TBL:00000002", RequestPath: "/users", ConnectionId: "0HNLR5HDL1TBL" }

[19:41:26 INF] Failed to validate the token. { EventId: { Id: 1, Name: "TokenValidationFailed" }, SourceContext: "Microsoft.AspNetCore.Authentication.JwtBearer.JwtBearerHandler", RequestId: "0HNLR5HDL1TBL:00000002", RequestPath: "/users", ConnectionId: "0HNLR5HDL1TBL" }

Microsoft.IdentityModel.Tokens.SecurityTokenInvalidAudienceException: IDX10214: Audience validation failed. See https://aka.ms/identitymodel/app-context-switches
   at Microsoft.IdentityModel.Tokens.Validators.ValidateAudience(IEnumerable`1 audiences, SecurityToken securityToken, TokenValidationParameters validationParameters)
   at Microsoft.IdentityModel.JsonWebTokens.JsonWebTokenHandler.ValidateTokenPayloadAsync(JsonWebToken jsonWebToken, TokenValidationParameters validationParameters, BaseConfiguration configuration)
   at Microsoft.IdentityModel.JsonWebTokens.JsonWebTokenHandler.ValidateJWSAsync(JsonWebToken jsonWebToken, TokenValidationParameters validationParameters, BaseConfiguration configuration)
[19:41:26 INF] Bearer was not authenticated. Failure message: IDX10214: Audience validation failed. See https://aka.ms/identitymodel/app-context-switches { EventId: { Id: 7, Name: "AuthenticationSchemeNotAuthenticatedWithFailure" }, SourceContext: "Microsoft.AspNetCore.Authentication.JwtBearer.JwtBearerHandler", RequestId: "0HNLR5HDL1TBL:00000002", RequestPath: "/users", ConnectionId: "0HNLR5HDL1TBL" }

[19:41:26 INF] Authorization failed. These requirements were not met:
DenyAnonymousAuthorizationRequirement: Requires an authenticated user.
RolesAuthorizationRequirement:User.IsInRole must be true for one of the following roles: (Admin) { EventId: { Id: 2, Name: "UserAuthorizationFailed" }, SourceContext: "Microsoft.AspNetCore.Authorization.DefaultAuthorizationService", RequestId: "0HNLR5HDL1TBL:00000002", RequestPath: "/users", ConnectionId: "0HNLR5HDL1TBL" }

[19:41:26 INF] AuthenticationScheme: Bearer was challenged. { EventId: { Id: 12, Name: "AuthenticationSchemeChallenged" }, SourceContext: "Microsoft.AspNetCore.Authentication.JwtBearer.JwtBearerHandler", RequestId: "0HNLR5HDL1TBL:00000002", RequestPath: "/users", ConnectionId: "0HNLR5HDL1TBL" }

[19:41:27 INF] CORS policy execution successful. { EventId: { Id: 4, Name: "PolicySuccess" }, SourceContext: "Microsoft.AspNetCore.Cors.Infrastructure.CorsService", RequestId: "0HNLR5HDL1TBL:00000003", RequestPath: "/users", ConnectionId: "0HNLR5HDL1TBL" }

[19:41:27 INF] Failed to validate the token. { EventId: { Id: 1, Name: "TokenValidationFailed" }, SourceContext: "Microsoft.AspNetCore.Authentication.JwtBearer.JwtBearerHandler", RequestId: "0HNLR5HDL1TBL:00000003", RequestPath: "/users", ConnectionId: "0HNLR5HDL1TBL" }

Microsoft.IdentityModel.Tokens.SecurityTokenInvalidAudienceException: IDX10214: Audience validation failed. See https://aka.ms/identitymodel/app-context-switches
   at Microsoft.IdentityModel.Tokens.Validators.ValidateAudience(IEnumerable`1 audiences, SecurityToken securityToken, TokenValidationParameters validationParameters)
   at Microsoft.IdentityModel.JsonWebTokens.JsonWebTokenHandler.ValidateTokenPayloadAsync(JsonWebToken jsonWebToken, TokenValidationParameters validationParameters, BaseConfiguration configuration)
   at Microsoft.IdentityModel.JsonWebTokens.JsonWebTokenHandler.ValidateJWSAsync(JsonWebToken jsonWebToken, TokenValidationParameters validationParameters, BaseConfiguration configuration)
[19:41:27 INF] Bearer was not authenticated. Failure message: IDX10214: Audience validation failed. See https://aka.ms/identitymodel/app-context-switches { EventId: { Id: 7, Name: "AuthenticationSchemeNotAuthenticatedWithFailure" }, SourceContext: "Microsoft.AspNetCore.Authentication.JwtBearer.JwtBearerHandler", RequestId: "0HNLR5HDL1TBL:00000003", RequestPath: "/users", ConnectionId: "0HNLR5HDL1TBL" }

[19:41:27 INF] Authorization failed. These requirements were not met:
DenyAnonymousAuthorizationRequirement: Requires an authenticated user.
RolesAuthorizationRequirement:User.IsInRole must be true for one of the following roles: (Admin) { EventId: { Id: 2, Name: "UserAuthorizationFailed" }, SourceContext: "Microsoft.AspNetCore.Authorization.DefaultAuthorizationService", RequestId: "0HNLR5HDL1TBL:00000003", RequestPath: "/users", ConnectionId: "0HNLR5HDL1TBL" }

[19:41:27 INF] AuthenticationScheme: Bearer was challenged. { EventId: { Id: 12, Name: "AuthenticationSchemeChallenged" }, SourceContext: "Microsoft.AspNetCore.Authentication.JwtBearer.JwtBearerHandler", RequestId: "0HNLR5HDL1TBL:00000003", RequestPath: "/users", ConnectionId: "0HNLR5HDL1TBL" }

[19:46:53 INF] Application is shutting down... { SourceContext: "Microsoft.Hosting.Lifetime" }

[19:47:53 INF] No migrations were applied. The database is already up to date. { EventId: { Id: 20405, Name: "Microsoft.EntityFrameworkCore.Migrations.MigrationsNotApplied" }, SourceContext: "Microsoft.EntityFrameworkCore.Migrations" }

[19:47:53 INF] No migrations were applied. The database is already up to date. { EventId: { Id: 20405, Name: "Microsoft.EntityFrameworkCore.Migrations.MigrationsNotApplied" }, SourceContext: "Microsoft.EntityFrameworkCore.Migrations" }

[19:47:54 INF] Registered 2 endpoints in 8,290 milliseconds. { EventId: { Id: 1, Name: "EndpointsRegistered" }, SourceContext: "FastEndpoints.StartupTimer" }

[19:47:55 INF] No validators found in the system! { EventId: { Id: 1, Name: "NoValidatorsFound" }, SourceContext: "FastEndpoints.Swagger.ValidationSchemaProcessor" }

[19:47:55 INF] User profile is available. Using 'C:\Users\MariyaAF\AppData\Local\ASP.NET\DataProtection-Keys' as key repository and Windows DPAPI to encrypt keys at rest. { EventId: { Id: 63, Name: "UsingProfileAsKeyRepositoryWithDPAPI" }, SourceContext: "Microsoft.AspNetCore.DataProtection.KeyManagement.XmlKeyManager" }

[19:47:56 WRN] The property 'AuditLog.Metadata' is a collection or enumeration type with a value converter but with no value comparer. Set a value comparer to ensure the collection/enumeration elements are compared correctly. { EventId: { Id: 10620, Name: "Microsoft.EntityFrameworkCore.Model.Validation.CollectionWithoutComparer" }, SourceContext: "Microsoft.EntityFrameworkCore.Model.Validation" }

[19:47:56 INF] No migrations were found in assembly 'BytesRewards.Service'. A migration needs to be added before the database can be updated. { EventId: { Id: 20406, Name: "Microsoft.EntityFrameworkCore.Migrations.MigrationsNotFound" }, SourceContext: "Microsoft.EntityFrameworkCore.Migrations" }

[19:47:56 INF] No migrations were applied. The database is already up to date. { EventId: { Id: 20405, Name: "Microsoft.EntityFrameworkCore.Migrations.MigrationsNotApplied" }, SourceContext: "Microsoft.EntityFrameworkCore.Migrations" }

[19:47:56 INF] Now listening on: http://localhost:63016 { EventId: { Id: 14, Name: "ListeningOnAddress" }, SourceContext: "Microsoft.Hosting.Lifetime" }

[19:47:56 INF] Application started. Press Ctrl+C to shut down. { SourceContext: "Microsoft.Hosting.Lifetime" }

[19:47:56 INF] Hosting environment: Development { SourceContext: "Microsoft.Hosting.Lifetime" }

[19:47:56 INF] Content root path: C:\Users\MariyaAF\Desktop\BytesRewards\BytesRewards\src\BytesRewards.Service { SourceContext: "Microsoft.Hosting.Lifetime" }

[19:47:59 INF] No action descriptors found. This may indicate an incorrectly configured application or missing application parts. To learn more, visit https://aka.ms/aspnet/mvc/app-parts { EventId: { Id: 1, Name: "NoActionDescriptors" }, SourceContext: "Microsoft.AspNetCore.Mvc.Infrastructure.DefaultActionDescriptorCollectionProvider", RequestId: "0HNLR66BBCG1C:00000002", RequestPath: "/swagger/v1/swagger.json", ConnectionId: "0HNLR66BBCG1C" }

[19:48:21 INF] CORS policy execution successful. { EventId: { Id: 4, Name: "PolicySuccess" }, SourceContext: "Microsoft.AspNetCore.Cors.Infrastructure.CorsService", RequestId: "0HNLR66BBCG1C:00000003", RequestPath: "/users", ConnectionId: "0HNLR66BBCG1C" }

[19:48:21 INF] Failed to validate the token. { EventId: { Id: 1, Name: "TokenValidationFailed" }, SourceContext: "Microsoft.AspNetCore.Authentication.JwtBearer.JwtBearerHandler", RequestId: "0HNLR66BBCG1C:00000003", RequestPath: "/users", ConnectionId: "0HNLR66BBCG1C" }

Microsoft.IdentityModel.Tokens.SecurityTokenExpiredException: IDX10223: Lifetime validation failed. The token is expired. ValidTo (UTC): '26-05-2026 2.10.26 PM', Current time (UTC): '26-05-2026 2.18.21 PM'.
   at Microsoft.IdentityModel.Tokens.ValidatorUtilities.ValidateLifetime(Nullable`1 notBefore, Nullable`1 expires, SecurityToken securityToken, TokenValidationParameters validationParameters)
   at Microsoft.IdentityModel.Tokens.Validators.ValidateLifetime(Nullable`1 notBefore, Nullable`1 expires, SecurityToken securityToken, TokenValidationParameters validationParameters)
   at Microsoft.IdentityModel.JsonWebTokens.JsonWebTokenHandler.ValidateTokenPayloadAsync(JsonWebToken jsonWebToken, TokenValidationParameters validationParameters, BaseConfiguration configuration)
   at Microsoft.IdentityModel.JsonWebTokens.JsonWebTokenHandler.ValidateJWSAsync(JsonWebToken jsonWebToken, TokenValidationParameters validationParameters, BaseConfiguration configuration)
[19:48:21 INF] Bearer was not authenticated. Failure message: IDX10223: Lifetime validation failed. The token is expired. ValidTo (UTC): '26-05-2026 2.10.26 PM', Current time (UTC): '26-05-2026 2.18.21 PM'. { EventId: { Id: 7, Name: "AuthenticationSchemeNotAuthenticatedWithFailure" }, SourceContext: "Microsoft.AspNetCore.Authentication.JwtBearer.JwtBearerHandler", RequestId: "0HNLR66BBCG1C:00000003", RequestPath: "/users", ConnectionId: "0HNLR66BBCG1C" }

[19:48:21 INF] Authorization failed. These requirements were not met:
DenyAnonymousAuthorizationRequirement: Requires an authenticated user.
RolesAuthorizationRequirement:User.IsInRole must be true for one of the following roles: (admin) { EventId: { Id: 2, Name: "UserAuthorizationFailed" }, SourceContext: "Microsoft.AspNetCore.Authorization.DefaultAuthorizationService", RequestId: "0HNLR66BBCG1C:00000003", RequestPath: "/users", ConnectionId: "0HNLR66BBCG1C" }

[19:48:21 INF] AuthenticationScheme: Bearer was challenged. { EventId: { Id: 12, Name: "AuthenticationSchemeChallenged" }, SourceContext: "Microsoft.AspNetCore.Authentication.JwtBearer.JwtBearerHandler", RequestId: "0HNLR66BBCG1C:00000003", RequestPath: "/users", ConnectionId: "0HNLR66BBCG1C" }

