[12:00:15 INF] No migrations were applied. The database is already up to date. { EventId: { Id: 20405, Name: "Microsoft.EntityFrameworkCore.Migrations.MigrationsNotApplied" }, SourceContext: "Microsoft.EntityFrameworkCore.Migrations" }

[12:00:15 INF] No migrations were applied. The database is already up to date. { EventId: { Id: 20405, Name: "Microsoft.EntityFrameworkCore.Migrations.MigrationsNotApplied" }, SourceContext: "Microsoft.EntityFrameworkCore.Migrations" }

[12:00:16 INF] Registered 3 endpoints in 8,144 milliseconds. { EventId: { Id: 1, Name: "EndpointsRegistered" }, SourceContext: "FastEndpoints.StartupTimer" }

[12:00:17 INF] No validators found in the system! { EventId: { Id: 1, Name: "NoValidatorsFound" }, SourceContext: "FastEndpoints.Swagger.ValidationSchemaProcessor" }

[12:00:17 INF] User profile is available. Using 'C:\Users\MariyaAF\AppData\Local\ASP.NET\DataProtection-Keys' as key repository and Windows DPAPI to encrypt keys at rest. { EventId: { Id: 63, Name: "UsingProfileAsKeyRepositoryWithDPAPI" }, SourceContext: "Microsoft.AspNetCore.DataProtection.KeyManagement.XmlKeyManager" }

[12:00:18 WRN] The property 'AuditLog.Metadata' is a collection or enumeration type with a value converter but with no value comparer. Set a value comparer to ensure the collection/enumeration elements are compared correctly. { EventId: { Id: 10620, Name: "Microsoft.EntityFrameworkCore.Model.Validation.CollectionWithoutComparer" }, SourceContext: "Microsoft.EntityFrameworkCore.Model.Validation" }

[12:00:18 INF] No migrations were found in assembly 'BytesRewards.Service'. A migration needs to be added before the database can be updated. { EventId: { Id: 20406, Name: "Microsoft.EntityFrameworkCore.Migrations.MigrationsNotFound" }, SourceContext: "Microsoft.EntityFrameworkCore.Migrations" }

[12:00:18 INF] No migrations were applied. The database is already up to date. { EventId: { Id: 20405, Name: "Microsoft.EntityFrameworkCore.Migrations.MigrationsNotApplied" }, SourceContext: "Microsoft.EntityFrameworkCore.Migrations" }

[12:00:18 INF] Now listening on: http://localhost:59687 { EventId: { Id: 14, Name: "ListeningOnAddress" }, SourceContext: "Microsoft.Hosting.Lifetime" }

[12:00:18 INF] Application started. Press Ctrl+C to shut down. { SourceContext: "Microsoft.Hosting.Lifetime" }

[12:00:18 INF] Hosting environment: Development { SourceContext: "Microsoft.Hosting.Lifetime" }

[12:00:18 INF] Content root path: C:\Users\MariyaAF\Desktop\BytesRewards\BytesRewards\src\BytesRewards.Service { SourceContext: "Microsoft.Hosting.Lifetime" }

[12:00:19 INF] Executing endpoint 'HTTP: GET /' { EventId: { Name: "ExecutingEndpoint" }, SourceContext: "Microsoft.AspNetCore.Routing.EndpointMiddleware", RequestId: "0HNLSGAB8D1M3:00000001", RequestPath: "/", ConnectionId: "0HNLSGAB8D1M3" }

[12:00:19 INF] Executing RedirectResult, redirecting to /swagger. { EventId: { Id: 1, Name: "RedirectResultExecuting" }, SourceContext: "Microsoft.AspNetCore.Http.Result.RedirectResult", RequestId: "0HNLSGAB8D1M3:00000001", RequestPath: "/", ConnectionId: "0HNLSGAB8D1M3" }

[12:00:19 INF] Executed endpoint 'HTTP: GET /' { EventId: { Id: 1, Name: "ExecutedEndpoint" }, SourceContext: "Microsoft.AspNetCore.Routing.EndpointMiddleware", RequestId: "0HNLSGAB8D1M3:00000001", RequestPath: "/", ConnectionId: "0HNLSGAB8D1M3" }

[12:00:20 INF] No action descriptors found. This may indicate an incorrectly configured application or missing application parts. To learn more, visit https://aka.ms/aspnet/mvc/app-parts { EventId: { Id: 1, Name: "NoActionDescriptors" }, SourceContext: "Microsoft.AspNetCore.Mvc.Infrastructure.DefaultActionDescriptorCollectionProvider", RequestId: "0HNLSGAB8D1M3:00000004", RequestPath: "/swagger/v1/swagger.json", ConnectionId: "0HNLSGAB8D1M3" }

[12:00:20 INF] Exception occurred: Request DTOs without any publicly accessible properties are not supported. Offending Endpoint: [BytesRewards.Service.Users.Features.GetUsers.GetUsersEndpoint] Offending DTO type: [BytesRewards.Service.Users.Features.GetUsers.GetUsersRequest] { SourceContext: "MiddlewareLibrary.ExceptionHandling.ExceptionLogHandler", Environment: "Development", TraceId: "0HNLSGAB8D1M3:00000004", CorrelationId: "0HNLSGAB8D1M3:00000004", TenantId: "", ExceptionType: "NotSupportedException", RequestId: "0HNLSGAB8D1M3:00000004", RequestPath: "/swagger/v1/swagger.json", ConnectionId: "0HNLSGAB8D1M3" }

System.NotSupportedException: Request DTOs without any publicly accessible properties are not supported. Offending Endpoint: [BytesRewards.Service.Users.Features.GetUsers.GetUsersEndpoint] Offending DTO type: [BytesRewards.Service.Users.Features.GetUsers.GetUsersRequest]
   at FastEndpoints.Swagger.OperationProcessor.Process(OperationProcessorContext ctx)
   at NSwag.Generation.AspNetCore.AspNetCoreOpenApiDocumentGenerator.RunOperationProcessors(OpenApiDocument document, ApiDescription apiDescription, Type controllerType, MethodInfo methodInfo, OpenApiOperationDescription operationDescription, List`1 allOperations, OpenApiDocumentGenerator generator, OpenApiSchemaResolver schemaResolver)
   at NSwag.Generation.AspNetCore.AspNetCoreOpenApiDocumentGenerator.AddOperationDescriptionsToDocument(OpenApiDocument document, Type controllerType, List`1 operations, OpenApiDocumentGenerator swaggerGenerator, OpenApiSchemaResolver schemaResolver)
   at NSwag.Generation.AspNetCore.AspNetCoreOpenApiDocumentGenerator.GenerateApiGroups(OpenApiDocumentGenerator generator, OpenApiDocument document, IGrouping`2[] apiGroups, OpenApiSchemaResolver schemaResolver)
   at NSwag.Generation.AspNetCore.AspNetCoreOpenApiDocumentGenerator.GenerateAsync(ApiDescriptionGroupCollection apiDescriptionGroups)
   at NSwag.AspNetCore.Middlewares.OpenApiDocumentMiddleware.GenerateDocumentAsync(HttpContext context)
   at NSwag.AspNetCore.Middlewares.OpenApiDocumentMiddleware.GetDocumentAsync(HttpContext context)
   at NSwag.AspNetCore.Middlewares.OpenApiDocumentMiddleware.Invoke(HttpContext context)
   at Microsoft.AspNetCore.Authorization.AuthorizationMiddleware.Invoke(HttpContext context)
   at Microsoft.AspNetCore.Authentication.AuthenticationMiddleware.Invoke(HttpContext context)
   at Microsoft.AspNetCore.Diagnostics.ExceptionHandlerMiddlewareImpl.<Invoke>g__Awaited|10_0(ExceptionHandlerMiddlewareImpl middleware, HttpContext context, Task task)
[12:01:03 INF] Executing endpoint 'HTTP: GET /' { EventId: { Name: "ExecutingEndpoint" }, SourceContext: "Microsoft.AspNetCore.Routing.EndpointMiddleware", RequestId: "0HNLSGAB8D1M3:00000005", RequestPath: "/", ConnectionId: "0HNLSGAB8D1M3" }

[12:01:03 INF] Executing RedirectResult, redirecting to /swagger. { EventId: { Id: 1, Name: "RedirectResultExecuting" }, SourceContext: "Microsoft.AspNetCore.Http.Result.RedirectResult", RequestId: "0HNLSGAB8D1M3:00000005", RequestPath: "/", ConnectionId: "0HNLSGAB8D1M3" }

[12:01:03 INF] Executed endpoint 'HTTP: GET /' { EventId: { Id: 1, Name: "ExecutedEndpoint" }, SourceContext: "Microsoft.AspNetCore.Routing.EndpointMiddleware", RequestId: "0HNLSGAB8D1M3:00000005", RequestPath: "/", ConnectionId: "0HNLSGAB8D1M3" }

[12:01:03 INF] Exception occurred: Request DTOs without any publicly accessible properties are not supported. Offending Endpoint: [BytesRewards.Service.Users.Features.GetUsers.GetUsersEndpoint] Offending DTO type: [BytesRewards.Service.Users.Features.GetUsers.GetUsersRequest] { SourceContext: "MiddlewareLibrary.ExceptionHandling.ExceptionLogHandler", Environment: "Development", TraceId: "0HNLSGAB8D1M3:00000008", CorrelationId: "0HNLSGAB8D1M3:00000008", TenantId: "", ExceptionType: "NotSupportedException", RequestId: "0HNLSGAB8D1M3:00000008", RequestPath: "/swagger/v1/swagger.json", ConnectionId: "0HNLSGAB8D1M3" }

System.NotSupportedException: Request DTOs without any publicly accessible properties are not supported. Offending Endpoint: [BytesRewards.Service.Users.Features.GetUsers.GetUsersEndpoint] Offending DTO type: [BytesRewards.Service.Users.Features.GetUsers.GetUsersRequest]
   at FastEndpoints.Swagger.OperationProcessor.Process(OperationProcessorContext ctx)
   at NSwag.Generation.AspNetCore.AspNetCoreOpenApiDocumentGenerator.RunOperationProcessors(OpenApiDocument document, ApiDescription apiDescription, Type controllerType, MethodInfo methodInfo, OpenApiOperationDescription operationDescription, List`1 allOperations, OpenApiDocumentGenerator generator, OpenApiSchemaResolver schemaResolver)
   at NSwag.Generation.AspNetCore.AspNetCoreOpenApiDocumentGenerator.AddOperationDescriptionsToDocument(OpenApiDocument document, Type controllerType, List`1 operations, OpenApiDocumentGenerator swaggerGenerator, OpenApiSchemaResolver schemaResolver)
   at NSwag.Generation.AspNetCore.AspNetCoreOpenApiDocumentGenerator.GenerateApiGroups(OpenApiDocumentGenerator generator, OpenApiDocument document, IGrouping`2[] apiGroups, OpenApiSchemaResolver schemaResolver)
   at NSwag.Generation.AspNetCore.AspNetCoreOpenApiDocumentGenerator.GenerateAsync(ApiDescriptionGroupCollection apiDescriptionGroups)
   at NSwag.AspNetCore.Middlewares.OpenApiDocumentMiddleware.GenerateDocumentAsync(HttpContext context)
   at NSwag.AspNetCore.Middlewares.OpenApiDocumentMiddleware.GetDocumentAsync(HttpContext context)
   at NSwag.AspNetCore.Middlewares.OpenApiDocumentMiddleware.Invoke(HttpContext context)
   at Microsoft.AspNetCore.Authorization.AuthorizationMiddleware.Invoke(HttpContext context)
   at Microsoft.AspNetCore.Authentication.AuthenticationMiddleware.Invoke(HttpContext context)
   at Microsoft.AspNetCore.Diagnostics.ExceptionHandlerMiddlewareImpl.<Invoke>g__Awaited|10_0(ExceptionHandlerMiddlewareImpl middleware, HttpContext context, Task task)
[12:01:27 INF] Exception occurred: Request DTOs without any publicly accessible properties are not supported. Offending Endpoint: [BytesRewards.Service.Users.Features.GetUsers.GetUsersEndpoint] Offending DTO type: [BytesRewards.Service.Users.Features.GetUsers.GetUsersRequest] { SourceContext: "MiddlewareLibrary.ExceptionHandling.ExceptionLogHandler", Environment: "Development", TraceId: "0HNLSGAB8D1M3:0000000A", CorrelationId: "0HNLSGAB8D1M3:0000000A", TenantId: "", ExceptionType: "NotSupportedException", RequestId: "0HNLSGAB8D1M3:0000000A", RequestPath: "/swagger/v1/swagger.json", ConnectionId: "0HNLSGAB8D1M3" }

System.NotSupportedException: Request DTOs without any publicly accessible properties are not supported. Offending Endpoint: [BytesRewards.Service.Users.Features.GetUsers.GetUsersEndpoint] Offending DTO type: [BytesRewards.Service.Users.Features.GetUsers.GetUsersRequest]
   at FastEndpoints.Swagger.OperationProcessor.Process(OperationProcessorContext ctx)
   at NSwag.Generation.AspNetCore.AspNetCoreOpenApiDocumentGenerator.RunOperationProcessors(OpenApiDocument document, ApiDescription apiDescription, Type controllerType, MethodInfo methodInfo, OpenApiOperationDescription operationDescription, List`1 allOperations, OpenApiDocumentGenerator generator, OpenApiSchemaResolver schemaResolver)
   at NSwag.Generation.AspNetCore.AspNetCoreOpenApiDocumentGenerator.AddOperationDescriptionsToDocument(OpenApiDocument document, Type controllerType, List`1 operations, OpenApiDocumentGenerator swaggerGenerator, OpenApiSchemaResolver schemaResolver)
   at NSwag.Generation.AspNetCore.AspNetCoreOpenApiDocumentGenerator.GenerateApiGroups(OpenApiDocumentGenerator generator, OpenApiDocument document, IGrouping`2[] apiGroups, OpenApiSchemaResolver schemaResolver)
   at NSwag.Generation.AspNetCore.AspNetCoreOpenApiDocumentGenerator.GenerateAsync(ApiDescriptionGroupCollection apiDescriptionGroups)
   at NSwag.AspNetCore.Middlewares.OpenApiDocumentMiddleware.GenerateDocumentAsync(HttpContext context)
   at NSwag.AspNetCore.Middlewares.OpenApiDocumentMiddleware.GetDocumentAsync(HttpContext context)
   at NSwag.AspNetCore.Middlewares.OpenApiDocumentMiddleware.Invoke(HttpContext context)
   at Microsoft.AspNetCore.Authorization.AuthorizationMiddleware.Invoke(HttpContext context)
   at Microsoft.AspNetCore.Authentication.AuthenticationMiddleware.Invoke(HttpContext context)
   at Microsoft.AspNetCore.Diagnostics.ExceptionHandlerMiddlewareImpl.<Invoke>g__Awaited|10_0(ExceptionHandlerMiddlewareImpl middleware, HttpContext context, Task task)
[12:01:28 INF] Exception occurred: Request DTOs without any publicly accessible properties are not supported. Offending Endpoint: [BytesRewards.Service.Users.Features.GetUsers.GetUsersEndpoint] Offending DTO type: [BytesRewards.Service.Users.Features.GetUsers.GetUsersRequest] { SourceContext: "MiddlewareLibrary.ExceptionHandling.ExceptionLogHandler", Environment: "Development", TraceId: "0HNLSGAB8D1M3:0000000C", CorrelationId: "0HNLSGAB8D1M3:0000000C", TenantId: "", ExceptionType: "NotSupportedException", RequestId: "0HNLSGAB8D1M3:0000000C", RequestPath: "/swagger/v1/swagger.json", ConnectionId: "0HNLSGAB8D1M3" }

System.NotSupportedException: Request DTOs without any publicly accessible properties are not supported. Offending Endpoint: [BytesRewards.Service.Users.Features.GetUsers.GetUsersEndpoint] Offending DTO type: [BytesRewards.Service.Users.Features.GetUsers.GetUsersRequest]
   at FastEndpoints.Swagger.OperationProcessor.Process(OperationProcessorContext ctx)
   at NSwag.Generation.AspNetCore.AspNetCoreOpenApiDocumentGenerator.RunOperationProcessors(OpenApiDocument document, ApiDescription apiDescription, Type controllerType, MethodInfo methodInfo, OpenApiOperationDescription operationDescription, List`1 allOperations, OpenApiDocumentGenerator generator, OpenApiSchemaResolver schemaResolver)
   at NSwag.Generation.AspNetCore.AspNetCoreOpenApiDocumentGenerator.AddOperationDescriptionsToDocument(OpenApiDocument document, Type controllerType, List`1 operations, OpenApiDocumentGenerator swaggerGenerator, OpenApiSchemaResolver schemaResolver)
   at NSwag.Generation.AspNetCore.AspNetCoreOpenApiDocumentGenerator.GenerateApiGroups(OpenApiDocumentGenerator generator, OpenApiDocument document, IGrouping`2[] apiGroups, OpenApiSchemaResolver schemaResolver)
   at NSwag.Generation.AspNetCore.AspNetCoreOpenApiDocumentGenerator.GenerateAsync(ApiDescriptionGroupCollection apiDescriptionGroups)
   at NSwag.AspNetCore.Middlewares.OpenApiDocumentMiddleware.GenerateDocumentAsync(HttpContext context)
   at NSwag.AspNetCore.Middlewares.OpenApiDocumentMiddleware.GetDocumentAsync(HttpContext context)
   at NSwag.AspNetCore.Middlewares.OpenApiDocumentMiddleware.GetDocumentAsync(HttpContext context)
   at NSwag.AspNetCore.Middlewares.OpenApiDocumentMiddleware.Invoke(HttpContext context)
   at Microsoft.AspNetCore.Authorization.AuthorizationMiddleware.Invoke(HttpContext context)
   at Microsoft.AspNetCore.Authentication.AuthenticationMiddleware.Invoke(HttpContext context)
   at Microsoft.AspNetCore.Diagnostics.ExceptionHandlerMiddlewareImpl.<Invoke>g__Awaited|10_0(ExceptionHandlerMiddlewareImpl middleware, HttpContext context, Task task)
[12:01:59 INF] Executing endpoint 'HTTP: GET /' { EventId: { Name: "ExecutingEndpoint" }, SourceContext: "Microsoft.AspNetCore.Routing.EndpointMiddleware", RequestId: "0HNLSGAB8D1M6:00000001", RequestPath: "/", ConnectionId: "0HNLSGAB8D1M6" }

[12:01:59 INF] Executing RedirectResult, redirecting to /swagger. { EventId: { Id: 1, Name: "RedirectResultExecuting" }, SourceContext: "Microsoft.AspNetCore.Http.Result.RedirectResult", RequestId: "0HNLSGAB8D1M6:00000001", RequestPath: "/", ConnectionId: "0HNLSGAB8D1M6" }

[12:01:59 INF] Executed endpoint 'HTTP: GET /' { EventId: { Id: 1, Name: "ExecutedEndpoint" }, SourceContext: "Microsoft.AspNetCore.Routing.EndpointMiddleware", RequestId: "0HNLSGAB8D1M6:00000001", RequestPath: "/", ConnectionId: "0HNLSGAB8D1M6" }

[12:01:59 INF] Exception occurred: Request DTOs without any publicly accessible properties are not supported. Offending Endpoint: [BytesRewards.Service.Users.Features.GetUsers.GetUsersEndpoint] Offending DTO type: [BytesRewards.Service.Users.Features.GetUsers.GetUsersRequest] { SourceContext: "MiddlewareLibrary.ExceptionHandling.ExceptionLogHandler", Environment: "Development", TraceId: "0HNLSGAB8D1M6:00000004", CorrelationId: "0HNLSGAB8D1M6:00000004", TenantId: "", ExceptionType: "NotSupportedException", RequestId: "0HNLSGAB8D1M6:00000004", RequestPath: "/swagger/v1/swagger.json", ConnectionId: "0HNLSGAB8D1M6" }

System.NotSupportedException: Request DTOs without any publicly accessible properties are not supported. Offending Endpoint: [BytesRewards.Service.Users.Features.GetUsers.GetUsersEndpoint] Offending DTO type: [BytesRewards.Service.Users.Features.GetUsers.GetUsersRequest]
   at FastEndpoints.Swagger.OperationProcessor.Process(OperationProcessorContext ctx)
   at NSwag.Generation.AspNetCore.AspNetCoreOpenApiDocumentGenerator.RunOperationProcessors(OpenApiDocument document, ApiDescription apiDescription, Type controllerType, MethodInfo methodInfo, OpenApiOperationDescription operationDescription, List`1 allOperations, OpenApiDocumentGenerator generator, OpenApiSchemaResolver schemaResolver)
   at NSwag.Generation.AspNetCore.AspNetCoreOpenApiDocumentGenerator.AddOperationDescriptionsToDocument(OpenApiDocument document, Type controllerType, List`1 operations, OpenApiDocumentGenerator swaggerGenerator, OpenApiSchemaResolver schemaResolver)
   at NSwag.Generation.AspNetCore.AspNetCoreOpenApiDocumentGenerator.GenerateApiGroups(OpenApiDocumentGenerator generator, OpenApiDocument document, IGrouping`2[] apiGroups, OpenApiSchemaResolver schemaResolver)
   at NSwag.Generation.AspNetCore.AspNetCoreOpenApiDocumentGenerator.GenerateAsync(ApiDescriptionGroupCollection apiDescriptionGroups)
   at NSwag.AspNetCore.Middlewares.OpenApiDocumentMiddleware.GenerateDocumentAsync(HttpContext context)
   at NSwag.AspNetCore.Middlewares.OpenApiDocumentMiddleware.GetDocumentAsync(HttpContext context)
   at NSwag.AspNetCore.Middlewares.OpenApiDocumentMiddleware.Invoke(HttpContext context)
   at Microsoft.AspNetCore.Authorization.AuthorizationMiddleware.Invoke(HttpContext context)
   at Microsoft.AspNetCore.Authentication.AuthenticationMiddleware.Invoke(HttpContext context)
   at Microsoft.AspNetCore.Diagnostics.ExceptionHandlerMiddlewareImpl.<Invoke>g__Awaited|10_0(ExceptionHandlerMiddlewareImpl middleware, HttpContext context, Task task)
[12:02:07 INF] Exception occurred: Request DTOs without any publicly accessible properties are not supported. Offending Endpoint: [BytesRewards.Service.Users.Features.GetUsers.GetUsersEndpoint] Offending DTO type: [BytesRewards.Service.Users.Features.GetUsers.GetUsersRequest] { SourceContext: "MiddlewareLibrary.ExceptionHandling.ExceptionLogHandler", Environment: "Development", TraceId: "0HNLSGAB8D1M6:00000006", CorrelationId: "0HNLSGAB8D1M6:00000006", TenantId: "", ExceptionType: "NotSupportedException", RequestId: "0HNLSGAB8D1M6:00000006", RequestPath: "/swagger/v1/swagger.json", ConnectionId: "0HNLSGAB8D1M6" }

System.NotSupportedException: Request DTOs without any publicly accessible properties are not supported. Offending Endpoint: [BytesRewards.Service.Users.Features.GetUsers.GetUsersEndpoint] Offending DTO type: [BytesRewards.Service.Users.Features.GetUsers.GetUsersRequest]
   at FastEndpoints.Swagger.OperationProcessor.Process(OperationProcessorContext ctx)
   at NSwag.Generation.AspNetCore.AspNetCoreOpenApiDocumentGenerator.RunOperationProcessors(OpenApiDocument document, ApiDescription apiDescription, Type controllerType, MethodInfo methodInfo, OpenApiOperationDescription operationDescription, List`1 allOperations, OpenApiDocumentGenerator generator, OpenApiSchemaResolver schemaResolver)
   at NSwag.Generation.AspNetCore.AspNetCoreOpenApiDocumentGenerator.AddOperationDescriptionsToDocument(OpenApiDocument document, Type controllerType, List`1 operations, OpenApiDocumentGenerator swaggerGenerator, OpenApiSchemaResolver schemaResolver)
   at NSwag.Generation.AspNetCore.AspNetCoreOpenApiDocumentGenerator.GenerateApiGroups(OpenApiDocumentGenerator generator, OpenApiDocument document, IGrouping`2[] apiGroups, OpenApiSchemaResolver schemaResolver)
   at NSwag.Generation.AspNetCore.AspNetCoreOpenApiDocumentGenerator.GenerateAsync(ApiDescriptionGroupCollection apiDescriptionGroups)
   at NSwag.AspNetCore.Middlewares.OpenApiDocumentMiddleware.GenerateDocumentAsync(HttpContext context)
   at NSwag.AspNetCore.Middlewares.OpenApiDocumentMiddleware.GetDocumentAsync(HttpContext context)
   at NSwag.AspNetCore.Middlewares.OpenApiDocumentMiddleware.GetDocumentAsync(HttpContext context)
   at NSwag.AspNetCore.Middlewares.OpenApiDocumentMiddleware.Invoke(HttpContext context)
   at Microsoft.AspNetCore.Authorization.AuthorizationMiddleware.Invoke(HttpContext context)
   at Microsoft.AspNetCore.Authentication.AuthenticationMiddleware.Invoke(HttpContext context)
   at Microsoft.AspNetCore.Diagnostics.ExceptionHandlerMiddlewareImpl.<Invoke>g__Awaited|10_0(ExceptionHandlerMiddlewareImpl middleware, HttpContext context, Task task)
[12:02:13 INF] Exception occurred: Request DTOs without any publicly accessible properties are not supported. Offending Endpoint: [BytesRewards.Service.Users.Features.GetUsers.GetUsersEndpoint] Offending DTO type: [BytesRewards.Service.Users.Features.GetUsers.GetUsersRequest] { SourceContext: "MiddlewareLibrary.ExceptionHandling.ExceptionLogHandler", Environment: "Development", TraceId: "0HNLSGAB8D1M6:00000008", CorrelationId: "0HNLSGAB8D1M6:00000008", TenantId: "", ExceptionType: "NotSupportedException", RequestId: "0HNLSGAB8D1M6:00000008", RequestPath: "/swagger/v1/swagger.json", ConnectionId: "0HNLSGAB8D1M6" }

System.NotSupportedException: Request DTOs without any publicly accessible properties are not supported. Offending Endpoint: [BytesRewards.Service.Users.Features.GetUsers.GetUsersEndpoint] Offending DTO type: [BytesRewards.Service.Users.Features.GetUsers.GetUsersRequest]
   at FastEndpoints.Swagger.OperationProcessor.Process(OperationProcessorContext ctx)
   at NSwag.Generation.AspNetCore.AspNetCoreOpenApiDocumentGenerator.RunOperationProcessors(OpenApiDocument document, ApiDescription apiDescription, Type controllerType, MethodInfo methodInfo, OpenApiOperationDescription operationDescription, List`1 allOperations, OpenApiDocumentGenerator generator, OpenApiSchemaResolver schemaResolver)
   at NSwag.Generation.AspNetCore.AspNetCoreOpenApiDocumentGenerator.AddOperationDescriptionsToDocument(OpenApiDocument document, Type controllerType, List`1 operations, OpenApiDocumentGenerator swaggerGenerator, OpenApiSchemaResolver schemaResolver)
   at NSwag.Generation.AspNetCore.AspNetCoreOpenApiDocumentGenerator.GenerateApiGroups(OpenApiDocumentGenerator generator, OpenApiDocument document, IGrouping`2[] apiGroups, OpenApiSchemaResolver schemaResolver)
   at NSwag.Generation.AspNetCore.AspNetCoreOpenApiDocumentGenerator.GenerateAsync(ApiDescriptionGroupCollection apiDescriptionGroups)
   at NSwag.AspNetCore.Middlewares.OpenApiDocumentMiddleware.GenerateDocumentAsync(HttpContext context)
   at NSwag.AspNetCore.Middlewares.OpenApiDocumentMiddleware.GetDocumentAsync(HttpContext context)
   at NSwag.AspNetCore.Middlewares.OpenApiDocumentMiddleware.Invoke(HttpContext context)
   at Microsoft.AspNetCore.Authorization.AuthorizationMiddleware.Invoke(HttpContext context)
   at Microsoft.AspNetCore.Authentication.AuthenticationMiddleware.Invoke(HttpContext context)
   at Microsoft.AspNetCore.Diagnostics.ExceptionHandlerMiddlewareImpl.<Invoke>g__Awaited|10_0(ExceptionHandlerMiddlewareImpl middleware, HttpContext context, Task task)
[12:03:30 INF] Executing endpoint 'HTTP: GET /' { EventId: { Name: "ExecutingEndpoint" }, SourceContext: "Microsoft.AspNetCore.Routing.EndpointMiddleware", RequestId: "0HNLSGAB8D1M7:00000001", RequestPath: "/", ConnectionId: "0HNLSGAB8D1M7" }

[12:03:30 INF] Executing RedirectResult, redirecting to /swagger. { EventId: { Id: 1, Name: "RedirectResultExecuting" }, SourceContext: "Microsoft.AspNetCore.Http.Result.RedirectResult", RequestId: "0HNLSGAB8D1M7:00000001", RequestPath: "/", ConnectionId: "0HNLSGAB8D1M7" }

[12:03:30 INF] Executed endpoint 'HTTP: GET /' { EventId: { Id: 1, Name: "ExecutedEndpoint" }, SourceContext: "Microsoft.AspNetCore.Routing.EndpointMiddleware", RequestId: "0HNLSGAB8D1M7:00000001", RequestPath: "/", ConnectionId: "0HNLSGAB8D1M7" }

[12:03:30 INF] Exception occurred: Request DTOs without any publicly accessible properties are not supported. Offending Endpoint: [BytesRewards.Service.Users.Features.GetUsers.GetUsersEndpoint] Offending DTO type: [BytesRewards.Service.Users.Features.GetUsers.GetUsersRequest] { SourceContext: "MiddlewareLibrary.ExceptionHandling.ExceptionLogHandler", Environment: "Development", TraceId: "0HNLSGAB8D1M7:00000004", CorrelationId: "0HNLSGAB8D1M7:00000004", TenantId: "", ExceptionType: "NotSupportedException", RequestId: "0HNLSGAB8D1M7:00000004", RequestPath: "/swagger/v1/swagger.json", ConnectionId: "0HNLSGAB8D1M7" }

System.NotSupportedException: Request DTOs without any publicly accessible properties are not supported. Offending Endpoint: [BytesRewards.Service.Users.Features.GetUsers.GetUsersEndpoint] Offending DTO type: [BytesRewards.Service.Users.Features.GetUsers.GetUsersRequest]
   at FastEndpoints.Swagger.OperationProcessor.Process(OperationProcessorContext ctx)
   at NSwag.Generation.AspNetCore.AspNetCoreOpenApiDocumentGenerator.RunOperationProcessors(OpenApiDocument document, ApiDescription apiDescription, Type controllerType, MethodInfo methodInfo, OpenApiOperationDescription operationDescription, List`1 allOperations, OpenApiDocumentGenerator generator, OpenApiSchemaResolver schemaResolver)
   at NSwag.Generation.AspNetCore.AspNetCoreOpenApiDocumentGenerator.AddOperationDescriptionsToDocument(OpenApiDocument document, Type controllerType, List`1 operations, OpenApiDocumentGenerator swaggerGenerator, OpenApiSchemaResolver schemaResolver)
   at NSwag.Generation.AspNetCore.AspNetCoreOpenApiDocumentGenerator.GenerateApiGroups(OpenApiDocumentGenerator generator, OpenApiDocument document, IGrouping`2[] apiGroups, OpenApiSchemaResolver schemaResolver)
   at NSwag.Generation.AspNetCore.AspNetCoreOpenApiDocumentGenerator.GenerateAsync(ApiDescriptionGroupCollection apiDescriptionGroups)
   at NSwag.AspNetCore.Middlewares.OpenApiDocumentMiddleware.GenerateDocumentAsync(HttpContext context)
   at NSwag.AspNetCore.Middlewares.OpenApiDocumentMiddleware.GetDocumentAsync(HttpContext context)
   at NSwag.AspNetCore.Middlewares.OpenApiDocumentMiddleware.Invoke(HttpContext context)
   at Microsoft.AspNetCore.Authorization.AuthorizationMiddleware.Invoke(HttpContext context)
   at Microsoft.AspNetCore.Authentication.AuthenticationMiddleware.Invoke(HttpContext context)
   at Microsoft.AspNetCore.Diagnostics.ExceptionHandlerMiddlewareImpl.<Invoke>g__Awaited|10_0(ExceptionHandlerMiddlewareImpl middleware, HttpContext context, Task task)
[12:05:12 INF] Exception occurred: Request DTOs without any publicly accessible properties are not supported. Offending Endpoint: [BytesRewards.Service.Users.Features.GetUsers.GetUsersEndpoint] Offending DTO type: [BytesRewards.Service.Users.Features.GetUsers.GetUsersRequest] { SourceContext: "MiddlewareLibrary.ExceptionHandling.ExceptionLogHandler", Environment: "Development", TraceId: "0HNLSGAB8D1M7:00000006", CorrelationId: "0HNLSGAB8D1M7:00000006", TenantId: "", ExceptionType: "NotSupportedException", RequestId: "0HNLSGAB8D1M7:00000006", RequestPath: "/swagger/v1/swagger.json", ConnectionId: "0HNLSGAB8D1M7" }

System.NotSupportedException: Request DTOs without any publicly accessible properties are not supported. Offending Endpoint: [BytesRewards.Service.Users.Features.GetUsers.GetUsersEndpoint] Offending DTO type: [BytesRewards.Service.Users.Features.GetUsers.GetUsersRequest]
   at FastEndpoints.Swagger.OperationProcessor.Process(OperationProcessorContext ctx)
   at NSwag.Generation.AspNetCore.AspNetCoreOpenApiDocumentGenerator.RunOperationProcessors(OpenApiDocument document, ApiDescription apiDescription, Type controllerType, MethodInfo methodInfo, OpenApiOperationDescription operationDescription, List`1 allOperations, OpenApiDocumentGenerator generator, OpenApiSchemaResolver schemaResolver)
   at NSwag.Generation.AspNetCore.AspNetCoreOpenApiDocumentGenerator.AddOperationDescriptionsToDocument(OpenApiDocument document, Type controllerType, List`1 operations, OpenApiDocumentGenerator swaggerGenerator, OpenApiSchemaResolver schemaResolver)
   at NSwag.Generation.AspNetCore.AspNetCoreOpenApiDocumentGenerator.GenerateApiGroups(OpenApiDocumentGenerator generator, OpenApiDocument document, IGrouping`2[] apiGroups, OpenApiSchemaResolver schemaResolver)
   at NSwag.Generation.AspNetCore.AspNetCoreOpenApiDocumentGenerator.GenerateAsync(ApiDescriptionGroupCollection apiDescriptionGroups)
   at NSwag.AspNetCore.Middlewares.OpenApiDocumentMiddleware.GenerateDocumentAsync(HttpContext context)
   at NSwag.AspNetCore.Middlewares.OpenApiDocumentMiddleware.GetDocumentAsync(HttpContext context)
   at NSwag.AspNetCore.Middlewares.OpenApiDocumentMiddleware.Invoke(HttpContext context)
   at Microsoft.AspNetCore.Authorization.AuthorizationMiddleware.Invoke(HttpContext context)
   at Microsoft.AspNetCore.Authentication.AuthenticationMiddleware.Invoke(HttpContext context)
   at Microsoft.AspNetCore.Diagnostics.ExceptionHandlerMiddlewareImpl.<Invoke>g__Awaited|10_0(ExceptionHandlerMiddlewareImpl middleware, HttpContext context, Task task)
[12:05:35 INF] Application is shutting down... { SourceContext: "Microsoft.Hosting.Lifetime" }

[12:05:51 INF] No migrations were applied. The database is already up to date. { EventId: { Id: 20405, Name: "Microsoft.EntityFrameworkCore.Migrations.MigrationsNotApplied" }, SourceContext: "Microsoft.EntityFrameworkCore.Migrations" }

[12:05:52 INF] No migrations were applied. The database is already up to date. { EventId: { Id: 20405, Name: "Microsoft.EntityFrameworkCore.Migrations.MigrationsNotApplied" }, SourceContext: "Microsoft.EntityFrameworkCore.Migrations" }

[12:05:52 INF] Registered 2 endpoints in 3,619 milliseconds. { EventId: { Id: 1, Name: "EndpointsRegistered" }, SourceContext: "FastEndpoints.StartupTimer" }

[12:05:52 INF] No validators found in the system! { EventId: { Id: 1, Name: "NoValidatorsFound" }, SourceContext: "FastEndpoints.Swagger.ValidationSchemaProcessor" }

[12:05:52 INF] User profile is available. Using 'C:\Users\MariyaAF\AppData\Local\ASP.NET\DataProtection-Keys' as key repository and Windows DPAPI to encrypt keys at rest. { EventId: { Id: 63, Name: "UsingProfileAsKeyRepositoryWithDPAPI" }, SourceContext: "Microsoft.AspNetCore.DataProtection.KeyManagement.XmlKeyManager" }

[12:05:52 WRN] The property 'AuditLog.Metadata' is a collection or enumeration type with a value converter but with no value comparer. Set a value comparer to ensure the collection/enumeration elements are compared correctly. { EventId: { Id: 10620, Name: "Microsoft.EntityFrameworkCore.Model.Validation.CollectionWithoutComparer" }, SourceContext: "Microsoft.EntityFrameworkCore.Model.Validation" }

[12:05:52 INF] No migrations were found in assembly 'BytesRewards.Service'. A migration needs to be added before the database can be updated. { EventId: { Id: 20406, Name: "Microsoft.EntityFrameworkCore.Migrations.MigrationsNotFound" }, SourceContext: "Microsoft.EntityFrameworkCore.Migrations" }

[12:05:52 INF] No migrations were applied. The database is already up to date. { EventId: { Id: 20405, Name: "Microsoft.EntityFrameworkCore.Migrations.MigrationsNotApplied" }, SourceContext: "Microsoft.EntityFrameworkCore.Migrations" }

[12:05:52 INF] Now listening on: http://localhost:52862 { EventId: { Id: 14, Name: "ListeningOnAddress" }, SourceContext: "Microsoft.Hosting.Lifetime" }

[12:05:52 INF] Application started. Press Ctrl+C to shut down. { SourceContext: "Microsoft.Hosting.Lifetime" }

[12:05:52 INF] Hosting environment: Development { SourceContext: "Microsoft.Hosting.Lifetime" }

[12:05:52 INF] Content root path: C:\Users\MariyaAF\Desktop\BytesRewards\BytesRewards\src\BytesRewards.Service { SourceContext: "Microsoft.Hosting.Lifetime" }

[12:06:03 INF] Executing endpoint 'HTTP: GET /' { EventId: { Name: "ExecutingEndpoint" }, SourceContext: "Microsoft.AspNetCore.Routing.EndpointMiddleware", RequestId: "0HNLSGDHQ5B1L:00000001", RequestPath: "/", ConnectionId: "0HNLSGDHQ5B1L" }

[12:06:03 INF] Executing RedirectResult, redirecting to /swagger. { EventId: { Id: 1, Name: "RedirectResultExecuting" }, SourceContext: "Microsoft.AspNetCore.Http.Result.RedirectResult", RequestId: "0HNLSGDHQ5B1L:00000001", RequestPath: "/", ConnectionId: "0HNLSGDHQ5B1L" }

[12:06:03 INF] Executed endpoint 'HTTP: GET /' { EventId: { Id: 1, Name: "ExecutedEndpoint" }, SourceContext: "Microsoft.AspNetCore.Routing.EndpointMiddleware", RequestId: "0HNLSGDHQ5B1L:00000001", RequestPath: "/", ConnectionId: "0HNLSGDHQ5B1L" }

[12:06:03 INF] No action descriptors found. This may indicate an incorrectly configured application or missing application parts. To learn more, visit https://aka.ms/aspnet/mvc/app-parts { EventId: { Id: 1, Name: "NoActionDescriptors" }, SourceContext: "Microsoft.AspNetCore.Mvc.Infrastructure.DefaultActionDescriptorCollectionProvider", RequestId: "0HNLSGDHQ5B1L:00000004", RequestPath: "/swagger/v1/swagger.json", ConnectionId: "0HNLSGDHQ5B1L" }

[12:11:27 INF] Application is shutting down... { SourceContext: "Microsoft.Hosting.Lifetime" }

[12:11:54 INF] No migrations were applied. The database is already up to date. { EventId: { Id: 20405, Name: "Microsoft.EntityFrameworkCore.Migrations.MigrationsNotApplied" }, SourceContext: "Microsoft.EntityFrameworkCore.Migrations" }

[12:11:54 INF] No migrations were applied. The database is already up to date. { EventId: { Id: 20405, Name: "Microsoft.EntityFrameworkCore.Migrations.MigrationsNotApplied" }, SourceContext: "Microsoft.EntityFrameworkCore.Migrations" }

[12:11:54 INF] Registered 3 endpoints in 5,650 milliseconds. { EventId: { Id: 1, Name: "EndpointsRegistered" }, SourceContext: "FastEndpoints.StartupTimer" }

[12:11:55 INF] No validators found in the system! { EventId: { Id: 1, Name: "NoValidatorsFound" }, SourceContext: "FastEndpoints.Swagger.ValidationSchemaProcessor" }

[12:11:55 INF] User profile is available. Using 'C:\Users\MariyaAF\AppData\Local\ASP.NET\DataProtection-Keys' as key repository and Windows DPAPI to encrypt keys at rest. { EventId: { Id: 63, Name: "UsingProfileAsKeyRepositoryWithDPAPI" }, SourceContext: "Microsoft.AspNetCore.DataProtection.KeyManagement.XmlKeyManager" }

[12:11:55 WRN] The property 'AuditLog.Metadata' is a collection or enumeration type with a value converter but with no value comparer. Set a value comparer to ensure the collection/enumeration elements are compared correctly. { EventId: { Id: 10620, Name: "Microsoft.EntityFrameworkCore.Model.Validation.CollectionWithoutComparer" }, SourceContext: "Microsoft.EntityFrameworkCore.Model.Validation" }

[12:11:55 INF] No migrations were found in assembly 'BytesRewards.Service'. A migration needs to be added before the database can be updated. { EventId: { Id: 20406, Name: "Microsoft.EntityFrameworkCore.Migrations.MigrationsNotFound" }, SourceContext: "Microsoft.EntityFrameworkCore.Migrations" }

[12:11:55 INF] No migrations were applied. The database is already up to date. { EventId: { Id: 20405, Name: "Microsoft.EntityFrameworkCore.Migrations.MigrationsNotApplied" }, SourceContext: "Microsoft.EntityFrameworkCore.Migrations" }

[12:11:55 INF] Now listening on: http://localhost:63954 { EventId: { Id: 14, Name: "ListeningOnAddress" }, SourceContext: "Microsoft.Hosting.Lifetime" }

[12:11:55 INF] Application started. Press Ctrl+C to shut down. { SourceContext: "Microsoft.Hosting.Lifetime" }

[12:11:55 INF] Hosting environment: Development { SourceContext: "Microsoft.Hosting.Lifetime" }

[12:11:55 INF] Content root path: C:\Users\MariyaAF\Desktop\BytesRewards\BytesRewards\src\BytesRewards.Service { SourceContext: "Microsoft.Hosting.Lifetime" }

[12:12:41 INF] Executing endpoint 'HTTP: GET /' { EventId: { Name: "ExecutingEndpoint" }, SourceContext: "Microsoft.AspNetCore.Routing.EndpointMiddleware", RequestId: "0HNLSGH7J57VJ:00000001", RequestPath: "/", ConnectionId: "0HNLSGH7J57VJ" }

[12:12:41 INF] Executing RedirectResult, redirecting to /swagger. { EventId: { Id: 1, Name: "RedirectResultExecuting" }, SourceContext: "Microsoft.AspNetCore.Http.Result.RedirectResult", RequestId: "0HNLSGH7J57VJ:00000001", RequestPath: "/", ConnectionId: "0HNLSGH7J57VJ" }

[12:12:41 INF] Executed endpoint 'HTTP: GET /' { EventId: { Id: 1, Name: "ExecutedEndpoint" }, SourceContext: "Microsoft.AspNetCore.Routing.EndpointMiddleware", RequestId: "0HNLSGH7J57VJ:00000001", RequestPath: "/", ConnectionId: "0HNLSGH7J57VJ" }

[12:12:41 INF] No action descriptors found. This may indicate an incorrectly configured application or missing application parts. To learn more, visit https://aka.ms/aspnet/mvc/app-parts { EventId: { Id: 1, Name: "NoActionDescriptors" }, SourceContext: "Microsoft.AspNetCore.Mvc.Infrastructure.DefaultActionDescriptorCollectionProvider", RequestId: "0HNLSGH7J57VJ:00000004", RequestPath: "/swagger/v1/swagger.json", ConnectionId: "0HNLSGH7J57VJ" }

[12:12:42 INF] Exception occurred: Request DTOs without any publicly accessible properties are not supported. Offending Endpoint: [BytesRewards.Service.Users.Features.GetUsers.GetUsersEndpoint] Offending DTO type: [BytesRewards.Service.Users.Features.GetUsers.GetUsersRequest] { SourceContext: "MiddlewareLibrary.ExceptionHandling.ExceptionLogHandler", Environment: "Development", TraceId: "0HNLSGH7J57VJ:00000004", CorrelationId: "0HNLSGH7J57VJ:00000004", TenantId: "", ExceptionType: "NotSupportedException", RequestId: "0HNLSGH7J57VJ:00000004", RequestPath: "/swagger/v1/swagger.json", ConnectionId: "0HNLSGH7J57VJ" }

System.NotSupportedException: Request DTOs without any publicly accessible properties are not supported. Offending Endpoint: [BytesRewards.Service.Users.Features.GetUsers.GetUsersEndpoint] Offending DTO type: [BytesRewards.Service.Users.Features.GetUsers.GetUsersRequest]
   at FastEndpoints.Swagger.OperationProcessor.Process(OperationProcessorContext ctx)
   at NSwag.Generation.AspNetCore.AspNetCoreOpenApiDocumentGenerator.RunOperationProcessors(OpenApiDocument document, ApiDescription apiDescription, Type controllerType, MethodInfo methodInfo, OpenApiOperationDescription operationDescription, List`1 allOperations, OpenApiDocumentGenerator generator, OpenApiSchemaResolver schemaResolver)
   at NSwag.Generation.AspNetCore.AspNetCoreOpenApiDocumentGenerator.AddOperationDescriptionsToDocument(OpenApiDocument document, Type controllerType, List`1 operations, OpenApiDocumentGenerator swaggerGenerator, OpenApiSchemaResolver schemaResolver)
   at NSwag.Generation.AspNetCore.AspNetCoreOpenApiDocumentGenerator.GenerateApiGroups(OpenApiDocumentGenerator generator, OpenApiDocument document, IGrouping`2[] apiGroups, OpenApiSchemaResolver schemaResolver)
   at NSwag.Generation.AspNetCore.AspNetCoreOpenApiDocumentGenerator.GenerateAsync(ApiDescriptionGroupCollection apiDescriptionGroups)
   at NSwag.AspNetCore.Middlewares.OpenApiDocumentMiddleware.GenerateDocumentAsync(HttpContext context)
   at NSwag.AspNetCore.Middlewares.OpenApiDocumentMiddleware.GetDocumentAsync(HttpContext context)
   at NSwag.AspNetCore.Middlewares.OpenApiDocumentMiddleware.Invoke(HttpContext context)
   at Microsoft.AspNetCore.Authorization.AuthorizationMiddleware.Invoke(HttpContext context)
   at Microsoft.AspNetCore.Authentication.AuthenticationMiddleware.Invoke(HttpContext context)
   at Microsoft.AspNetCore.Diagnostics.ExceptionHandlerMiddlewareImpl.<Invoke>g__Awaited|10_0(ExceptionHandlerMiddlewareImpl middleware, HttpContext context, Task task)
[12:13:57 INF] Application is shutting down... { SourceContext: "Microsoft.Hosting.Lifetime" }

[12:14:17 INF] No migrations were applied. The database is already up to date. { EventId: { Id: 20405, Name: "Microsoft.EntityFrameworkCore.Migrations.MigrationsNotApplied" }, SourceContext: "Microsoft.EntityFrameworkCore.Migrations" }

[12:14:17 INF] No migrations were applied. The database is already up to date. { EventId: { Id: 20405, Name: "Microsoft.EntityFrameworkCore.Migrations.MigrationsNotApplied" }, SourceContext: "Microsoft.EntityFrameworkCore.Migrations" }

[12:14:17 INF] Registered 3 endpoints in 3,948 milliseconds. { EventId: { Id: 1, Name: "EndpointsRegistered" }, SourceContext: "FastEndpoints.StartupTimer" }

[12:14:17 INF] No validators found in the system! { EventId: { Id: 1, Name: "NoValidatorsFound" }, SourceContext: "FastEndpoints.Swagger.ValidationSchemaProcessor" }

[12:14:17 INF] User profile is available. Using 'C:\Users\MariyaAF\AppData\Local\ASP.NET\DataProtection-Keys' as key repository and Windows DPAPI to encrypt keys at rest. { EventId: { Id: 63, Name: "UsingProfileAsKeyRepositoryWithDPAPI" }, SourceContext: "Microsoft.AspNetCore.DataProtection.KeyManagement.XmlKeyManager" }

[12:14:17 WRN] The property 'AuditLog.Metadata' is a collection or enumeration type with a value converter but with no value comparer. Set a value comparer to ensure the collection/enumeration elements are compared correctly. { EventId: { Id: 10620, Name: "Microsoft.EntityFrameworkCore.Model.Validation.CollectionWithoutComparer" }, SourceContext: "Microsoft.EntityFrameworkCore.Model.Validation" }

[12:14:17 INF] No migrations were found in assembly 'BytesRewards.Service'. A migration needs to be added before the database can be updated. { EventId: { Id: 20406, Name: "Microsoft.EntityFrameworkCore.Migrations.MigrationsNotFound" }, SourceContext: "Microsoft.EntityFrameworkCore.Migrations" }

[12:14:17 INF] No migrations were applied. The database is already up to date. { EventId: { Id: 20405, Name: "Microsoft.EntityFrameworkCore.Migrations.MigrationsNotApplied" }, SourceContext: "Microsoft.EntityFrameworkCore.Migrations" }

[12:14:18 INF] Now listening on: http://localhost:49813 { EventId: { Id: 14, Name: "ListeningOnAddress" }, SourceContext: "Microsoft.Hosting.Lifetime" }

[12:14:18 INF] Application started. Press Ctrl+C to shut down. { SourceContext: "Microsoft.Hosting.Lifetime" }

[12:14:18 INF] Hosting environment: Development { SourceContext: "Microsoft.Hosting.Lifetime" }

[12:14:18 INF] Content root path: C:\Users\MariyaAF\Desktop\BytesRewards\BytesRewards\src\BytesRewards.Service { SourceContext: "Microsoft.Hosting.Lifetime" }

[12:14:20 INF] Application is shutting down... { SourceContext: "Microsoft.Hosting.Lifetime" }

[12:14:57 INF] No migrations were applied. The database is already up to date. { EventId: { Id: 20405, Name: "Microsoft.EntityFrameworkCore.Migrations.MigrationsNotApplied" }, SourceContext: "Microsoft.EntityFrameworkCore.Migrations" }

[12:14:57 INF] No migrations were applied. The database is already up to date. { EventId: { Id: 20405, Name: "Microsoft.EntityFrameworkCore.Migrations.MigrationsNotApplied" }, SourceContext: "Microsoft.EntityFrameworkCore.Migrations" }

[12:14:57 INF] Registered 3 endpoints in 4,056 milliseconds. { EventId: { Id: 1, Name: "EndpointsRegistered" }, SourceContext: "FastEndpoints.StartupTimer" }

[12:14:57 INF] No validators found in the system! { EventId: { Id: 1, Name: "NoValidatorsFound" }, SourceContext: "FastEndpoints.Swagger.ValidationSchemaProcessor" }

[12:14:57 INF] User profile is available. Using 'C:\Users\MariyaAF\AppData\Local\ASP.NET\DataProtection-Keys' as key repository and Windows DPAPI to encrypt keys at rest. { EventId: { Id: 63, Name: "UsingProfileAsKeyRepositoryWithDPAPI" }, SourceContext: "Microsoft.AspNetCore.DataProtection.KeyManagement.XmlKeyManager" }

[12:14:57 WRN] The property 'AuditLog.Metadata' is a collection or enumeration type with a value converter but with no value comparer. Set a value comparer to ensure the collection/enumeration elements are compared correctly. { EventId: { Id: 10620, Name: "Microsoft.EntityFrameworkCore.Model.Validation.CollectionWithoutComparer" }, SourceContext: "Microsoft.EntityFrameworkCore.Model.Validation" }

[12:14:58 INF] No migrations were found in assembly 'BytesRewards.Service'. A migration needs to be added before the database can be updated. { EventId: { Id: 20406, Name: "Microsoft.EntityFrameworkCore.Migrations.MigrationsNotFound" }, SourceContext: "Microsoft.EntityFrameworkCore.Migrations" }

[12:14:58 INF] No migrations were applied. The database is already up to date. { EventId: { Id: 20405, Name: "Microsoft.EntityFrameworkCore.Migrations.MigrationsNotApplied" }, SourceContext: "Microsoft.EntityFrameworkCore.Migrations" }

[12:14:58 INF] Now listening on: http://localhost:49789 { EventId: { Id: 14, Name: "ListeningOnAddress" }, SourceContext: "Microsoft.Hosting.Lifetime" }

[12:14:58 INF] Application started. Press Ctrl+C to shut down. { SourceContext: "Microsoft.Hosting.Lifetime" }

[12:14:58 INF] Hosting environment: Development { SourceContext: "Microsoft.Hosting.Lifetime" }

[12:14:58 INF] Content root path: C:\Users\MariyaAF\Desktop\BytesRewards\BytesRewards\src\BytesRewards.Service { SourceContext: "Microsoft.Hosting.Lifetime" }

[12:16:17 INF] Application is shutting down... { SourceContext: "Microsoft.Hosting.Lifetime" }

[12:16:24 INF] Acquiring an exclusive lock for migration application. See https://aka.ms/efcore-docs-migrations-lock for more information if this takes too long. { EventId: { Id: 20411, Name: "Microsoft.EntityFrameworkCore.Migrations.AcquiringMigrationLock" }, SourceContext: "Microsoft.EntityFrameworkCore.Migrations" }

[12:16:24 INF] No migrations were applied. The database is already up to date. { EventId: { Id: 20405, Name: "Microsoft.EntityFrameworkCore.Migrations.MigrationsNotApplied" }, SourceContext: "Microsoft.EntityFrameworkCore.Migrations" }

[12:16:24 INF] Acquiring an exclusive lock for migration application. See https://aka.ms/efcore-docs-migrations-lock for more information if this takes too long. { EventId: { Id: 20411, Name: "Microsoft.EntityFrameworkCore.Migrations.AcquiringMigrationLock" }, SourceContext: "Microsoft.EntityFrameworkCore.Migrations" }

[12:16:24 INF] No migrations were applied. The database is already up to date. { EventId: { Id: 20405, Name: "Microsoft.EntityFrameworkCore.Migrations.MigrationsNotApplied" }, SourceContext: "Microsoft.EntityFrameworkCore.Migrations" }

[12:16:25 INF] Registered 3 endpoints in 1,215 milliseconds. { EventId: { Id: 1, Name: "EndpointsRegistered" }, SourceContext: "FastEndpoints.StartupTimer" }

[12:16:25 INF] No validators found in the system! { EventId: { Id: 1, Name: "NoValidatorsFound" }, SourceContext: "FastEndpoints.Swagger.ValidationSchemaProcessor" }

[12:16:25 INF] User profile is available. Using 'C:\Users\MariyaAF\AppData\Local\ASP.NET\DataProtection-Keys' as key repository and Windows DPAPI to encrypt keys at rest. { EventId: { Id: 63, Name: "UsingProfileAsKeyRepositoryWithDPAPI" }, SourceContext: "Microsoft.AspNetCore.DataProtection.KeyManagement.XmlKeyManager" }

[12:16:25 WRN] The property 'AuditLog.Metadata' is a collection or enumeration type with a value converter but with no value comparer. Set a value comparer to ensure the collection/enumeration elements are compared correctly. { EventId: { Id: 10620, Name: "Microsoft.EntityFrameworkCore.Model.Validation.CollectionWithoutComparer" }, SourceContext: "Microsoft.EntityFrameworkCore.Model.Validation" }

[12:16:25 WRN] The entity type 'AuditLog' is configured to use schema 'Auditing', but SQLite does not support schemas. This configuration will be ignored by the SQLite provider. { EventId: { Id: 30000, Name: "Microsoft.EntityFrameworkCore.Model.Validation.SchemaConfiguredWarning" }, SourceContext: "Microsoft.EntityFrameworkCore.Model.Validation" }

[12:16:25 WRN] The entity type 'EntityChange' is configured to use schema 'Auditing', but SQLite does not support schemas. This configuration will be ignored by the SQLite provider. { EventId: { Id: 30000, Name: "Microsoft.EntityFrameworkCore.Model.Validation.SchemaConfiguredWarning" }, SourceContext: "Microsoft.EntityFrameworkCore.Model.Validation" }

[12:16:25 WRN] The entity type 'PropertyChange' is configured to use schema 'Auditing', but SQLite does not support schemas. This configuration will be ignored by the SQLite provider. { EventId: { Id: 30000, Name: "Microsoft.EntityFrameworkCore.Model.Validation.SchemaConfiguredWarning" }, SourceContext: "Microsoft.EntityFrameworkCore.Model.Validation" }

[12:16:25 INF] No migrations were found in assembly 'BytesRewards.Service'. A migration needs to be added before the database can be updated. { EventId: { Id: 20406, Name: "Microsoft.EntityFrameworkCore.Migrations.MigrationsNotFound" }, SourceContext: "Microsoft.EntityFrameworkCore.Migrations" }

[12:16:25 INF] Acquiring an exclusive lock for migration application. See https://aka.ms/efcore-docs-migrations-lock for more information if this takes too long. { EventId: { Id: 20411, Name: "Microsoft.EntityFrameworkCore.Migrations.AcquiringMigrationLock" }, SourceContext: "Microsoft.EntityFrameworkCore.Migrations" }

[12:16:25 INF] No migrations were applied. The database is already up to date. { EventId: { Id: 20405, Name: "Microsoft.EntityFrameworkCore.Migrations.MigrationsNotApplied" }, SourceContext: "Microsoft.EntityFrameworkCore.Migrations" }

[12:16:25 INF] Now listening on: http://localhost:5000 { EventId: { Id: 14, Name: "ListeningOnAddress" }, SourceContext: "Microsoft.Hosting.Lifetime" }

[12:16:25 INF] Application started. Press Ctrl+C to shut down. { SourceContext: "Microsoft.Hosting.Lifetime" }

[12:16:25 INF] Hosting environment: Development { SourceContext: "Microsoft.Hosting.Lifetime" }

[12:16:25 INF] Content root path: C:\Users\MariyaAF\Desktop\BytesRewards\BytesRewards\src\BytesRewards.Service { SourceContext: "Microsoft.Hosting.Lifetime" }

[12:17:54 INF] No action descriptors found. This may indicate an incorrectly configured application or missing application parts. To learn more, visit https://aka.ms/aspnet/mvc/app-parts { EventId: { Id: 1, Name: "NoActionDescriptors" }, SourceContext: "Microsoft.AspNetCore.Mvc.Infrastructure.DefaultActionDescriptorCollectionProvider", RequestId: "0HNLSGK5JIOCN:00000003", RequestPath: "/swagger/v1/swagger.json", ConnectionId: "0HNLSGK5JIOCN" }

[12:17:54 INF] Exception occurred: Request DTOs without any publicly accessible properties are not supported. Offending Endpoint: [BytesRewards.Service.Users.Features.GetUsers.GetUsersEndpoint] Offending DTO type: [BytesRewards.Service.Users.Features.GetUsers.GetUsersRequest] { SourceContext: "MiddlewareLibrary.ExceptionHandling.ExceptionLogHandler", Environment: "Development", TraceId: "0HNLSGK5JIOCN:00000003", CorrelationId: "0HNLSGK5JIOCN:00000003", TenantId: "", ExceptionType: "NotSupportedException", RequestId: "0HNLSGK5JIOCN:00000003", RequestPath: "/swagger/v1/swagger.json", ConnectionId: "0HNLSGK5JIOCN" }

System.NotSupportedException: Request DTOs without any publicly accessible properties are not supported. Offending Endpoint: [BytesRewards.Service.Users.Features.GetUsers.GetUsersEndpoint] Offending DTO type: [BytesRewards.Service.Users.Features.GetUsers.GetUsersRequest]
   at FastEndpoints.Swagger.OperationProcessor.Process(OperationProcessorContext ctx)
   at NSwag.Generation.AspNetCore.AspNetCoreOpenApiDocumentGenerator.RunOperationProcessors(OpenApiDocument document, ApiDescription apiDescription, Type controllerType, MethodInfo methodInfo, OpenApiOperationDescription operationDescription, List`1 allOperations, OpenApiDocumentGenerator generator, OpenApiSchemaResolver schemaResolver)
   at NSwag.Generation.AspNetCore.AspNetCoreOpenApiDocumentGenerator.AddOperationDescriptionsToDocument(OpenApiDocument document, Type controllerType, List`1 operations, OpenApiDocumentGenerator swaggerGenerator, OpenApiSchemaResolver schemaResolver)
   at NSwag.Generation.AspNetCore.AspNetCoreOpenApiDocumentGenerator.GenerateApiGroups(OpenApiDocumentGenerator generator, OpenApiDocument document, IGrouping`2[] apiGroups, OpenApiSchemaResolver schemaResolver)
   at NSwag.Generation.AspNetCore.AspNetCoreOpenApiDocumentGenerator.GenerateAsync(ApiDescriptionGroupCollection apiDescriptionGroups)
   at NSwag.AspNetCore.Middlewares.OpenApiDocumentMiddleware.GenerateDocumentAsync(HttpContext context)
   at NSwag.AspNetCore.Middlewares.OpenApiDocumentMiddleware.GetDocumentAsync(HttpContext context)
   at NSwag.AspNetCore.Middlewares.OpenApiDocumentMiddleware.Invoke(HttpContext context)
   at Microsoft.AspNetCore.Authorization.AuthorizationMiddleware.Invoke(HttpContext context)
   at Microsoft.AspNetCore.Authentication.AuthenticationMiddleware.Invoke(HttpContext context)
   at Microsoft.AspNetCore.Diagnostics.ExceptionHandlerMiddlewareImpl.<Invoke>g__Awaited|10_0(ExceptionHandlerMiddlewareImpl middleware, HttpContext context, Task task)
[12:18:34 INF] Exception occurred: Request DTOs without any publicly accessible properties are not supported. Offending Endpoint: [BytesRewards.Service.Users.Features.GetUsers.GetUsersEndpoint] Offending DTO type: [BytesRewards.Service.Users.Features.GetUsers.GetUsersRequest] { SourceContext: "MiddlewareLibrary.ExceptionHandling.ExceptionLogHandler", Environment: "Development", TraceId: "0HNLSGK5JIOCN:00000004", CorrelationId: "0HNLSGK5JIOCN:00000004", TenantId: "", ExceptionType: "NotSupportedException", RequestId: "0HNLSGK5JIOCN:00000004", RequestPath: "/swagger/v1/swagger.json", ConnectionId: "0HNLSGK5JIOCN" }

System.NotSupportedException: Request DTOs without any publicly accessible properties are not supported. Offending Endpoint: [BytesRewards.Service.Users.Features.GetUsers.GetUsersEndpoint] Offending DTO type: [BytesRewards.Service.Users.Features.GetUsers.GetUsersRequest]
   at FastEndpoints.Swagger.OperationProcessor.Process(OperationProcessorContext ctx)
   at NSwag.Generation.AspNetCore.AspNetCoreOpenApiDocumentGenerator.RunOperationProcessors(OpenApiDocument document, ApiDescription apiDescription, Type controllerType, MethodInfo methodInfo, OpenApiOperationDescription operationDescription, List`1 allOperations, OpenApiDocumentGenerator generator, OpenApiSchemaResolver schemaResolver)
   at NSwag.Generation.AspNetCore.AspNetCoreOpenApiDocumentGenerator.AddOperationDescriptionsToDocument(OpenApiDocument document, Type controllerType, List`1 operations, OpenApiDocumentGenerator swaggerGenerator, OpenApiSchemaResolver schemaResolver)
   at NSwag.Generation.AspNetCore.AspNetCoreOpenApiDocumentGenerator.GenerateApiGroups(OpenApiDocumentGenerator generator, OpenApiDocument document, IGrouping`2[] apiGroups, OpenApiSchemaResolver schemaResolver)
   at NSwag.Generation.AspNetCore.AspNetCoreOpenApiDocumentGenerator.GenerateAsync(ApiDescriptionGroupCollection apiDescriptionGroups)
   at NSwag.AspNetCore.Middlewares.OpenApiDocumentMiddleware.GenerateDocumentAsync(HttpContext context)
   at NSwag.AspNetCore.Middlewares.OpenApiDocumentMiddleware.GetDocumentAsync(HttpContext context)
   at NSwag.AspNetCore.Middlewares.OpenApiDocumentMiddleware.Invoke(HttpContext context)
   at Microsoft.AspNetCore.Authorization.AuthorizationMiddleware.Invoke(HttpContext context)
   at Microsoft.AspNetCore.Authentication.AuthenticationMiddleware.Invoke(HttpContext context)
   at Microsoft.AspNetCore.Diagnostics.ExceptionHandlerMiddlewareImpl.<Invoke>g__Awaited|10_0(ExceptionHandlerMiddlewareImpl middleware, HttpContext context, Task task)
[12:20:46 INF] Application is shutting down... { SourceContext: "Microsoft.Hosting.Lifetime" }

[12:20:52 INF] Acquiring an exclusive lock for migration application. See https://aka.ms/efcore-docs-migrations-lock for more information if this takes too long. { EventId: { Id: 20411, Name: "Microsoft.EntityFrameworkCore.Migrations.AcquiringMigrationLock" }, SourceContext: "Microsoft.EntityFrameworkCore.Migrations" }

[12:20:52 INF] No migrations were applied. The database is already up to date. { EventId: { Id: 20405, Name: "Microsoft.EntityFrameworkCore.Migrations.MigrationsNotApplied" }, SourceContext: "Microsoft.EntityFrameworkCore.Migrations" }

[12:20:52 INF] Acquiring an exclusive lock for migration application. See https://aka.ms/efcore-docs-migrations-lock for more information if this takes too long. { EventId: { Id: 20411, Name: "Microsoft.EntityFrameworkCore.Migrations.AcquiringMigrationLock" }, SourceContext: "Microsoft.EntityFrameworkCore.Migrations" }

[12:20:52 INF] No migrations were applied. The database is already up to date. { EventId: { Id: 20405, Name: "Microsoft.EntityFrameworkCore.Migrations.MigrationsNotApplied" }, SourceContext: "Microsoft.EntityFrameworkCore.Migrations" }

[12:20:53 INF] Registered 3 endpoints in 874 milliseconds. { EventId: { Id: 1, Name: "EndpointsRegistered" }, SourceContext: "FastEndpoints.StartupTimer" }

[12:20:53 INF] No validators found in the system! { EventId: { Id: 1, Name: "NoValidatorsFound" }, SourceContext: "FastEndpoints.Swagger.ValidationSchemaProcessor" }

[12:20:53 INF] User profile is available. Using 'C:\Users\MariyaAF\AppData\Local\ASP.NET\DataProtection-Keys' as key repository and Windows DPAPI to encrypt keys at rest. { EventId: { Id: 63, Name: "UsingProfileAsKeyRepositoryWithDPAPI" }, SourceContext: "Microsoft.AspNetCore.DataProtection.KeyManagement.XmlKeyManager" }

[12:20:53 WRN] The property 'AuditLog.Metadata' is a collection or enumeration type with a value converter but with no value comparer. Set a value comparer to ensure the collection/enumeration elements are compared correctly. { EventId: { Id: 10620, Name: "Microsoft.EntityFrameworkCore.Model.Validation.CollectionWithoutComparer" }, SourceContext: "Microsoft.EntityFrameworkCore.Model.Validation" }

[12:20:53 WRN] The entity type 'AuditLog' is configured to use schema 'Auditing', but SQLite does not support schemas. This configuration will be ignored by the SQLite provider. { EventId: { Id: 30000, Name: "Microsoft.EntityFrameworkCore.Model.Validation.SchemaConfiguredWarning" }, SourceContext: "Microsoft.EntityFrameworkCore.Model.Validation" }

[12:20:53 WRN] The entity type 'EntityChange' is configured to use schema 'Auditing', but SQLite does not support schemas. This configuration will be ignored by the SQLite provider. { EventId: { Id: 30000, Name: "Microsoft.EntityFrameworkCore.Model.Validation.SchemaConfiguredWarning" }, SourceContext: "Microsoft.EntityFrameworkCore.Model.Validation" }

[12:20:53 WRN] The entity type 'PropertyChange' is configured to use schema 'Auditing', but SQLite does not support schemas. This configuration will be ignored by the SQLite provider. { EventId: { Id: 30000, Name: "Microsoft.EntityFrameworkCore.Model.Validation.SchemaConfiguredWarning" }, SourceContext: "Microsoft.EntityFrameworkCore.Model.Validation" }

[12:20:53 INF] No migrations were found in assembly 'BytesRewards.Service'. A migration needs to be added before the database can be updated. { EventId: { Id: 20406, Name: "Microsoft.EntityFrameworkCore.Migrations.MigrationsNotFound" }, SourceContext: "Microsoft.EntityFrameworkCore.Migrations" }

[12:20:53 INF] Acquiring an exclusive lock for migration application. See https://aka.ms/efcore-docs-migrations-lock for more information if this takes too long. { EventId: { Id: 20411, Name: "Microsoft.EntityFrameworkCore.Migrations.AcquiringMigrationLock" }, SourceContext: "Microsoft.EntityFrameworkCore.Migrations" }

[12:20:53 INF] No migrations were applied. The database is already up to date. { EventId: { Id: 20405, Name: "Microsoft.EntityFrameworkCore.Migrations.MigrationsNotApplied" }, SourceContext: "Microsoft.EntityFrameworkCore.Migrations" }

[12:20:53 INF] Now listening on: http://localhost:5000 { EventId: { Id: 14, Name: "ListeningOnAddress" }, SourceContext: "Microsoft.Hosting.Lifetime" }

[12:20:53 INF] Application started. Press Ctrl+C to shut down. { SourceContext: "Microsoft.Hosting.Lifetime" }

[12:20:53 INF] Hosting environment: Development { SourceContext: "Microsoft.Hosting.Lifetime" }

[12:20:53 INF] Content root path: C:\Users\MariyaAF\Desktop\BytesRewards\BytesRewards\src\BytesRewards.Service { SourceContext: "Microsoft.Hosting.Lifetime" }

[12:21:37 INF] Executing endpoint 'HTTP: GET /' { EventId: { Name: "ExecutingEndpoint" }, SourceContext: "Microsoft.AspNetCore.Routing.EndpointMiddleware", RequestId: "0HNLSGM87242R:00000001", RequestPath: "/", ConnectionId: "0HNLSGM87242R" }

[12:21:37 INF] Executing RedirectResult, redirecting to /swagger. { EventId: { Id: 1, Name: "RedirectResultExecuting" }, SourceContext: "Microsoft.AspNetCore.Http.Result.RedirectResult", RequestId: "0HNLSGM87242R:00000001", RequestPath: "/", ConnectionId: "0HNLSGM87242R" }

[12:21:37 INF] Executed endpoint 'HTTP: GET /' { EventId: { Id: 1, Name: "ExecutedEndpoint" }, SourceContext: "Microsoft.AspNetCore.Routing.EndpointMiddleware", RequestId: "0HNLSGM87242R:00000001", RequestPath: "/", ConnectionId: "0HNLSGM87242R" }

[12:21:37 INF] No action descriptors found. This may indicate an incorrectly configured application or missing application parts. To learn more, visit https://aka.ms/aspnet/mvc/app-parts { EventId: { Id: 1, Name: "NoActionDescriptors" }, SourceContext: "Microsoft.AspNetCore.Mvc.Infrastructure.DefaultActionDescriptorCollectionProvider", RequestId: "0HNLSGM87242R:00000004", RequestPath: "/swagger/v1/swagger.json", ConnectionId: "0HNLSGM87242R" }

[12:22:29 INF] Executing endpoint 'HTTP: GET /users' { EventId: { Name: "ExecutingEndpoint" }, SourceContext: "Microsoft.AspNetCore.Routing.EndpointMiddleware", RequestId: "0HNLSGM87242S:00000003", RequestPath: "/users", ConnectionId: "0HNLSGM87242S" }

[12:22:30 INF] Handling GetUsersQuery { SourceContext: "AppWeaver.Mediator.Behaviors.LoggingBehavior", RequestId: "0HNLSGM87242S:00000003", RequestPath: "/users", ConnectionId: "0HNLSGM87242S" }

[12:22:30 INF] Handled GetUsersQuery { SourceContext: "AppWeaver.Mediator.Behaviors.LoggingBehavior", RequestId: "0HNLSGM87242S:00000003", RequestPath: "/users", ConnectionId: "0HNLSGM87242S" }

[12:22:30 INF] Setting HTTP status code 200. { EventId: { Id: 1, Name: "WritingResultAsStatusCode" }, SourceContext: "Microsoft.AspNetCore.Http.Result.OkObjectResult", RequestId: "0HNLSGM87242S:00000003", RequestPath: "/users", ConnectionId: "0HNLSGM87242S" }

[12:22:30 INF] Writing value of type 'List`1' as Json. { EventId: { Id: 3, Name: "WritingResultAsJson" }, SourceContext: "Microsoft.AspNetCore.Http.Result.OkObjectResult", RequestId: "0HNLSGM87242S:00000003", RequestPath: "/users", ConnectionId: "0HNLSGM87242S" }

[12:22:30 INF] Executed endpoint 'HTTP: GET /users' { EventId: { Id: 1, Name: "ExecutedEndpoint" }, SourceContext: "Microsoft.AspNetCore.Routing.EndpointMiddleware", RequestId: "0HNLSGM87242S:00000003", RequestPath: "/users", ConnectionId: "0HNLSGM87242S" }

[12:25:00 INF] Executing endpoint 'HTTP: GET /users' { EventId: { Name: "ExecutingEndpoint" }, SourceContext: "Microsoft.AspNetCore.Routing.EndpointMiddleware", RequestId: "0HNLSGM87242S:00000007", RequestPath: "/users", ConnectionId: "0HNLSGM87242S" }

[12:25:00 INF] Handling GetUsersQuery { SourceContext: "AppWeaver.Mediator.Behaviors.LoggingBehavior", RequestId: "0HNLSGM87242S:00000007", RequestPath: "/users", ConnectionId: "0HNLSGM87242S" }

[12:25:00 INF] Handled GetUsersQuery { SourceContext: "AppWeaver.Mediator.Behaviors.LoggingBehavior", RequestId: "0HNLSGM87242S:00000007", RequestPath: "/users", ConnectionId: "0HNLSGM87242S" }

[12:25:00 INF] Setting HTTP status code 200. { EventId: { Id: 1, Name: "WritingResultAsStatusCode" }, SourceContext: "Microsoft.AspNetCore.Http.Result.OkObjectResult", RequestId: "0HNLSGM87242S:00000007", RequestPath: "/users", ConnectionId: "0HNLSGM87242S" }

[12:25:00 INF] Writing value of type 'List`1' as Json. { EventId: { Id: 3, Name: "WritingResultAsJson" }, SourceContext: "Microsoft.AspNetCore.Http.Result.OkObjectResult", RequestId: "0HNLSGM87242S:00000007", RequestPath: "/users", ConnectionId: "0HNLSGM87242S" }

[12:25:00 INF] Executed endpoint 'HTTP: GET /users' { EventId: { Id: 1, Name: "ExecutedEndpoint" }, SourceContext: "Microsoft.AspNetCore.Routing.EndpointMiddleware", RequestId: "0HNLSGM87242S:00000007", RequestPath: "/users", ConnectionId: "0HNLSGM87242S" }

[12:27:22 INF] Application is shutting down... { SourceContext: "Microsoft.Hosting.Lifetime" }

[12:27:37 INF] No migrations were applied. The database is already up to date. { EventId: { Id: 20405, Name: "Microsoft.EntityFrameworkCore.Migrations.MigrationsNotApplied" }, SourceContext: "Microsoft.EntityFrameworkCore.Migrations" }

[12:27:37 INF] No migrations were applied. The database is already up to date. { EventId: { Id: 20405, Name: "Microsoft.EntityFrameworkCore.Migrations.MigrationsNotApplied" }, SourceContext: "Microsoft.EntityFrameworkCore.Migrations" }

[12:27:37 INF] Registered 3 endpoints in 3,562 milliseconds. { EventId: { Id: 1, Name: "EndpointsRegistered" }, SourceContext: "FastEndpoints.StartupTimer" }

[12:27:38 INF] No validators found in the system! { EventId: { Id: 1, Name: "NoValidatorsFound" }, SourceContext: "FastEndpoints.Swagger.ValidationSchemaProcessor" }

[12:27:38 INF] User profile is available. Using 'C:\Users\MariyaAF\AppData\Local\ASP.NET\DataProtection-Keys' as key repository and Windows DPAPI to encrypt keys at rest. { EventId: { Id: 63, Name: "UsingProfileAsKeyRepositoryWithDPAPI" }, SourceContext: "Microsoft.AspNetCore.DataProtection.KeyManagement.XmlKeyManager" }

[12:27:38 WRN] The property 'AuditLog.Metadata' is a collection or enumeration type with a value converter but with no value comparer. Set a value comparer to ensure the collection/enumeration elements are compared correctly. { EventId: { Id: 10620, Name: "Microsoft.EntityFrameworkCore.Model.Validation.CollectionWithoutComparer" }, SourceContext: "Microsoft.EntityFrameworkCore.Model.Validation" }

[12:27:38 INF] No migrations were found in assembly 'BytesRewards.Service'. A migration needs to be added before the database can be updated. { EventId: { Id: 20406, Name: "Microsoft.EntityFrameworkCore.Migrations.MigrationsNotFound" }, SourceContext: "Microsoft.EntityFrameworkCore.Migrations" }

[12:27:38 INF] No migrations were applied. The database is already up to date. { EventId: { Id: 20405, Name: "Microsoft.EntityFrameworkCore.Migrations.MigrationsNotApplied" }, SourceContext: "Microsoft.EntityFrameworkCore.Migrations" }

[12:27:38 INF] Now listening on: http://localhost:57580 { EventId: { Id: 14, Name: "ListeningOnAddress" }, SourceContext: "Microsoft.Hosting.Lifetime" }

[12:27:38 INF] Application started. Press Ctrl+C to shut down. { SourceContext: "Microsoft.Hosting.Lifetime" }

[12:27:38 INF] Hosting environment: Development { SourceContext: "Microsoft.Hosting.Lifetime" }

[12:27:38 INF] Content root path: C:\Users\MariyaAF\Desktop\BytesRewards\BytesRewards\src\BytesRewards.Service { SourceContext: "Microsoft.Hosting.Lifetime" }

[12:44:39 INF] Executing endpoint 'HTTP: GET /' { EventId: { Name: "ExecutingEndpoint" }, SourceContext: "Microsoft.AspNetCore.Routing.EndpointMiddleware", RequestId: "0HNLSH342CL42:00000001", RequestPath: "/", ConnectionId: "0HNLSH342CL42" }

[12:44:39 INF] Executing RedirectResult, redirecting to /swagger. { EventId: { Id: 1, Name: "RedirectResultExecuting" }, SourceContext: "Microsoft.AspNetCore.Http.Result.RedirectResult", RequestId: "0HNLSH342CL42:00000001", RequestPath: "/", ConnectionId: "0HNLSH342CL42" }

[12:44:39 INF] Executed endpoint 'HTTP: GET /' { EventId: { Id: 1, Name: "ExecutedEndpoint" }, SourceContext: "Microsoft.AspNetCore.Routing.EndpointMiddleware", RequestId: "0HNLSH342CL42:00000001", RequestPath: "/", ConnectionId: "0HNLSH342CL42" }

[12:44:40 INF] No action descriptors found. This may indicate an incorrectly configured application or missing application parts. To learn more, visit https://aka.ms/aspnet/mvc/app-parts { EventId: { Id: 1, Name: "NoActionDescriptors" }, SourceContext: "Microsoft.AspNetCore.Mvc.Infrastructure.DefaultActionDescriptorCollectionProvider", RequestId: "0HNLSH342CL42:00000004", RequestPath: "/swagger/v1/swagger.json", ConnectionId: "0HNLSH342CL42" }

[12:44:51 INF] Failed to validate the token. { EventId: { Id: 1, Name: "TokenValidationFailed" }, SourceContext: "Microsoft.AspNetCore.Authentication.JwtBearer.JwtBearerHandler", RequestId: "0HNLSH342CL42:00000005", RequestPath: "/users", ConnectionId: "0HNLSH342CL42" }

Microsoft.IdentityModel.Tokens.SecurityTokenExpiredException: IDX10223: Lifetime validation failed. The token is expired. ValidTo (UTC): '27-05-2026 10.29.02 AM', Current time (UTC): '28-05-2026 7.14.51 AM'.
   at Microsoft.IdentityModel.Tokens.ValidatorUtilities.ValidateLifetime(Nullable`1 notBefore, Nullable`1 expires, SecurityToken securityToken, TokenValidationParameters validationParameters)
   at Microsoft.IdentityModel.Tokens.Validators.ValidateLifetime(Nullable`1 notBefore, Nullable`1 expires, SecurityToken securityToken, TokenValidationParameters validationParameters)
   at Microsoft.IdentityModel.JsonWebTokens.JsonWebTokenHandler.ValidateTokenPayloadAsync(JsonWebToken jsonWebToken, TokenValidationParameters validationParameters, BaseConfiguration configuration)
   at Microsoft.IdentityModel.JsonWebTokens.JsonWebTokenHandler.ValidateJWSAsync(JsonWebToken jsonWebToken, TokenValidationParameters validationParameters, BaseConfiguration configuration)
[12:44:51 INF] Bearer was not authenticated. Failure message: IDX10223: Lifetime validation failed. The token is expired. ValidTo (UTC): '27-05-2026 10.29.02 AM', Current time (UTC): '28-05-2026 7.14.51 AM'. { EventId: { Id: 7, Name: "AuthenticationSchemeNotAuthenticatedWithFailure" }, SourceContext: "Microsoft.AspNetCore.Authentication.JwtBearer.JwtBearerHandler", RequestId: "0HNLSH342CL42:00000005", RequestPath: "/users", ConnectionId: "0HNLSH342CL42" }

[12:44:51 INF] Authorization failed. These requirements were not met:
DenyAnonymousAuthorizationRequirement: Requires an authenticated user.
RolesAuthorizationRequirement:User.IsInRole must be true for one of the following roles: (admin) { EventId: { Id: 2, Name: "UserAuthorizationFailed" }, SourceContext: "Microsoft.AspNetCore.Authorization.DefaultAuthorizationService", RequestId: "0HNLSH342CL42:00000005", RequestPath: "/users", ConnectionId: "0HNLSH342CL42" }

[12:44:51 INF] AuthenticationScheme: Bearer was challenged. { EventId: { Id: 12, Name: "AuthenticationSchemeChallenged" }, SourceContext: "Microsoft.AspNetCore.Authentication.JwtBearer.JwtBearerHandler", RequestId: "0HNLSH342CL42:00000005", RequestPath: "/users", ConnectionId: "0HNLSH342CL42" }

[12:46:12 INF] Executing endpoint 'HTTP: GET /users' { EventId: { Name: "ExecutingEndpoint" }, SourceContext: "Microsoft.AspNetCore.Routing.EndpointMiddleware", RequestId: "0HNLSH342CL42:00000006", RequestPath: "/users", ConnectionId: "0HNLSH342CL42" }

[12:46:12 INF] Handling GetUsersQuery { SourceContext: "AppWeaver.Mediator.Behaviors.LoggingBehavior", RequestId: "0HNLSH342CL42:00000006", RequestPath: "/users", ConnectionId: "0HNLSH342CL42" }

[12:46:12 INF] Handled GetUsersQuery { SourceContext: "AppWeaver.Mediator.Behaviors.LoggingBehavior", RequestId: "0HNLSH342CL42:00000006", RequestPath: "/users", ConnectionId: "0HNLSH342CL42" }

[12:46:12 INF] Setting HTTP status code 200. { EventId: { Id: 1, Name: "WritingResultAsStatusCode" }, SourceContext: "Microsoft.AspNetCore.Http.Result.OkObjectResult", RequestId: "0HNLSH342CL42:00000006", RequestPath: "/users", ConnectionId: "0HNLSH342CL42" }

[12:46:12 INF] Writing value of type 'List`1' as Json. { EventId: { Id: 3, Name: "WritingResultAsJson" }, SourceContext: "Microsoft.AspNetCore.Http.Result.OkObjectResult", RequestId: "0HNLSH342CL42:00000006", RequestPath: "/users", ConnectionId: "0HNLSH342CL42" }

[12:46:12 INF] Executed endpoint 'HTTP: GET /users' { EventId: { Id: 1, Name: "ExecutedEndpoint" }, SourceContext: "Microsoft.AspNetCore.Routing.EndpointMiddleware", RequestId: "0HNLSH342CL42:00000006", RequestPath: "/users", ConnectionId: "0HNLSH342CL42" }

[15:44:23 INF] CORS policy execution successful. { EventId: { Id: 4, Name: "PolicySuccess" }, SourceContext: "Microsoft.AspNetCore.Cors.Infrastructure.CorsService", RequestId: "0HNLSH342CL44:00000001", RequestPath: "/users", ConnectionId: "0HNLSH342CL44" }

[15:44:23 INF] CORS policy execution successful. { EventId: { Id: 4, Name: "PolicySuccess" }, SourceContext: "Microsoft.AspNetCore.Cors.Infrastructure.CorsService", RequestId: "0HNLSH342CL44:00000002", RequestPath: "/users", ConnectionId: "0HNLSH342CL44" }

[15:44:23 INF] Executing endpoint 'HTTP: GET /users' { EventId: { Name: "ExecutingEndpoint" }, SourceContext: "Microsoft.AspNetCore.Routing.EndpointMiddleware", RequestId: "0HNLSH342CL44:00000002", RequestPath: "/users", ConnectionId: "0HNLSH342CL44" }

[15:44:23 INF] Handling GetUsersQuery { SourceContext: "AppWeaver.Mediator.Behaviors.LoggingBehavior", RequestId: "0HNLSH342CL44:00000002", RequestPath: "/users", ConnectionId: "0HNLSH342CL44" }

[15:44:23 INF] Handled GetUsersQuery { SourceContext: "AppWeaver.Mediator.Behaviors.LoggingBehavior", RequestId: "0HNLSH342CL44:00000002", RequestPath: "/users", ConnectionId: "0HNLSH342CL44" }

[15:44:23 INF] Setting HTTP status code 200. { EventId: { Id: 1, Name: "WritingResultAsStatusCode" }, SourceContext: "Microsoft.AspNetCore.Http.Result.OkObjectResult", RequestId: "0HNLSH342CL44:00000002", RequestPath: "/users", ConnectionId: "0HNLSH342CL44" }

[15:44:23 INF] Writing value of type 'List`1' as Json. { EventId: { Id: 3, Name: "WritingResultAsJson" }, SourceContext: "Microsoft.AspNetCore.Http.Result.OkObjectResult", RequestId: "0HNLSH342CL44:00000002", RequestPath: "/users", ConnectionId: "0HNLSH342CL44" }

[15:44:23 INF] Executed endpoint 'HTTP: GET /users' { EventId: { Id: 1, Name: "ExecutedEndpoint" }, SourceContext: "Microsoft.AspNetCore.Routing.EndpointMiddleware", RequestId: "0HNLSH342CL44:00000002", RequestPath: "/users", ConnectionId: "0HNLSH342CL44" }

[15:55:10 INF] CORS policy execution successful. { EventId: { Id: 4, Name: "PolicySuccess" }, SourceContext: "Microsoft.AspNetCore.Cors.Infrastructure.CorsService", RequestId: "0HNLSH342CL47:00000001", RequestPath: "/users", ConnectionId: "0HNLSH342CL47" }

[15:55:10 INF] CORS policy execution successful. { EventId: { Id: 4, Name: "PolicySuccess" }, SourceContext: "Microsoft.AspNetCore.Cors.Infrastructure.CorsService", RequestId: "0HNLSH342CL46:00000001", RequestPath: "/roles", ConnectionId: "0HNLSH342CL46" }

[15:55:10 INF] CORS policy execution successful. { EventId: { Id: 4, Name: "PolicySuccess" }, SourceContext: "Microsoft.AspNetCore.Cors.Infrastructure.CorsService", RequestId: "0HNLSH342CL45:00000001", RequestPath: "/departments", ConnectionId: "0HNLSH342CL45" }

[15:55:10 INF] CORS policy execution successful. { EventId: { Id: 4, Name: "PolicySuccess" }, SourceContext: "Microsoft.AspNetCore.Cors.Infrastructure.CorsService", RequestId: "0HNLSH342CL45:00000002", RequestPath: "/roles", ConnectionId: "0HNLSH342CL45" }

[15:55:10 INF] CORS policy execution successful. { EventId: { Id: 4, Name: "PolicySuccess" }, SourceContext: "Microsoft.AspNetCore.Cors.Infrastructure.CorsService", RequestId: "0HNLSH342CL47:00000002", RequestPath: "/users", ConnectionId: "0HNLSH342CL47" }

[15:55:10 INF] Executing endpoint 'HTTP: GET /users' { EventId: { Name: "ExecutingEndpoint" }, SourceContext: "Microsoft.AspNetCore.Routing.EndpointMiddleware", RequestId: "0HNLSH342CL47:00000002", RequestPath: "/users", ConnectionId: "0HNLSH342CL47" }

[15:55:10 INF] CORS policy execution successful. { EventId: { Id: 4, Name: "PolicySuccess" }, SourceContext: "Microsoft.AspNetCore.Cors.Infrastructure.CorsService", RequestId: "0HNLSH342CL46:00000002", RequestPath: "/departments", ConnectionId: "0HNLSH342CL46" }

[15:55:10 INF] Handling GetUsersQuery { SourceContext: "AppWeaver.Mediator.Behaviors.LoggingBehavior", RequestId: "0HNLSH342CL47:00000002", RequestPath: "/users", ConnectionId: "0HNLSH342CL47" }

[15:55:10 INF] Handled GetUsersQuery { SourceContext: "AppWeaver.Mediator.Behaviors.LoggingBehavior", RequestId: "0HNLSH342CL47:00000002", RequestPath: "/users", ConnectionId: "0HNLSH342CL47" }

[15:55:10 INF] Setting HTTP status code 200. { EventId: { Id: 1, Name: "WritingResultAsStatusCode" }, SourceContext: "Microsoft.AspNetCore.Http.Result.OkObjectResult", RequestId: "0HNLSH342CL47:00000002", RequestPath: "/users", ConnectionId: "0HNLSH342CL47" }

[15:55:10 INF] Writing value of type 'List`1' as Json. { EventId: { Id: 3, Name: "WritingResultAsJson" }, SourceContext: "Microsoft.AspNetCore.Http.Result.OkObjectResult", RequestId: "0HNLSH342CL47:00000002", RequestPath: "/users", ConnectionId: "0HNLSH342CL47" }

[15:55:10 INF] Executed endpoint 'HTTP: GET /users' { EventId: { Id: 1, Name: "ExecutedEndpoint" }, SourceContext: "Microsoft.AspNetCore.Routing.EndpointMiddleware", RequestId: "0HNLSH342CL47:00000002", RequestPath: "/users", ConnectionId: "0HNLSH342CL47" }

[15:56:04 INF] CORS policy execution successful. { EventId: { Id: 4, Name: "PolicySuccess" }, SourceContext: "Microsoft.AspNetCore.Cors.Infrastructure.CorsService", RequestId: "0HNLSH342CL47:00000003", RequestPath: "/users", ConnectionId: "0HNLSH342CL47" }

[15:56:04 INF] CORS policy execution successful. { EventId: { Id: 4, Name: "PolicySuccess" }, SourceContext: "Microsoft.AspNetCore.Cors.Infrastructure.CorsService", RequestId: "0HNLSH342CL46:00000003", RequestPath: "/roles", ConnectionId: "0HNLSH342CL46" }

[15:56:04 INF] CORS policy execution successful. { EventId: { Id: 4, Name: "PolicySuccess" }, SourceContext: "Microsoft.AspNetCore.Cors.Infrastructure.CorsService", RequestId: "0HNLSH342CL45:00000003", RequestPath: "/departments", ConnectionId: "0HNLSH342CL45" }

[15:56:04 INF] CORS policy execution successful. { EventId: { Id: 4, Name: "PolicySuccess" }, SourceContext: "Microsoft.AspNetCore.Cors.Infrastructure.CorsService", RequestId: "0HNLSH342CL45:00000004", RequestPath: "/users", ConnectionId: "0HNLSH342CL45" }

[15:56:04 INF] CORS policy execution successful. { EventId: { Id: 4, Name: "PolicySuccess" }, SourceContext: "Microsoft.AspNetCore.Cors.Infrastructure.CorsService", RequestId: "0HNLSH342CL46:00000004", RequestPath: "/roles", ConnectionId: "0HNLSH342CL46" }

[15:56:04 INF] CORS policy execution successful. { EventId: { Id: 4, Name: "PolicySuccess" }, SourceContext: "Microsoft.AspNetCore.Cors.Infrastructure.CorsService", RequestId: "0HNLSH342CL47:00000004", RequestPath: "/departments", ConnectionId: "0HNLSH342CL47" }

[15:56:04 INF] Executing endpoint 'HTTP: GET /users' { EventId: { Name: "ExecutingEndpoint" }, SourceContext: "Microsoft.AspNetCore.Routing.EndpointMiddleware", RequestId: "0HNLSH342CL45:00000004", RequestPath: "/users", ConnectionId: "0HNLSH342CL45" }

[15:56:04 INF] Handling GetUsersQuery { SourceContext: "AppWeaver.Mediator.Behaviors.LoggingBehavior", RequestId: "0HNLSH342CL45:00000004", RequestPath: "/users", ConnectionId: "0HNLSH342CL45" }

[15:56:04 INF] Handled GetUsersQuery { SourceContext: "AppWeaver.Mediator.Behaviors.LoggingBehavior", RequestId: "0HNLSH342CL45:00000004", RequestPath: "/users", ConnectionId: "0HNLSH342CL45" }

[15:56:04 INF] Setting HTTP status code 200. { EventId: { Id: 1, Name: "WritingResultAsStatusCode" }, SourceContext: "Microsoft.AspNetCore.Http.Result.OkObjectResult", RequestId: "0HNLSH342CL45:00000004", RequestPath: "/users", ConnectionId: "0HNLSH342CL45" }

[15:56:04 INF] Writing value of type 'List`1' as Json. { EventId: { Id: 3, Name: "WritingResultAsJson" }, SourceContext: "Microsoft.AspNetCore.Http.Result.OkObjectResult", RequestId: "0HNLSH342CL45:00000004", RequestPath: "/users", ConnectionId: "0HNLSH342CL45" }

[15:56:04 INF] Executed endpoint 'HTTP: GET /users' { EventId: { Id: 1, Name: "ExecutedEndpoint" }, SourceContext: "Microsoft.AspNetCore.Routing.EndpointMiddleware", RequestId: "0HNLSH342CL45:00000004", RequestPath: "/users", ConnectionId: "0HNLSH342CL45" }

[15:56:51 INF] CORS policy execution successful. { EventId: { Id: 4, Name: "PolicySuccess" }, SourceContext: "Microsoft.AspNetCore.Cors.Infrastructure.CorsService", RequestId: "0HNLSH342CL47:00000005", RequestPath: "/roles", ConnectionId: "0HNLSH342CL47" }

[15:56:51 INF] CORS policy execution successful. { EventId: { Id: 4, Name: "PolicySuccess" }, SourceContext: "Microsoft.AspNetCore.Cors.Infrastructure.CorsService", RequestId: "0HNLSH342CL45:00000005", RequestPath: "/users", ConnectionId: "0HNLSH342CL45" }

[15:56:51 INF] CORS policy execution successful. { EventId: { Id: 4, Name: "PolicySuccess" }, SourceContext: "Microsoft.AspNetCore.Cors.Infrastructure.CorsService", RequestId: "0HNLSH342CL46:00000005", RequestPath: "/departments", ConnectionId: "0HNLSH342CL46" }

[15:56:51 INF] CORS policy execution successful. { EventId: { Id: 4, Name: "PolicySuccess" }, SourceContext: "Microsoft.AspNetCore.Cors.Infrastructure.CorsService", RequestId: "0HNLSH342CL45:00000006", RequestPath: "/users", ConnectionId: "0HNLSH342CL45" }

[15:56:51 INF] CORS policy execution successful. { EventId: { Id: 4, Name: "PolicySuccess" }, SourceContext: "Microsoft.AspNetCore.Cors.Infrastructure.CorsService", RequestId: "0HNLSH342CL46:00000006", RequestPath: "/roles", ConnectionId: "0HNLSH342CL46" }

[15:56:51 INF] CORS policy execution successful. { EventId: { Id: 4, Name: "PolicySuccess" }, SourceContext: "Microsoft.AspNetCore.Cors.Infrastructure.CorsService", RequestId: "0HNLSH342CL47:00000006", RequestPath: "/departments", ConnectionId: "0HNLSH342CL47" }

[15:56:51 INF] Executing endpoint 'HTTP: GET /users' { EventId: { Name: "ExecutingEndpoint" }, SourceContext: "Microsoft.AspNetCore.Routing.EndpointMiddleware", RequestId: "0HNLSH342CL45:00000006", RequestPath: "/users", ConnectionId: "0HNLSH342CL45" }

[15:56:51 INF] Handling GetUsersQuery { SourceContext: "AppWeaver.Mediator.Behaviors.LoggingBehavior", RequestId: "0HNLSH342CL45:00000006", RequestPath: "/users", ConnectionId: "0HNLSH342CL45" }

[15:56:51 INF] Handled GetUsersQuery { SourceContext: "AppWeaver.Mediator.Behaviors.LoggingBehavior", RequestId: "0HNLSH342CL45:00000006", RequestPath: "/users", ConnectionId: "0HNLSH342CL45" }

[15:56:51 INF] Setting HTTP status code 200. { EventId: { Id: 1, Name: "WritingResultAsStatusCode" }, SourceContext: "Microsoft.AspNetCore.Http.Result.OkObjectResult", RequestId: "0HNLSH342CL45:00000006", RequestPath: "/users", ConnectionId: "0HNLSH342CL45" }

[15:56:51 INF] Writing value of type 'List`1' as Json. { EventId: { Id: 3, Name: "WritingResultAsJson" }, SourceContext: "Microsoft.AspNetCore.Http.Result.OkObjectResult", RequestId: "0HNLSH342CL45:00000006", RequestPath: "/users", ConnectionId: "0HNLSH342CL45" }

[15:56:51 INF] Executed endpoint 'HTTP: GET /users' { EventId: { Id: 1, Name: "ExecutedEndpoint" }, SourceContext: "Microsoft.AspNetCore.Routing.EndpointMiddleware", RequestId: "0HNLSH342CL45:00000006", RequestPath: "/users", ConnectionId: "0HNLSH342CL45" }

[15:56:56 INF] CORS policy execution successful. { EventId: { Id: 4, Name: "PolicySuccess" }, SourceContext: "Microsoft.AspNetCore.Cors.Infrastructure.CorsService", RequestId: "0HNLSH342CL45:00000007", RequestPath: "/users", ConnectionId: "0HNLSH342CL45" }

[15:56:56 INF] CORS policy execution successful. { EventId: { Id: 4, Name: "PolicySuccess" }, SourceContext: "Microsoft.AspNetCore.Cors.Infrastructure.CorsService", RequestId: "0HNLSH342CL46:00000007", RequestPath: "/roles", ConnectionId: "0HNLSH342CL46" }

[15:56:56 INF] Executing endpoint 'HTTP: GET /users' { EventId: { Name: "ExecutingEndpoint" }, SourceContext: "Microsoft.AspNetCore.Routing.EndpointMiddleware", RequestId: "0HNLSH342CL45:00000007", RequestPath: "/users", ConnectionId: "0HNLSH342CL45" }

[15:56:56 INF] CORS policy execution successful. { EventId: { Id: 4, Name: "PolicySuccess" }, SourceContext: "Microsoft.AspNetCore.Cors.Infrastructure.CorsService", RequestId: "0HNLSH342CL47:00000007", RequestPath: "/departments", ConnectionId: "0HNLSH342CL47" }

[15:56:56 INF] Handling GetUsersQuery { SourceContext: "AppWeaver.Mediator.Behaviors.LoggingBehavior", RequestId: "0HNLSH342CL45:00000007", RequestPath: "/users", ConnectionId: "0HNLSH342CL45" }

[15:56:56 INF] Handled GetUsersQuery { SourceContext: "AppWeaver.Mediator.Behaviors.LoggingBehavior", RequestId: "0HNLSH342CL45:00000007", RequestPath: "/users", ConnectionId: "0HNLSH342CL45" }

[15:56:56 INF] Setting HTTP status code 200. { EventId: { Id: 1, Name: "WritingResultAsStatusCode" }, SourceContext: "Microsoft.AspNetCore.Http.Result.OkObjectResult", RequestId: "0HNLSH342CL45:00000007", RequestPath: "/users", ConnectionId: "0HNLSH342CL45" }

[15:56:56 INF] Writing value of type 'List`1' as Json. { EventId: { Id: 3, Name: "WritingResultAsJson" }, SourceContext: "Microsoft.AspNetCore.Http.Result.OkObjectResult", RequestId: "0HNLSH342CL45:00000007", RequestPath: "/users", ConnectionId: "0HNLSH342CL45" }

[15:56:56 INF] Executed endpoint 'HTTP: GET /users' { EventId: { Id: 1, Name: "ExecutedEndpoint" }, SourceContext: "Microsoft.AspNetCore.Routing.EndpointMiddleware", RequestId: "0HNLSH342CL45:00000007", RequestPath: "/users", ConnectionId: "0HNLSH342CL45" }

[15:56:59 INF] CORS policy execution successful. { EventId: { Id: 4, Name: "PolicySuccess" }, SourceContext: "Microsoft.AspNetCore.Cors.Infrastructure.CorsService", RequestId: "0HNLSH342CL45:00000008", RequestPath: "/users", ConnectionId: "0HNLSH342CL45" }

[15:56:59 INF] CORS policy execution successful. { EventId: { Id: 4, Name: "PolicySuccess" }, SourceContext: "Microsoft.AspNetCore.Cors.Infrastructure.CorsService", RequestId: "0HNLSH342CL46:00000008", RequestPath: "/departments", ConnectionId: "0HNLSH342CL46" }

[15:56:59 INF] CORS policy execution successful. { EventId: { Id: 4, Name: "PolicySuccess" }, SourceContext: "Microsoft.AspNetCore.Cors.Infrastructure.CorsService", RequestId: "0HNLSH342CL47:00000008", RequestPath: "/roles", ConnectionId: "0HNLSH342CL47" }

[15:56:59 INF] CORS policy execution successful. { EventId: { Id: 4, Name: "PolicySuccess" }, SourceContext: "Microsoft.AspNetCore.Cors.Infrastructure.CorsService", RequestId: "0HNLSH342CL46:00000009", RequestPath: "/users", ConnectionId: "0HNLSH342CL46" }

[15:56:59 INF] CORS policy execution successful. { EventId: { Id: 4, Name: "PolicySuccess" }, SourceContext: "Microsoft.AspNetCore.Cors.Infrastructure.CorsService", RequestId: "0HNLSH342CL47:00000009", RequestPath: "/roles", ConnectionId: "0HNLSH342CL47" }

[15:56:59 INF] CORS policy execution successful. { EventId: { Id: 4, Name: "PolicySuccess" }, SourceContext: "Microsoft.AspNetCore.Cors.Infrastructure.CorsService", RequestId: "0HNLSH342CL45:00000009", RequestPath: "/departments", ConnectionId: "0HNLSH342CL45" }

[15:56:59 INF] Executing endpoint 'HTTP: GET /users' { EventId: { Name: "ExecutingEndpoint" }, SourceContext: "Microsoft.AspNetCore.Routing.EndpointMiddleware", RequestId: "0HNLSH342CL46:00000009", RequestPath: "/users", ConnectionId: "0HNLSH342CL46" }

[15:56:59 INF] Handling GetUsersQuery { SourceContext: "AppWeaver.Mediator.Behaviors.LoggingBehavior", RequestId: "0HNLSH342CL46:00000009", RequestPath: "/users", ConnectionId: "0HNLSH342CL46" }

[15:56:59 INF] Handled GetUsersQuery { SourceContext: "AppWeaver.Mediator.Behaviors.LoggingBehavior", RequestId: "0HNLSH342CL46:00000009", RequestPath: "/users", ConnectionId: "0HNLSH342CL46" }

[15:56:59 INF] Setting HTTP status code 200. { EventId: { Id: 1, Name: "WritingResultAsStatusCode" }, SourceContext: "Microsoft.AspNetCore.Http.Result.OkObjectResult", RequestId: "0HNLSH342CL46:00000009", RequestPath: "/users", ConnectionId: "0HNLSH342CL46" }

[15:56:59 INF] Writing value of type 'List`1' as Json. { EventId: { Id: 3, Name: "WritingResultAsJson" }, SourceContext: "Microsoft.AspNetCore.Http.Result.OkObjectResult", RequestId: "0HNLSH342CL46:00000009", RequestPath: "/users", ConnectionId: "0HNLSH342CL46" }

[15:56:59 INF] Executed endpoint 'HTTP: GET /users' { EventId: { Id: 1, Name: "ExecutedEndpoint" }, SourceContext: "Microsoft.AspNetCore.Routing.EndpointMiddleware", RequestId: "0HNLSH342CL46:00000009", RequestPath: "/users", ConnectionId: "0HNLSH342CL46" }

[15:57:04 INF] CORS policy execution successful. { EventId: { Id: 4, Name: "PolicySuccess" }, SourceContext: "Microsoft.AspNetCore.Cors.Infrastructure.CorsService", RequestId: "0HNLSH342CL46:0000000A", RequestPath: "/users", ConnectionId: "0HNLSH342CL46" }

[15:57:04 INF] CORS policy execution successful. { EventId: { Id: 4, Name: "PolicySuccess" }, SourceContext: "Microsoft.AspNetCore.Cors.Infrastructure.CorsService", RequestId: "0HNLSH342CL45:0000000A", RequestPath: "/roles", ConnectionId: "0HNLSH342CL45" }

[15:57:04 INF] CORS policy execution successful. { EventId: { Id: 4, Name: "PolicySuccess" }, SourceContext: "Microsoft.AspNetCore.Cors.Infrastructure.CorsService", RequestId: "0HNLSH342CL45:0000000B", RequestPath: "/users", ConnectionId: "0HNLSH342CL45" }

[15:57:04 INF] Executing endpoint 'HTTP: GET /users' { EventId: { Name: "ExecutingEndpoint" }, SourceContext: "Microsoft.AspNetCore.Routing.EndpointMiddleware", RequestId: "0HNLSH342CL45:0000000B", RequestPath: "/users", ConnectionId: "0HNLSH342CL45" }

[15:57:04 INF] CORS policy execution successful. { EventId: { Id: 4, Name: "PolicySuccess" }, SourceContext: "Microsoft.AspNetCore.Cors.Infrastructure.CorsService", RequestId: "0HNLSH342CL46:0000000B", RequestPath: "/departments", ConnectionId: "0HNLSH342CL46" }

[15:57:04 INF] Handling GetUsersQuery { SourceContext: "AppWeaver.Mediator.Behaviors.LoggingBehavior", RequestId: "0HNLSH342CL45:0000000B", RequestPath: "/users", ConnectionId: "0HNLSH342CL45" }

[15:57:04 INF] CORS policy execution successful. { EventId: { Id: 4, Name: "PolicySuccess" }, SourceContext: "Microsoft.AspNetCore.Cors.Infrastructure.CorsService", RequestId: "0HNLSH342CL47:0000000A", RequestPath: "/roles", ConnectionId: "0HNLSH342CL47" }

[15:57:04 INF] CORS policy execution successful. { EventId: { Id: 4, Name: "PolicySuccess" }, SourceContext: "Microsoft.AspNetCore.Cors.Infrastructure.CorsService", RequestId: "0HNLSH342CL47:0000000B", RequestPath: "/departments", ConnectionId: "0HNLSH342CL47" }

[15:57:04 INF] Handled GetUsersQuery { SourceContext: "AppWeaver.Mediator.Behaviors.LoggingBehavior", RequestId: "0HNLSH342CL45:0000000B", RequestPath: "/users", ConnectionId: "0HNLSH342CL45" }

[15:57:04 INF] Setting HTTP status code 200. { EventId: { Id: 1, Name: "WritingResultAsStatusCode" }, SourceContext: "Microsoft.AspNetCore.Http.Result.OkObjectResult", RequestId: "0HNLSH342CL45:0000000B", RequestPath: "/users", ConnectionId: "0HNLSH342CL45" }

[15:57:04 INF] Writing value of type 'List`1' as Json. { EventId: { Id: 3, Name: "WritingResultAsJson" }, SourceContext: "Microsoft.AspNetCore.Http.Result.OkObjectResult", RequestId: "0HNLSH342CL45:0000000B", RequestPath: "/users", ConnectionId: "0HNLSH342CL45" }

[15:57:04 INF] Executed endpoint 'HTTP: GET /users' { EventId: { Id: 1, Name: "ExecutedEndpoint" }, SourceContext: "Microsoft.AspNetCore.Routing.EndpointMiddleware", RequestId: "0HNLSH342CL45:0000000B", RequestPath: "/users", ConnectionId: "0HNLSH342CL45" }

[15:57:06 INF] CORS policy execution successful. { EventId: { Id: 4, Name: "PolicySuccess" }, SourceContext: "Microsoft.AspNetCore.Cors.Infrastructure.CorsService", RequestId: "0HNLSH342CL45:0000000C", RequestPath: "/users", ConnectionId: "0HNLSH342CL45" }

[15:57:06 INF] CORS policy execution successful. { EventId: { Id: 4, Name: "PolicySuccess" }, SourceContext: "Microsoft.AspNetCore.Cors.Infrastructure.CorsService", RequestId: "0HNLSH342CL47:0000000C", RequestPath: "/roles", ConnectionId: "0HNLSH342CL47" }

[15:57:06 INF] CORS policy execution successful. { EventId: { Id: 4, Name: "PolicySuccess" }, SourceContext: "Microsoft.AspNetCore.Cors.Infrastructure.CorsService", RequestId: "0HNLSH342CL46:0000000C", RequestPath: "/departments", ConnectionId: "0HNLSH342CL46" }

[15:57:06 INF] Executing endpoint 'HTTP: GET /users' { EventId: { Name: "ExecutingEndpoint" }, SourceContext: "Microsoft.AspNetCore.Routing.EndpointMiddleware", RequestId: "0HNLSH342CL45:0000000C", RequestPath: "/users", ConnectionId: "0HNLSH342CL45" }

[15:57:06 INF] Handling GetUsersQuery { SourceContext: "AppWeaver.Mediator.Behaviors.LoggingBehavior", RequestId: "0HNLSH342CL45:0000000C", RequestPath: "/users", ConnectionId: "0HNLSH342CL45" }

[15:57:06 INF] Handled GetUsersQuery { SourceContext: "AppWeaver.Mediator.Behaviors.LoggingBehavior", RequestId: "0HNLSH342CL45:0000000C", RequestPath: "/users", ConnectionId: "0HNLSH342CL45" }

[15:57:06 INF] Setting HTTP status code 200. { EventId: { Id: 1, Name: "WritingResultAsStatusCode" }, SourceContext: "Microsoft.AspNetCore.Http.Result.OkObjectResult", RequestId: "0HNLSH342CL45:0000000C", RequestPath: "/users", ConnectionId: "0HNLSH342CL45" }

[15:57:06 INF] Writing value of type 'List`1' as Json. { EventId: { Id: 3, Name: "WritingResultAsJson" }, SourceContext: "Microsoft.AspNetCore.Http.Result.OkObjectResult", RequestId: "0HNLSH342CL45:0000000C", RequestPath: "/users", ConnectionId: "0HNLSH342CL45" }

[15:57:06 INF] Executed endpoint 'HTTP: GET /users' { EventId: { Id: 1, Name: "ExecutedEndpoint" }, SourceContext: "Microsoft.AspNetCore.Routing.EndpointMiddleware", RequestId: "0HNLSH342CL45:0000000C", RequestPath: "/users", ConnectionId: "0HNLSH342CL45" }

[15:57:09 INF] CORS policy execution successful. { EventId: { Id: 4, Name: "PolicySuccess" }, SourceContext: "Microsoft.AspNetCore.Cors.Infrastructure.CorsService", RequestId: "0HNLSH342CL45:0000000D", RequestPath: "/users", ConnectionId: "0HNLSH342CL45" }

[15:57:09 INF] CORS policy execution successful. { EventId: { Id: 4, Name: "PolicySuccess" }, SourceContext: "Microsoft.AspNetCore.Cors.Infrastructure.CorsService", RequestId: "0HNLSH342CL47:0000000D", RequestPath: "/roles", ConnectionId: "0HNLSH342CL47" }

[15:57:09 INF] CORS policy execution successful. { EventId: { Id: 4, Name: "PolicySuccess" }, SourceContext: "Microsoft.AspNetCore.Cors.Infrastructure.CorsService", RequestId: "0HNLSH342CL46:0000000D", RequestPath: "/departments", ConnectionId: "0HNLSH342CL46" }

[15:57:09 INF] Executing endpoint 'HTTP: GET /users' { EventId: { Name: "ExecutingEndpoint" }, SourceContext: "Microsoft.AspNetCore.Routing.EndpointMiddleware", RequestId: "0HNLSH342CL45:0000000D", RequestPath: "/users", ConnectionId: "0HNLSH342CL45" }

[15:57:09 INF] Handling GetUsersQuery { SourceContext: "AppWeaver.Mediator.Behaviors.LoggingBehavior", RequestId: "0HNLSH342CL45:0000000D", RequestPath: "/users", ConnectionId: "0HNLSH342CL45" }

[15:57:09 INF] Handled GetUsersQuery { SourceContext: "AppWeaver.Mediator.Behaviors.LoggingBehavior", RequestId: "0HNLSH342CL45:0000000D", RequestPath: "/users", ConnectionId: "0HNLSH342CL45" }

[15:57:09 INF] Setting HTTP status code 200. { EventId: { Id: 1, Name: "WritingResultAsStatusCode" }, SourceContext: "Microsoft.AspNetCore.Http.Result.OkObjectResult", RequestId: "0HNLSH342CL45:0000000D", RequestPath: "/users", ConnectionId: "0HNLSH342CL45" }

[15:57:09 INF] Writing value of type 'List`1' as Json. { EventId: { Id: 3, Name: "WritingResultAsJson" }, SourceContext: "Microsoft.AspNetCore.Http.Result.OkObjectResult", RequestId: "0HNLSH342CL45:0000000D", RequestPath: "/users", ConnectionId: "0HNLSH342CL45" }

[15:57:09 INF] Executed endpoint 'HTTP: GET /users' { EventId: { Id: 1, Name: "ExecutedEndpoint" }, SourceContext: "Microsoft.AspNetCore.Routing.EndpointMiddleware", RequestId: "0HNLSH342CL45:0000000D", RequestPath: "/users", ConnectionId: "0HNLSH342CL45" }

[15:57:14 INF] CORS policy execution successful. { EventId: { Id: 4, Name: "PolicySuccess" }, SourceContext: "Microsoft.AspNetCore.Cors.Infrastructure.CorsService", RequestId: "0HNLSH342CL45:0000000E", RequestPath: "/users", ConnectionId: "0HNLSH342CL45" }

[15:57:14 INF] CORS policy execution successful. { EventId: { Id: 4, Name: "PolicySuccess" }, SourceContext: "Microsoft.AspNetCore.Cors.Infrastructure.CorsService", RequestId: "0HNLSH342CL47:0000000E", RequestPath: "/roles", ConnectionId: "0HNLSH342CL47" }

[15:57:14 INF] CORS policy execution successful. { EventId: { Id: 4, Name: "PolicySuccess" }, SourceContext: "Microsoft.AspNetCore.Cors.Infrastructure.CorsService", RequestId: "0HNLSH342CL46:0000000E", RequestPath: "/departments", ConnectionId: "0HNLSH342CL46" }

[15:57:14 INF] CORS policy execution successful. { EventId: { Id: 4, Name: "PolicySuccess" }, SourceContext: "Microsoft.AspNetCore.Cors.Infrastructure.CorsService", RequestId: "0HNLSH342CL46:0000000F", RequestPath: "/users", ConnectionId: "0HNLSH342CL46" }

[15:57:14 INF] CORS policy execution successful. { EventId: { Id: 4, Name: "PolicySuccess" }, SourceContext: "Microsoft.AspNetCore.Cors.Infrastructure.CorsService", RequestId: "0HNLSH342CL47:0000000F", RequestPath: "/roles", ConnectionId: "0HNLSH342CL47" }

[15:57:14 INF] CORS policy execution successful. { EventId: { Id: 4, Name: "PolicySuccess" }, SourceContext: "Microsoft.AspNetCore.Cors.Infrastructure.CorsService", RequestId: "0HNLSH342CL45:0000000F", RequestPath: "/departments", ConnectionId: "0HNLSH342CL45" }

[15:57:14 INF] Executing endpoint 'HTTP: GET /users' { EventId: { Name: "ExecutingEndpoint" }, SourceContext: "Microsoft.AspNetCore.Routing.EndpointMiddleware", RequestId: "0HNLSH342CL46:0000000F", RequestPath: "/users", ConnectionId: "0HNLSH342CL46" }

[15:57:14 INF] Handling GetUsersQuery { SourceContext: "AppWeaver.Mediator.Behaviors.LoggingBehavior", RequestId: "0HNLSH342CL46:0000000F", RequestPath: "/users", ConnectionId: "0HNLSH342CL46" }

[15:57:14 INF] Handled GetUsersQuery { SourceContext: "AppWeaver.Mediator.Behaviors.LoggingBehavior", RequestId: "0HNLSH342CL46:0000000F", RequestPath: "/users", ConnectionId: "0HNLSH342CL46" }

[15:57:14 INF] Setting HTTP status code 200. { EventId: { Id: 1, Name: "WritingResultAsStatusCode" }, SourceContext: "Microsoft.AspNetCore.Http.Result.OkObjectResult", RequestId: "0HNLSH342CL46:0000000F", RequestPath: "/users", ConnectionId: "0HNLSH342CL46" }

[15:57:14 INF] Writing value of type 'List`1' as Json. { EventId: { Id: 3, Name: "WritingResultAsJson" }, SourceContext: "Microsoft.AspNetCore.Http.Result.OkObjectResult", RequestId: "0HNLSH342CL46:0000000F", RequestPath: "/users", ConnectionId: "0HNLSH342CL46" }

[15:57:14 INF] Executed endpoint 'HTTP: GET /users' { EventId: { Id: 1, Name: "ExecutedEndpoint" }, SourceContext: "Microsoft.AspNetCore.Routing.EndpointMiddleware", RequestId: "0HNLSH342CL46:0000000F", RequestPath: "/users", ConnectionId: "0HNLSH342CL46" }

[15:57:17 INF] CORS policy execution successful. { EventId: { Id: 4, Name: "PolicySuccess" }, SourceContext: "Microsoft.AspNetCore.Cors.Infrastructure.CorsService", RequestId: "0HNLSH342CL46:00000010", RequestPath: "/users", ConnectionId: "0HNLSH342CL46" }

[15:57:17 INF] Executing endpoint 'HTTP: GET /users' { EventId: { Name: "ExecutingEndpoint" }, SourceContext: "Microsoft.AspNetCore.Routing.EndpointMiddleware", RequestId: "0HNLSH342CL46:00000010", RequestPath: "/users", ConnectionId: "0HNLSH342CL46" }

[15:57:17 INF] CORS policy execution successful. { EventId: { Id: 4, Name: "PolicySuccess" }, SourceContext: "Microsoft.AspNetCore.Cors.Infrastructure.CorsService", RequestId: "0HNLSH342CL47:00000010", RequestPath: "/departments", ConnectionId: "0HNLSH342CL47" }

[15:57:17 INF] Handling GetUsersQuery { SourceContext: "AppWeaver.Mediator.Behaviors.LoggingBehavior", RequestId: "0HNLSH342CL46:00000010", RequestPath: "/users", ConnectionId: "0HNLSH342CL46" }

[15:57:17 INF] CORS policy execution successful. { EventId: { Id: 4, Name: "PolicySuccess" }, SourceContext: "Microsoft.AspNetCore.Cors.Infrastructure.CorsService", RequestId: "0HNLSH342CL45:00000010", RequestPath: "/roles", ConnectionId: "0HNLSH342CL45" }

[15:57:17 INF] Handled GetUsersQuery { SourceContext: "AppWeaver.Mediator.Behaviors.LoggingBehavior", RequestId: "0HNLSH342CL46:00000010", RequestPath: "/users", ConnectionId: "0HNLSH342CL46" }

[15:57:17 INF] Setting HTTP status code 200. { EventId: { Id: 1, Name: "WritingResultAsStatusCode" }, SourceContext: "Microsoft.AspNetCore.Http.Result.OkObjectResult", RequestId: "0HNLSH342CL46:00000010", RequestPath: "/users", ConnectionId: "0HNLSH342CL46" }

[15:57:17 INF] Writing value of type 'List`1' as Json. { EventId: { Id: 3, Name: "WritingResultAsJson" }, SourceContext: "Microsoft.AspNetCore.Http.Result.OkObjectResult", RequestId: "0HNLSH342CL46:00000010", RequestPath: "/users", ConnectionId: "0HNLSH342CL46" }

[15:57:17 INF] Executed endpoint 'HTTP: GET /users' { EventId: { Id: 1, Name: "ExecutedEndpoint" }, SourceContext: "Microsoft.AspNetCore.Routing.EndpointMiddleware", RequestId: "0HNLSH342CL46:00000010", RequestPath: "/users", ConnectionId: "0HNLSH342CL46" }

[15:57:20 INF] CORS policy execution successful. { EventId: { Id: 4, Name: "PolicySuccess" }, SourceContext: "Microsoft.AspNetCore.Cors.Infrastructure.CorsService", RequestId: "0HNLSH342CL45:00000011", RequestPath: "/departments", ConnectionId: "0HNLSH342CL45" }

[15:57:20 INF] CORS policy execution successful. { EventId: { Id: 4, Name: "PolicySuccess" }, SourceContext: "Microsoft.AspNetCore.Cors.Infrastructure.CorsService", RequestId: "0HNLSH342CL47:00000011", RequestPath: "/roles", ConnectionId: "0HNLSH342CL47" }

[15:57:20 INF] CORS policy execution successful. { EventId: { Id: 4, Name: "PolicySuccess" }, SourceContext: "Microsoft.AspNetCore.Cors.Infrastructure.CorsService", RequestId: "0HNLSH342CL46:00000011", RequestPath: "/users", ConnectionId: "0HNLSH342CL46" }

[15:57:20 INF] CORS policy execution successful. { EventId: { Id: 4, Name: "PolicySuccess" }, SourceContext: "Microsoft.AspNetCore.Cors.Infrastructure.CorsService", RequestId: "0HNLSH342CL46:00000012", RequestPath: "/users", ConnectionId: "0HNLSH342CL46" }

[15:57:20 INF] CORS policy execution successful. { EventId: { Id: 4, Name: "PolicySuccess" }, SourceContext: "Microsoft.AspNetCore.Cors.Infrastructure.CorsService", RequestId: "0HNLSH342CL45:00000012", RequestPath: "/roles", ConnectionId: "0HNLSH342CL45" }

[15:57:20 INF] CORS policy execution successful. { EventId: { Id: 4, Name: "PolicySuccess" }, SourceContext: "Microsoft.AspNetCore.Cors.Infrastructure.CorsService", RequestId: "0HNLSH342CL47:00000012", RequestPath: "/departments", ConnectionId: "0HNLSH342CL47" }

[15:57:20 INF] Executing endpoint 'HTTP: GET /users' { EventId: { Name: "ExecutingEndpoint" }, SourceContext: "Microsoft.AspNetCore.Routing.EndpointMiddleware", RequestId: "0HNLSH342CL46:00000012", RequestPath: "/users", ConnectionId: "0HNLSH342CL46" }

[15:57:20 INF] Handling GetUsersQuery { SourceContext: "AppWeaver.Mediator.Behaviors.LoggingBehavior", RequestId: "0HNLSH342CL46:00000012", RequestPath: "/users", ConnectionId: "0HNLSH342CL46" }

[15:57:20 INF] Handled GetUsersQuery { SourceContext: "AppWeaver.Mediator.Behaviors.LoggingBehavior", RequestId: "0HNLSH342CL46:00000012", RequestPath: "/users", ConnectionId: "0HNLSH342CL46" }

[15:57:20 INF] Setting HTTP status code 200. { EventId: { Id: 1, Name: "WritingResultAsStatusCode" }, SourceContext: "Microsoft.AspNetCore.Http.Result.OkObjectResult", RequestId: "0HNLSH342CL46:00000012", RequestPath: "/users", ConnectionId: "0HNLSH342CL46" }

[15:57:20 INF] Writing value of type 'List`1' as Json. { EventId: { Id: 3, Name: "WritingResultAsJson" }, SourceContext: "Microsoft.AspNetCore.Http.Result.OkObjectResult", RequestId: "0HNLSH342CL46:00000012", RequestPath: "/users", ConnectionId: "0HNLSH342CL46" }

[15:57:20 INF] Executed endpoint 'HTTP: GET /users' { EventId: { Id: 1, Name: "ExecutedEndpoint" }, SourceContext: "Microsoft.AspNetCore.Routing.EndpointMiddleware", RequestId: "0HNLSH342CL46:00000012", RequestPath: "/users", ConnectionId: "0HNLSH342CL46" }

[15:57:23 INF] CORS policy execution successful. { EventId: { Id: 4, Name: "PolicySuccess" }, SourceContext: "Microsoft.AspNetCore.Cors.Infrastructure.CorsService", RequestId: "0HNLSH342CL46:00000013", RequestPath: "/users", ConnectionId: "0HNLSH342CL46" }

[15:57:23 INF] CORS policy execution successful. { EventId: { Id: 4, Name: "PolicySuccess" }, SourceContext: "Microsoft.AspNetCore.Cors.Infrastructure.CorsService", RequestId: "0HNLSH342CL45:00000013", RequestPath: "/roles", ConnectionId: "0HNLSH342CL45" }

[15:57:23 INF] Executing endpoint 'HTTP: GET /users' { EventId: { Name: "ExecutingEndpoint" }, SourceContext: "Microsoft.AspNetCore.Routing.EndpointMiddleware", RequestId: "0HNLSH342CL46:00000013", RequestPath: "/users", ConnectionId: "0HNLSH342CL46" }

[15:57:23 INF] Handling GetUsersQuery { SourceContext: "AppWeaver.Mediator.Behaviors.LoggingBehavior", RequestId: "0HNLSH342CL46:00000013", RequestPath: "/users", ConnectionId: "0HNLSH342CL46" }

[15:57:23 INF] CORS policy execution successful. { EventId: { Id: 4, Name: "PolicySuccess" }, SourceContext: "Microsoft.AspNetCore.Cors.Infrastructure.CorsService", RequestId: "0HNLSH342CL47:00000013", RequestPath: "/departments", ConnectionId: "0HNLSH342CL47" }

[15:57:23 INF] Handled GetUsersQuery { SourceContext: "AppWeaver.Mediator.Behaviors.LoggingBehavior", RequestId: "0HNLSH342CL46:00000013", RequestPath: "/users", ConnectionId: "0HNLSH342CL46" }

[15:57:23 INF] Setting HTTP status code 200. { EventId: { Id: 1, Name: "WritingResultAsStatusCode" }, SourceContext: "Microsoft.AspNetCore.Http.Result.OkObjectResult", RequestId: "0HNLSH342CL46:00000013", RequestPath: "/users", ConnectionId: "0HNLSH342CL46" }

[15:57:23 INF] Writing value of type 'List`1' as Json. { EventId: { Id: 3, Name: "WritingResultAsJson" }, SourceContext: "Microsoft.AspNetCore.Http.Result.OkObjectResult", RequestId: "0HNLSH342CL46:00000013", RequestPath: "/users", ConnectionId: "0HNLSH342CL46" }

[15:57:23 INF] Executed endpoint 'HTTP: GET /users' { EventId: { Id: 1, Name: "ExecutedEndpoint" }, SourceContext: "Microsoft.AspNetCore.Routing.EndpointMiddleware", RequestId: "0HNLSH342CL46:00000013", RequestPath: "/users", ConnectionId: "0HNLSH342CL46" }

[15:57:28 INF] CORS policy execution successful. { EventId: { Id: 4, Name: "PolicySuccess" }, SourceContext: "Microsoft.AspNetCore.Cors.Infrastructure.CorsService", RequestId: "0HNLSH342CL47:00000014", RequestPath: "/roles", ConnectionId: "0HNLSH342CL47" }

[15:57:28 INF] CORS policy execution successful. { EventId: { Id: 4, Name: "PolicySuccess" }, SourceContext: "Microsoft.AspNetCore.Cors.Infrastructure.CorsService", RequestId: "0HNLSH342CL46:00000014", RequestPath: "/users", ConnectionId: "0HNLSH342CL46" }

[15:57:28 INF] CORS policy execution successful. { EventId: { Id: 4, Name: "PolicySuccess" }, SourceContext: "Microsoft.AspNetCore.Cors.Infrastructure.CorsService", RequestId: "0HNLSH342CL45:00000014", RequestPath: "/departments", ConnectionId: "0HNLSH342CL45" }

[15:57:28 INF] CORS policy execution successful. { EventId: { Id: 4, Name: "PolicySuccess" }, SourceContext: "Microsoft.AspNetCore.Cors.Infrastructure.CorsService", RequestId: "0HNLSH342CL45:00000015", RequestPath: "/users", ConnectionId: "0HNLSH342CL45" }

[15:57:28 INF] Executing endpoint 'HTTP: GET /users' { EventId: { Name: "ExecutingEndpoint" }, SourceContext: "Microsoft.AspNetCore.Routing.EndpointMiddleware", RequestId: "0HNLSH342CL45:00000015", RequestPath: "/users", ConnectionId: "0HNLSH342CL45" }

[15:57:28 INF] CORS policy execution successful. { EventId: { Id: 4, Name: "PolicySuccess" }, SourceContext: "Microsoft.AspNetCore.Cors.Infrastructure.CorsService", RequestId: "0HNLSH342CL47:00000015", RequestPath: "/roles", ConnectionId: "0HNLSH342CL47" }

[15:57:28 INF] CORS policy execution successful. { EventId: { Id: 4, Name: "PolicySuccess" }, SourceContext: "Microsoft.AspNetCore.Cors.Infrastructure.CorsService", RequestId: "0HNLSH342CL46:00000015", RequestPath: "/departments", ConnectionId: "0HNLSH342CL46" }

[15:57:28 INF] Handling GetUsersQuery { SourceContext: "AppWeaver.Mediator.Behaviors.LoggingBehavior", RequestId: "0HNLSH342CL45:00000015", RequestPath: "/users", ConnectionId: "0HNLSH342CL45" }

[15:57:28 INF] Handled GetUsersQuery { SourceContext: "AppWeaver.Mediator.Behaviors.LoggingBehavior", RequestId: "0HNLSH342CL45:00000015", RequestPath: "/users", ConnectionId: "0HNLSH342CL45" }

[15:57:28 INF] Setting HTTP status code 200. { EventId: { Id: 1, Name: "WritingResultAsStatusCode" }, SourceContext: "Microsoft.AspNetCore.Http.Result.OkObjectResult", RequestId: "0HNLSH342CL45:00000015", RequestPath: "/users", ConnectionId: "0HNLSH342CL45" }

[15:57:28 INF] Writing value of type 'List`1' as Json. { EventId: { Id: 3, Name: "WritingResultAsJson" }, SourceContext: "Microsoft.AspNetCore.Http.Result.OkObjectResult", RequestId: "0HNLSH342CL45:00000015", RequestPath: "/users", ConnectionId: "0HNLSH342CL45" }

[15:57:28 INF] Executed endpoint 'HTTP: GET /users' { EventId: { Id: 1, Name: "ExecutedEndpoint" }, SourceContext: "Microsoft.AspNetCore.Routing.EndpointMiddleware", RequestId: "0HNLSH342CL45:00000015", RequestPath: "/users", ConnectionId: "0HNLSH342CL45" }

[15:57:33 INF] CORS policy execution successful. { EventId: { Id: 4, Name: "PolicySuccess" }, SourceContext: "Microsoft.AspNetCore.Cors.Infrastructure.CorsService", RequestId: "0HNLSH342CL47:00000016", RequestPath: "/roles", ConnectionId: "0HNLSH342CL47" }

[15:57:33 INF] CORS policy execution successful. { EventId: { Id: 4, Name: "PolicySuccess" }, SourceContext: "Microsoft.AspNetCore.Cors.Infrastructure.CorsService", RequestId: "0HNLSH342CL45:00000016", RequestPath: "/users", ConnectionId: "0HNLSH342CL45" }

[15:57:33 INF] CORS policy execution successful. { EventId: { Id: 4, Name: "PolicySuccess" }, SourceContext: "Microsoft.AspNetCore.Cors.Infrastructure.CorsService", RequestId: "0HNLSH342CL47:00000017", RequestPath: "/roles", ConnectionId: "0HNLSH342CL47" }

[15:57:33 INF] CORS policy execution successful. { EventId: { Id: 4, Name: "PolicySuccess" }, SourceContext: "Microsoft.AspNetCore.Cors.Infrastructure.CorsService", RequestId: "0HNLSH342CL45:00000017", RequestPath: "/users", ConnectionId: "0HNLSH342CL45" }

[15:57:33 INF] CORS policy execution successful. { EventId: { Id: 4, Name: "PolicySuccess" }, SourceContext: "Microsoft.AspNetCore.Cors.Infrastructure.CorsService", RequestId: "0HNLSH342CL46:00000016", RequestPath: "/departments", ConnectionId: "0HNLSH342CL46" }

[15:57:33 INF] Executing endpoint 'HTTP: GET /users' { EventId: { Name: "ExecutingEndpoint" }, SourceContext: "Microsoft.AspNetCore.Routing.EndpointMiddleware", RequestId: "0HNLSH342CL45:00000017", RequestPath: "/users", ConnectionId: "0HNLSH342CL45" }

[15:57:33 INF] Handling GetUsersQuery { SourceContext: "AppWeaver.Mediator.Behaviors.LoggingBehavior", RequestId: "0HNLSH342CL45:00000017", RequestPath: "/users", ConnectionId: "0HNLSH342CL45" }

[15:57:33 INF] CORS policy execution successful. { EventId: { Id: 4, Name: "PolicySuccess" }, SourceContext: "Microsoft.AspNetCore.Cors.Infrastructure.CorsService", RequestId: "0HNLSH342CL47:00000018", RequestPath: "/departments", ConnectionId: "0HNLSH342CL47" }

[15:57:33 INF] Handled GetUsersQuery { SourceContext: "AppWeaver.Mediator.Behaviors.LoggingBehavior", RequestId: "0HNLSH342CL45:00000017", RequestPath: "/users", ConnectionId: "0HNLSH342CL45" }

[15:57:33 INF] Setting HTTP status code 200. { EventId: { Id: 1, Name: "WritingResultAsStatusCode" }, SourceContext: "Microsoft.AspNetCore.Http.Result.OkObjectResult", RequestId: "0HNLSH342CL45:00000017", RequestPath: "/users", ConnectionId: "0HNLSH342CL45" }

[15:57:33 INF] Writing value of type 'List`1' as Json. { EventId: { Id: 3, Name: "WritingResultAsJson" }, SourceContext: "Microsoft.AspNetCore.Http.Result.OkObjectResult", RequestId: "0HNLSH342CL45:00000017", RequestPath: "/users", ConnectionId: "0HNLSH342CL45" }

[15:57:33 INF] Executed endpoint 'HTTP: GET /users' { EventId: { Id: 1, Name: "ExecutedEndpoint" }, SourceContext: "Microsoft.AspNetCore.Routing.EndpointMiddleware", RequestId: "0HNLSH342CL45:00000017", RequestPath: "/users", ConnectionId: "0HNLSH342CL45" }

[15:57:38 INF] CORS policy execution successful. { EventId: { Id: 4, Name: "PolicySuccess" }, SourceContext: "Microsoft.AspNetCore.Cors.Infrastructure.CorsService", RequestId: "0HNLSH342CL45:00000018", RequestPath: "/users", ConnectionId: "0HNLSH342CL45" }

[15:57:38 INF] CORS policy execution successful. { EventId: { Id: 4, Name: "PolicySuccess" }, SourceContext: "Microsoft.AspNetCore.Cors.Infrastructure.CorsService", RequestId: "0HNLSH342CL47:00000019", RequestPath: "/roles", ConnectionId: "0HNLSH342CL47" }

[15:57:38 INF] CORS policy execution successful. { EventId: { Id: 4, Name: "PolicySuccess" }, SourceContext: "Microsoft.AspNetCore.Cors.Infrastructure.CorsService", RequestId: "0HNLSH342CL46:00000017", RequestPath: "/departments", ConnectionId: "0HNLSH342CL46" }

[15:57:38 INF] Executing endpoint 'HTTP: GET /users' { EventId: { Name: "ExecutingEndpoint" }, SourceContext: "Microsoft.AspNetCore.Routing.EndpointMiddleware", RequestId: "0HNLSH342CL45:00000018", RequestPath: "/users", ConnectionId: "0HNLSH342CL45" }

[15:57:38 INF] Handling GetUsersQuery { SourceContext: "AppWeaver.Mediator.Behaviors.LoggingBehavior", RequestId: "0HNLSH342CL45:00000018", RequestPath: "/users", ConnectionId: "0HNLSH342CL45" }

[15:57:38 INF] Handled GetUsersQuery { SourceContext: "AppWeaver.Mediator.Behaviors.LoggingBehavior", RequestId: "0HNLSH342CL45:00000018", RequestPath: "/users", ConnectionId: "0HNLSH342CL45" }

[15:57:38 INF] Setting HTTP status code 200. { EventId: { Id: 1, Name: "WritingResultAsStatusCode" }, SourceContext: "Microsoft.AspNetCore.Http.Result.OkObjectResult", RequestId: "0HNLSH342CL45:00000018", RequestPath: "/users", ConnectionId: "0HNLSH342CL45" }

[15:57:38 INF] Writing value of type 'List`1' as Json. { EventId: { Id: 3, Name: "WritingResultAsJson" }, SourceContext: "Microsoft.AspNetCore.Http.Result.OkObjectResult", RequestId: "0HNLSH342CL45:00000018", RequestPath: "/users", ConnectionId: "0HNLSH342CL45" }

[15:57:38 INF] Executed endpoint 'HTTP: GET /users' { EventId: { Id: 1, Name: "ExecutedEndpoint" }, SourceContext: "Microsoft.AspNetCore.Routing.EndpointMiddleware", RequestId: "0HNLSH342CL45:00000018", RequestPath: "/users", ConnectionId: "0HNLSH342CL45" }

[15:57:42 INF] CORS policy execution successful. { EventId: { Id: 4, Name: "PolicySuccess" }, SourceContext: "Microsoft.AspNetCore.Cors.Infrastructure.CorsService", RequestId: "0HNLSH342CL45:00000019", RequestPath: "/users", ConnectionId: "0HNLSH342CL45" }

[15:57:42 INF] CORS policy execution successful. { EventId: { Id: 4, Name: "PolicySuccess" }, SourceContext: "Microsoft.AspNetCore.Cors.Infrastructure.CorsService", RequestId: "0HNLSH342CL46:00000018", RequestPath: "/roles", ConnectionId: "0HNLSH342CL46" }

[15:57:42 INF] CORS policy execution successful. { EventId: { Id: 4, Name: "PolicySuccess" }, SourceContext: "Microsoft.AspNetCore.Cors.Infrastructure.CorsService", RequestId: "0HNLSH342CL47:0000001A", RequestPath: "/departments", ConnectionId: "0HNLSH342CL47" }

[15:57:42 INF] CORS policy execution successful. { EventId: { Id: 4, Name: "PolicySuccess" }, SourceContext: "Microsoft.AspNetCore.Cors.Infrastructure.CorsService", RequestId: "0HNLSH342CL46:00000019", RequestPath: "/users", ConnectionId: "0HNLSH342CL46" }

[15:57:42 INF] Executing endpoint 'HTTP: GET /users' { EventId: { Name: "ExecutingEndpoint" }, SourceContext: "Microsoft.AspNetCore.Routing.EndpointMiddleware", RequestId: "0HNLSH342CL46:00000019", RequestPath: "/users", ConnectionId: "0HNLSH342CL46" }

[15:57:42 INF] Handling GetUsersQuery { SourceContext: "AppWeaver.Mediator.Behaviors.LoggingBehavior", RequestId: "0HNLSH342CL46:00000019", RequestPath: "/users", ConnectionId: "0HNLSH342CL46" }

[15:57:42 INF] CORS policy execution successful. { EventId: { Id: 4, Name: "PolicySuccess" }, SourceContext: "Microsoft.AspNetCore.Cors.Infrastructure.CorsService", RequestId: "0HNLSH342CL47:0000001B", RequestPath: "/roles", ConnectionId: "0HNLSH342CL47" }

[15:57:42 INF] CORS policy execution successful. { EventId: { Id: 4, Name: "PolicySuccess" }, SourceContext: "Microsoft.AspNetCore.Cors.Infrastructure.CorsService", RequestId: "0HNLSH342CL45:0000001A", RequestPath: "/departments", ConnectionId: "0HNLSH342CL45" }

[15:57:42 INF] Handled GetUsersQuery { SourceContext: "AppWeaver.Mediator.Behaviors.LoggingBehavior", RequestId: "0HNLSH342CL46:00000019", RequestPath: "/users", ConnectionId: "0HNLSH342CL46" }

[15:57:42 INF] Setting HTTP status code 200. { EventId: { Id: 1, Name: "WritingResultAsStatusCode" }, SourceContext: "Microsoft.AspNetCore.Http.Result.OkObjectResult", RequestId: "0HNLSH342CL46:00000019", RequestPath: "/users", ConnectionId: "0HNLSH342CL46" }

[15:57:42 INF] Writing value of type 'List`1' as Json. { EventId: { Id: 3, Name: "WritingResultAsJson" }, SourceContext: "Microsoft.AspNetCore.Http.Result.OkObjectResult", RequestId: "0HNLSH342CL46:00000019", RequestPath: "/users", ConnectionId: "0HNLSH342CL46" }

[15:57:42 INF] Executed endpoint 'HTTP: GET /users' { EventId: { Id: 1, Name: "ExecutedEndpoint" }, SourceContext: "Microsoft.AspNetCore.Routing.EndpointMiddleware", RequestId: "0HNLSH342CL46:00000019", RequestPath: "/users", ConnectionId: "0HNLSH342CL46" }

[15:57:46 INF] CORS policy execution successful. { EventId: { Id: 4, Name: "PolicySuccess" }, SourceContext: "Microsoft.AspNetCore.Cors.Infrastructure.CorsService", RequestId: "0HNLSH342CL46:0000001A", RequestPath: "/users", ConnectionId: "0HNLSH342CL46" }

[15:57:46 INF] Executing endpoint 'HTTP: GET /users' { EventId: { Name: "ExecutingEndpoint" }, SourceContext: "Microsoft.AspNetCore.Routing.EndpointMiddleware", RequestId: "0HNLSH342CL46:0000001A", RequestPath: "/users", ConnectionId: "0HNLSH342CL46" }

[15:57:46 INF] CORS policy execution successful. { EventId: { Id: 4, Name: "PolicySuccess" }, SourceContext: "Microsoft.AspNetCore.Cors.Infrastructure.CorsService", RequestId: "0HNLSH342CL45:0000001B", RequestPath: "/roles", ConnectionId: "0HNLSH342CL45" }

[15:57:46 INF] Handling GetUsersQuery { SourceContext: "AppWeaver.Mediator.Behaviors.LoggingBehavior", RequestId: "0HNLSH342CL46:0000001A", RequestPath: "/users", ConnectionId: "0HNLSH342CL46" }

[15:57:46 INF] CORS policy execution successful. { EventId: { Id: 4, Name: "PolicySuccess" }, SourceContext: "Microsoft.AspNetCore.Cors.Infrastructure.CorsService", RequestId: "0HNLSH342CL47:0000001C", RequestPath: "/departments", ConnectionId: "0HNLSH342CL47" }

[15:57:46 INF] Handled GetUsersQuery { SourceContext: "AppWeaver.Mediator.Behaviors.LoggingBehavior", RequestId: "0HNLSH342CL46:0000001A", RequestPath: "/users", ConnectionId: "0HNLSH342CL46" }

[15:57:46 INF] Setting HTTP status code 200. { EventId: { Id: 1, Name: "WritingResultAsStatusCode" }, SourceContext: "Microsoft.AspNetCore.Http.Result.OkObjectResult", RequestId: "0HNLSH342CL46:0000001A", RequestPath: "/users", ConnectionId: "0HNLSH342CL46" }

[15:57:46 INF] Writing value of type 'List`1' as Json. { EventId: { Id: 3, Name: "WritingResultAsJson" }, SourceContext: "Microsoft.AspNetCore.Http.Result.OkObjectResult", RequestId: "0HNLSH342CL46:0000001A", RequestPath: "/users", ConnectionId: "0HNLSH342CL46" }

[15:57:46 INF] Executed endpoint 'HTTP: GET /users' { EventId: { Id: 1, Name: "ExecutedEndpoint" }, SourceContext: "Microsoft.AspNetCore.Routing.EndpointMiddleware", RequestId: "0HNLSH342CL46:0000001A", RequestPath: "/users", ConnectionId: "0HNLSH342CL46" }

[15:57:49 INF] CORS policy execution successful. { EventId: { Id: 4, Name: "PolicySuccess" }, SourceContext: "Microsoft.AspNetCore.Cors.Infrastructure.CorsService", RequestId: "0HNLSH342CL46:0000001B", RequestPath: "/users", ConnectionId: "0HNLSH342CL46" }

[15:57:49 INF] CORS policy execution successful. { EventId: { Id: 4, Name: "PolicySuccess" }, SourceContext: "Microsoft.AspNetCore.Cors.Infrastructure.CorsService", RequestId: "0HNLSH342CL47:0000001D", RequestPath: "/roles", ConnectionId: "0HNLSH342CL47" }

[15:57:49 INF] CORS policy execution successful. { EventId: { Id: 4, Name: "PolicySuccess" }, SourceContext: "Microsoft.AspNetCore.Cors.Infrastructure.CorsService", RequestId: "0HNLSH342CL47:0000001E", RequestPath: "/users", ConnectionId: "0HNLSH342CL47" }

[15:57:49 INF] CORS policy execution successful. { EventId: { Id: 4, Name: "PolicySuccess" }, SourceContext: "Microsoft.AspNetCore.Cors.Infrastructure.CorsService", RequestId: "0HNLSH342CL45:0000001C", RequestPath: "/roles", ConnectionId: "0HNLSH342CL45" }

[15:57:49 INF] CORS policy execution successful. { EventId: { Id: 4, Name: "PolicySuccess" }, SourceContext: "Microsoft.AspNetCore.Cors.Infrastructure.CorsService", RequestId: "0HNLSH342CL46:0000001C", RequestPath: "/departments", ConnectionId: "0HNLSH342CL46" }

[15:57:49 INF] Executing endpoint 'HTTP: GET /users' { EventId: { Name: "ExecutingEndpoint" }, SourceContext: "Microsoft.AspNetCore.Routing.EndpointMiddleware", RequestId: "0HNLSH342CL47:0000001E", RequestPath: "/users", ConnectionId: "0HNLSH342CL47" }

[15:57:49 INF] Handling GetUsersQuery { SourceContext: "AppWeaver.Mediator.Behaviors.LoggingBehavior", RequestId: "0HNLSH342CL47:0000001E", RequestPath: "/users", ConnectionId: "0HNLSH342CL47" }

[15:57:49 INF] CORS policy execution successful. { EventId: { Id: 4, Name: "PolicySuccess" }, SourceContext: "Microsoft.AspNetCore.Cors.Infrastructure.CorsService", RequestId: "0HNLSH342CL45:0000001D", RequestPath: "/departments", ConnectionId: "0HNLSH342CL45" }

[15:57:49 INF] Handled GetUsersQuery { SourceContext: "AppWeaver.Mediator.Behaviors.LoggingBehavior", RequestId: "0HNLSH342CL47:0000001E", RequestPath: "/users", ConnectionId: "0HNLSH342CL47" }

[15:57:49 INF] Setting HTTP status code 200. { EventId: { Id: 1, Name: "WritingResultAsStatusCode" }, SourceContext: "Microsoft.AspNetCore.Http.Result.OkObjectResult", RequestId: "0HNLSH342CL47:0000001E", RequestPath: "/users", ConnectionId: "0HNLSH342CL47" }

[15:57:49 INF] Writing value of type 'List`1' as Json. { EventId: { Id: 3, Name: "WritingResultAsJson" }, SourceContext: "Microsoft.AspNetCore.Http.Result.OkObjectResult", RequestId: "0HNLSH342CL47:0000001E", RequestPath: "/users", ConnectionId: "0HNLSH342CL47" }

[15:57:49 INF] Executed endpoint 'HTTP: GET /users' { EventId: { Id: 1, Name: "ExecutedEndpoint" }, SourceContext: "Microsoft.AspNetCore.Routing.EndpointMiddleware", RequestId: "0HNLSH342CL47:0000001E", RequestPath: "/users", ConnectionId: "0HNLSH342CL47" }

[15:57:51 INF] CORS policy execution successful. { EventId: { Id: 4, Name: "PolicySuccess" }, SourceContext: "Microsoft.AspNetCore.Cors.Infrastructure.CorsService", RequestId: "0HNLSH342CL47:0000001F", RequestPath: "/users", ConnectionId: "0HNLSH342CL47" }

[15:57:51 INF] Executing endpoint 'HTTP: GET /users' { EventId: { Name: "ExecutingEndpoint" }, SourceContext: "Microsoft.AspNetCore.Routing.EndpointMiddleware", RequestId: "0HNLSH342CL47:0000001F", RequestPath: "/users", ConnectionId: "0HNLSH342CL47" }

[15:57:51 INF] CORS policy execution successful. { EventId: { Id: 4, Name: "PolicySuccess" }, SourceContext: "Microsoft.AspNetCore.Cors.Infrastructure.CorsService", RequestId: "0HNLSH342CL45:0000001E", RequestPath: "/roles", ConnectionId: "0HNLSH342CL45" }

[15:57:51 INF] Handling GetUsersQuery { SourceContext: "AppWeaver.Mediator.Behaviors.LoggingBehavior", RequestId: "0HNLSH342CL47:0000001F", RequestPath: "/users", ConnectionId: "0HNLSH342CL47" }

[15:57:51 INF] CORS policy execution successful. { EventId: { Id: 4, Name: "PolicySuccess" }, SourceContext: "Microsoft.AspNetCore.Cors.Infrastructure.CorsService", RequestId: "0HNLSH342CL46:0000001D", RequestPath: "/departments", ConnectionId: "0HNLSH342CL46" }

[15:57:51 INF] Handled GetUsersQuery { SourceContext: "AppWeaver.Mediator.Behaviors.LoggingBehavior", RequestId: "0HNLSH342CL47:0000001F", RequestPath: "/users", ConnectionId: "0HNLSH342CL47" }

[15:57:51 INF] Setting HTTP status code 200. { EventId: { Id: 1, Name: "WritingResultAsStatusCode" }, SourceContext: "Microsoft.AspNetCore.Http.Result.OkObjectResult", RequestId: "0HNLSH342CL47:0000001F", RequestPath: "/users", ConnectionId: "0HNLSH342CL47" }

[15:57:51 INF] Writing value of type 'List`1' as Json. { EventId: { Id: 3, Name: "WritingResultAsJson" }, SourceContext: "Microsoft.AspNetCore.Http.Result.OkObjectResult", RequestId: "0HNLSH342CL47:0000001F", RequestPath: "/users", ConnectionId: "0HNLSH342CL47" }

[15:57:51 INF] Executed endpoint 'HTTP: GET /users' { EventId: { Id: 1, Name: "ExecutedEndpoint" }, SourceContext: "Microsoft.AspNetCore.Routing.EndpointMiddleware", RequestId: "0HNLSH342CL47:0000001F", RequestPath: "/users", ConnectionId: "0HNLSH342CL47" }

[15:57:54 INF] CORS policy execution successful. { EventId: { Id: 4, Name: "PolicySuccess" }, SourceContext: "Microsoft.AspNetCore.Cors.Infrastructure.CorsService", RequestId: "0HNLSH342CL47:00000020", RequestPath: "/users", ConnectionId: "0HNLSH342CL47" }

[15:57:54 INF] CORS policy execution successful. { EventId: { Id: 4, Name: "PolicySuccess" }, SourceContext: "Microsoft.AspNetCore.Cors.Infrastructure.CorsService", RequestId: "0HNLSH342CL46:0000001E", RequestPath: "/roles", ConnectionId: "0HNLSH342CL46" }

[15:57:54 INF] CORS policy execution successful. { EventId: { Id: 4, Name: "PolicySuccess" }, SourceContext: "Microsoft.AspNetCore.Cors.Infrastructure.CorsService", RequestId: "0HNLSH342CL45:0000001F", RequestPath: "/departments", ConnectionId: "0HNLSH342CL45" }

[15:57:54 INF] CORS policy execution successful. { EventId: { Id: 4, Name: "PolicySuccess" }, SourceContext: "Microsoft.AspNetCore.Cors.Infrastructure.CorsService", RequestId: "0HNLSH342CL46:0000001F", RequestPath: "/users", ConnectionId: "0HNLSH342CL46" }

[15:57:54 INF] Executing endpoint 'HTTP: GET /users' { EventId: { Name: "ExecutingEndpoint" }, SourceContext: "Microsoft.AspNetCore.Routing.EndpointMiddleware", RequestId: "0HNLSH342CL46:0000001F", RequestPath: "/users", ConnectionId: "0HNLSH342CL46" }

[15:57:54 INF] CORS policy execution successful. { EventId: { Id: 4, Name: "PolicySuccess" }, SourceContext: "Microsoft.AspNetCore.Cors.Infrastructure.CorsService", RequestId: "0HNLSH342CL45:00000020", RequestPath: "/roles", ConnectionId: "0HNLSH342CL45" }

[15:57:54 INF] Handling GetUsersQuery { SourceContext: "AppWeaver.Mediator.Behaviors.LoggingBehavior", RequestId: "0HNLSH342CL46:0000001F", RequestPath: "/users", ConnectionId: "0HNLSH342CL46" }

[15:57:54 INF] CORS policy execution successful. { EventId: { Id: 4, Name: "PolicySuccess" }, SourceContext: "Microsoft.AspNetCore.Cors.Infrastructure.CorsService", RequestId: "0HNLSH342CL47:00000021", RequestPath: "/departments", ConnectionId: "0HNLSH342CL47" }

[15:57:54 INF] Handled GetUsersQuery { SourceContext: "AppWeaver.Mediator.Behaviors.LoggingBehavior", RequestId: "0HNLSH342CL46:0000001F", RequestPath: "/users", ConnectionId: "0HNLSH342CL46" }

[15:57:54 INF] Setting HTTP status code 200. { EventId: { Id: 1, Name: "WritingResultAsStatusCode" }, SourceContext: "Microsoft.AspNetCore.Http.Result.OkObjectResult", RequestId: "0HNLSH342CL46:0000001F", RequestPath: "/users", ConnectionId: "0HNLSH342CL46" }

[15:57:54 INF] Writing value of type 'List`1' as Json. { EventId: { Id: 3, Name: "WritingResultAsJson" }, SourceContext: "Microsoft.AspNetCore.Http.Result.OkObjectResult", RequestId: "0HNLSH342CL46:0000001F", RequestPath: "/users", ConnectionId: "0HNLSH342CL46" }

[15:57:54 INF] Executed endpoint 'HTTP: GET /users' { EventId: { Id: 1, Name: "ExecutedEndpoint" }, SourceContext: "Microsoft.AspNetCore.Routing.EndpointMiddleware", RequestId: "0HNLSH342CL46:0000001F", RequestPath: "/users", ConnectionId: "0HNLSH342CL46" }

[15:57:57 INF] CORS policy execution successful. { EventId: { Id: 4, Name: "PolicySuccess" }, SourceContext: "Microsoft.AspNetCore.Cors.Infrastructure.CorsService", RequestId: "0HNLSH342CL46:00000020", RequestPath: "/users", ConnectionId: "0HNLSH342CL46" }

[15:57:57 INF] Executing endpoint 'HTTP: GET /users' { EventId: { Name: "ExecutingEndpoint" }, SourceContext: "Microsoft.AspNetCore.Routing.EndpointMiddleware", RequestId: "0HNLSH342CL46:00000020", RequestPath: "/users", ConnectionId: "0HNLSH342CL46" }

[15:57:57 INF] Handling GetUsersQuery { SourceContext: "AppWeaver.Mediator.Behaviors.LoggingBehavior", RequestId: "0HNLSH342CL46:00000020", RequestPath: "/users", ConnectionId: "0HNLSH342CL46" }

[15:57:57 INF] CORS policy execution successful. { EventId: { Id: 4, Name: "PolicySuccess" }, SourceContext: "Microsoft.AspNetCore.Cors.Infrastructure.CorsService", RequestId: "0HNLSH342CL45:00000021", RequestPath: "/departments", ConnectionId: "0HNLSH342CL45" }

[15:57:57 INF] CORS policy execution successful. { EventId: { Id: 4, Name: "PolicySuccess" }, SourceContext: "Microsoft.AspNetCore.Cors.Infrastructure.CorsService", RequestId: "0HNLSH342CL47:00000022", RequestPath: "/roles", ConnectionId: "0HNLSH342CL47" }

[15:57:57 INF] Handled GetUsersQuery { SourceContext: "AppWeaver.Mediator.Behaviors.LoggingBehavior", RequestId: "0HNLSH342CL46:00000020", RequestPath: "/users", ConnectionId: "0HNLSH342CL46" }

[15:57:57 INF] Setting HTTP status code 200. { EventId: { Id: 1, Name: "WritingResultAsStatusCode" }, SourceContext: "Microsoft.AspNetCore.Http.Result.OkObjectResult", RequestId: "0HNLSH342CL46:00000020", RequestPath: "/users", ConnectionId: "0HNLSH342CL46" }

[15:57:57 INF] Writing value of type 'List`1' as Json. { EventId: { Id: 3, Name: "WritingResultAsJson" }, SourceContext: "Microsoft.AspNetCore.Http.Result.OkObjectResult", RequestId: "0HNLSH342CL46:00000020", RequestPath: "/users", ConnectionId: "0HNLSH342CL46" }

[15:57:57 INF] Executed endpoint 'HTTP: GET /users' { EventId: { Id: 1, Name: "ExecutedEndpoint" }, SourceContext: "Microsoft.AspNetCore.Routing.EndpointMiddleware", RequestId: "0HNLSH342CL46:00000020", RequestPath: "/users", ConnectionId: "0HNLSH342CL46" }

[15:57:59 INF] CORS policy execution successful. { EventId: { Id: 4, Name: "PolicySuccess" }, SourceContext: "Microsoft.AspNetCore.Cors.Infrastructure.CorsService", RequestId: "0HNLSH342CL46:00000021", RequestPath: "/users", ConnectionId: "0HNLSH342CL46" }

[15:57:59 INF] Executing endpoint 'HTTP: GET /users' { EventId: { Name: "ExecutingEndpoint" }, SourceContext: "Microsoft.AspNetCore.Routing.EndpointMiddleware", RequestId: "0HNLSH342CL46:00000021", RequestPath: "/users", ConnectionId: "0HNLSH342CL46" }

[15:57:59 INF] CORS policy execution successful. { EventId: { Id: 4, Name: "PolicySuccess" }, SourceContext: "Microsoft.AspNetCore.Cors.Infrastructure.CorsService", RequestId: "0HNLSH342CL45:00000022", RequestPath: "/roles", ConnectionId: "0HNLSH342CL45" }

[15:57:59 INF] Handling GetUsersQuery { SourceContext: "AppWeaver.Mediator.Behaviors.LoggingBehavior", RequestId: "0HNLSH342CL46:00000021", RequestPath: "/users", ConnectionId: "0HNLSH342CL46" }

[15:57:59 INF] CORS policy execution successful. { EventId: { Id: 4, Name: "PolicySuccess" }, SourceContext: "Microsoft.AspNetCore.Cors.Infrastructure.CorsService", RequestId: "0HNLSH342CL47:00000023", RequestPath: "/departments", ConnectionId: "0HNLSH342CL47" }

[15:57:59 INF] Handled GetUsersQuery { SourceContext: "AppWeaver.Mediator.Behaviors.LoggingBehavior", RequestId: "0HNLSH342CL46:00000021", RequestPath: "/users", ConnectionId: "0HNLSH342CL46" }

[15:57:59 INF] Setting HTTP status code 200. { EventId: { Id: 1, Name: "WritingResultAsStatusCode" }, SourceContext: "Microsoft.AspNetCore.Http.Result.OkObjectResult", RequestId: "0HNLSH342CL46:00000021", RequestPath: "/users", ConnectionId: "0HNLSH342CL46" }

[15:57:59 INF] Writing value of type 'List`1' as Json. { EventId: { Id: 3, Name: "WritingResultAsJson" }, SourceContext: "Microsoft.AspNetCore.Http.Result.OkObjectResult", RequestId: "0HNLSH342CL46:00000021", RequestPath: "/users", ConnectionId: "0HNLSH342CL46" }

[15:57:59 INF] Executed endpoint 'HTTP: GET /users' { EventId: { Id: 1, Name: "ExecutedEndpoint" }, SourceContext: "Microsoft.AspNetCore.Routing.EndpointMiddleware", RequestId: "0HNLSH342CL46:00000021", RequestPath: "/users", ConnectionId: "0HNLSH342CL46" }

[15:58:02 INF] CORS policy execution successful. { EventId: { Id: 4, Name: "PolicySuccess" }, SourceContext: "Microsoft.AspNetCore.Cors.Infrastructure.CorsService", RequestId: "0HNLSH342CL46:00000022", RequestPath: "/users", ConnectionId: "0HNLSH342CL46" }

[15:58:02 INF] CORS policy execution successful. { EventId: { Id: 4, Name: "PolicySuccess" }, SourceContext: "Microsoft.AspNetCore.Cors.Infrastructure.CorsService", RequestId: "0HNLSH342CL47:00000024", RequestPath: "/roles", ConnectionId: "0HNLSH342CL47" }

[15:58:02 INF] CORS policy execution successful. { EventId: { Id: 4, Name: "PolicySuccess" }, SourceContext: "Microsoft.AspNetCore.Cors.Infrastructure.CorsService", RequestId: "0HNLSH342CL47:00000025", RequestPath: "/users", ConnectionId: "0HNLSH342CL47" }

[15:58:02 INF] Executing endpoint 'HTTP: GET /users' { EventId: { Name: "ExecutingEndpoint" }, SourceContext: "Microsoft.AspNetCore.Routing.EndpointMiddleware", RequestId: "0HNLSH342CL47:00000025", RequestPath: "/users", ConnectionId: "0HNLSH342CL47" }

[15:58:02 INF] CORS policy execution successful. { EventId: { Id: 4, Name: "PolicySuccess" }, SourceContext: "Microsoft.AspNetCore.Cors.Infrastructure.CorsService", RequestId: "0HNLSH342CL46:00000023", RequestPath: "/departments", ConnectionId: "0HNLSH342CL46" }

[15:58:02 INF] Handling GetUsersQuery { SourceContext: "AppWeaver.Mediator.Behaviors.LoggingBehavior", RequestId: "0HNLSH342CL47:00000025", RequestPath: "/users", ConnectionId: "0HNLSH342CL47" }

[15:58:02 INF] CORS policy execution successful. { EventId: { Id: 4, Name: "PolicySuccess" }, SourceContext: "Microsoft.AspNetCore.Cors.Infrastructure.CorsService", RequestId: "0HNLSH342CL45:00000023", RequestPath: "/roles", ConnectionId: "0HNLSH342CL45" }

[15:58:02 INF] CORS policy execution successful. { EventId: { Id: 4, Name: "PolicySuccess" }, SourceContext: "Microsoft.AspNetCore.Cors.Infrastructure.CorsService", RequestId: "0HNLSH342CL46:00000024", RequestPath: "/departments", ConnectionId: "0HNLSH342CL46" }

[15:58:02 INF] Handled GetUsersQuery { SourceContext: "AppWeaver.Mediator.Behaviors.LoggingBehavior", RequestId: "0HNLSH342CL47:00000025", RequestPath: "/users", ConnectionId: "0HNLSH342CL47" }

[15:58:02 INF] Setting HTTP status code 200. { EventId: { Id: 1, Name: "WritingResultAsStatusCode" }, SourceContext: "Microsoft.AspNetCore.Http.Result.OkObjectResult", RequestId: "0HNLSH342CL47:00000025", RequestPath: "/users", ConnectionId: "0HNLSH342CL47" }

[15:58:02 INF] Writing value of type 'List`1' as Json. { EventId: { Id: 3, Name: "WritingResultAsJson" }, SourceContext: "Microsoft.AspNetCore.Http.Result.OkObjectResult", RequestId: "0HNLSH342CL47:00000025", RequestPath: "/users", ConnectionId: "0HNLSH342CL47" }

[15:58:02 INF] Executed endpoint 'HTTP: GET /users' { EventId: { Id: 1, Name: "ExecutedEndpoint" }, SourceContext: "Microsoft.AspNetCore.Routing.EndpointMiddleware", RequestId: "0HNLSH342CL47:00000025", RequestPath: "/users", ConnectionId: "0HNLSH342CL47" }

[15:58:05 INF] CORS policy execution successful. { EventId: { Id: 4, Name: "PolicySuccess" }, SourceContext: "Microsoft.AspNetCore.Cors.Infrastructure.CorsService", RequestId: "0HNLSH342CL47:00000026", RequestPath: "/users", ConnectionId: "0HNLSH342CL47" }

[15:58:05 INF] Executing endpoint 'HTTP: GET /users' { EventId: { Name: "ExecutingEndpoint" }, SourceContext: "Microsoft.AspNetCore.Routing.EndpointMiddleware", RequestId: "0HNLSH342CL47:00000026", RequestPath: "/users", ConnectionId: "0HNLSH342CL47" }

[15:58:05 INF] CORS policy execution successful. { EventId: { Id: 4, Name: "PolicySuccess" }, SourceContext: "Microsoft.AspNetCore.Cors.Infrastructure.CorsService", RequestId: "0HNLSH342CL46:00000025", RequestPath: "/roles", ConnectionId: "0HNLSH342CL46" }

[15:58:05 INF] Handling GetUsersQuery { SourceContext: "AppWeaver.Mediator.Behaviors.LoggingBehavior", RequestId: "0HNLSH342CL47:00000026", RequestPath: "/users", ConnectionId: "0HNLSH342CL47" }

[15:58:05 INF] CORS policy execution successful. { EventId: { Id: 4, Name: "PolicySuccess" }, SourceContext: "Microsoft.AspNetCore.Cors.Infrastructure.CorsService", RequestId: "0HNLSH342CL45:00000024", RequestPath: "/departments", ConnectionId: "0HNLSH342CL45" }

[15:58:05 INF] Handled GetUsersQuery { SourceContext: "AppWeaver.Mediator.Behaviors.LoggingBehavior", RequestId: "0HNLSH342CL47:00000026", RequestPath: "/users", ConnectionId: "0HNLSH342CL47" }

[15:58:05 INF] Setting HTTP status code 200. { EventId: { Id: 1, Name: "WritingResultAsStatusCode" }, SourceContext: "Microsoft.AspNetCore.Http.Result.OkObjectResult", RequestId: "0HNLSH342CL47:00000026", RequestPath: "/users", ConnectionId: "0HNLSH342CL47" }

[15:58:05 INF] Writing value of type 'List`1' as Json. { EventId: { Id: 3, Name: "WritingResultAsJson" }, SourceContext: "Microsoft.AspNetCore.Http.Result.OkObjectResult", RequestId: "0HNLSH342CL47:00000026", RequestPath: "/users", ConnectionId: "0HNLSH342CL47" }

[15:58:05 INF] Executed endpoint 'HTTP: GET /users' { EventId: { Id: 1, Name: "ExecutedEndpoint" }, SourceContext: "Microsoft.AspNetCore.Routing.EndpointMiddleware", RequestId: "0HNLSH342CL47:00000026", RequestPath: "/users", ConnectionId: "0HNLSH342CL47" }

[15:58:09 INF] CORS policy execution successful. { EventId: { Id: 4, Name: "PolicySuccess" }, SourceContext: "Microsoft.AspNetCore.Cors.Infrastructure.CorsService", RequestId: "0HNLSH342CL47:00000027", RequestPath: "/users", ConnectionId: "0HNLSH342CL47" }

[15:58:09 INF] CORS policy execution successful. { EventId: { Id: 4, Name: "PolicySuccess" }, SourceContext: "Microsoft.AspNetCore.Cors.Infrastructure.CorsService", RequestId: "0HNLSH342CL45:00000025", RequestPath: "/roles", ConnectionId: "0HNLSH342CL45" }

[15:58:09 INF] CORS policy execution successful. { EventId: { Id: 4, Name: "PolicySuccess" }, SourceContext: "Microsoft.AspNetCore.Cors.Infrastructure.CorsService", RequestId: "0HNLSH342CL46:00000026", RequestPath: "/departments", ConnectionId: "0HNLSH342CL46" }

[15:58:09 INF] CORS policy execution successful. { EventId: { Id: 4, Name: "PolicySuccess" }, SourceContext: "Microsoft.AspNetCore.Cors.Infrastructure.CorsService", RequestId: "0HNLSH342CL46:00000027", RequestPath: "/users", ConnectionId: "0HNLSH342CL46" }

[15:58:09 INF] CORS policy execution successful. { EventId: { Id: 4, Name: "PolicySuccess" }, SourceContext: "Microsoft.AspNetCore.Cors.Infrastructure.CorsService", RequestId: "0HNLSH342CL45:00000026", RequestPath: "/roles", ConnectionId: "0HNLSH342CL45" }

[15:58:09 INF] CORS policy execution successful. { EventId: { Id: 4, Name: "PolicySuccess" }, SourceContext: "Microsoft.AspNetCore.Cors.Infrastructure.CorsService", RequestId: "0HNLSH342CL47:00000028", RequestPath: "/departments", ConnectionId: "0HNLSH342CL47" }

[15:58:09 INF] Executing endpoint 'HTTP: GET /users' { EventId: { Name: "ExecutingEndpoint" }, SourceContext: "Microsoft.AspNetCore.Routing.EndpointMiddleware", RequestId: "0HNLSH342CL46:00000027", RequestPath: "/users", ConnectionId: "0HNLSH342CL46" }

[15:58:09 INF] Handling GetUsersQuery { SourceContext: "AppWeaver.Mediator.Behaviors.LoggingBehavior", RequestId: "0HNLSH342CL46:00000027", RequestPath: "/users", ConnectionId: "0HNLSH342CL46" }

[15:58:09 INF] Handled GetUsersQuery { SourceContext: "AppWeaver.Mediator.Behaviors.LoggingBehavior", RequestId: "0HNLSH342CL46:00000027", RequestPath: "/users", ConnectionId: "0HNLSH342CL46" }

[15:58:09 INF] Setting HTTP status code 200. { EventId: { Id: 1, Name: "WritingResultAsStatusCode" }, SourceContext: "Microsoft.AspNetCore.Http.Result.OkObjectResult", RequestId: "0HNLSH342CL46:00000027", RequestPath: "/users", ConnectionId: "0HNLSH342CL46" }

[15:58:09 INF] Writing value of type 'List`1' as Json. { EventId: { Id: 3, Name: "WritingResultAsJson" }, SourceContext: "Microsoft.AspNetCore.Http.Result.OkObjectResult", RequestId: "0HNLSH342CL46:00000027", RequestPath: "/users", ConnectionId: "0HNLSH342CL46" }

[15:58:09 INF] Executed endpoint 'HTTP: GET /users' { EventId: { Id: 1, Name: "ExecutedEndpoint" }, SourceContext: "Microsoft.AspNetCore.Routing.EndpointMiddleware", RequestId: "0HNLSH342CL46:00000027", RequestPath: "/users", ConnectionId: "0HNLSH342CL46" }

[15:58:12 INF] CORS policy execution successful. { EventId: { Id: 4, Name: "PolicySuccess" }, SourceContext: "Microsoft.AspNetCore.Cors.Infrastructure.CorsService", RequestId: "0HNLSH342CL46:00000028", RequestPath: "/users", ConnectionId: "0HNLSH342CL46" }

[15:58:12 INF] Executing endpoint 'HTTP: GET /users' { EventId: { Name: "ExecutingEndpoint" }, SourceContext: "Microsoft.AspNetCore.Routing.EndpointMiddleware", RequestId: "0HNLSH342CL46:00000028", RequestPath: "/users", ConnectionId: "0HNLSH342CL46" }

[15:58:12 INF] Handling GetUsersQuery { SourceContext: "AppWeaver.Mediator.Behaviors.LoggingBehavior", RequestId: "0HNLSH342CL46:00000028", RequestPath: "/users", ConnectionId: "0HNLSH342CL46" }

[15:58:12 INF] CORS policy execution successful. { EventId: { Id: 4, Name: "PolicySuccess" }, SourceContext: "Microsoft.AspNetCore.Cors.Infrastructure.CorsService", RequestId: "0HNLSH342CL47:00000029", RequestPath: "/roles", ConnectionId: "0HNLSH342CL47" }

[15:58:12 INF] CORS policy execution successful. { EventId: { Id: 4, Name: "PolicySuccess" }, SourceContext: "Microsoft.AspNetCore.Cors.Infrastructure.CorsService", RequestId: "0HNLSH342CL45:00000027", RequestPath: "/departments", ConnectionId: "0HNLSH342CL45" }

[15:58:12 INF] Handled GetUsersQuery { SourceContext: "AppWeaver.Mediator.Behaviors.LoggingBehavior", RequestId: "0HNLSH342CL46:00000028", RequestPath: "/users", ConnectionId: "0HNLSH342CL46" }

[15:58:12 INF] Setting HTTP status code 200. { EventId: { Id: 1, Name: "WritingResultAsStatusCode" }, SourceContext: "Microsoft.AspNetCore.Http.Result.OkObjectResult", RequestId: "0HNLSH342CL46:00000028", RequestPath: "/users", ConnectionId: "0HNLSH342CL46" }

[15:58:12 INF] Writing value of type 'List`1' as Json. { EventId: { Id: 3, Name: "WritingResultAsJson" }, SourceContext: "Microsoft.AspNetCore.Http.Result.OkObjectResult", RequestId: "0HNLSH342CL46:00000028", RequestPath: "/users", ConnectionId: "0HNLSH342CL46" }

[15:58:12 INF] Executed endpoint 'HTTP: GET /users' { EventId: { Id: 1, Name: "ExecutedEndpoint" }, SourceContext: "Microsoft.AspNetCore.Routing.EndpointMiddleware", RequestId: "0HNLSH342CL46:00000028", RequestPath: "/users", ConnectionId: "0HNLSH342CL46" }

[15:58:15 INF] CORS policy execution successful. { EventId: { Id: 4, Name: "PolicySuccess" }, SourceContext: "Microsoft.AspNetCore.Cors.Infrastructure.CorsService", RequestId: "0HNLSH342CL46:00000029", RequestPath: "/users", ConnectionId: "0HNLSH342CL46" }

[15:58:15 INF] CORS policy execution successful. { EventId: { Id: 4, Name: "PolicySuccess" }, SourceContext: "Microsoft.AspNetCore.Cors.Infrastructure.CorsService", RequestId: "0HNLSH342CL45:00000028", RequestPath: "/roles", ConnectionId: "0HNLSH342CL45" }

[15:58:15 INF] CORS policy execution successful. { EventId: { Id: 4, Name: "PolicySuccess" }, SourceContext: "Microsoft.AspNetCore.Cors.Infrastructure.CorsService", RequestId: "0HNLSH342CL47:0000002A", RequestPath: "/departments", ConnectionId: "0HNLSH342CL47" }

[15:58:15 INF] CORS policy execution successful. { EventId: { Id: 4, Name: "PolicySuccess" }, SourceContext: "Microsoft.AspNetCore.Cors.Infrastructure.CorsService", RequestId: "0HNLSH342CL47:0000002B", RequestPath: "/users", ConnectionId: "0HNLSH342CL47" }

[15:58:15 INF] CORS policy execution successful. { EventId: { Id: 4, Name: "PolicySuccess" }, SourceContext: "Microsoft.AspNetCore.Cors.Infrastructure.CorsService", RequestId: "0HNLSH342CL45:00000029", RequestPath: "/roles", ConnectionId: "0HNLSH342CL45" }

[15:58:15 INF] Executing endpoint 'HTTP: GET /users' { EventId: { Name: "ExecutingEndpoint" }, SourceContext: "Microsoft.AspNetCore.Routing.EndpointMiddleware", RequestId: "0HNLSH342CL47:0000002B", RequestPath: "/users", ConnectionId: "0HNLSH342CL47" }

[15:58:15 INF] CORS policy execution successful. { EventId: { Id: 4, Name: "PolicySuccess" }, SourceContext: "Microsoft.AspNetCore.Cors.Infrastructure.CorsService", RequestId: "0HNLSH342CL46:0000002A", RequestPath: "/departments", ConnectionId: "0HNLSH342CL46" }

[15:58:15 INF] Handling GetUsersQuery { SourceContext: "AppWeaver.Mediator.Behaviors.LoggingBehavior", RequestId: "0HNLSH342CL47:0000002B", RequestPath: "/users", ConnectionId: "0HNLSH342CL47" }

[15:58:15 INF] Handled GetUsersQuery { SourceContext: "AppWeaver.Mediator.Behaviors.LoggingBehavior", RequestId: "0HNLSH342CL47:0000002B", RequestPath: "/users", ConnectionId: "0HNLSH342CL47" }

[15:58:15 INF] Setting HTTP status code 200. { EventId: { Id: 1, Name: "WritingResultAsStatusCode" }, SourceContext: "Microsoft.AspNetCore.Http.Result.OkObjectResult", RequestId: "0HNLSH342CL47:0000002B", RequestPath: "/users", ConnectionId: "0HNLSH342CL47" }

[15:58:15 INF] Writing value of type 'List`1' as Json. { EventId: { Id: 3, Name: "WritingResultAsJson" }, SourceContext: "Microsoft.AspNetCore.Http.Result.OkObjectResult", RequestId: "0HNLSH342CL47:0000002B", RequestPath: "/users", ConnectionId: "0HNLSH342CL47" }

[15:58:15 INF] Executed endpoint 'HTTP: GET /users' { EventId: { Id: 1, Name: "ExecutedEndpoint" }, SourceContext: "Microsoft.AspNetCore.Routing.EndpointMiddleware", RequestId: "0HNLSH342CL47:0000002B", RequestPath: "/users", ConnectionId: "0HNLSH342CL47" }

[15:58:18 INF] CORS policy execution successful. { EventId: { Id: 4, Name: "PolicySuccess" }, SourceContext: "Microsoft.AspNetCore.Cors.Infrastructure.CorsService", RequestId: "0HNLSH342CL47:0000002C", RequestPath: "/users", ConnectionId: "0HNLSH342CL47" }

[15:58:18 INF] Executing endpoint 'HTTP: GET /users' { EventId: { Name: "ExecutingEndpoint" }, SourceContext: "Microsoft.AspNetCore.Routing.EndpointMiddleware", RequestId: "0HNLSH342CL47:0000002C", RequestPath: "/users", ConnectionId: "0HNLSH342CL47" }

[15:58:18 INF] Handling GetUsersQuery { SourceContext: "AppWeaver.Mediator.Behaviors.LoggingBehavior", RequestId: "0HNLSH342CL47:0000002C", RequestPath: "/users", ConnectionId: "0HNLSH342CL47" }

[15:58:18 INF] CORS policy execution successful. { EventId: { Id: 4, Name: "PolicySuccess" }, SourceContext: "Microsoft.AspNetCore.Cors.Infrastructure.CorsService", RequestId: "0HNLSH342CL46:0000002B", RequestPath: "/roles", ConnectionId: "0HNLSH342CL46" }

[15:58:18 INF] CORS policy execution successful. { EventId: { Id: 4, Name: "PolicySuccess" }, SourceContext: "Microsoft.AspNetCore.Cors.Infrastructure.CorsService", RequestId: "0HNLSH342CL45:0000002A", RequestPath: "/departments", ConnectionId: "0HNLSH342CL45" }

[15:58:18 INF] Handled GetUsersQuery { SourceContext: "AppWeaver.Mediator.Behaviors.LoggingBehavior", RequestId: "0HNLSH342CL47:0000002C", RequestPath: "/users", ConnectionId: "0HNLSH342CL47" }

[15:58:18 INF] Setting HTTP status code 200. { EventId: { Id: 1, Name: "WritingResultAsStatusCode" }, SourceContext: "Microsoft.AspNetCore.Http.Result.OkObjectResult", RequestId: "0HNLSH342CL47:0000002C", RequestPath: "/users", ConnectionId: "0HNLSH342CL47" }

[15:58:18 INF] Writing value of type 'List`1' as Json. { EventId: { Id: 3, Name: "WritingResultAsJson" }, SourceContext: "Microsoft.AspNetCore.Http.Result.OkObjectResult", RequestId: "0HNLSH342CL47:0000002C", RequestPath: "/users", ConnectionId: "0HNLSH342CL47" }

[15:58:18 INF] Executed endpoint 'HTTP: GET /users' { EventId: { Id: 1, Name: "ExecutedEndpoint" }, SourceContext: "Microsoft.AspNetCore.Routing.EndpointMiddleware", RequestId: "0HNLSH342CL47:0000002C", RequestPath: "/users", ConnectionId: "0HNLSH342CL47" }

[15:58:29 INF] CORS policy execution successful. { EventId: { Id: 4, Name: "PolicySuccess" }, SourceContext: "Microsoft.AspNetCore.Cors.Infrastructure.CorsService", RequestId: "0HNLSH342CL47:0000002D", RequestPath: "/users", ConnectionId: "0HNLSH342CL47" }

[15:58:29 INF] CORS policy execution successful. { EventId: { Id: 4, Name: "PolicySuccess" }, SourceContext: "Microsoft.AspNetCore.Cors.Infrastructure.CorsService", RequestId: "0HNLSH342CL45:0000002B", RequestPath: "/roles", ConnectionId: "0HNLSH342CL45" }

[15:58:29 INF] CORS policy execution successful. { EventId: { Id: 4, Name: "PolicySuccess" }, SourceContext: "Microsoft.AspNetCore.Cors.Infrastructure.CorsService", RequestId: "0HNLSH342CL46:0000002C", RequestPath: "/departments", ConnectionId: "0HNLSH342CL46" }

[15:58:29 INF] CORS policy execution successful. { EventId: { Id: 4, Name: "PolicySuccess" }, SourceContext: "Microsoft.AspNetCore.Cors.Infrastructure.CorsService", RequestId: "0HNLSH342CL46:0000002D", RequestPath: "/users", ConnectionId: "0HNLSH342CL46" }

[15:58:29 INF] CORS policy execution successful. { EventId: { Id: 4, Name: "PolicySuccess" }, SourceContext: "Microsoft.AspNetCore.Cors.Infrastructure.CorsService", RequestId: "0HNLSH342CL45:0000002C", RequestPath: "/roles", ConnectionId: "0HNLSH342CL45" }

[15:58:29 INF] Executing endpoint 'HTTP: GET /users' { EventId: { Name: "ExecutingEndpoint" }, SourceContext: "Microsoft.AspNetCore.Routing.EndpointMiddleware", RequestId: "0HNLSH342CL46:0000002D", RequestPath: "/users", ConnectionId: "0HNLSH342CL46" }

[15:58:29 INF] CORS policy execution successful. { EventId: { Id: 4, Name: "PolicySuccess" }, SourceContext: "Microsoft.AspNetCore.Cors.Infrastructure.CorsService", RequestId: "0HNLSH342CL47:0000002E", RequestPath: "/departments", ConnectionId: "0HNLSH342CL47" }

[15:58:29 INF] Handling GetUsersQuery { SourceContext: "AppWeaver.Mediator.Behaviors.LoggingBehavior", RequestId: "0HNLSH342CL46:0000002D", RequestPath: "/users", ConnectionId: "0HNLSH342CL46" }

[15:58:29 INF] Handled GetUsersQuery { SourceContext: "AppWeaver.Mediator.Behaviors.LoggingBehavior", RequestId: "0HNLSH342CL46:0000002D", RequestPath: "/users", ConnectionId: "0HNLSH342CL46" }

[15:58:29 INF] Setting HTTP status code 200. { EventId: { Id: 1, Name: "WritingResultAsStatusCode" }, SourceContext: "Microsoft.AspNetCore.Http.Result.OkObjectResult", RequestId: "0HNLSH342CL46:0000002D", RequestPath: "/users", ConnectionId: "0HNLSH342CL46" }

[15:58:29 INF] Writing value of type 'List`1' as Json. { EventId: { Id: 3, Name: "WritingResultAsJson" }, SourceContext: "Microsoft.AspNetCore.Http.Result.OkObjectResult", RequestId: "0HNLSH342CL46:0000002D", RequestPath: "/users", ConnectionId: "0HNLSH342CL46" }

[15:58:29 INF] Executed endpoint 'HTTP: GET /users' { EventId: { Id: 1, Name: "ExecutedEndpoint" }, SourceContext: "Microsoft.AspNetCore.Routing.EndpointMiddleware", RequestId: "0HNLSH342CL46:0000002D", RequestPath: "/users", ConnectionId: "0HNLSH342CL46" }

[16:04:41 INF] CORS policy execution successful. { EventId: { Id: 4, Name: "PolicySuccess" }, SourceContext: "Microsoft.AspNetCore.Cors.Infrastructure.CorsService", RequestId: "0HNLSH342CL48:00000001", RequestPath: "/users", ConnectionId: "0HNLSH342CL48" }

[16:04:41 INF] CORS policy execution successful. { EventId: { Id: 4, Name: "PolicySuccess" }, SourceContext: "Microsoft.AspNetCore.Cors.Infrastructure.CorsService", RequestId: "0HNLSH342CL48:00000002", RequestPath: "/roles", ConnectionId: "0HNLSH342CL48" }

[16:04:41 INF] CORS policy execution successful. { EventId: { Id: 4, Name: "PolicySuccess" }, SourceContext: "Microsoft.AspNetCore.Cors.Infrastructure.CorsService", RequestId: "0HNLSH342CL49:00000001", RequestPath: "/departments", ConnectionId: "0HNLSH342CL49" }

[16:04:41 INF] CORS policy execution successful. { EventId: { Id: 4, Name: "PolicySuccess" }, SourceContext: "Microsoft.AspNetCore.Cors.Infrastructure.CorsService", RequestId: "0HNLSH342CL4A:00000001", RequestPath: "/users", ConnectionId: "0HNLSH342CL4A" }

[16:04:41 INF] Executing endpoint 'HTTP: GET /users' { EventId: { Name: "ExecutingEndpoint" }, SourceContext: "Microsoft.AspNetCore.Routing.EndpointMiddleware", RequestId: "0HNLSH342CL4A:00000001", RequestPath: "/users", ConnectionId: "0HNLSH342CL4A" }

[16:04:41 INF] Handling GetUsersQuery { SourceContext: "AppWeaver.Mediator.Behaviors.LoggingBehavior", RequestId: "0HNLSH342CL4A:00000001", RequestPath: "/users", ConnectionId: "0HNLSH342CL4A" }

[16:04:41 INF] CORS policy execution successful. { EventId: { Id: 4, Name: "PolicySuccess" }, SourceContext: "Microsoft.AspNetCore.Cors.Infrastructure.CorsService", RequestId: "0HNLSH342CL49:00000002", RequestPath: "/roles", ConnectionId: "0HNLSH342CL49" }

[16:04:41 INF] CORS policy execution successful. { EventId: { Id: 4, Name: "PolicySuccess" }, SourceContext: "Microsoft.AspNetCore.Cors.Infrastructure.CorsService", RequestId: "0HNLSH342CL48:00000003", RequestPath: "/departments", ConnectionId: "0HNLSH342CL48" }

[16:04:41 INF] Handled GetUsersQuery { SourceContext: "AppWeaver.Mediator.Behaviors.LoggingBehavior", RequestId: "0HNLSH342CL4A:00000001", RequestPath: "/users", ConnectionId: "0HNLSH342CL4A" }

[16:04:41 INF] Setting HTTP status code 200. { EventId: { Id: 1, Name: "WritingResultAsStatusCode" }, SourceContext: "Microsoft.AspNetCore.Http.Result.OkObjectResult", RequestId: "0HNLSH342CL4A:00000001", RequestPath: "/users", ConnectionId: "0HNLSH342CL4A" }

[16:04:41 INF] Writing value of type 'List`1' as Json. { EventId: { Id: 3, Name: "WritingResultAsJson" }, SourceContext: "Microsoft.AspNetCore.Http.Result.OkObjectResult", RequestId: "0HNLSH342CL4A:00000001", RequestPath: "/users", ConnectionId: "0HNLSH342CL4A" }

[16:04:41 INF] Executed endpoint 'HTTP: GET /users' { EventId: { Id: 1, Name: "ExecutedEndpoint" }, SourceContext: "Microsoft.AspNetCore.Routing.EndpointMiddleware", RequestId: "0HNLSH342CL4A:00000001", RequestPath: "/users", ConnectionId: "0HNLSH342CL4A" }

[16:15:26 INF] CORS policy execution successful. { EventId: { Id: 4, Name: "PolicySuccess" }, SourceContext: "Microsoft.AspNetCore.Cors.Infrastructure.CorsService", RequestId: "0HNLSH342CL4B:00000001", RequestPath: "/users", ConnectionId: "0HNLSH342CL4B" }

[16:15:26 INF] CORS policy execution successful. { EventId: { Id: 4, Name: "PolicySuccess" }, SourceContext: "Microsoft.AspNetCore.Cors.Infrastructure.CorsService", RequestId: "0HNLSH342CL4C:00000001", RequestPath: "/roles", ConnectionId: "0HNLSH342CL4C" }

[16:15:26 INF] CORS policy execution successful. { EventId: { Id: 4, Name: "PolicySuccess" }, SourceContext: "Microsoft.AspNetCore.Cors.Infrastructure.CorsService", RequestId: "0HNLSH342CL4D:00000001", RequestPath: "/departments", ConnectionId: "0HNLSH342CL4D" }

[16:15:26 INF] CORS policy execution successful. { EventId: { Id: 4, Name: "PolicySuccess" }, SourceContext: "Microsoft.AspNetCore.Cors.Infrastructure.CorsService", RequestId: "0HNLSH342CL4D:00000002", RequestPath: "/users", ConnectionId: "0HNLSH342CL4D" }

[16:15:26 INF] CORS policy execution successful. { EventId: { Id: 4, Name: "PolicySuccess" }, SourceContext: "Microsoft.AspNetCore.Cors.Infrastructure.CorsService", RequestId: "0HNLSH342CL4C:00000002", RequestPath: "/roles", ConnectionId: "0HNLSH342CL4C" }

[16:15:26 INF] Executing endpoint 'HTTP: GET /users' { EventId: { Name: "ExecutingEndpoint" }, SourceContext: "Microsoft.AspNetCore.Routing.EndpointMiddleware", RequestId: "0HNLSH342CL4D:00000002", RequestPath: "/users", ConnectionId: "0HNLSH342CL4D" }

[16:15:26 INF] CORS policy execution successful. { EventId: { Id: 4, Name: "PolicySuccess" }, SourceContext: "Microsoft.AspNetCore.Cors.Infrastructure.CorsService", RequestId: "0HNLSH342CL4B:00000002", RequestPath: "/departments", ConnectionId: "0HNLSH342CL4B" }

[16:15:26 INF] Handling GetUsersQuery { SourceContext: "AppWeaver.Mediator.Behaviors.LoggingBehavior", RequestId: "0HNLSH342CL4D:00000002", RequestPath: "/users", ConnectionId: "0HNLSH342CL4D" }

[16:15:26 INF] Handled GetUsersQuery { SourceContext: "AppWeaver.Mediator.Behaviors.LoggingBehavior", RequestId: "0HNLSH342CL4D:00000002", RequestPath: "/users", ConnectionId: "0HNLSH342CL4D" }

[16:15:26 INF] Setting HTTP status code 200. { EventId: { Id: 1, Name: "WritingResultAsStatusCode" }, SourceContext: "Microsoft.AspNetCore.Http.Result.OkObjectResult", RequestId: "0HNLSH342CL4D:00000002", RequestPath: "/users", ConnectionId: "0HNLSH342CL4D" }

[16:15:26 INF] Writing value of type 'List`1' as Json. { EventId: { Id: 3, Name: "WritingResultAsJson" }, SourceContext: "Microsoft.AspNetCore.Http.Result.OkObjectResult", RequestId: "0HNLSH342CL4D:00000002", RequestPath: "/users", ConnectionId: "0HNLSH342CL4D" }

[16:15:26 INF] Executed endpoint 'HTTP: GET /users' { EventId: { Id: 1, Name: "ExecutedEndpoint" }, SourceContext: "Microsoft.AspNetCore.Routing.EndpointMiddleware", RequestId: "0HNLSH342CL4D:00000002", RequestPath: "/users", ConnectionId: "0HNLSH342CL4D" }

[16:16:09 INF] CORS policy execution successful. { EventId: { Id: 4, Name: "PolicySuccess" }, SourceContext: "Microsoft.AspNetCore.Cors.Infrastructure.CorsService", RequestId: "0HNLSH342CL4D:00000003", RequestPath: "/users", ConnectionId: "0HNLSH342CL4D" }

[16:16:09 INF] CORS policy execution successful. { EventId: { Id: 4, Name: "PolicySuccess" }, SourceContext: "Microsoft.AspNetCore.Cors.Infrastructure.CorsService", RequestId: "0HNLSH342CL4B:00000003", RequestPath: "/roles", ConnectionId: "0HNLSH342CL4B" }

[16:16:09 INF] CORS policy execution successful. { EventId: { Id: 4, Name: "PolicySuccess" }, SourceContext: "Microsoft.AspNetCore.Cors.Infrastructure.CorsService", RequestId: "0HNLSH342CL4B:00000004", RequestPath: "/users", ConnectionId: "0HNLSH342CL4B" }

[16:16:09 INF] Executing endpoint 'HTTP: GET /users' { EventId: { Name: "ExecutingEndpoint" }, SourceContext: "Microsoft.AspNetCore.Routing.EndpointMiddleware", RequestId: "0HNLSH342CL4B:00000004", RequestPath: "/users", ConnectionId: "0HNLSH342CL4B" }

[16:16:09 INF] CORS policy execution successful. { EventId: { Id: 4, Name: "PolicySuccess" }, SourceContext: "Microsoft.AspNetCore.Cors.Infrastructure.CorsService", RequestId: "0HNLSH342CL4D:00000004", RequestPath: "/departments", ConnectionId: "0HNLSH342CL4D" }

[16:16:09 INF] Handling GetUsersQuery { SourceContext: "AppWeaver.Mediator.Behaviors.LoggingBehavior", RequestId: "0HNLSH342CL4B:00000004", RequestPath: "/users", ConnectionId: "0HNLSH342CL4B" }

[16:16:09 INF] CORS policy execution successful. { EventId: { Id: 4, Name: "PolicySuccess" }, SourceContext: "Microsoft.AspNetCore.Cors.Infrastructure.CorsService", RequestId: "0HNLSH342CL4C:00000003", RequestPath: "/roles", ConnectionId: "0HNLSH342CL4C" }

[16:16:09 INF] CORS policy execution successful. { EventId: { Id: 4, Name: "PolicySuccess" }, SourceContext: "Microsoft.AspNetCore.Cors.Infrastructure.CorsService", RequestId: "0HNLSH342CL4D:00000005", RequestPath: "/departments", ConnectionId: "0HNLSH342CL4D" }

[16:16:09 INF] Handled GetUsersQuery { SourceContext: "AppWeaver.Mediator.Behaviors.LoggingBehavior", RequestId: "0HNLSH342CL4B:00000004", RequestPath: "/users", ConnectionId: "0HNLSH342CL4B" }

[16:16:09 INF] Setting HTTP status code 200. { EventId: { Id: 1, Name: "WritingResultAsStatusCode" }, SourceContext: "Microsoft.AspNetCore.Http.Result.OkObjectResult", RequestId: "0HNLSH342CL4B:00000004", RequestPath: "/users", ConnectionId: "0HNLSH342CL4B" }

[16:16:09 INF] Writing value of type 'List`1' as Json. { EventId: { Id: 3, Name: "WritingResultAsJson" }, SourceContext: "Microsoft.AspNetCore.Http.Result.OkObjectResult", RequestId: "0HNLSH342CL4B:00000004", RequestPath: "/users", ConnectionId: "0HNLSH342CL4B" }

[16:16:09 INF] Executed endpoint 'HTTP: GET /users' { EventId: { Id: 1, Name: "ExecutedEndpoint" }, SourceContext: "Microsoft.AspNetCore.Routing.EndpointMiddleware", RequestId: "0HNLSH342CL4B:00000004", RequestPath: "/users", ConnectionId: "0HNLSH342CL4B" }

[16:34:42 INF] CORS policy execution successful. { EventId: { Id: 4, Name: "PolicySuccess" }, SourceContext: "Microsoft.AspNetCore.Cors.Infrastructure.CorsService", RequestId: "0HNLSH342CL4E:00000001", RequestPath: "/users", ConnectionId: "0HNLSH342CL4E" }

[16:34:42 INF] CORS policy execution successful. { EventId: { Id: 4, Name: "PolicySuccess" }, SourceContext: "Microsoft.AspNetCore.Cors.Infrastructure.CorsService", RequestId: "0HNLSH342CL4F:00000001", RequestPath: "/departments", ConnectionId: "0HNLSH342CL4F" }

[16:34:42 INF] CORS policy execution successful. { EventId: { Id: 4, Name: "PolicySuccess" }, SourceContext: "Microsoft.AspNetCore.Cors.Infrastructure.CorsService", RequestId: "0HNLSH342CL4G:00000001", RequestPath: "/roles", ConnectionId: "0HNLSH342CL4G" }

[16:34:42 INF] CORS policy execution successful. { EventId: { Id: 4, Name: "PolicySuccess" }, SourceContext: "Microsoft.AspNetCore.Cors.Infrastructure.CorsService", RequestId: "0HNLSH342CL4G:00000002", RequestPath: "/users", ConnectionId: "0HNLSH342CL4G" }

[16:34:42 INF] CORS policy execution successful. { EventId: { Id: 4, Name: "PolicySuccess" }, SourceContext: "Microsoft.AspNetCore.Cors.Infrastructure.CorsService", RequestId: "0HNLSH342CL4F:00000002", RequestPath: "/departments", ConnectionId: "0HNLSH342CL4F" }

[16:34:42 INF] CORS policy execution successful. { EventId: { Id: 4, Name: "PolicySuccess" }, SourceContext: "Microsoft.AspNetCore.Cors.Infrastructure.CorsService", RequestId: "0HNLSH342CL4E:00000002", RequestPath: "/roles", ConnectionId: "0HNLSH342CL4E" }

[16:34:42 INF] Executing endpoint 'HTTP: GET /users' { EventId: { Name: "ExecutingEndpoint" }, SourceContext: "Microsoft.AspNetCore.Routing.EndpointMiddleware", RequestId: "0HNLSH342CL4G:00000002", RequestPath: "/users", ConnectionId: "0HNLSH342CL4G" }

[16:34:42 INF] Handling GetUsersQuery { SourceContext: "AppWeaver.Mediator.Behaviors.LoggingBehavior", RequestId: "0HNLSH342CL4G:00000002", RequestPath: "/users", ConnectionId: "0HNLSH342CL4G" }

[16:34:42 INF] Handled GetUsersQuery { SourceContext: "AppWeaver.Mediator.Behaviors.LoggingBehavior", RequestId: "0HNLSH342CL4G:00000002", RequestPath: "/users", ConnectionId: "0HNLSH342CL4G" }

[16:34:42 INF] Setting HTTP status code 200. { EventId: { Id: 1, Name: "WritingResultAsStatusCode" }, SourceContext: "Microsoft.AspNetCore.Http.Result.OkObjectResult", RequestId: "0HNLSH342CL4G:00000002", RequestPath: "/users", ConnectionId: "0HNLSH342CL4G" }

[16:34:42 INF] Writing value of type 'List`1' as Json. { EventId: { Id: 3, Name: "WritingResultAsJson" }, SourceContext: "Microsoft.AspNetCore.Http.Result.OkObjectResult", RequestId: "0HNLSH342CL4G:00000002", RequestPath: "/users", ConnectionId: "0HNLSH342CL4G" }

[16:34:42 INF] Executed endpoint 'HTTP: GET /users' { EventId: { Id: 1, Name: "ExecutedEndpoint" }, SourceContext: "Microsoft.AspNetCore.Routing.EndpointMiddleware", RequestId: "0HNLSH342CL4G:00000002", RequestPath: "/users", ConnectionId: "0HNLSH342CL4G" }

[16:34:59 INF] CORS policy execution successful. { EventId: { Id: 4, Name: "PolicySuccess" }, SourceContext: "Microsoft.AspNetCore.Cors.Infrastructure.CorsService", RequestId: "0HNLSH342CL4E:00000003", RequestPath: "/departments", ConnectionId: "0HNLSH342CL4E" }

[16:34:59 INF] CORS policy execution successful. { EventId: { Id: 4, Name: "PolicySuccess" }, SourceContext: "Microsoft.AspNetCore.Cors.Infrastructure.CorsService", RequestId: "0HNLSH342CL4F:00000003", RequestPath: "/roles", ConnectionId: "0HNLSH342CL4F" }

[16:34:59 INF] CORS policy execution successful. { EventId: { Id: 4, Name: "PolicySuccess" }, SourceContext: "Microsoft.AspNetCore.Cors.Infrastructure.CorsService", RequestId: "0HNLSH342CL4G:00000003", RequestPath: "/users", ConnectionId: "0HNLSH342CL4G" }

[16:34:59 INF] CORS policy execution successful. { EventId: { Id: 4, Name: "PolicySuccess" }, SourceContext: "Microsoft.AspNetCore.Cors.Infrastructure.CorsService", RequestId: "0HNLSH342CL4G:00000004", RequestPath: "/roles", ConnectionId: "0HNLSH342CL4G" }

[16:34:59 INF] CORS policy execution successful. { EventId: { Id: 4, Name: "PolicySuccess" }, SourceContext: "Microsoft.AspNetCore.Cors.Infrastructure.CorsService", RequestId: "0HNLSH342CL4E:00000004", RequestPath: "/departments", ConnectionId: "0HNLSH342CL4E" }

[16:34:59 INF] CORS policy execution successful. { EventId: { Id: 4, Name: "PolicySuccess" }, SourceContext: "Microsoft.AspNetCore.Cors.Infrastructure.CorsService", RequestId: "0HNLSH342CL4F:00000004", RequestPath: "/users", ConnectionId: "0HNLSH342CL4F" }

[16:34:59 INF] Executing endpoint 'HTTP: GET /users' { EventId: { Name: "ExecutingEndpoint" }, SourceContext: "Microsoft.AspNetCore.Routing.EndpointMiddleware", RequestId: "0HNLSH342CL4F:00000004", RequestPath: "/users", ConnectionId: "0HNLSH342CL4F" }

[16:34:59 INF] Handling GetUsersQuery { SourceContext: "AppWeaver.Mediator.Behaviors.LoggingBehavior", RequestId: "0HNLSH342CL4F:00000004", RequestPath: "/users", ConnectionId: "0HNLSH342CL4F" }

[16:34:59 INF] Handled GetUsersQuery { SourceContext: "AppWeaver.Mediator.Behaviors.LoggingBehavior", RequestId: "0HNLSH342CL4F:00000004", RequestPath: "/users", ConnectionId: "0HNLSH342CL4F" }

[16:34:59 INF] Setting HTTP status code 200. { EventId: { Id: 1, Name: "WritingResultAsStatusCode" }, SourceContext: "Microsoft.AspNetCore.Http.Result.OkObjectResult", RequestId: "0HNLSH342CL4F:00000004", RequestPath: "/users", ConnectionId: "0HNLSH342CL4F" }

[16:34:59 INF] Writing value of type 'List`1' as Json. { EventId: { Id: 3, Name: "WritingResultAsJson" }, SourceContext: "Microsoft.AspNetCore.Http.Result.OkObjectResult", RequestId: "0HNLSH342CL4F:00000004", RequestPath: "/users", ConnectionId: "0HNLSH342CL4F" }

[16:34:59 INF] Executed endpoint 'HTTP: GET /users' { EventId: { Id: 1, Name: "ExecutedEndpoint" }, SourceContext: "Microsoft.AspNetCore.Routing.EndpointMiddleware", RequestId: "0HNLSH342CL4F:00000004", RequestPath: "/users", ConnectionId: "0HNLSH342CL4F" }

[16:38:40 INF] CORS policy execution successful. { EventId: { Id: 4, Name: "PolicySuccess" }, SourceContext: "Microsoft.AspNetCore.Cors.Infrastructure.CorsService", RequestId: "0HNLSH342CL4H:00000001", RequestPath: "/users", ConnectionId: "0HNLSH342CL4H" }

[16:38:40 INF] CORS policy execution successful. { EventId: { Id: 4, Name: "PolicySuccess" }, SourceContext: "Microsoft.AspNetCore.Cors.Infrastructure.CorsService", RequestId: "0HNLSH342CL4J:00000001", RequestPath: "/roles", ConnectionId: "0HNLSH342CL4J" }

[16:38:40 INF] CORS policy execution successful. { EventId: { Id: 4, Name: "PolicySuccess" }, SourceContext: "Microsoft.AspNetCore.Cors.Infrastructure.CorsService", RequestId: "0HNLSH342CL4I:00000001", RequestPath: "/departments", ConnectionId: "0HNLSH342CL4I" }

[16:38:40 INF] CORS policy execution successful. { EventId: { Id: 4, Name: "PolicySuccess" }, SourceContext: "Microsoft.AspNetCore.Cors.Infrastructure.CorsService", RequestId: "0HNLSH342CL4I:00000002", RequestPath: "/users", ConnectionId: "0HNLSH342CL4I" }

[16:38:40 INF] Executing endpoint 'HTTP: GET /users' { EventId: { Name: "ExecutingEndpoint" }, SourceContext: "Microsoft.AspNetCore.Routing.EndpointMiddleware", RequestId: "0HNLSH342CL4I:00000002", RequestPath: "/users", ConnectionId: "0HNLSH342CL4I" }

[16:38:40 INF] Handling GetUsersQuery { SourceContext: "AppWeaver.Mediator.Behaviors.LoggingBehavior", RequestId: "0HNLSH342CL4I:00000002", RequestPath: "/users", ConnectionId: "0HNLSH342CL4I" }

[16:38:40 INF] CORS policy execution successful. { EventId: { Id: 4, Name: "PolicySuccess" }, SourceContext: "Microsoft.AspNetCore.Cors.Infrastructure.CorsService", RequestId: "0HNLSH342CL4H:00000002", RequestPath: "/departments", ConnectionId: "0HNLSH342CL4H" }

[16:38:40 INF] CORS policy execution successful. { EventId: { Id: 4, Name: "PolicySuccess" }, SourceContext: "Microsoft.AspNetCore.Cors.Infrastructure.CorsService", RequestId: "0HNLSH342CL4J:00000002", RequestPath: "/roles", ConnectionId: "0HNLSH342CL4J" }

[16:38:40 INF] Handled GetUsersQuery { SourceContext: "AppWeaver.Mediator.Behaviors.LoggingBehavior", RequestId: "0HNLSH342CL4I:00000002", RequestPath: "/users", ConnectionId: "0HNLSH342CL4I" }

[16:38:40 INF] Setting HTTP status code 200. { EventId: { Id: 1, Name: "WritingResultAsStatusCode" }, SourceContext: "Microsoft.AspNetCore.Http.Result.OkObjectResult", RequestId: "0HNLSH342CL4I:00000002", RequestPath: "/users", ConnectionId: "0HNLSH342CL4I" }

[16:38:40 INF] Writing value of type 'List`1' as Json. { EventId: { Id: 3, Name: "WritingResultAsJson" }, SourceContext: "Microsoft.AspNetCore.Http.Result.OkObjectResult", RequestId: "0HNLSH342CL4I:00000002", RequestPath: "/users", ConnectionId: "0HNLSH342CL4I" }

[16:38:40 INF] Executed endpoint 'HTTP: GET /users' { EventId: { Id: 1, Name: "ExecutedEndpoint" }, SourceContext: "Microsoft.AspNetCore.Routing.EndpointMiddleware", RequestId: "0HNLSH342CL4I:00000002", RequestPath: "/users", ConnectionId: "0HNLSH342CL4I" }

[16:38:52 INF] CORS policy execution successful. { EventId: { Id: 4, Name: "PolicySuccess" }, SourceContext: "Microsoft.AspNetCore.Cors.Infrastructure.CorsService", RequestId: "0HNLSH342CL4I:00000003", RequestPath: "/users", ConnectionId: "0HNLSH342CL4I" }

[16:38:52 INF] CORS policy execution successful. { EventId: { Id: 4, Name: "PolicySuccess" }, SourceContext: "Microsoft.AspNetCore.Cors.Infrastructure.CorsService", RequestId: "0HNLSH342CL4J:00000003", RequestPath: "/roles", ConnectionId: "0HNLSH342CL4J" }

[16:38:52 INF] CORS policy execution successful. { EventId: { Id: 4, Name: "PolicySuccess" }, SourceContext: "Microsoft.AspNetCore.Cors.Infrastructure.CorsService", RequestId: "0HNLSH342CL4J:00000004", RequestPath: "/users", ConnectionId: "0HNLSH342CL4J" }

[16:38:52 INF] Executing endpoint 'HTTP: GET /users' { EventId: { Name: "ExecutingEndpoint" }, SourceContext: "Microsoft.AspNetCore.Routing.EndpointMiddleware", RequestId: "0HNLSH342CL4J:00000004", RequestPath: "/users", ConnectionId: "0HNLSH342CL4J" }

[16:38:52 INF] CORS policy execution successful. { EventId: { Id: 4, Name: "PolicySuccess" }, SourceContext: "Microsoft.AspNetCore.Cors.Infrastructure.CorsService", RequestId: "0HNLSH342CL4H:00000003", RequestPath: "/roles", ConnectionId: "0HNLSH342CL4H" }

[16:38:52 INF] CORS policy execution successful. { EventId: { Id: 4, Name: "PolicySuccess" }, SourceContext: "Microsoft.AspNetCore.Cors.Infrastructure.CorsService", RequestId: "0HNLSH342CL4I:00000004", RequestPath: "/departments", ConnectionId: "0HNLSH342CL4I" }

[16:38:52 INF] Handling GetUsersQuery { SourceContext: "AppWeaver.Mediator.Behaviors.LoggingBehavior", RequestId: "0HNLSH342CL4J:00000004", RequestPath: "/users", ConnectionId: "0HNLSH342CL4J" }

[16:38:52 INF] CORS policy execution successful. { EventId: { Id: 4, Name: "PolicySuccess" }, SourceContext: "Microsoft.AspNetCore.Cors.Infrastructure.CorsService", RequestId: "0HNLSH342CL4H:00000004", RequestPath: "/departments", ConnectionId: "0HNLSH342CL4H" }

[16:38:52 INF] Handled GetUsersQuery { SourceContext: "AppWeaver.Mediator.Behaviors.LoggingBehavior", RequestId: "0HNLSH342CL4J:00000004", RequestPath: "/users", ConnectionId: "0HNLSH342CL4J" }

[16:38:52 INF] Setting HTTP status code 200. { EventId: { Id: 1, Name: "WritingResultAsStatusCode" }, SourceContext: "Microsoft.AspNetCore.Http.Result.OkObjectResult", RequestId: "0HNLSH342CL4J:00000004", RequestPath: "/users", ConnectionId: "0HNLSH342CL4J" }

[16:38:52 INF] Writing value of type 'List`1' as Json. { EventId: { Id: 3, Name: "WritingResultAsJson" }, SourceContext: "Microsoft.AspNetCore.Http.Result.OkObjectResult", RequestId: "0HNLSH342CL4J:00000004", RequestPath: "/users", ConnectionId: "0HNLSH342CL4J" }

[16:38:52 INF] Executed endpoint 'HTTP: GET /users' { EventId: { Id: 1, Name: "ExecutedEndpoint" }, SourceContext: "Microsoft.AspNetCore.Routing.EndpointMiddleware", RequestId: "0HNLSH342CL4J:00000004", RequestPath: "/users", ConnectionId: "0HNLSH342CL4J" }

[16:39:20 INF] CORS policy execution successful. { EventId: { Id: 4, Name: "PolicySuccess" }, SourceContext: "Microsoft.AspNetCore.Cors.Infrastructure.CorsService", RequestId: "0HNLSH342CL4H:00000005", RequestPath: "/roles", ConnectionId: "0HNLSH342CL4H" }

[16:39:20 INF] CORS policy execution successful. { EventId: { Id: 4, Name: "PolicySuccess" }, SourceContext: "Microsoft.AspNetCore.Cors.Infrastructure.CorsService", RequestId: "0HNLSH342CL4I:00000005", RequestPath: "/departments", ConnectionId: "0HNLSH342CL4I" }

[16:39:20 INF] CORS policy execution successful. { EventId: { Id: 4, Name: "PolicySuccess" }, SourceContext: "Microsoft.AspNetCore.Cors.Infrastructure.CorsService", RequestId: "0HNLSH342CL4J:00000005", RequestPath: "/users", ConnectionId: "0HNLSH342CL4J" }

[16:39:20 INF] CORS policy execution successful. { EventId: { Id: 4, Name: "PolicySuccess" }, SourceContext: "Microsoft.AspNetCore.Cors.Infrastructure.CorsService", RequestId: "0HNLSH342CL4J:00000006", RequestPath: "/users", ConnectionId: "0HNLSH342CL4J" }

[16:39:20 INF] CORS policy execution successful. { EventId: { Id: 4, Name: "PolicySuccess" }, SourceContext: "Microsoft.AspNetCore.Cors.Infrastructure.CorsService", RequestId: "0HNLSH342CL4H:00000006", RequestPath: "/departments", ConnectionId: "0HNLSH342CL4H" }

[16:39:20 INF] CORS policy execution successful. { EventId: { Id: 4, Name: "PolicySuccess" }, SourceContext: "Microsoft.AspNetCore.Cors.Infrastructure.CorsService", RequestId: "0HNLSH342CL4I:00000006", RequestPath: "/roles", ConnectionId: "0HNLSH342CL4I" }

[16:39:20 INF] Executing endpoint 'HTTP: GET /users' { EventId: { Name: "ExecutingEndpoint" }, SourceContext: "Microsoft.AspNetCore.Routing.EndpointMiddleware", RequestId: "0HNLSH342CL4J:00000006", RequestPath: "/users", ConnectionId: "0HNLSH342CL4J" }

[16:39:20 INF] Handling GetUsersQuery { SourceContext: "AppWeaver.Mediator.Behaviors.LoggingBehavior", RequestId: "0HNLSH342CL4J:00000006", RequestPath: "/users", ConnectionId: "0HNLSH342CL4J" }

[16:39:20 INF] Handled GetUsersQuery { SourceContext: "AppWeaver.Mediator.Behaviors.LoggingBehavior", RequestId: "0HNLSH342CL4J:00000006", RequestPath: "/users", ConnectionId: "0HNLSH342CL4J" }

[16:39:20 INF] Setting HTTP status code 200. { EventId: { Id: 1, Name: "WritingResultAsStatusCode" }, SourceContext: "Microsoft.AspNetCore.Http.Result.OkObjectResult", RequestId: "0HNLSH342CL4J:00000006", RequestPath: "/users", ConnectionId: "0HNLSH342CL4J" }

[16:39:20 INF] Writing value of type 'List`1' as Json. { EventId: { Id: 3, Name: "WritingResultAsJson" }, SourceContext: "Microsoft.AspNetCore.Http.Result.OkObjectResult", RequestId: "0HNLSH342CL4J:00000006", RequestPath: "/users", ConnectionId: "0HNLSH342CL4J" }

[16:39:20 INF] Executed endpoint 'HTTP: GET /users' { EventId: { Id: 1, Name: "ExecutedEndpoint" }, SourceContext: "Microsoft.AspNetCore.Routing.EndpointMiddleware", RequestId: "0HNLSH342CL4J:00000006", RequestPath: "/users", ConnectionId: "0HNLSH342CL4J" }

[16:39:47 INF] CORS policy execution successful. { EventId: { Id: 4, Name: "PolicySuccess" }, SourceContext: "Microsoft.AspNetCore.Cors.Infrastructure.CorsService", RequestId: "0HNLSH342CL4J:00000007", RequestPath: "/users", ConnectionId: "0HNLSH342CL4J" }

[16:39:47 INF] CORS policy execution successful. { EventId: { Id: 4, Name: "PolicySuccess" }, SourceContext: "Microsoft.AspNetCore.Cors.Infrastructure.CorsService", RequestId: "0HNLSH342CL4J:00000008", RequestPath: "/users", ConnectionId: "0HNLSH342CL4J" }

[16:39:47 INF] Executing endpoint 'HTTP: POST /users' { EventId: { Name: "ExecutingEndpoint" }, SourceContext: "Microsoft.AspNetCore.Routing.EndpointMiddleware", RequestId: "0HNLSH342CL4J:00000008", RequestPath: "/users", ConnectionId: "0HNLSH342CL4J" }

[16:39:47 INF] Executed endpoint 'HTTP: POST /users' { EventId: { Id: 1, Name: "ExecutedEndpoint" }, SourceContext: "Microsoft.AspNetCore.Routing.EndpointMiddleware", RequestId: "0HNLSH342CL4J:00000008", RequestPath: "/users", ConnectionId: "0HNLSH342CL4J" }

[16:42:40 INF] CORS policy execution successful. { EventId: { Id: 4, Name: "PolicySuccess" }, SourceContext: "Microsoft.AspNetCore.Cors.Infrastructure.CorsService", RequestId: "0HNLSH342CL4M:00000001", RequestPath: "/users", ConnectionId: "0HNLSH342CL4M" }

[16:42:40 INF] CORS policy execution successful. { EventId: { Id: 4, Name: "PolicySuccess" }, SourceContext: "Microsoft.AspNetCore.Cors.Infrastructure.CorsService", RequestId: "0HNLSH342CL4N:00000001", RequestPath: "/roles", ConnectionId: "0HNLSH342CL4N" }

[16:42:40 INF] CORS policy execution successful. { EventId: { Id: 4, Name: "PolicySuccess" }, SourceContext: "Microsoft.AspNetCore.Cors.Infrastructure.CorsService", RequestId: "0HNLSH342CL4O:00000001", RequestPath: "/departments", ConnectionId: "0HNLSH342CL4O" }

[16:42:40 INF] CORS policy execution successful. { EventId: { Id: 4, Name: "PolicySuccess" }, SourceContext: "Microsoft.AspNetCore.Cors.Infrastructure.CorsService", RequestId: "0HNLSH342CL4O:00000002", RequestPath: "/users", ConnectionId: "0HNLSH342CL4O" }

[16:42:40 INF] CORS policy execution successful. { EventId: { Id: 4, Name: "PolicySuccess" }, SourceContext: "Microsoft.AspNetCore.Cors.Infrastructure.CorsService", RequestId: "0HNLSH342CL4N:00000002", RequestPath: "/roles", ConnectionId: "0HNLSH342CL4N" }

[16:42:40 INF] CORS policy execution successful. { EventId: { Id: 4, Name: "PolicySuccess" }, SourceContext: "Microsoft.AspNetCore.Cors.Infrastructure.CorsService", RequestId: "0HNLSH342CL4M:00000002", RequestPath: "/departments", ConnectionId: "0HNLSH342CL4M" }

[16:42:40 INF] Executing endpoint 'HTTP: GET /users' { EventId: { Name: "ExecutingEndpoint" }, SourceContext: "Microsoft.AspNetCore.Routing.EndpointMiddleware", RequestId: "0HNLSH342CL4O:00000002", RequestPath: "/users", ConnectionId: "0HNLSH342CL4O" }

[16:42:40 INF] Handling GetUsersQuery { SourceContext: "AppWeaver.Mediator.Behaviors.LoggingBehavior", RequestId: "0HNLSH342CL4O:00000002", RequestPath: "/users", ConnectionId: "0HNLSH342CL4O" }

[16:42:40 INF] Handled GetUsersQuery { SourceContext: "AppWeaver.Mediator.Behaviors.LoggingBehavior", RequestId: "0HNLSH342CL4O:00000002", RequestPath: "/users", ConnectionId: "0HNLSH342CL4O" }

[16:42:40 INF] Setting HTTP status code 200. { EventId: { Id: 1, Name: "WritingResultAsStatusCode" }, SourceContext: "Microsoft.AspNetCore.Http.Result.OkObjectResult", RequestId: "0HNLSH342CL4O:00000002", RequestPath: "/users", ConnectionId: "0HNLSH342CL4O" }

[16:42:40 INF] Writing value of type 'List`1' as Json. { EventId: { Id: 3, Name: "WritingResultAsJson" }, SourceContext: "Microsoft.AspNetCore.Http.Result.OkObjectResult", RequestId: "0HNLSH342CL4O:00000002", RequestPath: "/users", ConnectionId: "0HNLSH342CL4O" }

[16:42:40 INF] Executed endpoint 'HTTP: GET /users' { EventId: { Id: 1, Name: "ExecutedEndpoint" }, SourceContext: "Microsoft.AspNetCore.Routing.EndpointMiddleware", RequestId: "0HNLSH342CL4O:00000002", RequestPath: "/users", ConnectionId: "0HNLSH342CL4O" }

[17:56:57 INF] CORS policy execution successful. { EventId: { Id: 4, Name: "PolicySuccess" }, SourceContext: "Microsoft.AspNetCore.Cors.Infrastructure.CorsService", RequestId: "0HNLSH342CL4P:00000001", RequestPath: "/users", ConnectionId: "0HNLSH342CL4P" }

[17:56:57 INF] CORS policy execution successful. { EventId: { Id: 4, Name: "PolicySuccess" }, SourceContext: "Microsoft.AspNetCore.Cors.Infrastructure.CorsService", RequestId: "0HNLSH342CL4P:00000002", RequestPath: "/users", ConnectionId: "0HNLSH342CL4P" }

[17:56:57 INF] Executing endpoint 'HTTP: GET /users' { EventId: { Name: "ExecutingEndpoint" }, SourceContext: "Microsoft.AspNetCore.Routing.EndpointMiddleware", RequestId: "0HNLSH342CL4P:00000002", RequestPath: "/users", ConnectionId: "0HNLSH342CL4P" }

[17:56:57 INF] Handling GetUsersQuery { SourceContext: "AppWeaver.Mediator.Behaviors.LoggingBehavior", RequestId: "0HNLSH342CL4P:00000002", RequestPath: "/users", ConnectionId: "0HNLSH342CL4P" }

[17:56:57 INF] Handled GetUsersQuery { SourceContext: "AppWeaver.Mediator.Behaviors.LoggingBehavior", RequestId: "0HNLSH342CL4P:00000002", RequestPath: "/users", ConnectionId: "0HNLSH342CL4P" }

[17:56:57 INF] Setting HTTP status code 200. { EventId: { Id: 1, Name: "WritingResultAsStatusCode" }, SourceContext: "Microsoft.AspNetCore.Http.Result.OkObjectResult", RequestId: "0HNLSH342CL4P:00000002", RequestPath: "/users", ConnectionId: "0HNLSH342CL4P" }

[17:56:57 INF] Writing value of type 'List`1' as Json. { EventId: { Id: 3, Name: "WritingResultAsJson" }, SourceContext: "Microsoft.AspNetCore.Http.Result.OkObjectResult", RequestId: "0HNLSH342CL4P:00000002", RequestPath: "/users", ConnectionId: "0HNLSH342CL4P" }

[17:56:57 INF] Executed endpoint 'HTTP: GET /users' { EventId: { Id: 1, Name: "ExecutedEndpoint" }, SourceContext: "Microsoft.AspNetCore.Routing.EndpointMiddleware", RequestId: "0HNLSH342CL4P:00000002", RequestPath: "/users", ConnectionId: "0HNLSH342CL4P" }

[18:06:03 INF] Application is shutting down... { SourceContext: "Microsoft.Hosting.Lifetime" }

[18:06:55 INF] No migrations were applied. The database is already up to date. { EventId: { Id: 20405, Name: "Microsoft.EntityFrameworkCore.Migrations.MigrationsNotApplied" }, SourceContext: "Microsoft.EntityFrameworkCore.Migrations" }

[18:06:55 INF] No migrations were applied. The database is already up to date. { EventId: { Id: 20405, Name: "Microsoft.EntityFrameworkCore.Migrations.MigrationsNotApplied" }, SourceContext: "Microsoft.EntityFrameworkCore.Migrations" }

[18:06:55 INF] Registered 3 endpoints in 6,523 milliseconds. { EventId: { Id: 1, Name: "EndpointsRegistered" }, SourceContext: "FastEndpoints.StartupTimer" }

[18:06:56 INF] No validators found in the system! { EventId: { Id: 1, Name: "NoValidatorsFound" }, SourceContext: "FastEndpoints.Swagger.ValidationSchemaProcessor" }

[18:06:56 INF] User profile is available. Using 'C:\Users\MariyaAF\AppData\Local\ASP.NET\DataProtection-Keys' as key repository and Windows DPAPI to encrypt keys at rest. { EventId: { Id: 63, Name: "UsingProfileAsKeyRepositoryWithDPAPI" }, SourceContext: "Microsoft.AspNetCore.DataProtection.KeyManagement.XmlKeyManager" }

[18:06:56 WRN] The property 'AuditLog.Metadata' is a collection or enumeration type with a value converter but with no value comparer. Set a value comparer to ensure the collection/enumeration elements are compared correctly. { EventId: { Id: 10620, Name: "Microsoft.EntityFrameworkCore.Model.Validation.CollectionWithoutComparer" }, SourceContext: "Microsoft.EntityFrameworkCore.Model.Validation" }

[18:06:57 INF] No migrations were found in assembly 'BytesRewards.Service'. A migration needs to be added before the database can be updated. { EventId: { Id: 20406, Name: "Microsoft.EntityFrameworkCore.Migrations.MigrationsNotFound" }, SourceContext: "Microsoft.EntityFrameworkCore.Migrations" }

[18:06:57 INF] No migrations were applied. The database is already up to date. { EventId: { Id: 20405, Name: "Microsoft.EntityFrameworkCore.Migrations.MigrationsNotApplied" }, SourceContext: "Microsoft.EntityFrameworkCore.Migrations" }

[18:06:57 INF] Now listening on: http://localhost:49994 { EventId: { Id: 14, Name: "ListeningOnAddress" }, SourceContext: "Microsoft.Hosting.Lifetime" }

[18:06:57 INF] Application started. Press Ctrl+C to shut down. { SourceContext: "Microsoft.Hosting.Lifetime" }

[18:06:57 INF] Hosting environment: Development { SourceContext: "Microsoft.Hosting.Lifetime" }

[18:06:57 INF] Content root path: C:\Users\MariyaAF\Desktop\BytesRewards\BytesRewards\src\BytesRewards.Service { SourceContext: "Microsoft.Hosting.Lifetime" }

[18:06:58 INF] CORS policy execution successful. { EventId: { Id: 4, Name: "PolicySuccess" }, SourceContext: "Microsoft.AspNetCore.Cors.Infrastructure.CorsService", RequestId: "0HNLSMN7KJNHI:00000001", RequestPath: "/users", ConnectionId: "0HNLSMN7KJNHI" }

[18:07:01 INF] CORS policy execution successful. { EventId: { Id: 4, Name: "PolicySuccess" }, SourceContext: "Microsoft.AspNetCore.Cors.Infrastructure.CorsService", RequestId: "0HNLSMN7KJNHJ:00000001", RequestPath: "/users", ConnectionId: "0HNLSMN7KJNHJ" }

[18:07:03 INF] CORS policy execution successful. { EventId: { Id: 4, Name: "PolicySuccess" }, SourceContext: "Microsoft.AspNetCore.Cors.Infrastructure.CorsService", RequestId: "0HNLSMN7KJNHK:00000001", RequestPath: "/users", ConnectionId: "0HNLSMN7KJNHK" }

[18:07:03 INF] Executing endpoint 'HTTP: GET /users' { EventId: { Name: "ExecutingEndpoint" }, SourceContext: "Microsoft.AspNetCore.Routing.EndpointMiddleware", RequestId: "0HNLSMN7KJNHK:00000001", RequestPath: "/users", ConnectionId: "0HNLSMN7KJNHK" }

[18:07:03 INF] Handling GetUsersQuery { SourceContext: "AppWeaver.Mediator.Behaviors.LoggingBehavior", RequestId: "0HNLSMN7KJNHK:00000001", RequestPath: "/users", ConnectionId: "0HNLSMN7KJNHK" }

[18:07:04 INF] Handled GetUsersQuery { SourceContext: "AppWeaver.Mediator.Behaviors.LoggingBehavior", RequestId: "0HNLSMN7KJNHK:00000001", RequestPath: "/users", ConnectionId: "0HNLSMN7KJNHK" }

[18:07:04 INF] Setting HTTP status code 200. { EventId: { Id: 1, Name: "WritingResultAsStatusCode" }, SourceContext: "Microsoft.AspNetCore.Http.Result.OkObjectResult", RequestId: "0HNLSMN7KJNHK:00000001", RequestPath: "/users", ConnectionId: "0HNLSMN7KJNHK" }

[18:07:04 INF] Writing value of type 'List`1' as Json. { EventId: { Id: 3, Name: "WritingResultAsJson" }, SourceContext: "Microsoft.AspNetCore.Http.Result.OkObjectResult", RequestId: "0HNLSMN7KJNHK:00000001", RequestPath: "/users", ConnectionId: "0HNLSMN7KJNHK" }

[18:07:04 INF] Executed endpoint 'HTTP: GET /users' { EventId: { Id: 1, Name: "ExecutedEndpoint" }, SourceContext: "Microsoft.AspNetCore.Routing.EndpointMiddleware", RequestId: "0HNLSMN7KJNHK:00000001", RequestPath: "/users", ConnectionId: "0HNLSMN7KJNHK" }

[18:09:43 INF] CORS policy execution successful. { EventId: { Id: 4, Name: "PolicySuccess" }, SourceContext: "Microsoft.AspNetCore.Cors.Infrastructure.CorsService", RequestId: "0HNLSMN7KJNHL:00000001", RequestPath: "/departments", ConnectionId: "0HNLSMN7KJNHL" }

[18:09:43 INF] CORS policy execution successful. { EventId: { Id: 4, Name: "PolicySuccess" }, SourceContext: "Microsoft.AspNetCore.Cors.Infrastructure.CorsService", RequestId: "0HNLSMN7KJNHN:00000001", RequestPath: "/roles", ConnectionId: "0HNLSMN7KJNHN" }

[18:09:43 INF] CORS policy execution successful. { EventId: { Id: 4, Name: "PolicySuccess" }, SourceContext: "Microsoft.AspNetCore.Cors.Infrastructure.CorsService", RequestId: "0HNLSMN7KJNHM:00000001", RequestPath: "/users", ConnectionId: "0HNLSMN7KJNHM" }

[18:09:43 INF] CORS policy execution successful. { EventId: { Id: 4, Name: "PolicySuccess" }, SourceContext: "Microsoft.AspNetCore.Cors.Infrastructure.CorsService", RequestId: "0HNLSMN7KJNHM:00000002", RequestPath: "/users", ConnectionId: "0HNLSMN7KJNHM" }

[18:09:43 INF] CORS policy execution successful. { EventId: { Id: 4, Name: "PolicySuccess" }, SourceContext: "Microsoft.AspNetCore.Cors.Infrastructure.CorsService", RequestId: "0HNLSMN7KJNHN:00000002", RequestPath: "/departments", ConnectionId: "0HNLSMN7KJNHN" }

[18:09:43 INF] CORS policy execution successful. { EventId: { Id: 4, Name: "PolicySuccess" }, SourceContext: "Microsoft.AspNetCore.Cors.Infrastructure.CorsService", RequestId: "0HNLSMN7KJNHL:00000002", RequestPath: "/roles", ConnectionId: "0HNLSMN7KJNHL" }

[18:09:43 INF] Executing endpoint 'HTTP: GET /users' { EventId: { Name: "ExecutingEndpoint" }, SourceContext: "Microsoft.AspNetCore.Routing.EndpointMiddleware", RequestId: "0HNLSMN7KJNHM:00000002", RequestPath: "/users", ConnectionId: "0HNLSMN7KJNHM" }

[18:09:43 INF] Handling GetUsersQuery { SourceContext: "AppWeaver.Mediator.Behaviors.LoggingBehavior", RequestId: "0HNLSMN7KJNHM:00000002", RequestPath: "/users", ConnectionId: "0HNLSMN7KJNHM" }

[18:09:43 INF] Handled GetUsersQuery { SourceContext: "AppWeaver.Mediator.Behaviors.LoggingBehavior", RequestId: "0HNLSMN7KJNHM:00000002", RequestPath: "/users", ConnectionId: "0HNLSMN7KJNHM" }

[18:09:43 INF] Setting HTTP status code 200. { EventId: { Id: 1, Name: "WritingResultAsStatusCode" }, SourceContext: "Microsoft.AspNetCore.Http.Result.OkObjectResult", RequestId: "0HNLSMN7KJNHM:00000002", RequestPath: "/users", ConnectionId: "0HNLSMN7KJNHM" }

[18:09:43 INF] Writing value of type 'List`1' as Json. { EventId: { Id: 3, Name: "WritingResultAsJson" }, SourceContext: "Microsoft.AspNetCore.Http.Result.OkObjectResult", RequestId: "0HNLSMN7KJNHM:00000002", RequestPath: "/users", ConnectionId: "0HNLSMN7KJNHM" }

[18:09:43 INF] Executed endpoint 'HTTP: GET /users' { EventId: { Id: 1, Name: "ExecutedEndpoint" }, SourceContext: "Microsoft.AspNetCore.Routing.EndpointMiddleware", RequestId: "0HNLSMN7KJNHM:00000002", RequestPath: "/users", ConnectionId: "0HNLSMN7KJNHM" }

[18:10:49 INF] CORS policy execution successful. { EventId: { Id: 4, Name: "PolicySuccess" }, SourceContext: "Microsoft.AspNetCore.Cors.Infrastructure.CorsService", RequestId: "0HNLSMN7KJNHM:00000003", RequestPath: "/users", ConnectionId: "0HNLSMN7KJNHM" }

[18:10:49 INF] CORS policy execution successful. { EventId: { Id: 4, Name: "PolicySuccess" }, SourceContext: "Microsoft.AspNetCore.Cors.Infrastructure.CorsService", RequestId: "0HNLSMN7KJNHL:00000003", RequestPath: "/roles", ConnectionId: "0HNLSMN7KJNHL" }

[18:10:49 INF] CORS policy execution successful. { EventId: { Id: 4, Name: "PolicySuccess" }, SourceContext: "Microsoft.AspNetCore.Cors.Infrastructure.CorsService", RequestId: "0HNLSMN7KJNHN:00000003", RequestPath: "/departments", ConnectionId: "0HNLSMN7KJNHN" }

[18:10:49 INF] CORS policy execution successful. { EventId: { Id: 4, Name: "PolicySuccess" }, SourceContext: "Microsoft.AspNetCore.Cors.Infrastructure.CorsService", RequestId: "0HNLSMN7KJNHN:00000004", RequestPath: "/users", ConnectionId: "0HNLSMN7KJNHN" }

[18:10:49 INF] CORS policy execution successful. { EventId: { Id: 4, Name: "PolicySuccess" }, SourceContext: "Microsoft.AspNetCore.Cors.Infrastructure.CorsService", RequestId: "0HNLSMN7KJNHL:00000004", RequestPath: "/departments", ConnectionId: "0HNLSMN7KJNHL" }

[18:10:49 INF] CORS policy execution successful. { EventId: { Id: 4, Name: "PolicySuccess" }, SourceContext: "Microsoft.AspNetCore.Cors.Infrastructure.CorsService", RequestId: "0HNLSMN7KJNHM:00000004", RequestPath: "/roles", ConnectionId: "0HNLSMN7KJNHM" }

[18:10:49 INF] Executing endpoint 'HTTP: GET /users' { EventId: { Name: "ExecutingEndpoint" }, SourceContext: "Microsoft.AspNetCore.Routing.EndpointMiddleware", RequestId: "0HNLSMN7KJNHN:00000004", RequestPath: "/users", ConnectionId: "0HNLSMN7KJNHN" }

[18:10:49 INF] Handling GetUsersQuery { SourceContext: "AppWeaver.Mediator.Behaviors.LoggingBehavior", RequestId: "0HNLSMN7KJNHN:00000004", RequestPath: "/users", ConnectionId: "0HNLSMN7KJNHN" }

[18:10:49 INF] Handled GetUsersQuery { SourceContext: "AppWeaver.Mediator.Behaviors.LoggingBehavior", RequestId: "0HNLSMN7KJNHN:00000004", RequestPath: "/users", ConnectionId: "0HNLSMN7KJNHN" }

[18:10:49 INF] Setting HTTP status code 200. { EventId: { Id: 1, Name: "WritingResultAsStatusCode" }, SourceContext: "Microsoft.AspNetCore.Http.Result.OkObjectResult", RequestId: "0HNLSMN7KJNHN:00000004", RequestPath: "/users", ConnectionId: "0HNLSMN7KJNHN" }

[18:10:49 INF] Writing value of type 'List`1' as Json. { EventId: { Id: 3, Name: "WritingResultAsJson" }, SourceContext: "Microsoft.AspNetCore.Http.Result.OkObjectResult", RequestId: "0HNLSMN7KJNHN:00000004", RequestPath: "/users", ConnectionId: "0HNLSMN7KJNHN" }

[18:10:49 INF] Executed endpoint 'HTTP: GET /users' { EventId: { Id: 1, Name: "ExecutedEndpoint" }, SourceContext: "Microsoft.AspNetCore.Routing.EndpointMiddleware", RequestId: "0HNLSMN7KJNHN:00000004", RequestPath: "/users", ConnectionId: "0HNLSMN7KJNHN" }

[18:12:59 INF] CORS policy execution successful. { EventId: { Id: 4, Name: "PolicySuccess" }, SourceContext: "Microsoft.AspNetCore.Cors.Infrastructure.CorsService", RequestId: "0HNLSMN7KJNHN:00000005", RequestPath: "/users", ConnectionId: "0HNLSMN7KJNHN" }

[18:12:59 INF] CORS policy execution successful. { EventId: { Id: 4, Name: "PolicySuccess" }, SourceContext: "Microsoft.AspNetCore.Cors.Infrastructure.CorsService", RequestId: "0HNLSMN7KJNHN:00000006", RequestPath: "/users", ConnectionId: "0HNLSMN7KJNHN" }

[18:12:59 INF] Executing endpoint 'HTTP: POST /users' { EventId: { Name: "ExecutingEndpoint" }, SourceContext: "Microsoft.AspNetCore.Routing.EndpointMiddleware", RequestId: "0HNLSMN7KJNHN:00000006", RequestPath: "/users", ConnectionId: "0HNLSMN7KJNHN" }

[18:12:59 INF] Executed endpoint 'HTTP: POST /users' { EventId: { Id: 1, Name: "ExecutedEndpoint" }, SourceContext: "Microsoft.AspNetCore.Routing.EndpointMiddleware", RequestId: "0HNLSMN7KJNHN:00000006", RequestPath: "/users", ConnectionId: "0HNLSMN7KJNHN" }

[18:13:03 INF] CORS policy execution successful. { EventId: { Id: 4, Name: "PolicySuccess" }, SourceContext: "Microsoft.AspNetCore.Cors.Infrastructure.CorsService", RequestId: "0HNLSMN7KJNHN:00000007", RequestPath: "/users", ConnectionId: "0HNLSMN7KJNHN" }

[18:13:03 INF] Executing endpoint 'HTTP: GET /users' { EventId: { Name: "ExecutingEndpoint" }, SourceContext: "Microsoft.AspNetCore.Routing.EndpointMiddleware", RequestId: "0HNLSMN7KJNHN:00000007", RequestPath: "/users", ConnectionId: "0HNLSMN7KJNHN" }

[18:13:03 INF] Handling GetUsersQuery { SourceContext: "AppWeaver.Mediator.Behaviors.LoggingBehavior", RequestId: "0HNLSMN7KJNHN:00000007", RequestPath: "/users", ConnectionId: "0HNLSMN7KJNHN" }

[18:13:03 INF] CORS policy execution successful. { EventId: { Id: 4, Name: "PolicySuccess" }, SourceContext: "Microsoft.AspNetCore.Cors.Infrastructure.CorsService", RequestId: "0HNLSMN7KJNHO:00000001", RequestPath: "/roles", ConnectionId: "0HNLSMN7KJNHO" }

[18:13:03 INF] CORS policy execution successful. { EventId: { Id: 4, Name: "PolicySuccess" }, SourceContext: "Microsoft.AspNetCore.Cors.Infrastructure.CorsService", RequestId: "0HNLSMN7KJNHP:00000001", RequestPath: "/departments", ConnectionId: "0HNLSMN7KJNHP" }

[18:13:03 INF] CORS policy execution successful. { EventId: { Id: 4, Name: "PolicySuccess" }, SourceContext: "Microsoft.AspNetCore.Cors.Infrastructure.CorsService", RequestId: "0HNLSMN7KJNHP:00000002", RequestPath: "/roles", ConnectionId: "0HNLSMN7KJNHP" }

[18:13:03 INF] CORS policy execution successful. { EventId: { Id: 4, Name: "PolicySuccess" }, SourceContext: "Microsoft.AspNetCore.Cors.Infrastructure.CorsService", RequestId: "0HNLSMN7KJNHO:00000002", RequestPath: "/departments", ConnectionId: "0HNLSMN7KJNHO" }

[18:13:03 INF] Handled GetUsersQuery { SourceContext: "AppWeaver.Mediator.Behaviors.LoggingBehavior", RequestId: "0HNLSMN7KJNHN:00000007", RequestPath: "/users", ConnectionId: "0HNLSMN7KJNHN" }

[18:13:03 INF] Setting HTTP status code 200. { EventId: { Id: 1, Name: "WritingResultAsStatusCode" }, SourceContext: "Microsoft.AspNetCore.Http.Result.OkObjectResult", RequestId: "0HNLSMN7KJNHN:00000007", RequestPath: "/users", ConnectionId: "0HNLSMN7KJNHN" }

[18:13:03 INF] Writing value of type 'List`1' as Json. { EventId: { Id: 3, Name: "WritingResultAsJson" }, SourceContext: "Microsoft.AspNetCore.Http.Result.OkObjectResult", RequestId: "0HNLSMN7KJNHN:00000007", RequestPath: "/users", ConnectionId: "0HNLSMN7KJNHN" }

[18:13:03 INF] Executed endpoint 'HTTP: GET /users' { EventId: { Id: 1, Name: "ExecutedEndpoint" }, SourceContext: "Microsoft.AspNetCore.Routing.EndpointMiddleware", RequestId: "0HNLSMN7KJNHN:00000007", RequestPath: "/users", ConnectionId: "0HNLSMN7KJNHN" }

[18:37:18 INF] Application is shutting down... { SourceContext: "Microsoft.Hosting.Lifetime" }

[18:38:19 INF] No migrations were applied. The database is already up to date. { EventId: { Id: 20405, Name: "Microsoft.EntityFrameworkCore.Migrations.MigrationsNotApplied" }, SourceContext: "Microsoft.EntityFrameworkCore.Migrations" }

[18:38:19 INF] No migrations were applied. The database is already up to date. { EventId: { Id: 20405, Name: "Microsoft.EntityFrameworkCore.Migrations.MigrationsNotApplied" }, SourceContext: "Microsoft.EntityFrameworkCore.Migrations" }

[18:38:20 INF] Registered 4 endpoints in 8,148 milliseconds. { EventId: { Id: 1, Name: "EndpointsRegistered" }, SourceContext: "FastEndpoints.StartupTimer" }

[18:38:21 INF] No validators found in the system! { EventId: { Id: 1, Name: "NoValidatorsFound" }, SourceContext: "FastEndpoints.Swagger.ValidationSchemaProcessor" }

[18:38:21 INF] User profile is available. Using 'C:\Users\MariyaAF\AppData\Local\ASP.NET\DataProtection-Keys' as key repository and Windows DPAPI to encrypt keys at rest. { EventId: { Id: 63, Name: "UsingProfileAsKeyRepositoryWithDPAPI" }, SourceContext: "Microsoft.AspNetCore.DataProtection.KeyManagement.XmlKeyManager" }

[18:38:22 WRN] The property 'AuditLog.Metadata' is a collection or enumeration type with a value converter but with no value comparer. Set a value comparer to ensure the collection/enumeration elements are compared correctly. { EventId: { Id: 10620, Name: "Microsoft.EntityFrameworkCore.Model.Validation.CollectionWithoutComparer" }, SourceContext: "Microsoft.EntityFrameworkCore.Model.Validation" }

[18:38:22 INF] No migrations were found in assembly 'BytesRewards.Service'. A migration needs to be added before the database can be updated. { EventId: { Id: 20406, Name: "Microsoft.EntityFrameworkCore.Migrations.MigrationsNotFound" }, SourceContext: "Microsoft.EntityFrameworkCore.Migrations" }

[18:38:22 INF] No migrations were applied. The database is already up to date. { EventId: { Id: 20405, Name: "Microsoft.EntityFrameworkCore.Migrations.MigrationsNotApplied" }, SourceContext: "Microsoft.EntityFrameworkCore.Migrations" }

[18:38:22 INF] Now listening on: http://localhost:51683 { EventId: { Id: 14, Name: "ListeningOnAddress" }, SourceContext: "Microsoft.Hosting.Lifetime" }

[18:38:22 INF] Application started. Press Ctrl+C to shut down. { SourceContext: "Microsoft.Hosting.Lifetime" }

[18:38:22 INF] Hosting environment: Development { SourceContext: "Microsoft.Hosting.Lifetime" }

[18:38:22 INF] Content root path: C:\Users\MariyaAF\Desktop\BytesRewards\BytesRewards\src\BytesRewards.Service { SourceContext: "Microsoft.Hosting.Lifetime" }

[18:39:00 INF] Executing endpoint 'HTTP: GET /' { EventId: { Name: "ExecutingEndpoint" }, SourceContext: "Microsoft.AspNetCore.Routing.EndpointMiddleware", RequestId: "0HNLSN94A4A8Q:00000001", RequestPath: "/", ConnectionId: "0HNLSN94A4A8Q" }

[18:39:00 INF] Executing RedirectResult, redirecting to /swagger. { EventId: { Id: 1, Name: "RedirectResultExecuting" }, SourceContext: "Microsoft.AspNetCore.Http.Result.RedirectResult", RequestId: "0HNLSN94A4A8Q:00000001", RequestPath: "/", ConnectionId: "0HNLSN94A4A8Q" }

[18:39:00 INF] Executed endpoint 'HTTP: GET /' { EventId: { Id: 1, Name: "ExecutedEndpoint" }, SourceContext: "Microsoft.AspNetCore.Routing.EndpointMiddleware", RequestId: "0HNLSN94A4A8Q:00000001", RequestPath: "/", ConnectionId: "0HNLSN94A4A8Q" }

[18:39:01 INF] No action descriptors found. This may indicate an incorrectly configured application or missing application parts. To learn more, visit https://aka.ms/aspnet/mvc/app-parts { EventId: { Id: 1, Name: "NoActionDescriptors" }, SourceContext: "Microsoft.AspNetCore.Mvc.Infrastructure.DefaultActionDescriptorCollectionProvider", RequestId: "0HNLSN94A4A8Q:00000004", RequestPath: "/swagger/v1/swagger.json", ConnectionId: "0HNLSN94A4A8Q" }

[18:39:02 INF] Exception occurred: Request DTOs without any publicly accessible properties are not supported. Offending Endpoint: [BytesRewards.Service.Features.Roles.GetRoles.GetRolesEndpoint] Offending DTO type: [BytesRewards.Service.Features.Roles.GetRoles.GetRolesRequest] { SourceContext: "MiddlewareLibrary.ExceptionHandling.ExceptionLogHandler", Environment: "Development", TraceId: "0HNLSN94A4A8Q:00000004", CorrelationId: "0HNLSN94A4A8Q:00000004", TenantId: "", ExceptionType: "NotSupportedException", RequestId: "0HNLSN94A4A8Q:00000004", RequestPath: "/swagger/v1/swagger.json", ConnectionId: "0HNLSN94A4A8Q" }

System.NotSupportedException: Request DTOs without any publicly accessible properties are not supported. Offending Endpoint: [BytesRewards.Service.Features.Roles.GetRoles.GetRolesEndpoint] Offending DTO type: [BytesRewards.Service.Features.Roles.GetRoles.GetRolesRequest]
   at FastEndpoints.Swagger.OperationProcessor.Process(OperationProcessorContext ctx)
   at NSwag.Generation.AspNetCore.AspNetCoreOpenApiDocumentGenerator.RunOperationProcessors(OpenApiDocument document, ApiDescription apiDescription, Type controllerType, MethodInfo methodInfo, OpenApiOperationDescription operationDescription, List`1 allOperations, OpenApiDocumentGenerator generator, OpenApiSchemaResolver schemaResolver)
   at NSwag.Generation.AspNetCore.AspNetCoreOpenApiDocumentGenerator.AddOperationDescriptionsToDocument(OpenApiDocument document, Type controllerType, List`1 operations, OpenApiDocumentGenerator swaggerGenerator, OpenApiSchemaResolver schemaResolver)
   at NSwag.Generation.AspNetCore.AspNetCoreOpenApiDocumentGenerator.GenerateApiGroups(OpenApiDocumentGenerator generator, OpenApiDocument document, IGrouping`2[] apiGroups, OpenApiSchemaResolver schemaResolver)
   at NSwag.Generation.AspNetCore.AspNetCoreOpenApiDocumentGenerator.GenerateAsync(ApiDescriptionGroupCollection apiDescriptionGroups)
   at NSwag.AspNetCore.Middlewares.OpenApiDocumentMiddleware.GenerateDocumentAsync(HttpContext context)
   at NSwag.AspNetCore.Middlewares.OpenApiDocumentMiddleware.GetDocumentAsync(HttpContext context)
   at NSwag.AspNetCore.Middlewares.OpenApiDocumentMiddleware.Invoke(HttpContext context)
   at Microsoft.AspNetCore.Authorization.AuthorizationMiddleware.Invoke(HttpContext context)
   at Microsoft.AspNetCore.Authentication.AuthenticationMiddleware.Invoke(HttpContext context)
   at Microsoft.AspNetCore.Diagnostics.ExceptionHandlerMiddlewareImpl.<Invoke>g__Awaited|10_0(ExceptionHandlerMiddlewareImpl middleware, HttpContext context, Task task)
[19:12:30 INF] Executing endpoint 'HTTP: GET /' { EventId: { Name: "ExecutingEndpoint" }, SourceContext: "Microsoft.AspNetCore.Routing.EndpointMiddleware", RequestId: "0HNLSN94A4A8S:00000001", RequestPath: "/", ConnectionId: "0HNLSN94A4A8S" }

[19:12:30 INF] Executing RedirectResult, redirecting to /swagger. { EventId: { Id: 1, Name: "RedirectResultExecuting" }, SourceContext: "Microsoft.AspNetCore.Http.Result.RedirectResult", RequestId: "0HNLSN94A4A8S:00000001", RequestPath: "/", ConnectionId: "0HNLSN94A4A8S" }

[19:12:30 INF] Executed endpoint 'HTTP: GET /' { EventId: { Id: 1, Name: "ExecutedEndpoint" }, SourceContext: "Microsoft.AspNetCore.Routing.EndpointMiddleware", RequestId: "0HNLSN94A4A8S:00000001", RequestPath: "/", ConnectionId: "0HNLSN94A4A8S" }

[19:12:31 INF] Exception occurred: Request DTOs without any publicly accessible properties are not supported. Offending Endpoint: [BytesRewards.Service.Features.Roles.GetRoles.GetRolesEndpoint] Offending DTO type: [BytesRewards.Service.Features.Roles.GetRoles.GetRolesRequest] { SourceContext: "MiddlewareLibrary.ExceptionHandling.ExceptionLogHandler", Environment: "Development", TraceId: "0HNLSN94A4A8S:00000004", CorrelationId: "0HNLSN94A4A8S:00000004", TenantId: "", ExceptionType: "NotSupportedException", RequestId: "0HNLSN94A4A8S:00000004", RequestPath: "/swagger/v1/swagger.json", ConnectionId: "0HNLSN94A4A8S" }

System.NotSupportedException: Request DTOs without any publicly accessible properties are not supported. Offending Endpoint: [BytesRewards.Service.Features.Roles.GetRoles.GetRolesEndpoint] Offending DTO type: [BytesRewards.Service.Features.Roles.GetRoles.GetRolesRequest]
   at FastEndpoints.Swagger.OperationProcessor.Process(OperationProcessorContext ctx)
   at NSwag.Generation.AspNetCore.AspNetCoreOpenApiDocumentGenerator.RunOperationProcessors(OpenApiDocument document, ApiDescription apiDescription, Type controllerType, MethodInfo methodInfo, OpenApiOperationDescription operationDescription, List`1 allOperations, OpenApiDocumentGenerator generator, OpenApiSchemaResolver schemaResolver)
   at NSwag.Generation.AspNetCore.AspNetCoreOpenApiDocumentGenerator.AddOperationDescriptionsToDocument(OpenApiDocument document, Type controllerType, List`1 operations, OpenApiDocumentGenerator swaggerGenerator, OpenApiSchemaResolver schemaResolver)
   at NSwag.Generation.AspNetCore.AspNetCoreOpenApiDocumentGenerator.GenerateApiGroups(OpenApiDocumentGenerator generator, OpenApiDocument document, IGrouping`2[] apiGroups, OpenApiSchemaResolver schemaResolver)
   at NSwag.Generation.AspNetCore.AspNetCoreOpenApiDocumentGenerator.GenerateAsync(ApiDescriptionGroupCollection apiDescriptionGroups)
   at NSwag.AspNetCore.Middlewares.OpenApiDocumentMiddleware.GenerateDocumentAsync(HttpContext context)
   at NSwag.AspNetCore.Middlewares.OpenApiDocumentMiddleware.GetDocumentAsync(HttpContext context)
   at NSwag.AspNetCore.Middlewares.OpenApiDocumentMiddleware.Invoke(HttpContext context)
   at Microsoft.AspNetCore.Authorization.AuthorizationMiddleware.Invoke(HttpContext context)
   at Microsoft.AspNetCore.Authentication.AuthenticationMiddleware.Invoke(HttpContext context)
   at Microsoft.AspNetCore.Diagnostics.ExceptionHandlerMiddlewareImpl.<Invoke>g__Awaited|10_0(ExceptionHandlerMiddlewareImpl middleware, HttpContext context, Task task)
[19:12:40 INF] Application is shutting down... { SourceContext: "Microsoft.Hosting.Lifetime" }

[19:13:39 INF] No migrations were applied. The database is already up to date. { EventId: { Id: 20405, Name: "Microsoft.EntityFrameworkCore.Migrations.MigrationsNotApplied" }, SourceContext: "Microsoft.EntityFrameworkCore.Migrations" }

[19:13:39 INF] No migrations were applied. The database is already up to date. { EventId: { Id: 20405, Name: "Microsoft.EntityFrameworkCore.Migrations.MigrationsNotApplied" }, SourceContext: "Microsoft.EntityFrameworkCore.Migrations" }

[19:13:40 INF] Registered 4 endpoints in 8,552 milliseconds. { EventId: { Id: 1, Name: "EndpointsRegistered" }, SourceContext: "FastEndpoints.StartupTimer" }

[19:13:41 INF] No validators found in the system! { EventId: { Id: 1, Name: "NoValidatorsFound" }, SourceContext: "FastEndpoints.Swagger.ValidationSchemaProcessor" }

[19:13:41 INF] User profile is available. Using 'C:\Users\MariyaAF\AppData\Local\ASP.NET\DataProtection-Keys' as key repository and Windows DPAPI to encrypt keys at rest. { EventId: { Id: 63, Name: "UsingProfileAsKeyRepositoryWithDPAPI" }, SourceContext: "Microsoft.AspNetCore.DataProtection.KeyManagement.XmlKeyManager" }

[19:13:42 WRN] The property 'AuditLog.Metadata' is a collection or enumeration type with a value converter but with no value comparer. Set a value comparer to ensure the collection/enumeration elements are compared correctly. { EventId: { Id: 10620, Name: "Microsoft.EntityFrameworkCore.Model.Validation.CollectionWithoutComparer" }, SourceContext: "Microsoft.EntityFrameworkCore.Model.Validation" }

[19:13:42 INF] No migrations were found in assembly 'BytesRewards.Service'. A migration needs to be added before the database can be updated. { EventId: { Id: 20406, Name: "Microsoft.EntityFrameworkCore.Migrations.MigrationsNotFound" }, SourceContext: "Microsoft.EntityFrameworkCore.Migrations" }

[19:13:42 INF] No migrations were applied. The database is already up to date. { EventId: { Id: 20405, Name: "Microsoft.EntityFrameworkCore.Migrations.MigrationsNotApplied" }, SourceContext: "Microsoft.EntityFrameworkCore.Migrations" }

[19:13:42 INF] Now listening on: http://localhost:50285 { EventId: { Id: 14, Name: "ListeningOnAddress" }, SourceContext: "Microsoft.Hosting.Lifetime" }

[19:13:42 INF] Application started. Press Ctrl+C to shut down. { SourceContext: "Microsoft.Hosting.Lifetime" }

[19:13:42 INF] Hosting environment: Development { SourceContext: "Microsoft.Hosting.Lifetime" }

[19:13:42 INF] Content root path: C:\Users\MariyaAF\Desktop\BytesRewards\BytesRewards\src\BytesRewards.Service { SourceContext: "Microsoft.Hosting.Lifetime" }

[19:13:46 INF] Executing endpoint 'HTTP: GET /' { EventId: { Name: "ExecutingEndpoint" }, SourceContext: "Microsoft.AspNetCore.Routing.EndpointMiddleware", RequestId: "0HNLSNSH8L5DS:00000001", RequestPath: "/", ConnectionId: "0HNLSNSH8L5DS" }

[19:13:46 INF] Executing RedirectResult, redirecting to /swagger. { EventId: { Id: 1, Name: "RedirectResultExecuting" }, SourceContext: "Microsoft.AspNetCore.Http.Result.RedirectResult", RequestId: "0HNLSNSH8L5DS:00000001", RequestPath: "/", ConnectionId: "0HNLSNSH8L5DS" }

[19:13:46 INF] Executed endpoint 'HTTP: GET /' { EventId: { Id: 1, Name: "ExecutedEndpoint" }, SourceContext: "Microsoft.AspNetCore.Routing.EndpointMiddleware", RequestId: "0HNLSNSH8L5DS:00000001", RequestPath: "/", ConnectionId: "0HNLSNSH8L5DS" }

[19:14:20 INF] Executing endpoint 'HTTP: GET /' { EventId: { Name: "ExecutingEndpoint" }, SourceContext: "Microsoft.AspNetCore.Routing.EndpointMiddleware", RequestId: "0HNLSNSH8L5DR:00000001", RequestPath: "/", ConnectionId: "0HNLSNSH8L5DR" }

[19:14:20 INF] Executing RedirectResult, redirecting to /swagger. { EventId: { Id: 1, Name: "RedirectResultExecuting" }, SourceContext: "Microsoft.AspNetCore.Http.Result.RedirectResult", RequestId: "0HNLSNSH8L5DR:00000001", RequestPath: "/", ConnectionId: "0HNLSNSH8L5DR" }

[19:14:20 INF] Executed endpoint 'HTTP: GET /' { EventId: { Id: 1, Name: "ExecutedEndpoint" }, SourceContext: "Microsoft.AspNetCore.Routing.EndpointMiddleware", RequestId: "0HNLSNSH8L5DR:00000001", RequestPath: "/", ConnectionId: "0HNLSNSH8L5DR" }

[19:14:21 INF] No action descriptors found. This may indicate an incorrectly configured application or missing application parts. To learn more, visit https://aka.ms/aspnet/mvc/app-parts { EventId: { Id: 1, Name: "NoActionDescriptors" }, SourceContext: "Microsoft.AspNetCore.Mvc.Infrastructure.DefaultActionDescriptorCollectionProvider", RequestId: "0HNLSNSH8L5DR:00000004", RequestPath: "/swagger/v1/swagger.json", ConnectionId: "0HNLSNSH8L5DR" }

[19:14:22 INF] Exception occurred: Request DTOs without any publicly accessible properties are not supported. Offending Endpoint: [BytesRewards.Service.Roles.Features.GetRoles.GetRolesEndpoint] Offending DTO type: [BytesRewards.Service.Features.Roles.GetRoles.GetRolesRequest] { SourceContext: "MiddlewareLibrary.ExceptionHandling.ExceptionLogHandler", Environment: "Development", TraceId: "0HNLSNSH8L5DR:00000004", CorrelationId: "0HNLSNSH8L5DR:00000004", TenantId: "", ExceptionType: "NotSupportedException", RequestId: "0HNLSNSH8L5DR:00000004", RequestPath: "/swagger/v1/swagger.json", ConnectionId: "0HNLSNSH8L5DR" }

System.NotSupportedException: Request DTOs without any publicly accessible properties are not supported. Offending Endpoint: [BytesRewards.Service.Roles.Features.GetRoles.GetRolesEndpoint] Offending DTO type: [BytesRewards.Service.Features.Roles.GetRoles.GetRolesRequest]
   at FastEndpoints.Swagger.OperationProcessor.Process(OperationProcessorContext ctx)
   at NSwag.Generation.AspNetCore.AspNetCoreOpenApiDocumentGenerator.RunOperationProcessors(OpenApiDocument document, ApiDescription apiDescription, Type controllerType, MethodInfo methodInfo, OpenApiOperationDescription operationDescription, List`1 allOperations, OpenApiDocumentGenerator generator, OpenApiSchemaResolver schemaResolver)
   at NSwag.Generation.AspNetCore.AspNetCoreOpenApiDocumentGenerator.AddOperationDescriptionsToDocument(OpenApiDocument document, Type controllerType, List`1 operations, OpenApiDocumentGenerator swaggerGenerator, OpenApiSchemaResolver schemaResolver)
   at NSwag.Generation.AspNetCore.AspNetCoreOpenApiDocumentGenerator.GenerateApiGroups(OpenApiDocumentGenerator generator, OpenApiDocument document, IGrouping`2[] apiGroups, OpenApiSchemaResolver schemaResolver)
   at NSwag.Generation.AspNetCore.AspNetCoreOpenApiDocumentGenerator.GenerateAsync(ApiDescriptionGroupCollection apiDescriptionGroups)
   at NSwag.AspNetCore.Middlewares.OpenApiDocumentMiddleware.GenerateDocumentAsync(HttpContext context)
   at NSwag.AspNetCore.Middlewares.OpenApiDocumentMiddleware.GetDocumentAsync(HttpContext context)
   at NSwag.AspNetCore.Middlewares.OpenApiDocumentMiddleware.Invoke(HttpContext context)
   at Microsoft.AspNetCore.Authorization.AuthorizationMiddleware.Invoke(HttpContext context)
   at Microsoft.AspNetCore.Authentication.AuthenticationMiddleware.Invoke(HttpContext context)
   at Microsoft.AspNetCore.Diagnostics.ExceptionHandlerMiddlewareImpl.<Invoke>g__Awaited|10_0(ExceptionHandlerMiddlewareImpl middleware, HttpContext context, Task task)
[19:15:17 INF] Exception occurred: Request DTOs without any publicly accessible properties are not supported. Offending Endpoint: [BytesRewards.Service.Roles.Features.GetRoles.GetRolesEndpoint] Offending DTO type: [BytesRewards.Service.Features.Roles.GetRoles.GetRolesRequest] { SourceContext: "MiddlewareLibrary.ExceptionHandling.ExceptionLogHandler", Environment: "Development", TraceId: "0HNLSNSH8L5DR:00000006", CorrelationId: "0HNLSNSH8L5DR:00000006", TenantId: "", ExceptionType: "NotSupportedException", RequestId: "0HNLSNSH8L5DR:00000006", RequestPath: "/swagger/v1/swagger.json", ConnectionId: "0HNLSNSH8L5DR" }

System.NotSupportedException: Request DTOs without any publicly accessible properties are not supported. Offending Endpoint: [BytesRewards.Service.Roles.Features.GetRoles.GetRolesEndpoint] Offending DTO type: [BytesRewards.Service.Features.Roles.GetRoles.GetRolesRequest]
   at FastEndpoints.Swagger.OperationProcessor.Process(OperationProcessorContext ctx)
   at NSwag.Generation.AspNetCore.AspNetCoreOpenApiDocumentGenerator.RunOperationProcessors(OpenApiDocument document, ApiDescription apiDescription, Type controllerType, MethodInfo methodInfo, OpenApiOperationDescription operationDescription, List`1 allOperations, OpenApiDocumentGenerator generator, OpenApiSchemaResolver schemaResolver)
   at NSwag.Generation.AspNetCore.AspNetCoreOpenApiDocumentGenerator.AddOperationDescriptionsToDocument(OpenApiDocument document, Type controllerType, List`1 operations, OpenApiDocumentGenerator swaggerGenerator, OpenApiSchemaResolver schemaResolver)
   at NSwag.Generation.AspNetCore.AspNetCoreOpenApiDocumentGenerator.GenerateApiGroups(OpenApiDocumentGenerator generator, OpenApiDocument document, IGrouping`2[] apiGroups, OpenApiSchemaResolver schemaResolver)
   at NSwag.Generation.AspNetCore.AspNetCoreOpenApiDocumentGenerator.GenerateAsync(ApiDescriptionGroupCollection apiDescriptionGroups)
   at NSwag.AspNetCore.Middlewares.OpenApiDocumentMiddleware.GenerateDocumentAsync(HttpContext context)
   at NSwag.AspNetCore.Middlewares.OpenApiDocumentMiddleware.GetDocumentAsync(HttpContext context)
   at NSwag.AspNetCore.Middlewares.OpenApiDocumentMiddleware.Invoke(HttpContext context)
   at Microsoft.AspNetCore.Authorization.AuthorizationMiddleware.Invoke(HttpContext context)
   at Microsoft.AspNetCore.Authentication.AuthenticationMiddleware.Invoke(HttpContext context)
   at Microsoft.AspNetCore.Diagnostics.ExceptionHandlerMiddlewareImpl.<Invoke>g__Awaited|10_0(ExceptionHandlerMiddlewareImpl middleware, HttpContext context, Task task)
[19:15:25 INF] Application is shutting down... { SourceContext: "Microsoft.Hosting.Lifetime" }

[19:15:59 INF] No migrations were applied. The database is already up to date. { EventId: { Id: 20405, Name: "Microsoft.EntityFrameworkCore.Migrations.MigrationsNotApplied" }, SourceContext: "Microsoft.EntityFrameworkCore.Migrations" }

[19:15:59 INF] No migrations were applied. The database is already up to date. { EventId: { Id: 20405, Name: "Microsoft.EntityFrameworkCore.Migrations.MigrationsNotApplied" }, SourceContext: "Microsoft.EntityFrameworkCore.Migrations" }

[19:16:00 INF] Registered 3 endpoints in 8,784 milliseconds. { EventId: { Id: 1, Name: "EndpointsRegistered" }, SourceContext: "FastEndpoints.StartupTimer" }

[19:16:01 INF] No validators found in the system! { EventId: { Id: 1, Name: "NoValidatorsFound" }, SourceContext: "FastEndpoints.Swagger.ValidationSchemaProcessor" }

[19:16:01 INF] User profile is available. Using 'C:\Users\MariyaAF\AppData\Local\ASP.NET\DataProtection-Keys' as key repository and Windows DPAPI to encrypt keys at rest. { EventId: { Id: 63, Name: "UsingProfileAsKeyRepositoryWithDPAPI" }, SourceContext: "Microsoft.AspNetCore.DataProtection.KeyManagement.XmlKeyManager" }

[19:16:02 WRN] The property 'AuditLog.Metadata' is a collection or enumeration type with a value converter but with no value comparer. Set a value comparer to ensure the collection/enumeration elements are compared correctly. { EventId: { Id: 10620, Name: "Microsoft.EntityFrameworkCore.Model.Validation.CollectionWithoutComparer" }, SourceContext: "Microsoft.EntityFrameworkCore.Model.Validation" }

[19:16:02 INF] No migrations were found in assembly 'BytesRewards.Service'. A migration needs to be added before the database can be updated. { EventId: { Id: 20406, Name: "Microsoft.EntityFrameworkCore.Migrations.MigrationsNotFound" }, SourceContext: "Microsoft.EntityFrameworkCore.Migrations" }

[19:16:02 INF] No migrations were applied. The database is already up to date. { EventId: { Id: 20405, Name: "Microsoft.EntityFrameworkCore.Migrations.MigrationsNotApplied" }, SourceContext: "Microsoft.EntityFrameworkCore.Migrations" }

[19:16:02 INF] Now listening on: http://localhost:62688 { EventId: { Id: 14, Name: "ListeningOnAddress" }, SourceContext: "Microsoft.Hosting.Lifetime" }

[19:16:02 INF] Application started. Press Ctrl+C to shut down. { SourceContext: "Microsoft.Hosting.Lifetime" }

[19:16:02 INF] Hosting environment: Development { SourceContext: "Microsoft.Hosting.Lifetime" }

[19:16:02 INF] Content root path: C:\Users\MariyaAF\Desktop\BytesRewards\BytesRewards\src\BytesRewards.Service { SourceContext: "Microsoft.Hosting.Lifetime" }

[19:16:08 INF] Executing endpoint 'HTTP: GET /' { EventId: { Name: "ExecutingEndpoint" }, SourceContext: "Microsoft.AspNetCore.Routing.EndpointMiddleware", RequestId: "0HNLSNTRH4FG0:00000001", RequestPath: "/", ConnectionId: "0HNLSNTRH4FG0" }

[19:16:08 INF] Executing RedirectResult, redirecting to /swagger. { EventId: { Id: 1, Name: "RedirectResultExecuting" }, SourceContext: "Microsoft.AspNetCore.Http.Result.RedirectResult", RequestId: "0HNLSNTRH4FG0:00000001", RequestPath: "/", ConnectionId: "0HNLSNTRH4FG0" }

[19:16:08 INF] Executed endpoint 'HTTP: GET /' { EventId: { Id: 1, Name: "ExecutedEndpoint" }, SourceContext: "Microsoft.AspNetCore.Routing.EndpointMiddleware", RequestId: "0HNLSNTRH4FG0:00000001", RequestPath: "/", ConnectionId: "0HNLSNTRH4FG0" }

[19:16:08 INF] No action descriptors found. This may indicate an incorrectly configured application or missing application parts. To learn more, visit https://aka.ms/aspnet/mvc/app-parts { EventId: { Id: 1, Name: "NoActionDescriptors" }, SourceContext: "Microsoft.AspNetCore.Mvc.Infrastructure.DefaultActionDescriptorCollectionProvider", RequestId: "0HNLSNTRH4FG0:00000004", RequestPath: "/swagger/v1/swagger.json", ConnectionId: "0HNLSNTRH4FG0" }

[19:16:45 INF] Application is shutting down... { SourceContext: "Microsoft.Hosting.Lifetime" }

[19:17:03 INF] Acquiring an exclusive lock for migration application. See https://aka.ms/efcore-docs-migrations-lock for more information if this takes too long. { EventId: { Id: 20411, Name: "Microsoft.EntityFrameworkCore.Migrations.AcquiringMigrationLock" }, SourceContext: "Microsoft.EntityFrameworkCore.Migrations" }

[19:17:03 INF] No migrations were applied. The database is already up to date. { EventId: { Id: 20405, Name: "Microsoft.EntityFrameworkCore.Migrations.MigrationsNotApplied" }, SourceContext: "Microsoft.EntityFrameworkCore.Migrations" }

[19:17:03 INF] Acquiring an exclusive lock for migration application. See https://aka.ms/efcore-docs-migrations-lock for more information if this takes too long. { EventId: { Id: 20411, Name: "Microsoft.EntityFrameworkCore.Migrations.AcquiringMigrationLock" }, SourceContext: "Microsoft.EntityFrameworkCore.Migrations" }

[19:17:03 INF] No migrations were applied. The database is already up to date. { EventId: { Id: 20405, Name: "Microsoft.EntityFrameworkCore.Migrations.MigrationsNotApplied" }, SourceContext: "Microsoft.EntityFrameworkCore.Migrations" }

[19:17:03 INF] Registered 4 endpoints in 1,769 milliseconds. { EventId: { Id: 1, Name: "EndpointsRegistered" }, SourceContext: "FastEndpoints.StartupTimer" }

[19:17:03 INF] No validators found in the system! { EventId: { Id: 1, Name: "NoValidatorsFound" }, SourceContext: "FastEndpoints.Swagger.ValidationSchemaProcessor" }

[19:17:03 INF] User profile is available. Using 'C:\Users\MariyaAF\AppData\Local\ASP.NET\DataProtection-Keys' as key repository and Windows DPAPI to encrypt keys at rest. { EventId: { Id: 63, Name: "UsingProfileAsKeyRepositoryWithDPAPI" }, SourceContext: "Microsoft.AspNetCore.DataProtection.KeyManagement.XmlKeyManager" }

[19:17:03 WRN] The property 'AuditLog.Metadata' is a collection or enumeration type with a value converter but with no value comparer. Set a value comparer to ensure the collection/enumeration elements are compared correctly. { EventId: { Id: 10620, Name: "Microsoft.EntityFrameworkCore.Model.Validation.CollectionWithoutComparer" }, SourceContext: "Microsoft.EntityFrameworkCore.Model.Validation" }

[19:17:03 WRN] The entity type 'AuditLog' is configured to use schema 'Auditing', but SQLite does not support schemas. This configuration will be ignored by the SQLite provider. { EventId: { Id: 30000, Name: "Microsoft.EntityFrameworkCore.Model.Validation.SchemaConfiguredWarning" }, SourceContext: "Microsoft.EntityFrameworkCore.Model.Validation" }

[19:17:03 WRN] The entity type 'EntityChange' is configured to use schema 'Auditing', but SQLite does not support schemas. This configuration will be ignored by the SQLite provider. { EventId: { Id: 30000, Name: "Microsoft.EntityFrameworkCore.Model.Validation.SchemaConfiguredWarning" }, SourceContext: "Microsoft.EntityFrameworkCore.Model.Validation" }

[19:17:03 WRN] The entity type 'PropertyChange' is configured to use schema 'Auditing', but SQLite does not support schemas. This configuration will be ignored by the SQLite provider. { EventId: { Id: 30000, Name: "Microsoft.EntityFrameworkCore.Model.Validation.SchemaConfiguredWarning" }, SourceContext: "Microsoft.EntityFrameworkCore.Model.Validation" }

[19:17:03 INF] No migrations were found in assembly 'BytesRewards.Service'. A migration needs to be added before the database can be updated. { EventId: { Id: 20406, Name: "Microsoft.EntityFrameworkCore.Migrations.MigrationsNotFound" }, SourceContext: "Microsoft.EntityFrameworkCore.Migrations" }

[19:17:03 INF] Acquiring an exclusive lock for migration application. See https://aka.ms/efcore-docs-migrations-lock for more information if this takes too long. { EventId: { Id: 20411, Name: "Microsoft.EntityFrameworkCore.Migrations.AcquiringMigrationLock" }, SourceContext: "Microsoft.EntityFrameworkCore.Migrations" }

[19:17:03 INF] No migrations were applied. The database is already up to date. { EventId: { Id: 20405, Name: "Microsoft.EntityFrameworkCore.Migrations.MigrationsNotApplied" }, SourceContext: "Microsoft.EntityFrameworkCore.Migrations" }

[19:17:03 INF] Now listening on: http://localhost:5000 { EventId: { Id: 14, Name: "ListeningOnAddress" }, SourceContext: "Microsoft.Hosting.Lifetime" }

[19:17:03 INF] Application started. Press Ctrl+C to shut down. { SourceContext: "Microsoft.Hosting.Lifetime" }

[19:17:03 INF] Hosting environment: Development { SourceContext: "Microsoft.Hosting.Lifetime" }

[19:17:03 INF] Content root path: C:\Users\MariyaAF\Desktop\BytesRewards\BytesRewards\src\BytesRewards.service { SourceContext: "Microsoft.Hosting.Lifetime" }

[19:17:06 INF] Executing endpoint 'HTTP: GET /' { EventId: { Name: "ExecutingEndpoint" }, SourceContext: "Microsoft.AspNetCore.Routing.EndpointMiddleware", RequestId: "0HNLSNUDIET99:00000001", RequestPath: "/", ConnectionId: "0HNLSNUDIET99" }

[19:17:06 INF] Executing RedirectResult, redirecting to /swagger. { EventId: { Id: 1, Name: "RedirectResultExecuting" }, SourceContext: "Microsoft.AspNetCore.Http.Result.RedirectResult", RequestId: "0HNLSNUDIET99:00000001", RequestPath: "/", ConnectionId: "0HNLSNUDIET99" }

[19:17:06 INF] Executed endpoint 'HTTP: GET /' { EventId: { Id: 1, Name: "ExecutedEndpoint" }, SourceContext: "Microsoft.AspNetCore.Routing.EndpointMiddleware", RequestId: "0HNLSNUDIET99:00000001", RequestPath: "/", ConnectionId: "0HNLSNUDIET99" }

[19:17:06 INF] No action descriptors found. This may indicate an incorrectly configured application or missing application parts. To learn more, visit https://aka.ms/aspnet/mvc/app-parts { EventId: { Id: 1, Name: "NoActionDescriptors" }, SourceContext: "Microsoft.AspNetCore.Mvc.Infrastructure.DefaultActionDescriptorCollectionProvider", RequestId: "0HNLSNUDIET99:00000004", RequestPath: "/swagger/v1/swagger.json", ConnectionId: "0HNLSNUDIET99" }

[19:17:18 INF] Executing endpoint 'HTTP: GET /roles' { EventId: { Name: "ExecutingEndpoint" }, SourceContext: "Microsoft.AspNetCore.Routing.EndpointMiddleware", RequestId: "0HNLSNUDIET99:00000005", RequestPath: "/roles", ConnectionId: "0HNLSNUDIET99" }

[19:17:18 INF] Handling GetRolesQuery { SourceContext: "AppWeaver.Mediator.Behaviors.LoggingBehavior", RequestId: "0HNLSNUDIET99:00000005", RequestPath: "/roles", ConnectionId: "0HNLSNUDIET99" }

[19:17:18 INF] Handled GetRolesQuery { SourceContext: "AppWeaver.Mediator.Behaviors.LoggingBehavior", RequestId: "0HNLSNUDIET99:00000005", RequestPath: "/roles", ConnectionId: "0HNLSNUDIET99" }

[19:17:18 INF] Executed endpoint 'HTTP: GET /roles' { EventId: { Id: 1, Name: "ExecutedEndpoint" }, SourceContext: "Microsoft.AspNetCore.Routing.EndpointMiddleware", RequestId: "0HNLSNUDIET99:00000005", RequestPath: "/roles", ConnectionId: "0HNLSNUDIET99" }

[19:17:19 INF] Exception occurred: The method or operation is not implemented. { SourceContext: "MiddlewareLibrary.ExceptionHandling.ExceptionLogHandler", Environment: "Development", TraceId: "0HNLSNUDIET99:00000005", CorrelationId: "0HNLSNUDIET99:00000005", TenantId: "", ExceptionType: "NotImplementedException", RequestId: "0HNLSNUDIET99:00000005", RequestPath: "/roles", ConnectionId: "0HNLSNUDIET99" }

System.NotImplementedException: The method or operation is not implemented.
   at BytesRewards.Service.Roles.Features.GetRoles.GetRolesEndpoint.SendAsync(Result`1 result, CancellationToken cancellation) in C:\Users\MariyaAF\Desktop\BytesRewards\BytesRewards\src\BytesRewards.service\Roles\Features\GetRoles\GetRolesEndpoint.cs:line 81
   at BytesRewards.Service.Roles.Features.GetRoles.GetRolesEndpoint.HandleAsync(CancellationToken ct) in C:\Users\MariyaAF\Desktop\BytesRewards\BytesRewards\src\BytesRewards.service\Roles\Features\GetRoles\GetRolesEndpoint.cs:line 76
   at FastEndpoints.Endpoint`2.ExecAsync(CancellationToken ct)
   at FastEndpoints.Endpoint`2.ExecAsync(CancellationToken ct)
   at Microsoft.AspNetCore.Routing.EndpointMiddleware.<Invoke>g__AwaitRequestTask|7_0(Endpoint endpoint, Task requestTask, ILogger logger)
   at NSwag.AspNetCore.Middlewares.SwaggerUiIndexMiddleware.Invoke(HttpContext context)
   at NSwag.AspNetCore.Middlewares.RedirectToIndexMiddleware.Invoke(HttpContext context)
   at NSwag.AspNetCore.Middlewares.OpenApiDocumentMiddleware.Invoke(HttpContext context)
   at Microsoft.AspNetCore.Authorization.AuthorizationMiddleware.Invoke(HttpContext context)
   at Microsoft.AspNetCore.Authentication.AuthenticationMiddleware.Invoke(HttpContext context)
   at Microsoft.AspNetCore.Diagnostics.ExceptionHandlerMiddlewareImpl.<Invoke>g__Awaited|10_0(ExceptionHandlerMiddlewareImpl middleware, HttpContext context, Task task)
[19:17:30 INF] Application is shutting down... { SourceContext: "Microsoft.Hosting.Lifetime" }

[19:17:49 INF] No migrations were applied. The database is already up to date. { EventId: { Id: 20405, Name: "Microsoft.EntityFrameworkCore.Migrations.MigrationsNotApplied" }, SourceContext: "Microsoft.EntityFrameworkCore.Migrations" }

[19:17:49 INF] No migrations were applied. The database is already up to date. { EventId: { Id: 20405, Name: "Microsoft.EntityFrameworkCore.Migrations.MigrationsNotApplied" }, SourceContext: "Microsoft.EntityFrameworkCore.Migrations" }

[19:17:49 INF] Registered 4 endpoints in 3,879 milliseconds. { EventId: { Id: 1, Name: "EndpointsRegistered" }, SourceContext: "FastEndpoints.StartupTimer" }

[19:17:49 INF] No validators found in the system! { EventId: { Id: 1, Name: "NoValidatorsFound" }, SourceContext: "FastEndpoints.Swagger.ValidationSchemaProcessor" }

[19:17:50 INF] User profile is available. Using 'C:\Users\MariyaAF\AppData\Local\ASP.NET\DataProtection-Keys' as key repository and Windows DPAPI to encrypt keys at rest. { EventId: { Id: 63, Name: "UsingProfileAsKeyRepositoryWithDPAPI" }, SourceContext: "Microsoft.AspNetCore.DataProtection.KeyManagement.XmlKeyManager" }

[19:17:50 WRN] The property 'AuditLog.Metadata' is a collection or enumeration type with a value converter but with no value comparer. Set a value comparer to ensure the collection/enumeration elements are compared correctly. { EventId: { Id: 10620, Name: "Microsoft.EntityFrameworkCore.Model.Validation.CollectionWithoutComparer" }, SourceContext: "Microsoft.EntityFrameworkCore.Model.Validation" }

[19:17:50 INF] No migrations were found in assembly 'BytesRewards.Service'. A migration needs to be added before the database can be updated. { EventId: { Id: 20406, Name: "Microsoft.EntityFrameworkCore.Migrations.MigrationsNotFound" }, SourceContext: "Microsoft.EntityFrameworkCore.Migrations" }

[19:17:50 INF] No migrations were applied. The database is already up to date. { EventId: { Id: 20405, Name: "Microsoft.EntityFrameworkCore.Migrations.MigrationsNotApplied" }, SourceContext: "Microsoft.EntityFrameworkCore.Migrations" }

[19:17:50 INF] Now listening on: http://localhost:60627 { EventId: { Id: 14, Name: "ListeningOnAddress" }, SourceContext: "Microsoft.Hosting.Lifetime" }

[19:17:50 INF] Application started. Press Ctrl+C to shut down. { SourceContext: "Microsoft.Hosting.Lifetime" }

[19:17:50 INF] Hosting environment: Development { SourceContext: "Microsoft.Hosting.Lifetime" }

[19:17:50 INF] Content root path: C:\Users\MariyaAF\Desktop\BytesRewards\BytesRewards\src\BytesRewards.Service { SourceContext: "Microsoft.Hosting.Lifetime" }

[19:17:53 INF] Executing endpoint 'HTTP: GET /' { EventId: { Name: "ExecutingEndpoint" }, SourceContext: "Microsoft.AspNetCore.Routing.EndpointMiddleware", RequestId: "0HNLSNUROCDQ2:00000001", RequestPath: "/", ConnectionId: "0HNLSNUROCDQ2" }

[19:17:53 INF] Executing RedirectResult, redirecting to /swagger. { EventId: { Id: 1, Name: "RedirectResultExecuting" }, SourceContext: "Microsoft.AspNetCore.Http.Result.RedirectResult", RequestId: "0HNLSNUROCDQ2:00000001", RequestPath: "/", ConnectionId: "0HNLSNUROCDQ2" }

[19:17:53 INF] Executed endpoint 'HTTP: GET /' { EventId: { Id: 1, Name: "ExecutedEndpoint" }, SourceContext: "Microsoft.AspNetCore.Routing.EndpointMiddleware", RequestId: "0HNLSNUROCDQ2:00000001", RequestPath: "/", ConnectionId: "0HNLSNUROCDQ2" }

[19:17:54 INF] No action descriptors found. This may indicate an incorrectly configured application or missing application parts. To learn more, visit https://aka.ms/aspnet/mvc/app-parts { EventId: { Id: 1, Name: "NoActionDescriptors" }, SourceContext: "Microsoft.AspNetCore.Mvc.Infrastructure.DefaultActionDescriptorCollectionProvider", RequestId: "0HNLSNUROCDQ2:00000004", RequestPath: "/swagger/v1/swagger.json", ConnectionId: "0HNLSNUROCDQ2" }

[19:17:58 INF] Executing endpoint 'HTTP: GET /roles' { EventId: { Name: "ExecutingEndpoint" }, SourceContext: "Microsoft.AspNetCore.Routing.EndpointMiddleware", RequestId: "0HNLSNUROCDQ2:00000005", RequestPath: "/roles", ConnectionId: "0HNLSNUROCDQ2" }

[19:17:58 INF] Handling GetRolesQuery { SourceContext: "AppWeaver.Mediator.Behaviors.LoggingBehavior", RequestId: "0HNLSNUROCDQ2:00000005", RequestPath: "/roles", ConnectionId: "0HNLSNUROCDQ2" }

[19:17:58 INF] Handled GetRolesQuery { SourceContext: "AppWeaver.Mediator.Behaviors.LoggingBehavior", RequestId: "0HNLSNUROCDQ2:00000005", RequestPath: "/roles", ConnectionId: "0HNLSNUROCDQ2" }

[19:17:58 INF] Executed endpoint 'HTTP: GET /roles' { EventId: { Id: 1, Name: "ExecutedEndpoint" }, SourceContext: "Microsoft.AspNetCore.Routing.EndpointMiddleware", RequestId: "0HNLSNUROCDQ2:00000005", RequestPath: "/roles", ConnectionId: "0HNLSNUROCDQ2" }

[19:17:58 INF] Exception occurred: The method or operation is not implemented. { SourceContext: "MiddlewareLibrary.ExceptionHandling.ExceptionLogHandler", Environment: "Development", TraceId: "0HNLSNUROCDQ2:00000005", CorrelationId: "0HNLSNUROCDQ2:00000005", TenantId: "", ExceptionType: "NotImplementedException", RequestId: "0HNLSNUROCDQ2:00000005", RequestPath: "/roles", ConnectionId: "0HNLSNUROCDQ2" }

System.NotImplementedException: The method or operation is not implemented.
   at BytesRewards.Service.Roles.Features.GetRoles.GetRolesEndpoint.SendAsync(Result`1 result, CancellationToken cancellation) in C:\Users\MariyaAF\Desktop\BytesRewards\BytesRewards\src\BytesRewards.Service\Roles\Features\GetRoles\GetRolesEndpoint.cs:line 81
   at BytesRewards.Service.Roles.Features.GetRoles.GetRolesEndpoint.HandleAsync(CancellationToken ct) in C:\Users\MariyaAF\Desktop\BytesRewards\BytesRewards\src\BytesRewards.Service\Roles\Features\GetRoles\GetRolesEndpoint.cs:line 76
   at FastEndpoints.Endpoint`2.ExecAsync(CancellationToken ct)
   at FastEndpoints.Endpoint`2.ExecAsync(CancellationToken ct)
   at Microsoft.AspNetCore.Routing.EndpointMiddleware.<Invoke>g__AwaitRequestTask|7_0(Endpoint endpoint, Task requestTask, ILogger logger)
   at NSwag.AspNetCore.Middlewares.SwaggerUiIndexMiddleware.Invoke(HttpContext context)
   at NSwag.AspNetCore.Middlewares.RedirectToIndexMiddleware.Invoke(HttpContext context)
   at NSwag.AspNetCore.Middlewares.OpenApiDocumentMiddleware.Invoke(HttpContext context)
   at Microsoft.AspNetCore.Authorization.AuthorizationMiddleware.Invoke(HttpContext context)
   at Microsoft.AspNetCore.Authentication.AuthenticationMiddleware.Invoke(HttpContext context)
   at Microsoft.AspNetCore.Diagnostics.ExceptionHandlerMiddlewareImpl.<Invoke>g__Awaited|10_0(ExceptionHandlerMiddlewareImpl middleware, HttpContext context, Task task)
[19:19:30 INF] Application is shutting down... { SourceContext: "Microsoft.Hosting.Lifetime" }

[19:19:47 INF] No migrations were applied. The database is already up to date. { EventId: { Id: 20405, Name: "Microsoft.EntityFrameworkCore.Migrations.MigrationsNotApplied" }, SourceContext: "Microsoft.EntityFrameworkCore.Migrations" }

[19:19:47 INF] No migrations were applied. The database is already up to date. { EventId: { Id: 20405, Name: "Microsoft.EntityFrameworkCore.Migrations.MigrationsNotApplied" }, SourceContext: "Microsoft.EntityFrameworkCore.Migrations" }

[19:19:47 INF] Registered 4 endpoints in 4,000 milliseconds. { EventId: { Id: 1, Name: "EndpointsRegistered" }, SourceContext: "FastEndpoints.StartupTimer" }

[19:19:47 INF] No validators found in the system! { EventId: { Id: 1, Name: "NoValidatorsFound" }, SourceContext: "FastEndpoints.Swagger.ValidationSchemaProcessor" }

[19:19:48 INF] User profile is available. Using 'C:\Users\MariyaAF\AppData\Local\ASP.NET\DataProtection-Keys' as key repository and Windows DPAPI to encrypt keys at rest. { EventId: { Id: 63, Name: "UsingProfileAsKeyRepositoryWithDPAPI" }, SourceContext: "Microsoft.AspNetCore.DataProtection.KeyManagement.XmlKeyManager" }

[19:19:48 WRN] The property 'AuditLog.Metadata' is a collection or enumeration type with a value converter but with no value comparer. Set a value comparer to ensure the collection/enumeration elements are compared correctly. { EventId: { Id: 10620, Name: "Microsoft.EntityFrameworkCore.Model.Validation.CollectionWithoutComparer" }, SourceContext: "Microsoft.EntityFrameworkCore.Model.Validation" }

[19:19:48 INF] No migrations were found in assembly 'BytesRewards.Service'. A migration needs to be added before the database can be updated. { EventId: { Id: 20406, Name: "Microsoft.EntityFrameworkCore.Migrations.MigrationsNotFound" }, SourceContext: "Microsoft.EntityFrameworkCore.Migrations" }

[19:19:48 INF] No migrations were applied. The database is already up to date. { EventId: { Id: 20405, Name: "Microsoft.EntityFrameworkCore.Migrations.MigrationsNotApplied" }, SourceContext: "Microsoft.EntityFrameworkCore.Migrations" }

[19:19:48 INF] Now listening on: http://localhost:57854 { EventId: { Id: 14, Name: "ListeningOnAddress" }, SourceContext: "Microsoft.Hosting.Lifetime" }

[19:19:48 INF] Application started. Press Ctrl+C to shut down. { SourceContext: "Microsoft.Hosting.Lifetime" }

[19:19:48 INF] Hosting environment: Development { SourceContext: "Microsoft.Hosting.Lifetime" }

[19:19:48 INF] Content root path: C:\Users\MariyaAF\Desktop\BytesRewards\BytesRewards\src\BytesRewards.Service { SourceContext: "Microsoft.Hosting.Lifetime" }

[19:19:49 INF] Executing endpoint 'HTTP: GET /' { EventId: { Name: "ExecutingEndpoint" }, SourceContext: "Microsoft.AspNetCore.Routing.EndpointMiddleware", RequestId: "0HNLSNVU85M5B:00000001", RequestPath: "/", ConnectionId: "0HNLSNVU85M5B" }

[19:19:49 INF] Executing RedirectResult, redirecting to /swagger. { EventId: { Id: 1, Name: "RedirectResultExecuting" }, SourceContext: "Microsoft.AspNetCore.Http.Result.RedirectResult", RequestId: "0HNLSNVU85M5B:00000001", RequestPath: "/", ConnectionId: "0HNLSNVU85M5B" }

[19:19:49 INF] Executed endpoint 'HTTP: GET /' { EventId: { Id: 1, Name: "ExecutedEndpoint" }, SourceContext: "Microsoft.AspNetCore.Routing.EndpointMiddleware", RequestId: "0HNLSNVU85M5B:00000001", RequestPath: "/", ConnectionId: "0HNLSNVU85M5B" }

[19:19:49 INF] No action descriptors found. This may indicate an incorrectly configured application or missing application parts. To learn more, visit https://aka.ms/aspnet/mvc/app-parts { EventId: { Id: 1, Name: "NoActionDescriptors" }, SourceContext: "Microsoft.AspNetCore.Mvc.Infrastructure.DefaultActionDescriptorCollectionProvider", RequestId: "0HNLSNVU85M5B:00000004", RequestPath: "/swagger/v1/swagger.json", ConnectionId: "0HNLSNVU85M5B" }

[19:19:55 INF] Executing endpoint 'HTTP: GET /roles' { EventId: { Name: "ExecutingEndpoint" }, SourceContext: "Microsoft.AspNetCore.Routing.EndpointMiddleware", RequestId: "0HNLSNVU85M5B:00000005", RequestPath: "/roles", ConnectionId: "0HNLSNVU85M5B" }

[19:19:55 INF] Handling GetRolesQuery { SourceContext: "AppWeaver.Mediator.Behaviors.LoggingBehavior", RequestId: "0HNLSNVU85M5B:00000005", RequestPath: "/roles", ConnectionId: "0HNLSNVU85M5B" }

[19:19:55 INF] Handled GetRolesQuery { SourceContext: "AppWeaver.Mediator.Behaviors.LoggingBehavior", RequestId: "0HNLSNVU85M5B:00000005", RequestPath: "/roles", ConnectionId: "0HNLSNVU85M5B" }

[19:19:55 INF] Executed endpoint 'HTTP: GET /roles' { EventId: { Id: 1, Name: "ExecutedEndpoint" }, SourceContext: "Microsoft.AspNetCore.Routing.EndpointMiddleware", RequestId: "0HNLSNVU85M5B:00000005", RequestPath: "/roles", ConnectionId: "0HNLSNVU85M5B" }

[19:19:55 INF] Exception occurred: The method or operation is not implemented. { SourceContext: "MiddlewareLibrary.ExceptionHandling.ExceptionLogHandler", Environment: "Development", TraceId: "0HNLSNVU85M5B:00000005", CorrelationId: "0HNLSNVU85M5B:00000005", TenantId: "", ExceptionType: "NotImplementedException", RequestId: "0HNLSNVU85M5B:00000005", RequestPath: "/roles", ConnectionId: "0HNLSNVU85M5B" }

System.NotImplementedException: The method or operation is not implemented.
   at BytesRewards.Service.Roles.Features.GetRoles.GetRolesEndpoint.SendAsync(Result`1 result, CancellationToken cancellation) in C:\Users\MariyaAF\Desktop\BytesRewards\BytesRewards\src\BytesRewards.Service\Roles\Features\GetRoles\GetRolesEndpoint.cs:line 36
   at BytesRewards.Service.Roles.Features.GetRoles.GetRolesEndpoint.HandleAsync(CancellationToken ct) in C:\Users\MariyaAF\Desktop\BytesRewards\BytesRewards\src\BytesRewards.Service\Roles\Features\GetRoles\GetRolesEndpoint.cs:line 29
   at FastEndpoints.Endpoint`2.ExecAsync(CancellationToken ct)
   at FastEndpoints.Endpoint`2.ExecAsync(CancellationToken ct)
   at Microsoft.AspNetCore.Routing.EndpointMiddleware.<Invoke>g__AwaitRequestTask|7_0(Endpoint endpoint, Task requestTask, ILogger logger)
   at NSwag.AspNetCore.Middlewares.SwaggerUiIndexMiddleware.Invoke(HttpContext context)
   at NSwag.AspNetCore.Middlewares.RedirectToIndexMiddleware.Invoke(HttpContext context)
   at NSwag.AspNetCore.Middlewares.OpenApiDocumentMiddleware.Invoke(HttpContext context)
   at Microsoft.AspNetCore.Authorization.AuthorizationMiddleware.Invoke(HttpContext context)
   at Microsoft.AspNetCore.Authentication.AuthenticationMiddleware.Invoke(HttpContext context)
   at Microsoft.AspNetCore.Diagnostics.ExceptionHandlerMiddlewareImpl.<Invoke>g__Awaited|10_0(ExceptionHandlerMiddlewareImpl middleware, HttpContext context, Task task)
[19:20:51 INF] Executing endpoint 'HTTP: GET /roles' { EventId: { Name: "ExecutingEndpoint" }, SourceContext: "Microsoft.AspNetCore.Routing.EndpointMiddleware", RequestId: "0HNLSNVU85M5B:00000006", RequestPath: "/roles", ConnectionId: "0HNLSNVU85M5B" }

[19:20:51 INF] Handling GetRolesQuery { SourceContext: "AppWeaver.Mediator.Behaviors.LoggingBehavior", RequestId: "0HNLSNVU85M5B:00000006", RequestPath: "/roles", ConnectionId: "0HNLSNVU85M5B" }

[19:20:51 INF] Handled GetRolesQuery { SourceContext: "AppWeaver.Mediator.Behaviors.LoggingBehavior", RequestId: "0HNLSNVU85M5B:00000006", RequestPath: "/roles", ConnectionId: "0HNLSNVU85M5B" }

[19:20:51 INF] Executed endpoint 'HTTP: GET /roles' { EventId: { Id: 1, Name: "ExecutedEndpoint" }, SourceContext: "Microsoft.AspNetCore.Routing.EndpointMiddleware", RequestId: "0HNLSNVU85M5B:00000006", RequestPath: "/roles", ConnectionId: "0HNLSNVU85M5B" }

[19:20:51 INF] Exception occurred: The method or operation is not implemented. { SourceContext: "MiddlewareLibrary.ExceptionHandling.ExceptionLogHandler", Environment: "Development", TraceId: "0HNLSNVU85M5B:00000006", CorrelationId: "0HNLSNVU85M5B:00000006", TenantId: "", ExceptionType: "NotImplementedException", RequestId: "0HNLSNVU85M5B:00000006", RequestPath: "/roles", ConnectionId: "0HNLSNVU85M5B" }

System.NotImplementedException: The method or operation is not implemented.
   at BytesRewards.Service.Roles.Features.GetRoles.GetRolesEndpoint.SendAsync(Result`1 result, CancellationToken cancellation) in C:\Users\MariyaAF\Desktop\BytesRewards\BytesRewards\src\BytesRewards.Service\Roles\Features\GetRoles\GetRolesEndpoint.cs:line 36
   at BytesRewards.Service.Roles.Features.GetRoles.GetRolesEndpoint.HandleAsync(CancellationToken ct) in C:\Users\MariyaAF\Desktop\BytesRewards\BytesRewards\src\BytesRewards.Service\Roles\Features\GetRoles\GetRolesEndpoint.cs:line 29
   at FastEndpoints.Endpoint`2.ExecAsync(CancellationToken ct)
   at FastEndpoints.Endpoint`2.ExecAsync(CancellationToken ct)
   at Microsoft.AspNetCore.Routing.EndpointMiddleware.<Invoke>g__AwaitRequestTask|7_0(Endpoint endpoint, Task requestTask, ILogger logger)
   at NSwag.AspNetCore.Middlewares.SwaggerUiIndexMiddleware.Invoke(HttpContext context)
   at NSwag.AspNetCore.Middlewares.RedirectToIndexMiddleware.Invoke(HttpContext context)
   at NSwag.AspNetCore.Middlewares.OpenApiDocumentMiddleware.Invoke(HttpContext context)
   at Microsoft.AspNetCore.Authorization.AuthorizationMiddleware.Invoke(HttpContext context)
   at Microsoft.AspNetCore.Authentication.AuthenticationMiddleware.Invoke(HttpContext context)
   at Microsoft.AspNetCore.Diagnostics.ExceptionHandlerMiddlewareImpl.<Invoke>g__Awaited|10_0(ExceptionHandlerMiddlewareImpl middleware, HttpContext context, Task task)
[19:28:24 INF] Application is shutting down... { SourceContext: "Microsoft.Hosting.Lifetime" }

[19:28:41 INF] No migrations were applied. The database is already up to date. { EventId: { Id: 20405, Name: "Microsoft.EntityFrameworkCore.Migrations.MigrationsNotApplied" }, SourceContext: "Microsoft.EntityFrameworkCore.Migrations" }

[19:28:41 INF] No migrations were applied. The database is already up to date. { EventId: { Id: 20405, Name: "Microsoft.EntityFrameworkCore.Migrations.MigrationsNotApplied" }, SourceContext: "Microsoft.EntityFrameworkCore.Migrations" }

[19:28:41 INF] Registered 4 endpoints in 3,757 milliseconds. { EventId: { Id: 1, Name: "EndpointsRegistered" }, SourceContext: "FastEndpoints.StartupTimer" }

[19:28:41 INF] No validators found in the system! { EventId: { Id: 1, Name: "NoValidatorsFound" }, SourceContext: "FastEndpoints.Swagger.ValidationSchemaProcessor" }

[19:28:41 INF] User profile is available. Using 'C:\Users\MariyaAF\AppData\Local\ASP.NET\DataProtection-Keys' as key repository and Windows DPAPI to encrypt keys at rest. { EventId: { Id: 63, Name: "UsingProfileAsKeyRepositoryWithDPAPI" }, SourceContext: "Microsoft.AspNetCore.DataProtection.KeyManagement.XmlKeyManager" }

[19:28:41 WRN] The property 'AuditLog.Metadata' is a collection or enumeration type with a value converter but with no value comparer. Set a value comparer to ensure the collection/enumeration elements are compared correctly. { EventId: { Id: 10620, Name: "Microsoft.EntityFrameworkCore.Model.Validation.CollectionWithoutComparer" }, SourceContext: "Microsoft.EntityFrameworkCore.Model.Validation" }

[19:28:41 INF] No migrations were found in assembly 'BytesRewards.Service'. A migration needs to be added before the database can be updated. { EventId: { Id: 20406, Name: "Microsoft.EntityFrameworkCore.Migrations.MigrationsNotFound" }, SourceContext: "Microsoft.EntityFrameworkCore.Migrations" }

[19:28:41 INF] No migrations were applied. The database is already up to date. { EventId: { Id: 20405, Name: "Microsoft.EntityFrameworkCore.Migrations.MigrationsNotApplied" }, SourceContext: "Microsoft.EntityFrameworkCore.Migrations" }

[19:28:41 INF] Now listening on: http://localhost:61624 { EventId: { Id: 14, Name: "ListeningOnAddress" }, SourceContext: "Microsoft.Hosting.Lifetime" }

[19:28:41 INF] Application started. Press Ctrl+C to shut down. { SourceContext: "Microsoft.Hosting.Lifetime" }

[19:28:41 INF] Hosting environment: Development { SourceContext: "Microsoft.Hosting.Lifetime" }

[19:28:41 INF] Content root path: C:\Users\MariyaAF\Desktop\BytesRewards\BytesRewards\src\BytesRewards.Service { SourceContext: "Microsoft.Hosting.Lifetime" }

[19:29:32 INF] Executing endpoint 'HTTP: GET /' { EventId: { Name: "ExecutingEndpoint" }, SourceContext: "Microsoft.AspNetCore.Routing.EndpointMiddleware", RequestId: "0HNLSO5BTK7B4:00000001", RequestPath: "/", ConnectionId: "0HNLSO5BTK7B4" }

[19:29:32 INF] Executing RedirectResult, redirecting to /swagger. { EventId: { Id: 1, Name: "RedirectResultExecuting" }, SourceContext: "Microsoft.AspNetCore.Http.Result.RedirectResult", RequestId: "0HNLSO5BTK7B4:00000001", RequestPath: "/", ConnectionId: "0HNLSO5BTK7B4" }

[19:29:32 INF] Executed endpoint 'HTTP: GET /' { EventId: { Id: 1, Name: "ExecutedEndpoint" }, SourceContext: "Microsoft.AspNetCore.Routing.EndpointMiddleware", RequestId: "0HNLSO5BTK7B4:00000001", RequestPath: "/", ConnectionId: "0HNLSO5BTK7B4" }

[19:29:32 INF] No action descriptors found. This may indicate an incorrectly configured application or missing application parts. To learn more, visit https://aka.ms/aspnet/mvc/app-parts { EventId: { Id: 1, Name: "NoActionDescriptors" }, SourceContext: "Microsoft.AspNetCore.Mvc.Infrastructure.DefaultActionDescriptorCollectionProvider", RequestId: "0HNLSO5BTK7B4:00000004", RequestPath: "/swagger/v1/swagger.json", ConnectionId: "0HNLSO5BTK7B4" }

[19:29:51 INF] Executing endpoint 'HTTP: GET /roles' { EventId: { Name: "ExecutingEndpoint" }, SourceContext: "Microsoft.AspNetCore.Routing.EndpointMiddleware", RequestId: "0HNLSO5BTK7B4:00000005", RequestPath: "/roles", ConnectionId: "0HNLSO5BTK7B4" }

[19:29:51 INF] Handling GetRolesQuery { SourceContext: "AppWeaver.Mediator.Behaviors.LoggingBehavior", RequestId: "0HNLSO5BTK7B4:00000005", RequestPath: "/roles", ConnectionId: "0HNLSO5BTK7B4" }

[19:29:51 INF] Handled GetRolesQuery { SourceContext: "AppWeaver.Mediator.Behaviors.LoggingBehavior", RequestId: "0HNLSO5BTK7B4:00000005", RequestPath: "/roles", ConnectionId: "0HNLSO5BTK7B4" }

[19:29:51 INF] Executed endpoint 'HTTP: GET /roles' { EventId: { Id: 1, Name: "ExecutedEndpoint" }, SourceContext: "Microsoft.AspNetCore.Routing.EndpointMiddleware", RequestId: "0HNLSO5BTK7B4:00000005", RequestPath: "/roles", ConnectionId: "0HNLSO5BTK7B4" }

[19:30:37 INF] CORS policy execution successful. { EventId: { Id: 4, Name: "PolicySuccess" }, SourceContext: "Microsoft.AspNetCore.Cors.Infrastructure.CorsService", RequestId: "0HNLSO5BTK7B6:00000001", RequestPath: "/departments", ConnectionId: "0HNLSO5BTK7B6" }

[19:30:37 INF] CORS policy execution successful. { EventId: { Id: 4, Name: "PolicySuccess" }, SourceContext: "Microsoft.AspNetCore.Cors.Infrastructure.CorsService", RequestId: "0HNLSO5BTK7B8:00000001", RequestPath: "/roles", ConnectionId: "0HNLSO5BTK7B8" }

[19:30:37 INF] CORS policy execution successful. { EventId: { Id: 4, Name: "PolicySuccess" }, SourceContext: "Microsoft.AspNetCore.Cors.Infrastructure.CorsService", RequestId: "0HNLSO5BTK7B7:00000001", RequestPath: "/users", ConnectionId: "0HNLSO5BTK7B7" }

[19:30:37 INF] CORS policy execution successful. { EventId: { Id: 4, Name: "PolicySuccess" }, SourceContext: "Microsoft.AspNetCore.Cors.Infrastructure.CorsService", RequestId: "0HNLSO5BTK7B8:00000002", RequestPath: "/departments", ConnectionId: "0HNLSO5BTK7B8" }

[19:30:37 INF] CORS policy execution successful. { EventId: { Id: 4, Name: "PolicySuccess" }, SourceContext: "Microsoft.AspNetCore.Cors.Infrastructure.CorsService", RequestId: "0HNLSO5BTK7B6:00000002", RequestPath: "/roles", ConnectionId: "0HNLSO5BTK7B6" }

[19:30:37 INF] CORS policy execution successful. { EventId: { Id: 4, Name: "PolicySuccess" }, SourceContext: "Microsoft.AspNetCore.Cors.Infrastructure.CorsService", RequestId: "0HNLSO5BTK7B7:00000002", RequestPath: "/users", ConnectionId: "0HNLSO5BTK7B7" }

[19:30:37 INF] Executing endpoint 'HTTP: GET /roles' { EventId: { Name: "ExecutingEndpoint" }, SourceContext: "Microsoft.AspNetCore.Routing.EndpointMiddleware", RequestId: "0HNLSO5BTK7B6:00000002", RequestPath: "/roles", ConnectionId: "0HNLSO5BTK7B6" }

[19:30:37 INF] Handling GetRolesQuery { SourceContext: "AppWeaver.Mediator.Behaviors.LoggingBehavior", RequestId: "0HNLSO5BTK7B6:00000002", RequestPath: "/roles", ConnectionId: "0HNLSO5BTK7B6" }

[19:30:37 INF] Executing endpoint 'HTTP: GET /users' { EventId: { Name: "ExecutingEndpoint" }, SourceContext: "Microsoft.AspNetCore.Routing.EndpointMiddleware", RequestId: "0HNLSO5BTK7B7:00000002", RequestPath: "/users", ConnectionId: "0HNLSO5BTK7B7" }

[19:30:37 INF] Handled GetRolesQuery { SourceContext: "AppWeaver.Mediator.Behaviors.LoggingBehavior", RequestId: "0HNLSO5BTK7B6:00000002", RequestPath: "/roles", ConnectionId: "0HNLSO5BTK7B6" }

[19:30:37 INF] Executed endpoint 'HTTP: GET /roles' { EventId: { Id: 1, Name: "ExecutedEndpoint" }, SourceContext: "Microsoft.AspNetCore.Routing.EndpointMiddleware", RequestId: "0HNLSO5BTK7B6:00000002", RequestPath: "/roles", ConnectionId: "0HNLSO5BTK7B6" }

[19:30:37 INF] Handling GetUsersQuery { SourceContext: "AppWeaver.Mediator.Behaviors.LoggingBehavior", RequestId: "0HNLSO5BTK7B7:00000002", RequestPath: "/users", ConnectionId: "0HNLSO5BTK7B7" }

[19:30:38 INF] Handled GetUsersQuery { SourceContext: "AppWeaver.Mediator.Behaviors.LoggingBehavior", RequestId: "0HNLSO5BTK7B7:00000002", RequestPath: "/users", ConnectionId: "0HNLSO5BTK7B7" }

[19:30:38 INF] Setting HTTP status code 200. { EventId: { Id: 1, Name: "WritingResultAsStatusCode" }, SourceContext: "Microsoft.AspNetCore.Http.Result.OkObjectResult", RequestId: "0HNLSO5BTK7B7:00000002", RequestPath: "/users", ConnectionId: "0HNLSO5BTK7B7" }

[19:30:38 INF] Writing value of type 'List`1' as Json. { EventId: { Id: 3, Name: "WritingResultAsJson" }, SourceContext: "Microsoft.AspNetCore.Http.Result.OkObjectResult", RequestId: "0HNLSO5BTK7B7:00000002", RequestPath: "/users", ConnectionId: "0HNLSO5BTK7B7" }

[19:30:38 INF] Executed endpoint 'HTTP: GET /users' { EventId: { Id: 1, Name: "ExecutedEndpoint" }, SourceContext: "Microsoft.AspNetCore.Routing.EndpointMiddleware", RequestId: "0HNLSO5BTK7B7:00000002", RequestPath: "/users", ConnectionId: "0HNLSO5BTK7B7" }

[19:32:25 INF] Application is shutting down... { SourceContext: "Microsoft.Hosting.Lifetime" }

[19:33:04 INF] No migrations were applied. The database is already up to date. { EventId: { Id: 20405, Name: "Microsoft.EntityFrameworkCore.Migrations.MigrationsNotApplied" }, SourceContext: "Microsoft.EntityFrameworkCore.Migrations" }

[19:33:04 INF] No migrations were applied. The database is already up to date. { EventId: { Id: 20405, Name: "Microsoft.EntityFrameworkCore.Migrations.MigrationsNotApplied" }, SourceContext: "Microsoft.EntityFrameworkCore.Migrations" }

[19:33:05 INF] Registered 5 endpoints in 8,766 milliseconds. { EventId: { Id: 1, Name: "EndpointsRegistered" }, SourceContext: "FastEndpoints.StartupTimer" }

[19:33:06 INF] No validators found in the system! { EventId: { Id: 1, Name: "NoValidatorsFound" }, SourceContext: "FastEndpoints.Swagger.ValidationSchemaProcessor" }

[19:33:06 INF] User profile is available. Using 'C:\Users\MariyaAF\AppData\Local\ASP.NET\DataProtection-Keys' as key repository and Windows DPAPI to encrypt keys at rest. { EventId: { Id: 63, Name: "UsingProfileAsKeyRepositoryWithDPAPI" }, SourceContext: "Microsoft.AspNetCore.DataProtection.KeyManagement.XmlKeyManager" }

[19:33:07 WRN] The property 'AuditLog.Metadata' is a collection or enumeration type with a value converter but with no value comparer. Set a value comparer to ensure the collection/enumeration elements are compared correctly. { EventId: { Id: 10620, Name: "Microsoft.EntityFrameworkCore.Model.Validation.CollectionWithoutComparer" }, SourceContext: "Microsoft.EntityFrameworkCore.Model.Validation" }

[19:33:07 INF] No migrations were found in assembly 'BytesRewards.Service'. A migration needs to be added before the database can be updated. { EventId: { Id: 20406, Name: "Microsoft.EntityFrameworkCore.Migrations.MigrationsNotFound" }, SourceContext: "Microsoft.EntityFrameworkCore.Migrations" }

[19:33:07 INF] No migrations were applied. The database is already up to date. { EventId: { Id: 20405, Name: "Microsoft.EntityFrameworkCore.Migrations.MigrationsNotApplied" }, SourceContext: "Microsoft.EntityFrameworkCore.Migrations" }

[19:33:07 INF] Now listening on: http://localhost:53613 { EventId: { Id: 14, Name: "ListeningOnAddress" }, SourceContext: "Microsoft.Hosting.Lifetime" }

[19:33:07 INF] Application started. Press Ctrl+C to shut down. { SourceContext: "Microsoft.Hosting.Lifetime" }

[19:33:07 INF] Hosting environment: Development { SourceContext: "Microsoft.Hosting.Lifetime" }

[19:33:07 INF] Content root path: C:\Users\MariyaAF\Desktop\BytesRewards\BytesRewards\src\BytesRewards.Service { SourceContext: "Microsoft.Hosting.Lifetime" }

[19:34:05 INF] Executing endpoint 'HTTP: GET /' { EventId: { Name: "ExecutingEndpoint" }, SourceContext: "Microsoft.AspNetCore.Routing.EndpointMiddleware", RequestId: "0HNLSO7TCQ2IC:00000001", RequestPath: "/", ConnectionId: "0HNLSO7TCQ2IC" }

[19:34:05 INF] Executing RedirectResult, redirecting to /swagger. { EventId: { Id: 1, Name: "RedirectResultExecuting" }, SourceContext: "Microsoft.AspNetCore.Http.Result.RedirectResult", RequestId: "0HNLSO7TCQ2IC:00000001", RequestPath: "/", ConnectionId: "0HNLSO7TCQ2IC" }

[19:34:05 INF] Executed endpoint 'HTTP: GET /' { EventId: { Id: 1, Name: "ExecutedEndpoint" }, SourceContext: "Microsoft.AspNetCore.Routing.EndpointMiddleware", RequestId: "0HNLSO7TCQ2IC:00000001", RequestPath: "/", ConnectionId: "0HNLSO7TCQ2IC" }

[19:34:07 INF] No action descriptors found. This may indicate an incorrectly configured application or missing application parts. To learn more, visit https://aka.ms/aspnet/mvc/app-parts { EventId: { Id: 1, Name: "NoActionDescriptors" }, SourceContext: "Microsoft.AspNetCore.Mvc.Infrastructure.DefaultActionDescriptorCollectionProvider", RequestId: "0HNLSO7TCQ2IC:00000004", RequestPath: "/swagger/v1/swagger.json", ConnectionId: "0HNLSO7TCQ2IC" }

[19:34:13 INF] Executing endpoint 'HTTP: GET /departments' { EventId: { Name: "ExecutingEndpoint" }, SourceContext: "Microsoft.AspNetCore.Routing.EndpointMiddleware", RequestId: "0HNLSO7TCQ2IC:00000005", RequestPath: "/departments", ConnectionId: "0HNLSO7TCQ2IC" }

[19:34:13 INF] Handling GetDepartmentsQuery { SourceContext: "AppWeaver.Mediator.Behaviors.LoggingBehavior", RequestId: "0HNLSO7TCQ2IC:00000005", RequestPath: "/departments", ConnectionId: "0HNLSO7TCQ2IC" }

[19:34:14 INF] Handled GetDepartmentsQuery { SourceContext: "AppWeaver.Mediator.Behaviors.LoggingBehavior", RequestId: "0HNLSO7TCQ2IC:00000005", RequestPath: "/departments", ConnectionId: "0HNLSO7TCQ2IC" }

[19:34:14 INF] Executed endpoint 'HTTP: GET /departments' { EventId: { Id: 1, Name: "ExecutedEndpoint" }, SourceContext: "Microsoft.AspNetCore.Routing.EndpointMiddleware", RequestId: "0HNLSO7TCQ2IC:00000005", RequestPath: "/departments", ConnectionId: "0HNLSO7TCQ2IC" }

[19:34:23 INF] CORS policy execution successful. { EventId: { Id: 4, Name: "PolicySuccess" }, SourceContext: "Microsoft.AspNetCore.Cors.Infrastructure.CorsService", RequestId: "0HNLSO7TCQ2IF:00000001", RequestPath: "/roles", ConnectionId: "0HNLSO7TCQ2IF" }

[19:34:23 INF] CORS policy execution successful. { EventId: { Id: 4, Name: "PolicySuccess" }, SourceContext: "Microsoft.AspNetCore.Cors.Infrastructure.CorsService", RequestId: "0HNLSO7TCQ2IE:00000001", RequestPath: "/departments", ConnectionId: "0HNLSO7TCQ2IE" }

[19:34:23 INF] CORS policy execution successful. { EventId: { Id: 4, Name: "PolicySuccess" }, SourceContext: "Microsoft.AspNetCore.Cors.Infrastructure.CorsService", RequestId: "0HNLSO7TCQ2IG:00000001", RequestPath: "/users", ConnectionId: "0HNLSO7TCQ2IG" }

[19:34:23 INF] CORS policy execution successful. { EventId: { Id: 4, Name: "PolicySuccess" }, SourceContext: "Microsoft.AspNetCore.Cors.Infrastructure.CorsService", RequestId: "0HNLSO7TCQ2IE:00000002", RequestPath: "/users", ConnectionId: "0HNLSO7TCQ2IE" }

[19:34:23 INF] CORS policy execution successful. { EventId: { Id: 4, Name: "PolicySuccess" }, SourceContext: "Microsoft.AspNetCore.Cors.Infrastructure.CorsService", RequestId: "0HNLSO7TCQ2IF:00000002", RequestPath: "/departments", ConnectionId: "0HNLSO7TCQ2IF" }

[19:34:23 INF] CORS policy execution successful. { EventId: { Id: 4, Name: "PolicySuccess" }, SourceContext: "Microsoft.AspNetCore.Cors.Infrastructure.CorsService", RequestId: "0HNLSO7TCQ2IG:00000002", RequestPath: "/roles", ConnectionId: "0HNLSO7TCQ2IG" }

[19:34:24 INF] Executing endpoint 'HTTP: GET /roles' { EventId: { Name: "ExecutingEndpoint" }, SourceContext: "Microsoft.AspNetCore.Routing.EndpointMiddleware", RequestId: "0HNLSO7TCQ2IG:00000002", RequestPath: "/roles", ConnectionId: "0HNLSO7TCQ2IG" }

[19:34:24 INF] Executing endpoint 'HTTP: GET /departments' { EventId: { Name: "ExecutingEndpoint" }, SourceContext: "Microsoft.AspNetCore.Routing.EndpointMiddleware", RequestId: "0HNLSO7TCQ2IF:00000002", RequestPath: "/departments", ConnectionId: "0HNLSO7TCQ2IF" }

[19:34:24 INF] Handling GetDepartmentsQuery { SourceContext: "AppWeaver.Mediator.Behaviors.LoggingBehavior", RequestId: "0HNLSO7TCQ2IF:00000002", RequestPath: "/departments", ConnectionId: "0HNLSO7TCQ2IF" }

[19:34:24 INF] Executing endpoint 'HTTP: GET /users' { EventId: { Name: "ExecutingEndpoint" }, SourceContext: "Microsoft.AspNetCore.Routing.EndpointMiddleware", RequestId: "0HNLSO7TCQ2IE:00000002", RequestPath: "/users", ConnectionId: "0HNLSO7TCQ2IE" }

[19:34:24 INF] Handling GetRolesQuery { SourceContext: "AppWeaver.Mediator.Behaviors.LoggingBehavior", RequestId: "0HNLSO7TCQ2IG:00000002", RequestPath: "/roles", ConnectionId: "0HNLSO7TCQ2IG" }

[19:34:24 INF] Handled GetDepartmentsQuery { SourceContext: "AppWeaver.Mediator.Behaviors.LoggingBehavior", RequestId: "0HNLSO7TCQ2IF:00000002", RequestPath: "/departments", ConnectionId: "0HNLSO7TCQ2IF" }

[19:34:24 INF] Executed endpoint 'HTTP: GET /departments' { EventId: { Id: 1, Name: "ExecutedEndpoint" }, SourceContext: "Microsoft.AspNetCore.Routing.EndpointMiddleware", RequestId: "0HNLSO7TCQ2IF:00000002", RequestPath: "/departments", ConnectionId: "0HNLSO7TCQ2IF" }

[19:34:24 INF] Handled GetRolesQuery { SourceContext: "AppWeaver.Mediator.Behaviors.LoggingBehavior", RequestId: "0HNLSO7TCQ2IG:00000002", RequestPath: "/roles", ConnectionId: "0HNLSO7TCQ2IG" }

[19:34:24 INF] Executed endpoint 'HTTP: GET /roles' { EventId: { Id: 1, Name: "ExecutedEndpoint" }, SourceContext: "Microsoft.AspNetCore.Routing.EndpointMiddleware", RequestId: "0HNLSO7TCQ2IG:00000002", RequestPath: "/roles", ConnectionId: "0HNLSO7TCQ2IG" }

[19:34:24 INF] Handling GetUsersQuery { SourceContext: "AppWeaver.Mediator.Behaviors.LoggingBehavior", RequestId: "0HNLSO7TCQ2IE:00000002", RequestPath: "/users", ConnectionId: "0HNLSO7TCQ2IE" }

[19:34:24 INF] Handled GetUsersQuery { SourceContext: "AppWeaver.Mediator.Behaviors.LoggingBehavior", RequestId: "0HNLSO7TCQ2IE:00000002", RequestPath: "/users", ConnectionId: "0HNLSO7TCQ2IE" }

[19:34:24 INF] Setting HTTP status code 200. { EventId: { Id: 1, Name: "WritingResultAsStatusCode" }, SourceContext: "Microsoft.AspNetCore.Http.Result.OkObjectResult", RequestId: "0HNLSO7TCQ2IE:00000002", RequestPath: "/users", ConnectionId: "0HNLSO7TCQ2IE" }

[19:34:24 INF] Writing value of type 'List`1' as Json. { EventId: { Id: 3, Name: "WritingResultAsJson" }, SourceContext: "Microsoft.AspNetCore.Http.Result.OkObjectResult", RequestId: "0HNLSO7TCQ2IE:00000002", RequestPath: "/users", ConnectionId: "0HNLSO7TCQ2IE" }

[19:34:24 INF] Executed endpoint 'HTTP: GET /users' { EventId: { Id: 1, Name: "ExecutedEndpoint" }, SourceContext: "Microsoft.AspNetCore.Routing.EndpointMiddleware", RequestId: "0HNLSO7TCQ2IE:00000002", RequestPath: "/users", ConnectionId: "0HNLSO7TCQ2IE" }

[19:49:40 INF] CORS policy execution successful. { EventId: { Id: 4, Name: "PolicySuccess" }, SourceContext: "Microsoft.AspNetCore.Cors.Infrastructure.CorsService", RequestId: "0HNLSO7TCQ2IH:00000001", RequestPath: "/users", ConnectionId: "0HNLSO7TCQ2IH" }

[19:49:40 INF] CORS policy execution successful. { EventId: { Id: 4, Name: "PolicySuccess" }, SourceContext: "Microsoft.AspNetCore.Cors.Infrastructure.CorsService", RequestId: "0HNLSO7TCQ2II:00000001", RequestPath: "/roles", ConnectionId: "0HNLSO7TCQ2II" }

[19:49:40 INF] CORS policy execution successful. { EventId: { Id: 4, Name: "PolicySuccess" }, SourceContext: "Microsoft.AspNetCore.Cors.Infrastructure.CorsService", RequestId: "0HNLSO7TCQ2IJ:00000001", RequestPath: "/departments", ConnectionId: "0HNLSO7TCQ2IJ" }

[19:49:40 INF] CORS policy execution successful. { EventId: { Id: 4, Name: "PolicySuccess" }, SourceContext: "Microsoft.AspNetCore.Cors.Infrastructure.CorsService", RequestId: "0HNLSO7TCQ2IJ:00000002", RequestPath: "/users", ConnectionId: "0HNLSO7TCQ2IJ" }

[19:49:40 INF] CORS policy execution successful. { EventId: { Id: 4, Name: "PolicySuccess" }, SourceContext: "Microsoft.AspNetCore.Cors.Infrastructure.CorsService", RequestId: "0HNLSO7TCQ2II:00000002", RequestPath: "/roles", ConnectionId: "0HNLSO7TCQ2II" }

[19:49:40 INF] CORS policy execution successful. { EventId: { Id: 4, Name: "PolicySuccess" }, SourceContext: "Microsoft.AspNetCore.Cors.Infrastructure.CorsService", RequestId: "0HNLSO7TCQ2IH:00000002", RequestPath: "/departments", ConnectionId: "0HNLSO7TCQ2IH" }

[19:49:40 INF] Failed to validate the token. { EventId: { Id: 1, Name: "TokenValidationFailed" }, SourceContext: "Microsoft.AspNetCore.Authentication.JwtBearer.JwtBearerHandler", RequestId: "0HNLSO7TCQ2II:00000002", RequestPath: "/roles", ConnectionId: "0HNLSO7TCQ2II" }

Microsoft.IdentityModel.Tokens.SecurityTokenExpiredException: IDX10223: Lifetime validation failed. The token is expired. ValidTo (UTC): '28-05-2026 2.12.24 PM', Current time (UTC): '28-05-2026 2.19.40 PM'.
   at Microsoft.IdentityModel.Tokens.ValidatorUtilities.ValidateLifetime(Nullable`1 notBefore, Nullable`1 expires, SecurityToken securityToken, TokenValidationParameters validationParameters)
   at Microsoft.IdentityModel.Tokens.Validators.ValidateLifetime(Nullable`1 notBefore, Nullable`1 expires, SecurityToken securityToken, TokenValidationParameters validationParameters)
   at Microsoft.IdentityModel.JsonWebTokens.JsonWebTokenHandler.ValidateTokenPayloadAsync(JsonWebToken jsonWebToken, TokenValidationParameters validationParameters, BaseConfiguration configuration)
   at Microsoft.IdentityModel.JsonWebTokens.JsonWebTokenHandler.ValidateJWSAsync(JsonWebToken jsonWebToken, TokenValidationParameters validationParameters, BaseConfiguration configuration)
[19:49:40 INF] Failed to validate the token. { EventId: { Id: 1, Name: "TokenValidationFailed" }, SourceContext: "Microsoft.AspNetCore.Authentication.JwtBearer.JwtBearerHandler", RequestId: "0HNLSO7TCQ2IJ:00000002", RequestPath: "/users", ConnectionId: "0HNLSO7TCQ2IJ" }

Microsoft.IdentityModel.Tokens.SecurityTokenExpiredException: IDX10223: Lifetime validation failed. The token is expired. ValidTo (UTC): '28-05-2026 2.12.24 PM', Current time (UTC): '28-05-2026 2.19.40 PM'.
   at Microsoft.IdentityModel.Tokens.ValidatorUtilities.ValidateLifetime(Nullable`1 notBefore, Nullable`1 expires, SecurityToken securityToken, TokenValidationParameters validationParameters)
   at Microsoft.IdentityModel.Tokens.Validators.ValidateLifetime(Nullable`1 notBefore, Nullable`1 expires, SecurityToken securityToken, TokenValidationParameters validationParameters)
   at Microsoft.IdentityModel.JsonWebTokens.JsonWebTokenHandler.ValidateTokenPayloadAsync(JsonWebToken jsonWebToken, TokenValidationParameters validationParameters, BaseConfiguration configuration)
   at Microsoft.IdentityModel.JsonWebTokens.JsonWebTokenHandler.ValidateJWSAsync(JsonWebToken jsonWebToken, TokenValidationParameters validationParameters, BaseConfiguration configuration)
[19:49:40 INF] Failed to validate the token. { EventId: { Id: 1, Name: "TokenValidationFailed" }, SourceContext: "Microsoft.AspNetCore.Authentication.JwtBearer.JwtBearerHandler", RequestId: "0HNLSO7TCQ2IH:00000002", RequestPath: "/departments", ConnectionId: "0HNLSO7TCQ2IH" }

Microsoft.IdentityModel.Tokens.SecurityTokenExpiredException: IDX10223: Lifetime validation failed. The token is expired. ValidTo (UTC): '28-05-2026 2.12.24 PM', Current time (UTC): '28-05-2026 2.19.40 PM'.
   at Microsoft.IdentityModel.Tokens.ValidatorUtilities.ValidateLifetime(Nullable`1 notBefore, Nullable`1 expires, SecurityToken securityToken, TokenValidationParameters validationParameters)
   at Microsoft.IdentityModel.Tokens.Validators.ValidateLifetime(Nullable`1 notBefore, Nullable`1 expires, SecurityToken securityToken, TokenValidationParameters validationParameters)
   at Microsoft.IdentityModel.JsonWebTokens.JsonWebTokenHandler.ValidateTokenPayloadAsync(JsonWebToken jsonWebToken, TokenValidationParameters validationParameters, BaseConfiguration configuration)
   at Microsoft.IdentityModel.JsonWebTokens.JsonWebTokenHandler.ValidateJWSAsync(JsonWebToken jsonWebToken, TokenValidationParameters validationParameters, BaseConfiguration configuration)
[19:49:40 INF] Bearer was not authenticated. Failure message: IDX10223: Lifetime validation failed. The token is expired. ValidTo (UTC): '28-05-2026 2.12.24 PM', Current time (UTC): '28-05-2026 2.19.40 PM'. { EventId: { Id: 7, Name: "AuthenticationSchemeNotAuthenticatedWithFailure" }, SourceContext: "Microsoft.AspNetCore.Authentication.JwtBearer.JwtBearerHandler", RequestId: "0HNLSO7TCQ2IH:00000002", RequestPath: "/departments", ConnectionId: "0HNLSO7TCQ2IH" }

[19:49:40 INF] Bearer was not authenticated. Failure message: IDX10223: Lifetime validation failed. The token is expired. ValidTo (UTC): '28-05-2026 2.12.24 PM', Current time (UTC): '28-05-2026 2.19.40 PM'. { EventId: { Id: 7, Name: "AuthenticationSchemeNotAuthenticatedWithFailure" }, SourceContext: "Microsoft.AspNetCore.Authentication.JwtBearer.JwtBearerHandler", RequestId: "0HNLSO7TCQ2IJ:00000002", RequestPath: "/users", ConnectionId: "0HNLSO7TCQ2IJ" }

[19:49:40 INF] Bearer was not authenticated. Failure message: IDX10223: Lifetime validation failed. The token is expired. ValidTo (UTC): '28-05-2026 2.12.24 PM', Current time (UTC): '28-05-2026 2.19.40 PM'. { EventId: { Id: 7, Name: "AuthenticationSchemeNotAuthenticatedWithFailure" }, SourceContext: "Microsoft.AspNetCore.Authentication.JwtBearer.JwtBearerHandler", RequestId: "0HNLSO7TCQ2II:00000002", RequestPath: "/roles", ConnectionId: "0HNLSO7TCQ2II" }

[19:49:40 INF] Executing endpoint 'HTTP: GET /departments' { EventId: { Name: "ExecutingEndpoint" }, SourceContext: "Microsoft.AspNetCore.Routing.EndpointMiddleware", RequestId: "0HNLSO7TCQ2IH:00000002", RequestPath: "/departments", ConnectionId: "0HNLSO7TCQ2IH" }

[19:49:40 INF] Executing endpoint 'HTTP: GET /roles' { EventId: { Name: "ExecutingEndpoint" }, SourceContext: "Microsoft.AspNetCore.Routing.EndpointMiddleware", RequestId: "0HNLSO7TCQ2II:00000002", RequestPath: "/roles", ConnectionId: "0HNLSO7TCQ2II" }

[19:49:40 INF] Handling GetDepartmentsQuery { SourceContext: "AppWeaver.Mediator.Behaviors.LoggingBehavior", RequestId: "0HNLSO7TCQ2IH:00000002", RequestPath: "/departments", ConnectionId: "0HNLSO7TCQ2IH" }

[19:49:40 INF] Handling GetRolesQuery { SourceContext: "AppWeaver.Mediator.Behaviors.LoggingBehavior", RequestId: "0HNLSO7TCQ2II:00000002", RequestPath: "/roles", ConnectionId: "0HNLSO7TCQ2II" }

[19:49:40 INF] Authorization failed. These requirements were not met:
DenyAnonymousAuthorizationRequirement: Requires an authenticated user.
RolesAuthorizationRequirement:User.IsInRole must be true for one of the following roles: (admin) { EventId: { Id: 2, Name: "UserAuthorizationFailed" }, SourceContext: "Microsoft.AspNetCore.Authorization.DefaultAuthorizationService", RequestId: "0HNLSO7TCQ2IJ:00000002", RequestPath: "/users", ConnectionId: "0HNLSO7TCQ2IJ" }

[19:49:40 INF] AuthenticationScheme: Bearer was challenged. { EventId: { Id: 12, Name: "AuthenticationSchemeChallenged" }, SourceContext: "Microsoft.AspNetCore.Authentication.JwtBearer.JwtBearerHandler", RequestId: "0HNLSO7TCQ2IJ:00000002", RequestPath: "/users", ConnectionId: "0HNLSO7TCQ2IJ" }

[19:49:40 INF] Handled GetDepartmentsQuery { SourceContext: "AppWeaver.Mediator.Behaviors.LoggingBehavior", RequestId: "0HNLSO7TCQ2IH:00000002", RequestPath: "/departments", ConnectionId: "0HNLSO7TCQ2IH" }

[19:49:40 INF] Executed endpoint 'HTTP: GET /departments' { EventId: { Id: 1, Name: "ExecutedEndpoint" }, SourceContext: "Microsoft.AspNetCore.Routing.EndpointMiddleware", RequestId: "0HNLSO7TCQ2IH:00000002", RequestPath: "/departments", ConnectionId: "0HNLSO7TCQ2IH" }

[19:49:40 INF] Handled GetRolesQuery { SourceContext: "AppWeaver.Mediator.Behaviors.LoggingBehavior", RequestId: "0HNLSO7TCQ2II:00000002", RequestPath: "/roles", ConnectionId: "0HNLSO7TCQ2II" }

[19:49:40 INF] Executed endpoint 'HTTP: GET /roles' { EventId: { Id: 1, Name: "ExecutedEndpoint" }, SourceContext: "Microsoft.AspNetCore.Routing.EndpointMiddleware", RequestId: "0HNLSO7TCQ2II:00000002", RequestPath: "/roles", ConnectionId: "0HNLSO7TCQ2II" }

